sample_id,model,language,term,token_start,token_end,source_rows,valence,arousal,dominance
26242664535431023,nrc_v1,pt,resgate,0,1,2,3.776,4.452,3.83
26242664535431023,nrc_v1,pt,emocionante,1,2,2,4.694,4.3,4.184
26242664535431023,nrc_v1,pt,anos,6,7,1,3.612,2.3200000000000003,3.032
26242664535431023,nrc_v1,pt,com,9,10,1,2.584,2.528,2.528
26242664535431023,nrc_v1,pt,vida,10,11,3,3.8813333333333335,3.2573333333333334,3.6106666666666665
26242664535431023,nrc_v1,pt,exército,14,15,1,2.668,4.036,4.6080000000000005
26242664535431023,nrc_v1,pt,meio,18,19,3,2.7093333333333334,1.996,2.269333333333333
26242664535431023,nrc_v1,pt,destroços,20,21,2,1.4340000000000002,2.498,2.3200000000000003
26242664535431023,nrc_v1,pt,região,28,29,1,3.16,2.1799999999999997,3.848
26242664535431023,nrc_v1,pt,fronteira,30,31,3,2.873333333333333,2.8120000000000003,3.122666666666667
26242664535431023,nrc_v1,pt,entre,31,32,2,3.04,2.43,2.444
26242664535431023,nrc_v1,pt,entre,42,43,2,3.04,2.43,2.444
26242664535431023,nrc_v1,pt,militares,53,54,1,2.584,3.84,4.5
26242664535431023,nrc_v1,pt,local,57,58,3,3.7466666666666666,2.1333333333333337,2.732
26242664535431023,nrc_v1,pt,área,62,63,1,2.96,2.224,2.856
26242664535431023,nrc_v1,pt,imagens,64,65,1,3.612,2.308,2.56
26242664535431023,nrc_v1,pt,carregando,67,68,2,3.27,3.0500000000000003,2.648
26242664535431023,nrc_v1,pt,crianças,68,69,3,3.925333333333333,3.024,2.5919999999999996
26242664535431023,nrc_v1,pt,auxiliando,70,71,1,3.572,3.132,3.276
26242664535431023,nrc_v1,pt,mais,75,76,1,2.6719999999999997,3.0,2.7199999999999998
26242664535431023,nrc_v1,pt,mil,78,79,2,3.394,2.4859999999999998,2.654
26242664535431023,nrc_v1,pt,exército,81,82,1,2.668,4.036,4.6080000000000005
26242664535431023,nrc_v1,pt,forças,84,85,1,3.204,3.744,4.5440000000000005
26242664535431023,nrc_v1,pt,operações,88,89,2,2.794,3.1980000000000004,3.652
26242664535431023,nrc_v1,pt,busca,90,91,1,3.572,3.864,3.18
26242664535431023,nrc_v1,pt,assistência,92,93,1,3.624,3.076,3.532
26242664535431023,nrc_v1,pt,trabalhando,98,99,2,3.8899999999999997,3.458,3.626
26242664535431023,nrc_v1,pt,localizar,100,101,2,3.206,3.002,3.93
26242664535431023,nrc_v1,pt,pessoas,102,103,2,3.9459999999999997,2.404,3.176
26242664535431023,nrc_v1,pt,atender,104,105,1,4.208,3.0,3.036
26242664535431023,nrc_v1,pt,mais,109,110,1,2.6719999999999997,3.0,2.7199999999999998
26242664535431023,nrc_v1,pt,com,112,113,1,2.584,2.528,2.528
26242664535431023,nrc_v1,pt,resgate,115,116,2,3.776,4.452,3.83
26242664535431023,nrc_v1,pt,exército,116,117,1,2.668,4.036,4.6080000000000005
26242664535431023,nrc_v1,pt,tragédia,118,119,1,1.208,4.372,2.3600000000000003
1094879369551356,nrc_v1,pt,acidente,0,1,3,1.5746666666666667,3.448,1.9266666666666667
1094879369551356,nrc_v1,pt,torcedor,2,3,1,3.884,3.04,3.792
1094879369551356,nrc_v1,pt,queda,7,8,3,1.7946666666666666,3.494666666666667,1.8239999999999998
1094879369551356,nrc_v1,pt,segundo,9,10,2,2.96,2.19,2.26
1094879369551356,nrc_v1,pt,anel,10,11,2,3.27,2.614,2.68
1094879369551356,nrc_v1,pt,arquibancada,12,13,1,3.0,3.716,3.832
1094879369551356,nrc_v1,pt,clássico,18,19,2,3.666,1.916,3.294
1094879369551356,nrc_v1,pt,contra,19,20,1,2.24,3.0,2.7880000000000003
1094879369551356,nrc_v1,pt,noite,24,25,1,3.392,2.584,2.616
1094879369551356,nrc_v1,pt,sexta-feira,26,27,1,3.496,2.644,2.364
1094879369551356,nrc_v1,pt,acidente,29,30,3,1.5746666666666667,3.448,1.9266666666666667
1094879369551356,nrc_v1,pt,estádio,35,36,2,3.718,3.746,3.2800000000000002
1094879369551356,nrc_v1,pt,enquanto,36,37,1,3.04,2.208,2.552
1094879369551356,nrc_v1,pt,ocorrência,44,45,1,3.292,3.76,3.164
1094879369551356,nrc_v1,pt,delegacia,48,49,1,2.5,2.724,3.108
1094879369551356,nrc_v1,pt,móvel,49,50,2,3.168,3.1559999999999997,2.9619999999999997
1094879369551356,nrc_v1,pt,atendimento,51,52,1,4.32,3.08,4.76
1094879369551356,nrc_v1,pt,futebol,53,54,2,3.9059999999999997,4.194,3.452
1094879369551356,nrc_v1,pt,acordo,58,59,3,4.1693333333333324,2.737333333333333,3.2146666666666666
1094879369551356,nrc_v1,pt,com,59,60,1,2.584,2.528,2.528
1094879369551356,nrc_v1,pt,segurança,63,64,3,3.7133333333333334,3.005333333333333,4.125333333333334
1094879369551356,nrc_v1,pt,torcedor,65,66,1,3.884,3.04,3.792
1094879369551356,nrc_v1,pt,prontamente,67,68,1,3.96,2.16,3.188
1094879369551356,nrc_v1,pt,emergência,72,73,2,1.952,4.514,3.4939999999999998
1094879369551356,nrc_v1,pt,presentes,73,74,2,4.292,3.298,3.0700000000000003
1094879369551356,nrc_v1,pt,local,75,76,3,3.7466666666666666,2.1333333333333337,2.732
1094879369551356,nrc_v1,pt,ambulância,79,80,1,3.0,4.0,3.436
1094879369551356,nrc_v1,pt,hospital,82,83,1,2.292,3.148,3.392
1094879369551356,nrc_v1,pt,trabalhador,84,85,4,3.729,3.263,3.899
1094879369551356,nrc_v1,pt,capital,87,88,1,3.08,3.0,4.192
1094879369551356,nrc_v1,pt,leia,89,90,1,3.36,2.0,3.072
1094879369551356,nrc_v1,pt,matéria,90,91,1,2.948,2.412,3.248
1094879369551356,nrc_v1,pt,com,94,95,1,2.584,2.528,2.528
1094879369551356,nrc_v1,pt,acidente,98,99,3,1.5746666666666667,3.448,1.9266666666666667
1094879369551356,nrc_v1,pt,queda,100,101,3,1.7946666666666666,3.494666666666667,1.8239999999999998
1681964447272553,nrc_v1,pt,temporal,0,1,1,3.0,2.652,2.44
1681964447272553,nrc_v1,pt,forte,2,3,4,3.685,3.89,4.1899999999999995
1681964447272553,nrc_v1,pt,chuva,3,4,2,3.292,2.404,2.416
1681964447272553,nrc_v1,pt,granizo,5,6,1,2.6399999999999997,2.42,2.58
1681964447272553,nrc_v1,pt,norte,9,10,2,3.202,2.19,2.844
1681964447272553,nrc_v1,pt,tarde,14,15,3,2.6479999999999997,2.2413333333333334,2.2960000000000003
1681964447272553,nrc_v1,pt,pedras,19,20,1,2.46,1.8359999999999999,3.172
1681964447272553,nrc_v1,pt,gelo,21,22,1,2.76,2.06,1.876
1681964447272553,nrc_v1,pt,ficar,29,30,1,3.4,2.2960000000000003,3.036
1681964447272553,nrc_v1,pt,granizo,37,38,1,2.6399999999999997,2.42,2.58
1681964447272553,nrc_v1,pt,recentemente,38,39,1,3.752,2.6879999999999997,3.208
1681964447272553,nrc_v1,pt,defesa,40,41,1,3.608,3.792,4.208
1681964447272553,nrc_v1,pt,civil,41,42,2,3.442,2.02,3.23
1681964447272553,nrc_v1,pt,nove,44,45,1,3.208,2.02,2.308
1681964447272553,nrc_v1,pt,situação,47,48,2,2.962,2.814,3.294
1681964447272553,nrc_v1,pt,emergência,49,50,2,1.952,4.514,3.4939999999999998
1681964447272553,nrc_v1,pt,causa,54,55,2,3.0620000000000003,2.706,3.106
1681964447272553,nrc_v1,pt,pedras,59,60,1,2.46,1.8359999999999999,3.172
1681964447272553,nrc_v1,pt,chuva,63,64,2,3.292,2.404,2.416
1681964447272553,nrc_v1,pt,local,68,69,3,3.7466666666666666,2.1333333333333337,2.732
1681964447272553,nrc_v1,pt,não,70,71,1,2.376,2.16,2.3
1681964447272553,nrc_v1,pt,até,75,76,1,2.96,2.308,2.276
1681964447272553,nrc_v1,pt,publicação,77,78,2,3.5140000000000002,3.17,3.52
1681964447272553,nrc_v1,pt,defesa,83,84,1,3.608,3.792,4.208
1681964447272553,nrc_v1,pt,civil,84,85,2,3.442,2.02,3.23
1681964447272553,nrc_v1,pt,ser,93,94,1,3.68,1.96,3.216
1681964447272553,nrc_v1,pt,tempo,95,96,3,3.5879999999999996,2.372,3.2346666666666666
1681964447272553,nrc_v1,pt,firme,96,97,2,3.502,2.592,4.266
1681964447272553,nrc_v1,pt,estado,98,99,3,3.2586666666666666,2.5533333333333337,3.1946666666666665
1681964447272553,nrc_v1,pt,mais,100,101,1,2.6719999999999997,3.0,2.7199999999999998
1681964447272553,nrc_v1,pt,granizo,103,104,1,2.6399999999999997,2.42,2.58
1681964447272553,nrc_v1,pt,temporal,104,105,1,3.0,2.652,2.44
1681964447272553,nrc_v1,pt,notícias,106,107,1,3.44,3.04,3.776
tse_training_title,nrc_v1,pt,até,2,3,1,2.96,2.308,2.276
tse_training_title,nrc_v1,pt,concluir,7,8,2,3.918,2.88,3.99
tse_training_title,nrc_v1,pt,treinamento,8,9,1,3.856,4.104,4.152
affect_word_control_pt_valence_high,nrc_v1,pt,feliz,0,1,4,4.346,3.385,3.629
affect_word_control_pt_valence_high,nrc_v1,pt,contente,1,2,2,4.242,2.816,3.6100000000000003
affect_word_control_pt_valence_high,nrc_v1,pt,satisfeito,2,3,3,4.571999999999999,3.1026666666666665,3.909333333333333
affect_word_control_pt_valence_low,nrc_v1,pt,triste,0,1,5,1.7184,2.5656,1.7
affect_word_control_pt_valence_low,nrc_v1,pt,infeliz,1,2,4,1.568,2.749,1.713
affect_word_control_pt_valence_low,nrc_v1,pt,assustado,2,3,4,1.944,4.287,2.4859999999999998
affect_word_control_pt_arousal_high,nrc_v1,pt,agitado,0,1,3,2.9146666666666663,4.036,2.8906666666666663
affect_word_control_pt_arousal_high,nrc_v1,pt,excitado,1,2,1,3.832,4.808,3.668
affect_word_control_pt_arousal_high,nrc_v1,pt,alerta,2,3,2,2.708,4.39,3.7960000000000003
affect_word_control_pt_arousal_low,nrc_v1,pt,tranquilo,0,1,2,4.418,1.3980000000000001,2.572
affect_word_control_pt_arousal_low,nrc_v1,pt,relaxado,1,2,2,3.59,1.982,2.364
affect_word_control_pt_arousal_low,nrc_v1,pt,sonolento,2,3,2,2.958,1.6099999999999999,1.98
affect_word_control_pt_dominance_high,nrc_v1,pt,poderoso,0,1,2,4.4399999999999995,4.334,4.854
affect_word_control_pt_dominance_high,nrc_v1,pt,confiante,1,2,2,4.286,2.302,3.9539999999999997
affect_word_control_pt_dominance_high,nrc_v1,pt,dominante,2,3,1,2.624,4.416,4.572
affect_word_control_pt_dominance_low,nrc_v1,pt,fraco,0,1,2,1.674,2.042,1.308
affect_word_control_pt_dominance_low,nrc_v1,pt,indefeso,1,2,1,1.572,2.428,1.42
affect_word_control_pt_dominance_low,nrc_v1,pt,vulnerável,2,3,1,1.792,2.96,1.98
negation_control_pt_valence_affirmative,nrc_v1,pt,feliz,1,2,4,4.346,3.385,3.629
negation_control_pt_valence_negated,nrc_v1,pt,não,0,1,1,2.376,2.16,2.3
negation_control_pt_valence_negated,nrc_v1,pt,feliz,2,3,4,4.346,3.385,3.629
negation_control_pt_arousal_affirmative,nrc_v1,pt,agitado,1,2,3,2.9146666666666663,4.036,2.8906666666666663
negation_control_pt_arousal_negated,nrc_v1,pt,não,0,1,1,2.376,2.16,2.3
negation_control_pt_arousal_negated,nrc_v1,pt,agitado,2,3,3,2.9146666666666663,4.036,2.8906666666666663
negation_control_pt_dominance_affirmative,nrc_v1,pt,tenho,0,1,1,4.0280000000000005,2.556,3.372
negation_control_pt_dominance_affirmative,nrc_v1,pt,situação,3,4,2,2.962,2.814,3.294
negation_control_pt_dominance_negated,nrc_v1,pt,não,0,1,1,2.376,2.16,2.3
negation_control_pt_dominance_negated,nrc_v1,pt,tenho,1,2,1,4.0280000000000005,2.556,3.372
negation_control_pt_dominance_negated,nrc_v1,pt,situação,4,5,2,2.962,2.814,3.294
negation_scope_control_pt_valence_high,nrc_v1,pt,feliz,1,2,4,4.346,3.385,3.629
negation_scope_control_pt_valence_high,nrc_v1,pt,não,3,4,1,2.376,2.16,2.3
negation_scope_control_pt_valence_high,nrc_v1,pt,triste,5,6,5,1.7184,2.5656,1.7
negation_scope_control_pt_valence_low,nrc_v1,pt,triste,1,2,5,1.7184,2.5656,1.7
negation_scope_control_pt_valence_low,nrc_v1,pt,não,3,4,1,2.376,2.16,2.3
negation_scope_control_pt_valence_low,nrc_v1,pt,feliz,5,6,4,4.346,3.385,3.629
26242664535431023,memolon,pt,resgate,0,1,3,2.8333333333333335,2.75,2.84
26242664535431023,memolon,pt,emocionante,1,2,3,3.7616666666666667,3.1933333333333334,3.3516666666666666
26242664535431023,memolon,pt,uma,2,3,8,3.06625,2.513125,3.10875
26242664535431023,memolon,pt,criança,3,4,3,3.438333333333333,2.5100000000000002,3.1799999999999997
26242664535431023,memolon,pt,de,4,5,5,3.354,2.607,3.359
26242664535431023,memolon,pt,2,5,6,6,3.2591666666666668,2.518333333333333,3.3041666666666667
26242664535431023,memolon,pt,anos,6,7,4,3.04875,2.54625,3.01125
26242664535431023,memolon,pt,foi,7,8,7,3.108571428571429,2.7,3.1485714285714286
26242664535431023,memolon,pt,resgatada,8,9,3,2.9583333333333335,2.5683333333333334,2.941666666666667
26242664535431023,memolon,pt,com,9,10,8,3.074375,2.558125,3.1725
26242664535431023,memolon,pt,vida,10,11,7,3.0942857142857143,2.6092857142857144,3.0564285714285715
26242664535431023,memolon,pt,por,11,12,8,2.779375,2.4450000000000003,2.89125
26242664535431023,memolon,pt,soldados,12,13,3,2.7533333333333334,2.845,2.8350000000000004
26242664535431023,memolon,pt,do,13,14,5,3.173,2.6109999999999998,3.19
26242664535431023,memolon,pt,exército,14,15,3,2.86,2.723333333333333,3.0316666666666667
26242664535431023,memolon,pt,do,15,16,5,3.173,2.6109999999999998,3.19
26242664535431023,memolon,pt,nepal,16,17,3,3.098333333333333,2.375,2.941666666666667
26242664535431023,memolon,pt,em,17,18,4,3.13625,2.4837499999999997,3.18375
26242664535431023,memolon,pt,meio,18,19,4,3.0175,2.3362499999999997,3.0425
26242664535431023,memolon,pt,aos,19,20,6,3.2441666666666666,2.566666666666667,3.22
26242664535431023,memolon,pt,destroços,20,21,3,2.5050000000000003,2.9316666666666666,2.6333333333333333
26242664535431023,memolon,pt,deixados,21,22,3,2.9616666666666664,2.4383333333333335,2.9949999999999997
26242664535431023,memolon,pt,pelas,22,23,3,2.9433333333333334,2.416666666666667,3.02
26242664535431023,memolon,pt,fortes,23,24,3,3.1,2.6933333333333334,3.185
26242664535431023,memolon,pt,enchentes,24,25,3,2.291666666666667,2.83,2.4766666666666666
26242664535431023,memolon,pt,que,25,26,8,3.0825,2.656875,3.0525
26242664535431023,memolon,pt,atingiram,26,27,2,3.1625,2.535,3.1825
26242664535431023,memolon,pt,a,27,28,7,3.2407142857142857,2.5485714285714285,3.295714285714286
26242664535431023,memolon,pt,região,28,29,5,3.037,2.298,3.057
26242664535431023,memolon,pt,da,29,30,6,3.294166666666667,2.5733333333333333,3.3241666666666667
26242664535431023,memolon,pt,fronteira,30,31,3,3.063333333333333,2.606666666666667,3.0516666666666663
26242664535431023,memolon,pt,entre,31,32,4,3.14875,2.39375,3.14375
26242664535431023,memolon,pt,nepal,32,33,3,3.098333333333333,2.375,2.941666666666667
26242664535431023,memolon,pt,e,33,34,5,3.132,2.62,3.1879999999999997
26242664535431023,memolon,pt,tibete,34,35,3,3.0083333333333333,2.38,2.978333333333333
26242664535431023,memolon,pt,nesta,35,36,3,3.1083333333333334,2.3633333333333333,3.138333333333333
26242664535431023,memolon,pt,quarta-feira,36,37,5,2.963,2.475,2.9859999999999998
26242664535431023,memolon,pt,26,37,38,1,2.77,2.375,2.895
26242664535431023,memolon,pt,a,38,39,7,3.2407142857142857,2.5485714285714285,3.295714285714286
26242664535431023,memolon,pt,criança,39,40,3,3.438333333333333,2.5100000000000002,3.1799999999999997
26242664535431023,memolon,pt,foi,40,41,7,3.108571428571429,2.7,3.1485714285714286
26242664535431023,memolon,pt,encontrada,41,42,3,3.2550000000000003,2.4349999999999996,3.1666666666666665
26242664535431023,memolon,pt,entre,42,43,4,3.14875,2.39375,3.14375
26242664535431023,memolon,pt,os,43,44,5,3.521,2.664,3.511
26242664535431023,memolon,pt,escombros,44,45,3,2.421666666666667,2.848333333333333,2.5833333333333335
26242664535431023,memolon,pt,de,45,46,5,3.354,2.607,3.359
26242664535431023,memolon,pt,uma,46,47,8,3.06625,2.513125,3.10875
26242664535431023,memolon,pt,das,47,48,7,3.1550000000000002,2.56,3.1550000000000002
26242664535431023,memolon,pt,áreas,48,49,3,3.1666666666666665,2.37,3.1983333333333337
26242664535431023,memolon,pt,atingidas,49,50,3,2.861666666666667,2.683333333333333,2.9583333333333335
26242664535431023,memolon,pt,pelas,50,51,3,2.9433333333333334,2.416666666666667,3.02
26242664535431023,memolon,pt,inundações,51,52,3,2.3033333333333337,2.8233333333333337,2.4850000000000003
26242664535431023,memolon,pt,repentinas,52,53,2,2.95,2.895,2.8875
26242664535431023,memolon,pt,militares,53,54,4,3.02625,2.685,3.0075000000000003
26242664535431023,memolon,pt,conseguiram,54,55,3,3.0749999999999997,2.6366666666666667,3.131666666666667
26242664535431023,memolon,pt,retirá-la,55,56,1,2.99,2.365,3.215
26242664535431023,memolon,pt,do,56,57,5,3.173,2.6109999999999998,3.19
26242664535431023,memolon,pt,local,57,58,3,3.2783333333333338,2.3550000000000004,3.311666666666667
26242664535431023,memolon,pt,e,58,59,5,3.132,2.62,3.1879999999999997
26242664535431023,memolon,pt,levá-la,59,60,2,3.3600000000000003,2.4525,3.3425000000000002
26242664535431023,memolon,pt,para,60,61,10,3.1055,2.5685,3.1865
26242664535431023,memolon,pt,uma,61,62,8,3.06625,2.513125,3.10875
26242664535431023,memolon,pt,área,62,63,4,3.08125,2.41125,3.1475
26242664535431023,memolon,pt,segura,63,64,3,3.28,2.466666666666667,3.341666666666667
26242664535431023,memolon,pt,imagens,64,65,3,3.3466666666666662,2.6166666666666667,3.2383333333333333
26242664535431023,memolon,pt,mostram,65,66,3,3.225,2.5883333333333334,3.2283333333333335
26242664535431023,memolon,pt,equipes,66,67,3,3.2583333333333333,2.6466666666666665,3.2883333333333336
26242664535431023,memolon,pt,carregando,67,68,3,3.0,2.453333333333333,3.1333333333333333
26242664535431023,memolon,pt,crianças,68,69,3,3.6050000000000004,2.5316666666666667,3.26
26242664535431023,memolon,pt,e,69,70,5,3.132,2.62,3.1879999999999997
26242664535431023,memolon,pt,auxiliando,70,71,3,3.1199999999999997,2.5866666666666664,3.231666666666667
26242664535431023,memolon,pt,moradores,71,72,3,3.1183333333333336,2.378333333333333,3.098333333333333
26242664535431023,memolon,pt,durante,72,73,3,3.27,2.4866666666666664,3.263333333333333
26242664535431023,memolon,pt,os,73,74,5,3.521,2.664,3.511
26242664535431023,memolon,pt,resgates,74,75,3,2.9966666666666666,2.76,2.9033333333333333
26242664535431023,memolon,pt,mais,75,76,12,3.002083333333333,2.5858333333333334,3.0545833333333334
26242664535431023,memolon,pt,de,76,77,5,3.354,2.607,3.359
26242664535431023,memolon,pt,5,77,78,3,3.233333333333333,2.498333333333333,3.2616666666666667
26242664535431023,memolon,pt,mil,78,79,5,3.2990000000000004,2.565,3.2640000000000002
26242664535431023,memolon,pt,integrantes,79,80,3,3.091666666666667,2.5,3.1216666666666666
26242664535431023,memolon,pt,do,80,81,5,3.173,2.6109999999999998,3.19
26242664535431023,memolon,pt,exército,81,82,3,2.86,2.723333333333333,3.0316666666666667
26242664535431023,memolon,pt,e,82,83,5,3.132,2.62,3.1879999999999997
26242664535431023,memolon,pt,das,83,84,7,3.1550000000000002,2.56,3.1550000000000002
26242664535431023,memolon,pt,forças,84,85,3,3.095,2.7416666666666667,3.1633333333333336
26242664535431023,memolon,pt,policiais,85,86,3,2.8166666666666664,2.8166666666666664,2.901666666666667
26242664535431023,memolon,pt,participam,86,87,3,3.4066666666666667,2.658333333333333,3.39
26242664535431023,memolon,pt,das,87,88,7,3.1550000000000002,2.56,3.1550000000000002
26242664535431023,memolon,pt,operações,88,89,3,2.835,2.61,3.0566666666666666
26242664535431023,memolon,pt,de,89,90,5,3.354,2.607,3.359
26242664535431023,memolon,pt,busca,90,91,3,3.2133333333333334,2.938333333333333,3.313333333333333
26242664535431023,memolon,pt,e,91,92,5,3.132,2.62,3.1879999999999997
26242664535431023,memolon,pt,assistência,92,93,4,3.3675,2.4475,3.3525
26242664535431023,memolon,pt,às,93,94,4,3.2925,2.62125,3.3112500000000002
26242664535431023,memolon,pt,vítimas,94,95,3,1.9366666666666668,3.09,2.3083333333333336
26242664535431023,memolon,pt,as,95,96,5,3.564,2.66,3.526
26242664535431023,memolon,pt,equipes,96,97,3,3.2583333333333333,2.6466666666666665,3.2883333333333336
26242664535431023,memolon,pt,continuam,97,98,3,2.9166666666666665,2.4466666666666663,3.0466666666666664
26242664535431023,memolon,pt,trabalhando,98,99,3,3.295,2.5833333333333335,3.42
26242664535431023,memolon,pt,para,99,100,10,3.1055,2.5685,3.1865
26242664535431023,memolon,pt,localizar,100,101,3,3.236666666666667,2.3616666666666664,3.3466666666666662
26242664535431023,memolon,pt,outras,101,102,5,2.918,2.374,3.021
26242664535431023,memolon,pt,pessoas,102,103,3,3.375,2.4699999999999998,3.263333333333333
26242664535431023,memolon,pt,e,103,104,5,3.132,2.62,3.1879999999999997
26242664535431023,memolon,pt,atender,104,105,3,3.1950000000000003,2.4400000000000004,3.2900000000000005
26242664535431023,memolon,pt,as,105,106,5,3.564,2.66,3.526
26242664535431023,memolon,pt,comunidades,106,107,3,3.2183333333333333,2.418333333333333,3.205
26242664535431023,memolon,pt,afetadas,107,108,3,2.545,2.8233333333333337,2.6833333333333336
26242664535431023,memolon,pt,saiba,108,109,3,3.3466666666666662,2.3916666666666666,3.391666666666667
26242664535431023,memolon,pt,mais,109,110,12,3.002083333333333,2.5858333333333334,3.0545833333333334
26242664535431023,memolon,pt,em,110,111,4,3.13625,2.4837499999999997,3.18375
26242664535431023,memolon,pt,com,112,113,8,3.074375,2.558125,3.1725
26242664535431023,memolon,pt,nepal,113,114,3,3.098333333333333,2.375,2.941666666666667
26242664535431023,memolon,pt,enchentes,114,115,3,2.291666666666667,2.83,2.4766666666666666
26242664535431023,memolon,pt,resgate,115,116,3,2.8333333333333335,2.75,2.84
26242664535431023,memolon,pt,exército,116,117,3,2.86,2.723333333333333,3.0316666666666667
26242664535431023,memolon,pt,tibete,117,118,3,3.0083333333333333,2.38,2.978333333333333
26242664535431023,memolon,pt,tragédia,118,119,3,2.091666666666667,2.985,2.3449999999999998
26242664535431023,memolon,pt,créditos,119,120,3,3.5499999999999994,2.5749999999999997,3.3699999999999997
26242664535431023,memolon,pt,clip,120,121,3,3.1783333333333332,2.4433333333333334,3.22
26242664535431023,memolon,pt,lions,121,122,3,3.3249999999999997,2.57,3.2933333333333334
1094879369551356,memolon,pt,acidente,0,1,3,2.206666666666667,2.9316666666666666,2.416666666666667
1094879369551356,memolon,pt,um,1,2,4,3.45625,2.6262499999999998,3.3075
1094879369551356,memolon,pt,torcedor,2,3,3,2.9833333333333334,2.715,2.9766666666666666
1094879369551356,memolon,pt,do,3,4,5,3.173,2.6109999999999998,3.19
1094879369551356,memolon,pt,coritiba,4,5,3,2.6166666666666667,2.7283333333333335,2.7383333333333333
1094879369551356,memolon,pt,sofreu,5,6,3,2.4783333333333335,2.6916666666666664,2.6783333333333332
1094879369551356,memolon,pt,uma,6,7,8,3.06625,2.513125,3.10875
1094879369551356,memolon,pt,queda,7,8,3,2.371666666666667,2.716666666666667,2.5566666666666666
1094879369551356,memolon,pt,do,8,9,5,3.173,2.6109999999999998,3.19
1094879369551356,memolon,pt,segundo,9,10,3,3.06,2.3433333333333337,3.135
1094879369551356,memolon,pt,anel,10,11,3,3.0500000000000003,2.4483333333333333,3.0749999999999997
1094879369551356,memolon,pt,da,11,12,6,3.294166666666667,2.5733333333333333,3.3241666666666667
1094879369551356,memolon,pt,arquibancada,12,13,3,3.1300000000000003,2.6233333333333335,3.08
1094879369551356,memolon,pt,do,13,14,5,3.173,2.6109999999999998,3.19
1094879369551356,memolon,pt,couto,14,15,3,2.9683333333333333,2.4016666666666664,3.0016666666666665
1094879369551356,memolon,pt,pereira,15,16,3,3.1483333333333334,2.328333333333333,3.1566666666666667
1094879369551356,memolon,pt,durante,16,17,3,3.27,2.4866666666666664,3.263333333333333
1094879369551356,memolon,pt,o,17,18,7,3.3328571428571427,2.677142857142857,3.3314285714285714
1094879369551356,memolon,pt,clássico,18,19,3,3.565,2.5766666666666667,3.348333333333333
1094879369551356,memolon,pt,contra,19,20,3,2.408333333333333,2.981666666666667,2.768333333333333
1094879369551356,memolon,pt,o,20,21,7,3.3328571428571427,2.677142857142857,3.3314285714285714
1094879369551356,memolon,pt,athletico,21,22,1,2.895,2.54,2.97
1094879369551356,memolon,pt,disputado,22,23,3,3.0883333333333334,2.6983333333333337,3.1033333333333335
1094879369551356,memolon,pt,na,23,24,6,3.14,2.439166666666667,3.1958333333333333
1094879369551356,memolon,pt,noite,24,25,4,3.47125,2.65875,3.20375
1094879369551356,memolon,pt,desta,25,26,4,3.30625,2.38125,3.30375
1094879369551356,memolon,pt,sexta-feira,26,27,5,3.131,2.5469999999999997,3.0260000000000002
1094879369551356,memolon,pt,11,27,28,2,3.1174999999999997,2.5525,3.175
1094879369551356,memolon,pt,o,28,29,7,3.3328571428571427,2.677142857142857,3.3314285714285714
1094879369551356,memolon,pt,acidente,29,30,3,2.206666666666667,2.9316666666666666,2.416666666666667
1094879369551356,memolon,pt,grave,30,31,3,2.3200000000000003,2.7333333333333334,2.6583333333333337
1094879369551356,memolon,pt,ocorreu,31,32,3,2.84,2.4016666666666664,2.9116666666666666
1094879369551356,memolon,pt,nas,32,33,7,3.1785714285714284,2.5435714285714286,3.2235714285714283
1094879369551356,memolon,pt,dependências,33,34,3,2.7066666666666666,2.505,2.921666666666667
1094879369551356,memolon,pt,do,34,35,5,3.173,2.6109999999999998,3.19
1094879369551356,memolon,pt,estádio,35,36,3,3.1016666666666666,2.498333333333333,3.0816666666666666
1094879369551356,memolon,pt,enquanto,36,37,3,3.0766666666666667,2.4466666666666663,3.106666666666667
1094879369551356,memolon,pt,o,37,38,7,3.3328571428571427,2.677142857142857,3.3314285714285714
1094879369551356,memolon,pt,dérbi,38,39,2,3.3475,2.795,3.235
1094879369551356,memolon,pt,paranaense,39,40,3,3.1950000000000003,2.456666666666667,3.15
1094879369551356,memolon,pt,estava,40,41,4,3.11375,2.40875,3.0637499999999998
1094879369551356,memolon,pt,em andamento,41,43,1,2.955,2.475,3.035
1094879369551356,memolon,pt,a,43,44,7,3.2407142857142857,2.5485714285714285,3.295714285714286
1094879369551356,memolon,pt,ocorrência,44,45,3,2.625,2.521666666666667,2.723333333333333
1094879369551356,memolon,pt,foi,45,46,7,3.108571428571429,2.7,3.1485714285714286
1094879369551356,memolon,pt,confirmada,46,47,4,2.91125,2.53875,2.98
1094879369551356,memolon,pt,pela,47,48,5,2.947,2.506,3.039
1094879369551356,memolon,pt,delegacia,48,49,3,2.731666666666667,2.6,2.893333333333333
1094879369551356,memolon,pt,móvel,49,50,3,3.15,2.3616666666666664,3.1799999999999997
1094879369551356,memolon,pt,de,50,51,5,3.354,2.607,3.359
1094879369551356,memolon,pt,atendimento,51,52,3,3.2716666666666665,2.463333333333333,3.263333333333333
1094879369551356,memolon,pt,a,52,53,7,3.2407142857142857,2.5485714285714285,3.295714285714286
1094879369551356,memolon,pt,futebol,53,54,3,3.285,2.73,3.2383333333333333
1094879369551356,memolon,pt,e,54,55,5,3.132,2.62,3.1879999999999997
1094879369551356,memolon,pt,eventos,55,56,4,3.1175,2.54125,3.1075
1094879369551356,memolon,pt,de,57,58,5,3.354,2.607,3.359
1094879369551356,memolon,pt,acordo,58,59,3,3.41,2.3516666666666666,3.4149999999999996
1094879369551356,memolon,pt,com,59,60,8,3.074375,2.558125,3.1725
1094879369551356,memolon,pt,as,60,61,5,3.564,2.66,3.526
1094879369551356,memolon,pt,autoridades,61,62,3,2.8016666666666667,2.566666666666667,2.9266666666666663
1094879369551356,memolon,pt,de,62,63,5,3.354,2.607,3.359
1094879369551356,memolon,pt,segurança,63,64,6,3.203333333333333,2.6325,3.2608333333333337
1094879369551356,memolon,pt,o,64,65,7,3.3328571428571427,2.677142857142857,3.3314285714285714
1094879369551356,memolon,pt,torcedor,65,66,3,2.9833333333333334,2.715,2.9766666666666666
1094879369551356,memolon,pt,foi,66,67,7,3.108571428571429,2.7,3.1485714285714286
1094879369551356,memolon,pt,prontamente,67,68,3,3.301666666666667,2.4799999999999995,3.265
1094879369551356,memolon,pt,socorrido,68,69,2,2.835,2.59,2.8575
1094879369551356,memolon,pt,pelas,69,70,3,2.9433333333333334,2.416666666666667,3.02
1094879369551356,memolon,pt,equipes,70,71,3,3.2583333333333333,2.6466666666666665,3.2883333333333336
1094879369551356,memolon,pt,de,71,72,5,3.354,2.607,3.359
1094879369551356,memolon,pt,emergência,72,73,3,2.371666666666667,3.1533333333333338,2.4450000000000003
1094879369551356,memolon,pt,presentes,73,74,3,3.69,2.5749999999999997,3.4683333333333333
1094879369551356,memolon,pt,no,74,75,8,3.16125,2.475625,3.19625
1094879369551356,memolon,pt,local,75,76,3,3.2783333333333338,2.3550000000000004,3.311666666666667
1094879369551356,memolon,pt,e,76,77,5,3.132,2.62,3.1879999999999997
1094879369551356,memolon,pt,encaminhado,77,78,3,2.975,2.4016666666666664,3.108333333333333
1094879369551356,memolon,pt,de,78,79,5,3.354,2.607,3.359
1094879369551356,memolon,pt,ambulância,79,80,3,2.651666666666667,2.69,2.723333333333333
1094879369551356,memolon,pt,para,80,81,10,3.1055,2.5685,3.1865
1094879369551356,memolon,pt,o,81,82,7,3.3328571428571427,2.677142857142857,3.3314285714285714
1094879369551356,memolon,pt,hospital,82,83,3,2.368333333333333,2.49,2.5833333333333335
1094879369551356,memolon,pt,do,83,84,5,3.173,2.6109999999999998,3.19
1094879369551356,memolon,pt,trabalhador,84,85,3,3.0749999999999997,2.64,3.1083333333333334
1094879369551356,memolon,pt,ht,85,86,3,3.0433333333333334,2.463333333333333,3.1316666666666664
1094879369551356,memolon,pt,na,86,87,6,3.14,2.439166666666667,3.1958333333333333
1094879369551356,memolon,pt,capital,87,88,3,3.1816666666666666,2.515,3.1666666666666665
1094879369551356,memolon,pt,paranaense,88,89,3,3.1950000000000003,2.456666666666667,3.15
1094879369551356,memolon,pt,leia,89,90,6,2.8649999999999998,2.4450000000000003,2.9858333333333333
1094879369551356,memolon,pt,matéria,90,91,3,3.1999999999999997,2.5216666666666665,3.0583333333333336
1094879369551356,memolon,pt,completa,91,92,3,3.3216666666666668,2.5483333333333333,3.2866666666666666
1094879369551356,memolon,pt,em,92,93,4,3.13625,2.4837499999999997,3.18375
1094879369551356,memolon,pt,com,94,95,8,3.074375,2.558125,3.1725
1094879369551356,memolon,pt,br,95,96,4,3.3137499999999998,2.61875,3.33875
1094879369551356,memolon,pt,redes,96,97,4,3.3725,2.5675,3.36875
1094879369551356,memolon,pt,sociais,97,98,4,2.99625,2.545,3.05375
1094879369551356,memolon,pt,acidente,98,99,3,2.206666666666667,2.9316666666666666,2.416666666666667
1094879369551356,memolon,pt,queda,100,101,3,2.371666666666667,2.716666666666667,2.5566666666666666
1094879369551356,memolon,pt,atletiba,101,102,3,3.06,2.7866666666666666,2.9949999999999997
1681964447272553,memolon,pt,temporal,0,1,3,3.061666666666667,2.4699999999999998,2.945
1681964447272553,memolon,pt,uma,1,2,8,3.06625,2.513125,3.10875
1681964447272553,memolon,pt,forte,2,3,4,3.0075,2.73,3.14375
1681964447272553,memolon,pt,chuva,3,4,3,3.1483333333333334,2.53,2.9250000000000003
1681964447272553,memolon,pt,de,4,5,5,3.354,2.607,3.359
1681964447272553,memolon,pt,granizo,5,6,3,2.733333333333333,2.6183333333333336,2.705
1681964447272553,memolon,pt,atingiu,6,7,3,2.995,2.64,3.1350000000000002
1681964447272553,memolon,pt,mafra,7,8,3,3.0933333333333333,2.3033333333333337,3.1300000000000003
1681964447272553,memolon,pt,no,8,9,8,3.16125,2.475625,3.19625
1681964447272553,memolon,pt,norte,9,10,4,3.0949999999999998,2.31875,3.05375
1681964447272553,memolon,pt,de,10,11,5,3.354,2.607,3.359
1681964447272553,memolon,pt,santa,11,12,5,2.941,2.414,2.955
1681964447272553,memolon,pt,catarina,12,13,3,3.123333333333333,2.423333333333333,3.0933333333333333
1681964447272553,memolon,pt,na,13,14,6,3.14,2.439166666666667,3.1958333333333333
1681964447272553,memolon,pt,tarde,14,15,3,3.4483333333333337,2.418333333333333,3.231666666666667
1681964447272553,memolon,pt,desta,15,16,4,3.30625,2.38125,3.30375
1681964447272553,memolon,pt,terça-feira,16,17,6,3.0733333333333333,2.465,3.033333333333333
1681964447272553,memolon,pt,1o,17,18,3,3.2566666666666664,2.5483333333333333,3.275
1681964447272553,memolon,pt,as,18,19,5,3.564,2.66,3.526
1681964447272553,memolon,pt,pedras,19,20,3,3.0816666666666666,2.42,3.1566666666666667
1681964447272553,memolon,pt,de,20,21,5,3.354,2.607,3.359
1681964447272553,memolon,pt,gelo,21,22,3,3.2183333333333337,2.705,3.0716666666666668
1681964447272553,memolon,pt,ficaram,22,23,4,3.1425,2.40875,3.125
1681964447272553,memolon,pt,acumuladas,23,24,3,2.9499999999999997,2.4716666666666667,3.025
1681964447272553,memolon,pt,e,24,25,5,3.132,2.62,3.1879999999999997
1681964447272553,memolon,pt,as,25,26,5,3.564,2.66,3.526
1681964447272553,memolon,pt,ruas,26,27,3,3.0366666666666666,2.5033333333333334,3.11
1681964447272553,memolon,pt,chegaram,27,28,3,3.216666666666667,2.5516666666666667,3.1
1681964447272553,memolon,pt,a,28,29,7,3.2407142857142857,2.5485714285714285,3.295714285714286
1681964447272553,memolon,pt,ficar,29,30,5,3.04,2.478,3.129
1681964447272553,memolon,pt,brancas,30,31,3,3.03,2.335,3.046666666666667
1681964447272553,memolon,pt,santa,31,32,5,2.941,2.414,2.955
1681964447272553,memolon,pt,catarina,32,33,3,3.123333333333333,2.423333333333333,3.0933333333333333
1681964447272553,memolon,pt,tem,33,34,5,3.032,2.4050000000000002,3.133
1681964447272553,memolon,pt,registrado,34,35,3,3.1616666666666666,2.496666666666667,3.2566666666666664
1681964447272553,memolon,pt,chuvas,35,36,3,2.9933333333333336,2.5116666666666667,2.8216666666666668
1681964447272553,memolon,pt,de,36,37,5,3.354,2.607,3.359
1681964447272553,memolon,pt,granizo,37,38,3,2.733333333333333,2.6183333333333336,2.705
1681964447272553,memolon,pt,recentemente,38,39,3,3.2399999999999998,2.451666666666667,3.225
1681964447272553,memolon,pt,a,39,40,7,3.2407142857142857,2.5485714285714285,3.295714285714286
1681964447272553,memolon,pt,defesa,40,41,3,3.013333333333333,2.811666666666667,3.1966666666666668
1681964447272553,memolon,pt,civil,41,42,5,3.036,2.524,3.073
1681964447272553,memolon,pt,informou,42,43,3,2.921666666666667,2.3183333333333334,3.0500000000000003
1681964447272553,memolon,pt,que,43,44,8,3.0825,2.656875,3.0525
1681964447272553,memolon,pt,nove,44,45,3,3.0100000000000002,2.378333333333333,3.013333333333333
1681964447272553,memolon,pt,municípios,45,46,3,3.1733333333333333,2.328333333333333,3.138333333333333
1681964447272553,memolon,pt,decretaram,46,47,2,2.915,2.545,2.895
1681964447272553,memolon,pt,situação,47,48,4,2.67875,2.465,2.86625
1681964447272553,memolon,pt,de,48,49,5,3.354,2.607,3.359
1681964447272553,memolon,pt,emergência,49,50,3,2.371666666666667,3.1533333333333338,2.4450000000000003
1681964447272553,memolon,pt,desde,50,51,4,3.25875,2.5037499999999997,3.21625
1681964447272553,memolon,pt,sexta,51,52,3,3.216666666666667,2.381666666666667,3.131666666666667
1681964447272553,memolon,pt,28,52,53,1,2.735,2.37,2.865
1681964447272553,memolon,pt,por,53,54,8,2.779375,2.4450000000000003,2.89125
1681964447272553,memolon,pt,causa,54,55,3,2.5833333333333335,2.5116666666666667,2.776666666666667
1681964447272553,memolon,pt,de,55,56,5,3.354,2.607,3.359
1681964447272553,memolon,pt,estragos,56,57,3,2.256666666666667,2.908333333333333,2.496666666666667
1681964447272553,memolon,pt,causados,57,58,3,2.4266666666666667,2.76,2.598333333333333
1681964447272553,memolon,pt,pelas,58,59,3,2.9433333333333334,2.416666666666667,3.02
1681964447272553,memolon,pt,pedras,59,60,3,3.0816666666666666,2.42,3.1566666666666667
1681964447272553,memolon,pt,e,60,61,5,3.132,2.62,3.1879999999999997
1681964447272553,memolon,pt,acúmulo,61,62,3,2.6133333333333333,2.371666666666667,2.808333333333333
1681964447272553,memolon,pt,de,62,63,5,3.354,2.607,3.359
1681964447272553,memolon,pt,chuva,63,64,3,3.1483333333333334,2.53,2.9250000000000003
1681964447272553,memolon,pt,as,64,65,5,3.564,2.66,3.526
1681964447272553,memolon,pt,equipes,65,66,3,3.2583333333333333,2.6466666666666665,3.2883333333333336
1681964447272553,memolon,pt,estão,66,67,6,3.0425,2.5083333333333333,3.0925
1681964447272553,memolon,pt,no,67,68,8,3.16125,2.475625,3.19625
1681964447272553,memolon,pt,local,68,69,3,3.2783333333333338,2.3550000000000004,3.311666666666667
1681964447272553,memolon,pt,e,69,70,5,3.132,2.62,3.1879999999999997
1681964447272553,memolon,pt,não,70,71,8,2.811875,2.465,2.94125
1681964447272553,memolon,pt,havia,71,72,3,2.865,2.3833333333333337,2.9250000000000003
1681964447272553,memolon,pt,informações,72,73,3,3.26,2.453333333333333,3.266666666666667
1681964447272553,memolon,pt,sobre,73,74,5,3.0789999999999997,2.447,3.1550000000000002
1681964447272553,memolon,pt,estragos,74,75,3,2.256666666666667,2.908333333333333,2.496666666666667
1681964447272553,memolon,pt,até,75,76,5,2.946,2.491,2.976
1681964447272553,memolon,pt,a,76,77,7,3.2407142857142857,2.5485714285714285,3.295714285714286
1681964447272553,memolon,pt,publicação,77,78,3,3.1666666666666665,2.493333333333333,3.2483333333333335
1681964447272553,memolon,pt,desta,78,79,4,3.30625,2.38125,3.30375
1681964447272553,memolon,pt,reportagem,79,80,3,3.0966666666666662,2.59,3.0583333333333336
1681964447272553,memolon,pt,pelas,80,81,3,2.9433333333333334,2.416666666666667,3.02
1681964447272553,memolon,pt,informações,81,82,3,3.26,2.453333333333333,3.266666666666667
1681964447272553,memolon,pt,da,82,83,6,3.294166666666667,2.5733333333333333,3.3241666666666667
1681964447272553,memolon,pt,defesa,83,84,3,3.013333333333333,2.811666666666667,3.1966666666666668
1681964447272553,memolon,pt,civil,84,85,5,3.036,2.524,3.073
1681964447272553,memolon,pt,a,85,86,7,3.2407142857142857,2.5485714285714285,3.295714285714286
1681964447272553,memolon,pt,quarta,86,87,3,3.1016666666666666,2.326666666666667,3.141666666666667
1681964447272553,memolon,pt,2,87,88,6,3.2591666666666668,2.518333333333333,3.3041666666666667
1681964447272553,memolon,pt,e,88,89,5,3.132,2.62,3.1879999999999997
1681964447272553,memolon,pt,a,89,90,7,3.2407142857142857,2.5485714285714285,3.295714285714286
1681964447272553,memolon,pt,quinta,90,91,4,3.19,2.33625,3.1624999999999996
1681964447272553,memolon,pt,3,91,92,5,3.347,2.5629999999999997,3.3729999999999998
1681964447272553,memolon,pt,devem,92,93,3,3.4966666666666666,2.458333333333333,3.5583333333333336
1681964447272553,memolon,pt,ser,93,94,4,3.5525,2.605,3.53625
1681964447272553,memolon,pt,de,94,95,5,3.354,2.607,3.359
1681964447272553,memolon,pt,tempo,95,96,4,3.24625,2.38875,3.1975
1681964447272553,memolon,pt,firme,96,97,4,3.255,2.36875,3.33875
1681964447272553,memolon,pt,no,97,98,8,3.16125,2.475625,3.19625
1681964447272553,memolon,pt,estado,98,99,4,2.95625,2.3737500000000002,3.0225
1681964447272553,memolon,pt,saiba,99,100,3,3.3466666666666662,2.3916666666666666,3.391666666666667
1681964447272553,memolon,pt,mais,100,101,12,3.002083333333333,2.5858333333333334,3.0545833333333334
1681964447272553,memolon,pt,no,101,102,8,3.16125,2.475625,3.19625
1681964447272553,memolon,pt,g1,102,103,2,3.2725,2.4850000000000003,3.285
1681964447272553,memolon,pt,granizo,103,104,3,2.733333333333333,2.6183333333333336,2.705
1681964447272553,memolon,pt,temporal,104,105,3,3.061666666666667,2.4699999999999998,2.945
1681964447272553,memolon,pt,notícias,106,107,5,3.018,2.524,3.023
tse_training_title,memolon,pt,mesários,0,1,2,2.9575,2.35,3.0675
tse_training_title,memolon,pt,têm,1,2,4,3.15,2.4212499999999997,3.1975
tse_training_title,memolon,pt,até,2,3,5,2.946,2.491,2.976
tse_training_title,memolon,pt,3,3,4,5,3.347,2.5629999999999997,3.3729999999999998
tse_training_title,memolon,pt,de,4,5,5,3.354,2.607,3.359
tse_training_title,memolon,pt,outubro,5,6,4,3.0475,2.50625,3.03125
tse_training_title,memolon,pt,para,6,7,10,3.1055,2.5685,3.1865
tse_training_title,memolon,pt,concluir,7,8,3,3.0733333333333337,2.4033333333333333,3.2483333333333335
tse_training_title,memolon,pt,treinamento,8,9,3,3.2399999999999998,2.736666666666667,3.3516666666666666
tse_training_title,memolon,pt,das,9,10,7,3.1550000000000002,2.56,3.1550000000000002
tse_training_title,memolon,pt,eleições,10,11,3,2.615,2.5083333333333333,2.8116666666666665
tse_training_title,memolon,pt,2026,11,12,1,2.96,2.51,3.015
affect_word_control_pt_valence_high,memolon,pt,feliz,0,1,4,3.80625,2.98375,3.52125
affect_word_control_pt_valence_high,memolon,pt,contente,1,2,3,3.3983333333333334,2.63,3.4416666666666664
affect_word_control_pt_valence_high,memolon,pt,satisfeito,2,3,3,3.5700000000000003,2.71,3.605
affect_word_control_pt_valence_low,memolon,pt,triste,0,1,3,2.2616666666666667,2.4416666666666664,2.5366666666666666
affect_word_control_pt_valence_low,memolon,pt,infeliz,1,2,3,2.2249999999999996,2.6666666666666665,2.5749999999999997
affect_word_control_pt_valence_low,memolon,pt,assustado,2,3,3,2.5866666666666664,2.9283333333333332,2.6750000000000003
affect_word_control_pt_arousal_high,memolon,pt,agitado,0,1,3,2.4283333333333337,2.8333333333333335,2.591666666666667
affect_word_control_pt_arousal_high,memolon,pt,excitado,1,2,3,2.9600000000000004,3.1,2.88
affect_word_control_pt_arousal_high,memolon,pt,alerta,2,3,3,2.7066666666666666,2.8266666666666667,2.9
affect_word_control_pt_arousal_low,memolon,pt,tranquilo,0,1,3,3.3466666666666662,2.371666666666667,3.276666666666667
affect_word_control_pt_arousal_low,memolon,pt,relaxado,1,2,2,3.2,2.4775,3.25
affect_word_control_pt_arousal_low,memolon,pt,sonolento,2,3,2,2.4675000000000002,2.4025,2.6625
affect_word_control_pt_dominance_high,memolon,pt,poderoso,0,1,3,3.355,2.9,3.2916666666666665
affect_word_control_pt_dominance_high,memolon,pt,confiante,1,2,3,3.47,2.796666666666667,3.526666666666667
affect_word_control_pt_dominance_high,memolon,pt,dominante,2,3,3,3.03,2.6750000000000003,3.1300000000000003
affect_word_control_pt_dominance_low,memolon,pt,fraco,0,1,3,2.4450000000000003,2.763333333333333,2.7550000000000003
affect_word_control_pt_dominance_low,memolon,pt,indefeso,1,2,3,2.3016666666666667,2.808333333333333,2.53
affect_word_control_pt_dominance_low,memolon,pt,vulnerável,2,3,3,2.163333333333333,2.875,2.461666666666667
negation_control_pt_valence_affirmative,memolon,pt,estou,0,1,5,3.066,2.5100000000000002,3.101
negation_control_pt_valence_affirmative,memolon,pt,feliz,1,2,4,3.80625,2.98375,3.52125
negation_control_pt_valence_negated,memolon,pt,não,0,1,8,2.811875,2.465,2.94125
negation_control_pt_valence_negated,memolon,pt,estou,1,2,5,3.066,2.5100000000000002,3.101
negation_control_pt_valence_negated,memolon,pt,feliz,2,3,4,3.80625,2.98375,3.52125
negation_control_pt_arousal_affirmative,memolon,pt,estou,0,1,5,3.066,2.5100000000000002,3.101
negation_control_pt_arousal_affirmative,memolon,pt,agitado,1,2,3,2.4283333333333337,2.8333333333333335,2.591666666666667
negation_control_pt_arousal_negated,memolon,pt,não,0,1,8,2.811875,2.465,2.94125
negation_control_pt_arousal_negated,memolon,pt,estou,1,2,5,3.066,2.5100000000000002,3.101
negation_control_pt_arousal_negated,memolon,pt,agitado,2,3,3,2.4283333333333337,2.8333333333333335,2.591666666666667
negation_control_pt_dominance_affirmative,memolon,pt,tenho,0,1,5,3.192,2.479,3.248
negation_control_pt_dominance_affirmative,memolon,pt,controle,1,2,3,2.875,2.6133333333333333,3.095
negation_control_pt_dominance_affirmative,memolon,pt,da,2,3,6,3.294166666666667,2.5733333333333333,3.3241666666666667
negation_control_pt_dominance_affirmative,memolon,pt,situação,3,4,4,2.67875,2.465,2.86625
negation_control_pt_dominance_negated,memolon,pt,não,0,1,8,2.811875,2.465,2.94125
negation_control_pt_dominance_negated,memolon,pt,tenho,1,2,5,3.192,2.479,3.248
negation_control_pt_dominance_negated,memolon,pt,controle,2,3,3,2.875,2.6133333333333333,3.095
negation_control_pt_dominance_negated,memolon,pt,da,3,4,6,3.294166666666667,2.5733333333333333,3.3241666666666667
negation_control_pt_dominance_negated,memolon,pt,situação,4,5,4,2.67875,2.465,2.86625
negation_scope_control_pt_valence_high,memolon,pt,estou,0,1,5,3.066,2.5100000000000002,3.101
negation_scope_control_pt_valence_high,memolon,pt,feliz,1,2,4,3.80625,2.98375,3.52125
negation_scope_control_pt_valence_high,memolon,pt,mas,2,3,8,2.819375,2.4537500000000003,2.948125
negation_scope_control_pt_valence_high,memolon,pt,não,3,4,8,2.811875,2.465,2.94125
negation_scope_control_pt_valence_high,memolon,pt,estou,4,5,5,3.066,2.5100000000000002,3.101
negation_scope_control_pt_valence_high,memolon,pt,triste,5,6,3,2.2616666666666667,2.4416666666666664,2.5366666666666666
negation_scope_control_pt_valence_low,memolon,pt,estou,0,1,5,3.066,2.5100000000000002,3.101
negation_scope_control_pt_valence_low,memolon,pt,triste,1,2,3,2.2616666666666667,2.4416666666666664,2.5366666666666666
negation_scope_control_pt_valence_low,memolon,pt,mas,2,3,8,2.819375,2.4537500000000003,2.948125
negation_scope_control_pt_valence_low,memolon,pt,não,3,4,8,2.811875,2.465,2.94125
negation_scope_control_pt_valence_low,memolon,pt,estou,4,5,5,3.066,2.5100000000000002,3.101
negation_scope_control_pt_valence_low,memolon,pt,feliz,5,6,4,3.80625,2.98375,3.52125
26242664535431023,nrc_v2_1,pt,com,9,10,1,2.584,2.528,2.528
26242664535431023,nrc_v2_1,pt,do,13,14,1,3.68,3.192,3.144
26242664535431023,nrc_v2_1,pt,do,15,16,1,3.68,3.192,3.144
26242664535431023,nrc_v2_1,pt,do,56,57,1,3.68,3.192,3.144
26242664535431023,nrc_v2_1,pt,local,57,58,1,3.624,2.076,2.808
26242664535431023,nrc_v2_1,pt,mil,78,79,1,3.136,2.552,2.388
26242664535431023,nrc_v2_1,pt,do,80,81,1,3.68,3.192,3.144
26242664535431023,nrc_v2_1,pt,as,95,96,1,3.0,3.0,3.0
26242664535431023,nrc_v2_1,pt,as,105,106,1,3.0,3.0,3.0
26242664535431023,nrc_v2_1,pt,com,112,113,1,2.584,2.528,2.528
26242664535431023,nrc_v2_1,pt,clip,120,121,1,2.752,2.24,2.524
1094879369551356,nrc_v2_1,pt,um,1,2,1,2.666,2.428,1.762
1094879369551356,nrc_v2_1,pt,do,3,4,1,3.68,3.192,3.144
1094879369551356,nrc_v2_1,pt,do,8,9,1,3.68,3.192,3.144
1094879369551356,nrc_v2_1,pt,do,13,14,1,3.68,3.192,3.144
1094879369551356,nrc_v2_1,pt,contra,19,20,1,3.0,2.666,4.334
1094879369551356,nrc_v2_1,pt,grave,30,31,1,1.612,2.54,2.544
1094879369551356,nrc_v2_1,pt,do,34,35,1,3.68,3.192,3.144
1094879369551356,nrc_v2_1,pt,com,59,60,1,2.584,2.528,2.528
1094879369551356,nrc_v2_1,pt,as,60,61,1,3.0,3.0,3.0
1094879369551356,nrc_v2_1,pt,local,75,76,1,3.624,2.076,2.808
1094879369551356,nrc_v2_1,pt,hospital,82,83,1,2.292,3.148,3.392
1094879369551356,nrc_v2_1,pt,do,83,84,1,3.68,3.192,3.144
1094879369551356,nrc_v2_1,pt,capital,87,88,1,3.08,3.0,4.192
1094879369551356,nrc_v2_1,pt,com,94,95,1,2.584,2.528,2.528
1681964447272553,nrc_v2_1,pt,temporal,0,1,1,3.0,2.652,2.44
1681964447272553,nrc_v2_1,pt,forte,2,3,1,4.316,3.948,4.2
1681964447272553,nrc_v2_1,pt,santa,11,12,1,3.94,2.144,3.036
1681964447272553,nrc_v2_1,pt,as,18,19,1,3.0,3.0,3.0
1681964447272553,nrc_v2_1,pt,as,25,26,1,3.0,3.0,3.0
1681964447272553,nrc_v2_1,pt,santa,31,32,1,3.94,2.144,3.036
1681964447272553,nrc_v2_1,pt,civil,41,42,1,3.084,2.124,3.068
1681964447272553,nrc_v2_1,pt,as,64,65,1,3.0,3.0,3.0
1681964447272553,nrc_v2_1,pt,local,68,69,1,3.624,2.076,2.808
1681964447272553,nrc_v2_1,pt,civil,84,85,1,3.084,2.124,3.068
1681964447272553,nrc_v2_1,pt,tempo,95,96,1,3.328,2.348,3.0
1681964447272553,nrc_v2_1,pt,temporal,104,105,1,3.0,2.652,2.44
26242664535431023_en,nrc_v1,en,emotional,0,1,1,4.116,3.856,3.104
26242664535431023_en,nrc_v1,en,rescue,1,2,1,4.224,4.704000000000001,4.4
26242664535431023_en,nrc_v1,en,child,4,5,1,4.648,2.84,2.652
26242664535431023_en,nrc_v1,en,alive,7,8,1,4.263999999999999,3.548,3.924
26242664535431023_en,nrc_v1,en,army,13,14,1,2.668,4.036,4.6080000000000005
26242664535431023_en,nrc_v1,en,amid,14,15,1,3.04,2.3600000000000003,2.024
26242664535431023_en,nrc_v1,en,wreckage,16,17,1,1.328,2.412,2.332
26242664535431023_en,nrc_v1,en,left,17,18,1,2.416,2.48,2.444
26242664535431023_en,nrc_v1,en,severe,19,20,1,1.6560000000000001,3.94,3.54
26242664535431023_en,nrc_v1,en,hit,22,23,1,1.94,4.724,3.716
26242664535431023_en,nrc_v1,en,border,25,26,1,2.624,2.528,2.6959999999999997
26242664535431023_en,nrc_v1,en,region,26,27,1,3.16,2.1799999999999997,3.848
26242664535431023_en,nrc_v1,en,child,32,33,1,4.648,2.84,2.652
26242664535431023_en,nrc_v1,en,found,34,35,1,4.332,2.784,2.96
26242664535431023_en,nrc_v1,en,rubble,37,38,1,2.232,3.036,2.1559999999999997
26242664535431023_en,nrc_v1,en,one,39,40,1,3.168,2.168,2.48
26242664535431023_en,nrc_v1,en,hit,43,44,1,1.94,4.724,3.716
26242664535431023_en,nrc_v1,en,flash,45,46,1,3.284,3.36,3.628
26242664535431023_en,nrc_v1,en,military,47,48,1,2.584,3.84,4.5
26242664535431023_en,nrc_v1,en,personnel,48,49,1,3.916,2.376,3.348
26242664535431023_en,nrc_v1,en,remove,51,52,1,2.168,3.156,2.888
26242664535431023_en,nrc_v1,en,child,53,54,1,4.648,2.84,2.652
26242664535431023_en,nrc_v1,en,site,56,57,1,3.708,2.06,2.808
26242664535431023_en,nrc_v1,en,take,58,59,1,4.311999999999999,3.148,2.392
26242664535431023_en,nrc_v1,en,child,60,61,1,4.648,2.84,2.652
26242664535431023_en,nrc_v1,en,safe,63,64,1,4.5920000000000005,2.224,4.036
26242664535431023_en,nrc_v1,en,area,64,65,1,2.96,2.224,2.856
26242664535431023_en,nrc_v1,en,show,66,67,1,3.692,4.084,3.876
26242664535431023_en,nrc_v1,en,carrying,68,69,1,3.624,3.228,2.7720000000000002
26242664535431023_en,nrc_v1,en,children,69,70,1,4.428,3.152,2.74
26242664535431023_en,nrc_v1,en,army,80,81,1,2.668,4.036,4.6080000000000005
26242664535431023_en,nrc_v1,en,police,82,83,1,2.832,4.08,4.32
26242664535431023_en,nrc_v1,en,personnel,83,84,1,3.916,2.376,3.348
26242664535431023_en,nrc_v1,en,part,86,87,1,3.652,2.112,2.44
26242664535431023_en,nrc_v1,en,search,88,89,1,3.54,3.32,2.848
26242664535431023_en,nrc_v1,en,operations,89,90,1,2.92,3.196,4.192
26242664535431023_en,nrc_v1,en,assistance,91,92,1,3.624,3.076,3.532
26242664535431023_en,nrc_v1,en,continue,97,98,1,3.52,2.708,3.448
26242664535431023_en,nrc_v1,en,working,98,99,1,3.96,3.34,3.304
26242664535431023_en,nrc_v1,en,locate,100,101,1,3.332,3.08,4.144
26242664535431023_en,nrc_v1,en,other,101,102,1,2.888,1.92,2.036
26242664535431023_en,nrc_v1,en,people,102,103,1,3.416,2.6,3.0
26242664535431023_en,nrc_v1,en,assist,104,105,1,4.332,2.74,3.516
26242664535431023_en,nrc_v1,en,learn,108,109,1,4.332,3.572,4.316
26242664535431023_en,nrc_v1,en,com,112,113,1,2.584,2.528,2.528
26242664535431023_en,nrc_v1,en,rescue,115,116,1,4.224,4.704000000000001,4.4
26242664535431023_en,nrc_v1,en,army,116,117,1,2.668,4.036,4.6080000000000005
26242664535431023_en,nrc_v1,en,tragedy,118,119,1,1.208,4.372,2.3600000000000003
26242664535431023_en,nrc_v1,en,clip,120,121,1,2.752,2.24,2.524
1094879369551356_en,nrc_v1,en,accident,0,1,1,1.5,4.632,2.3440000000000003
1094879369551356_en,nrc_v1,en,fan,3,4,1,4.1240000000000006,2.716,2.428
1094879369551356_en,nrc_v1,en,fell,4,5,1,2.02,2.848,2.0
1094879369551356_en,nrc_v1,en,second,7,8,1,2.96,1.8399999999999999,2.0
1094879369551356_en,nrc_v1,en,tier,8,9,1,3.08,1.98,3.24
1094879369551356_en,nrc_v1,en,friday,22,23,1,3.496,2.644,2.364
1094879369551356_en,nrc_v1,en,night,23,24,1,3.392,2.584,2.616
1094879369551356_en,nrc_v1,en,serious,27,28,1,3.0,2.8200000000000003,3.476
1094879369551356_en,nrc_v1,en,accident,28,29,1,1.5,4.632,2.3440000000000003
1094879369551356_en,nrc_v1,en,inside,30,31,1,3.448,2.616,2.888
1094879369551356_en,nrc_v1,en,stadium,32,33,1,3.54,3.716,3.444
1094879369551356_en,nrc_v1,en,incident,40,41,1,1.336,3.648,2.928
1094879369551356_en,nrc_v1,en,confirmed,42,43,1,4.04,2.96,4.056
1094879369551356_en,nrc_v1,en,mobile,45,46,1,3.46,3.276,2.924
1094879369551356_en,nrc_v1,en,police,46,47,1,2.832,4.08,4.32
1094879369551356_en,nrc_v1,en,unit,47,48,1,3.248,1.94,3.312
1094879369551356_en,nrc_v1,en,football,49,50,1,4.02,4.04,3.328
1094879369551356_en,nrc_v1,en,security,56,57,1,4.348,2.44,4.284
1094879369551356_en,nrc_v1,en,fan,59,60,1,4.1240000000000006,2.716,2.428
1094879369551356_en,nrc_v1,en,emergency,65,66,1,1.8,4.6,3.284
1094879369551356_en,nrc_v1,en,site,69,70,1,3.708,2.06,2.808
1094879369551356_en,nrc_v1,en,ambulance,73,74,1,3.0,4.0,3.436
1094879369551356_en,nrc_v1,en,hospital,75,76,1,2.292,3.148,3.392
1094879369551356_en,nrc_v1,en,do,76,77,1,3.68,3.192,3.144
1094879369551356_en,nrc_v1,en,capital,81,82,1,3.08,3.0,4.192
1094879369551356_en,nrc_v1,en,read,84,85,1,3.96,2.1319999999999997,3.444
1094879369551356_en,nrc_v1,en,full,86,87,1,3.408,2.02,3.816
1094879369551356_en,nrc_v1,en,article,87,88,1,3.376,2.12,2.924
1094879369551356_en,nrc_v1,en,com,90,91,1,2.584,2.528,2.528
1094879369551356_en,nrc_v1,en,social,92,93,1,4.224,2.48,3.456
1094879369551356_en,nrc_v1,en,media,93,94,1,3.0,2.3200000000000003,2.856
1681964447272553_en,nrc_v1,en,storm,0,1,1,1.752,4.76,3.172
1681964447272553_en,nrc_v1,en,heavy,2,3,1,2.0,2.816,3.4
1681964447272553_en,nrc_v1,en,hit,4,5,1,1.94,4.724,3.716
1681964447272553_en,nrc_v1,en,northern,7,8,1,3.28,2.3600000000000003,2.888
1681964447272553_en,nrc_v1,en,santa,8,9,1,3.94,2.144,3.036
1681964447272553_en,nrc_v1,en,tuesday,11,12,1,2.876,1.736,2.3200000000000003
1681964447272553_en,nrc_v1,en,afternoon,12,13,1,3.132,2.552,2.356
1681964447272553_en,nrc_v1,en,turned,20,21,1,3.52,3.152,3.332
1681964447272553_en,nrc_v1,en,santa,22,23,1,3.94,2.144,3.036
1681964447272553_en,nrc_v1,en,experienced,26,27,1,4.084,3.452,4.656000000000001
1681964447272553_en,nrc_v1,en,civil,28,29,1,3.084,2.124,3.068
1681964447272553_en,nrc_v1,en,defense,29,30,1,3.608,3.792,4.208
1681964447272553_en,nrc_v1,en,reported,30,31,1,2.6719999999999997,2.768,3.268
1681964447272553_en,nrc_v1,en,nine,32,33,1,3.208,2.02,2.308
1681964447272553_en,nrc_v1,en,state,37,38,1,3.248,2.2800000000000002,3.416
1681964447272553_en,nrc_v1,en,emergency,39,40,1,1.8,4.6,3.284
1681964447272553_en,nrc_v1,en,friday,41,42,1,3.496,2.644,2.364
1681964447272553_en,nrc_v1,en,damage,46,47,1,1.236,3.904,2.612
1681964447272553_en,nrc_v1,en,caused,47,48,1,2.376,3.08,2.528
1681964447272553_en,nrc_v1,en,rain,52,53,1,3.168,2.552,2.3200000000000003
1681964447272553_en,nrc_v1,en,site,56,57,1,3.708,2.06,2.808
1681964447272553_en,nrc_v1,en,information,61,62,1,4.0600000000000005,2.48,3.844
1681964447272553_en,nrc_v1,en,damage,63,64,1,1.236,3.904,2.612
1681964447272553_en,nrc_v1,en,report,66,67,1,3.332,2.776,3.3
1681964447272553_en,nrc_v1,en,published,68,69,1,3.668,2.716,3.28
1681964447272553_en,nrc_v1,en,civil,71,72,1,3.084,2.124,3.068
1681964447272553_en,nrc_v1,en,defense,72,73,1,3.608,3.792,4.208
1681964447272553_en,nrc_v1,en,have,81,82,1,4.0280000000000005,2.556,3.372
1681964447272553_en,nrc_v1,en,stable,82,83,1,3.9,1.8159999999999998,3.94
1681964447272553_en,nrc_v1,en,weather,83,84,1,4.02,2.616,3.268
1681964447272553_en,nrc_v1,en,state,86,87,1,3.248,2.2800000000000002,3.416
1681964447272553_en,nrc_v1,en,learn,87,88,1,4.332,3.572,4.316
1681964447272553_en,nrc_v1,en,temporal,92,93,1,3.0,2.652,2.44
affect_word_control_en_valence_high,nrc_v1,en,happy,0,1,1,5.0,3.94,4.088
affect_word_control_en_valence_high,nrc_v1,en,joyful,1,2,1,4.96,3.96,3.668
affect_word_control_en_valence_high,nrc_v1,en,delighted,2,3,1,4.752,3.656,3.74
affect_word_control_en_valence_low,nrc_v1,en,sad,0,1,1,1.9,2.332,1.596
affect_word_control_en_valence_low,nrc_v1,en,miserable,1,2,1,1.248,2.8440000000000003,1.752
affect_word_control_en_valence_low,nrc_v1,en,terrified,2,3,1,1.3599999999999999,4.6080000000000005,2.548
affect_word_control_en_arousal_high,nrc_v1,en,agitated,0,1,1,2.776,4.5280000000000005,2.964
affect_word_control_en_arousal_high,nrc_v1,en,excited,1,2,1,4.632,4.724,3.836
affect_word_control_en_arousal_high,nrc_v1,en,alert,2,3,1,2.916,4.279999999999999,3.592
affect_word_control_en_arousal_low,nrc_v1,en,calm,0,1,1,4.5,1.4,2.128
affect_word_control_en_arousal_low,nrc_v1,en,relaxed,1,2,1,4.46,1.3599999999999999,2.528
affect_word_control_en_arousal_low,nrc_v1,en,sleepy,2,3,1,3.416,1.5,2.0
affect_word_control_en_dominance_high,nrc_v1,en,powerful,0,1,1,4.46,4.32,4.964
affect_word_control_en_dominance_high,nrc_v1,en,confident,1,2,1,4.0600000000000005,2.2960000000000003,3.892
affect_word_control_en_dominance_high,nrc_v1,en,dominant,2,3,1,2.624,4.416,4.572
affect_word_control_en_dominance_low,nrc_v1,en,weak,0,1,1,1.72,1.964,1.18
affect_word_control_en_dominance_low,nrc_v1,en,helpless,1,2,1,1.416,2.6799999999999997,1.8559999999999999
affect_word_control_en_dominance_low,nrc_v1,en,vulnerable,2,3,1,1.792,2.96,1.98
negation_control_en_valence_affirmative,nrc_v1,en,happy,2,3,1,5.0,3.94,4.088
negation_control_en_valence_negated,nrc_v1,en,happy,3,4,1,5.0,3.94,4.088
negation_control_en_arousal_affirmative,nrc_v1,en,agitated,2,3,1,2.776,4.5280000000000005,2.964
negation_control_en_arousal_negated,nrc_v1,en,agitated,3,4,1,2.776,4.5280000000000005,2.964
negation_control_en_dominance_affirmative,nrc_v1,en,have,1,2,1,4.0280000000000005,2.556,3.372
negation_control_en_dominance_affirmative,nrc_v1,en,control,2,3,1,3.916,2.408,4.232
negation_control_en_dominance_affirmative,nrc_v1,en,situation,5,6,1,3.124,2.548,3.4
negation_control_en_dominance_negated,nrc_v1,en,do,1,2,1,3.68,3.192,3.144
negation_control_en_dominance_negated,nrc_v1,en,have,3,4,1,4.0280000000000005,2.556,3.372
negation_control_en_dominance_negated,nrc_v1,en,control,4,5,1,3.916,2.408,4.232
negation_control_en_dominance_negated,nrc_v1,en,situation,7,8,1,3.124,2.548,3.4
negation_scope_control_en_valence_high,nrc_v1,en,happy,2,3,1,5.0,3.94,4.088
negation_scope_control_en_valence_high,nrc_v1,en,sad,7,8,1,1.9,2.332,1.596
negation_scope_control_en_valence_low,nrc_v1,en,sad,2,3,1,1.9,2.332,1.596
negation_scope_control_en_valence_low,nrc_v1,en,happy,7,8,1,5.0,3.94,4.088
26242664535431023_en,memolon,en,emotional,0,1,3,2.9266666666666667,3.025,2.97
26242664535431023_en,memolon,en,rescue,1,2,3,3.3266666666666667,2.7283333333333335,3.185
26242664535431023_en,memolon,en,a,2,3,6,3.296666666666667,2.4816666666666665,3.313333333333333
26242664535431023_en,memolon,en,2-year-old,3,4,2,3.34,2.5949999999999998,3.1574999999999998
26242664535431023_en,memolon,en,child,4,5,3,3.393333333333333,2.41,3.1350000000000002
26242664535431023_en,memolon,en,was,5,6,7,2.9135714285714287,2.3307142857142855,2.975
26242664535431023_en,memolon,en,rescued,6,7,3,2.4699999999999998,3.0400000000000005,2.4866666666666664
26242664535431023_en,memolon,en,alive,7,8,5,3.529,2.758,3.337
26242664535431023_en,memolon,en,by,8,9,4,3.4137500000000003,2.53,3.47125
26242664535431023_en,memolon,en,soldiers,9,10,3,2.813333333333333,2.6950000000000003,2.9583333333333335
26242664535431023_en,memolon,en,of,10,11,5,3.475,2.504,3.484
26242664535431023_en,memolon,en,the,11,12,8,2.9699999999999998,2.415625,3.021875
26242664535431023_en,memolon,en,nepal,12,13,3,3.018333333333333,2.368333333333333,3.065
26242664535431023_en,memolon,en,army,13,14,3,2.7566666666666664,2.5116666666666667,2.9116666666666666
26242664535431023_en,memolon,en,amid,14,15,5,2.786,2.43,2.9210000000000003
26242664535431023_en,memolon,en,the,15,16,8,2.9699999999999998,2.415625,3.021875
26242664535431023_en,memolon,en,wreckage,16,17,3,2.49,2.873333333333333,2.585
26242664535431023_en,memolon,en,left,17,18,3,2.8316666666666666,2.29,2.9833333333333334
26242664535431023_en,memolon,en,by,18,19,4,3.4137500000000003,2.53,3.47125
26242664535431023_en,memolon,en,severe,19,20,3,2.1399999999999997,2.9483333333333337,2.4916666666666663
26242664535431023_en,memolon,en,floods,20,21,3,2.085,3.3249999999999997,2.2683333333333335
26242664535431023_en,memolon,en,that,21,22,9,2.8205555555555555,2.546666666666667,2.9294444444444445
26242664535431023_en,memolon,en,hit,22,23,6,2.9899999999999998,2.6,3.0975
26242664535431023_en,memolon,en,the,23,24,8,2.9699999999999998,2.415625,3.021875
26242664535431023_en,memolon,en,nepal-tibet,24,25,1,2.78,2.385,2.915
26242664535431023_en,memolon,en,border,25,26,3,2.9683333333333333,2.415,3.0383333333333336
26242664535431023_en,memolon,en,region,26,27,3,3.1616666666666666,2.3583333333333334,3.14
26242664535431023_en,memolon,en,on,27,28,4,3.57125,2.48125,3.535
26242664535431023_en,memolon,en,wednesday,28,29,3,3.0383333333333336,2.5416666666666665,2.9566666666666666
26242664535431023_en,memolon,en,the,29,30,8,2.9699999999999998,2.415625,3.021875
26242664535431023_en,memolon,en,26th,30,31,3,3.07,2.5966666666666667,3.06
26242664535431023_en,memolon,en,the,31,32,8,2.9699999999999998,2.415625,3.021875
26242664535431023_en,memolon,en,child,32,33,3,3.393333333333333,2.41,3.1350000000000002
26242664535431023_en,memolon,en,was,33,34,7,2.9135714285714287,2.3307142857142855,2.975
26242664535431023_en,memolon,en,found,34,35,3,3.2583333333333333,2.3150000000000004,3.203333333333333
26242664535431023_en,memolon,en,among,35,36,3,3.19,2.365,3.188333333333333
26242664535431023_en,memolon,en,the,36,37,8,2.9699999999999998,2.415625,3.021875
26242664535431023_en,memolon,en,rubble,37,38,3,2.685,2.46,2.8249999999999997
26242664535431023_en,memolon,en,in,38,39,4,3.55875,2.4749999999999996,3.53375
26242664535431023_en,memolon,en,one,39,40,7,3.3857142857142857,2.5121428571428575,3.343571428571429
26242664535431023_en,memolon,en,of,40,41,5,3.475,2.504,3.484
26242664535431023_en,memolon,en,the,41,42,8,2.9699999999999998,2.415625,3.021875
26242664535431023_en,memolon,en,areas,42,43,3,3.31,2.3866666666666667,3.375
26242664535431023_en,memolon,en,hit,43,44,6,2.9899999999999998,2.6,3.0975
26242664535431023_en,memolon,en,by,44,45,4,3.4137500000000003,2.53,3.47125
26242664535431023_en,memolon,en,flash,45,46,5,3.1689999999999996,2.823,3.114
26242664535431023_en,memolon,en,floods,46,47,3,2.085,3.3249999999999997,2.2683333333333335
26242664535431023_en,memolon,en,military,47,48,4,2.7775,2.65375,2.90625
26242664535431023_en,memolon,en,personnel,48,49,3,2.98,2.373333333333333,3.106666666666667
26242664535431023_en,memolon,en,managed,49,50,3,3.1483333333333334,2.4333333333333336,3.2083333333333335
26242664535431023_en,memolon,en,to,50,51,4,3.5975,2.4,3.6625
26242664535431023_en,memolon,en,remove,51,52,3,2.7416666666666667,2.3966666666666665,3.0016666666666665
26242664535431023_en,memolon,en,the,52,53,8,2.9699999999999998,2.415625,3.021875
26242664535431023_en,memolon,en,child,53,54,3,3.393333333333333,2.41,3.1350000000000002
26242664535431023_en,memolon,en,from,54,55,6,2.825833333333333,2.3525,2.9133333333333336
26242664535431023_en,memolon,en,the,55,56,8,2.9699999999999998,2.415625,3.021875
26242664535431023_en,memolon,en,site,56,57,4,3.315,2.40875,3.3475
26242664535431023_en,memolon,en,and,57,58,8,3.1325,2.43125,3.218125
26242664535431023_en,memolon,en,take,58,59,4,3.0637499999999998,2.33375,3.1525
26242664535431023_en,memolon,en,the,59,60,8,2.9699999999999998,2.415625,3.021875
26242664535431023_en,memolon,en,child,60,61,3,3.393333333333333,2.41,3.1350000000000002
26242664535431023_en,memolon,en,to,61,62,4,3.5975,2.4,3.6625
26242664535431023_en,memolon,en,a,62,63,6,3.296666666666667,2.4816666666666665,3.313333333333333
26242664535431023_en,memolon,en,safe,63,64,4,4.16875,2.49125,4.016249999999999
26242664535431023_en,memolon,en,area,64,65,5,3.267,2.399,3.2329999999999997
26242664535431023_en,memolon,en,images,65,66,3,3.3349999999999995,2.601666666666667,3.313333333333334
26242664535431023_en,memolon,en,show,66,67,6,3.34,2.566666666666667,3.3866666666666667
26242664535431023_en,memolon,en,teams,67,68,3,3.143333333333333,2.518333333333333,3.2516666666666665
26242664535431023_en,memolon,en,carrying,68,69,3,2.91,2.5166666666666666,3.091666666666667
26242664535431023_en,memolon,en,children,69,70,4,3.15875,2.53125,3.0300000000000002
26242664535431023_en,memolon,en,and,70,71,8,3.1325,2.43125,3.218125
26242664535431023_en,memolon,en,helping,71,72,3,3.2016666666666667,2.455,3.2916666666666665
26242664535431023_en,memolon,en,residents,72,73,3,2.9916666666666667,2.4850000000000003,3.001666666666667
26242664535431023_en,memolon,en,during,73,74,3,2.981666666666667,2.5016666666666665,3.171666666666667
26242664535431023_en,memolon,en,the,74,75,8,2.9699999999999998,2.415625,3.021875
26242664535431023_en,memolon,en,rescues,75,76,3,2.845,2.841666666666667,2.7983333333333333
26242664535431023_en,memolon,en,more,76,77,7,3.3850000000000002,2.6142857142857143,3.3542857142857145
26242664535431023_en,memolon,en,than,77,78,3,3.22,2.376666666666667,3.31
26242664535431023_en,memolon,en,5,78,79,4,3.5775,2.62625,3.56625
26242664535431023_en,memolon,en,000,79,80,1,3.62,2.585,3.285
26242664535431023_en,memolon,en,army,80,81,3,2.7566666666666664,2.5116666666666667,2.9116666666666666
26242664535431023_en,memolon,en,and,81,82,8,3.1325,2.43125,3.218125
26242664535431023_en,memolon,en,police,82,83,4,2.46875,2.8449999999999998,2.69375
26242664535431023_en,memolon,en,personnel,83,84,3,2.98,2.373333333333333,3.106666666666667
26242664535431023_en,memolon,en,are,84,85,5,3.4010000000000002,2.63,3.42
26242664535431023_en,memolon,en,taking,85,86,3,2.966666666666667,2.378333333333333,3.061666666666667
26242664535431023_en,memolon,en,part,86,87,4,3.2800000000000002,2.4275,3.295
26242664535431023_en,memolon,en,in,87,88,4,3.55875,2.4749999999999996,3.53375
26242664535431023_en,memolon,en,search,88,89,3,3.3066666666666666,2.4366666666666665,3.438333333333333
26242664535431023_en,memolon,en,operations,89,90,3,2.845,2.4850000000000003,3.035
26242664535431023_en,memolon,en,and,90,91,8,3.1325,2.43125,3.218125
26242664535431023_en,memolon,en,assistance,91,92,3,3.0733333333333337,2.3833333333333337,3.203333333333333
26242664535431023_en,memolon,en,to,92,93,4,3.5975,2.4,3.6625
26242664535431023_en,memolon,en,the,93,94,8,2.9699999999999998,2.415625,3.021875
26242664535431023_en,memolon,en,victims,94,95,3,2.0999999999999996,2.9433333333333334,2.423333333333334
26242664535431023_en,memolon,en,the,95,96,8,2.9699999999999998,2.415625,3.021875
26242664535431023_en,memolon,en,teams,96,97,3,3.143333333333333,2.518333333333333,3.2516666666666665
26242664535431023_en,memolon,en,continue,97,98,3,3.125,2.3933333333333335,3.2600000000000002
26242664535431023_en,memolon,en,working,98,99,3,3.1966666666666668,2.4050000000000002,3.311666666666666
26242664535431023_en,memolon,en,to,99,100,4,3.5975,2.4,3.6625
26242664535431023_en,memolon,en,locate,100,101,3,3.203333333333333,2.3233333333333333,3.393333333333333
26242664535431023_en,memolon,en,other,101,102,3,3.1783333333333332,2.423333333333333,3.2083333333333335
26242664535431023_en,memolon,en,people,102,103,3,3.108333333333333,2.4299999999999997,3.08
26242664535431023_en,memolon,en,and,103,104,8,3.1325,2.43125,3.218125
26242664535431023_en,memolon,en,assist,104,105,3,3.515,2.496666666666667,3.7083333333333335
26242664535431023_en,memolon,en,the,105,106,8,2.9699999999999998,2.415625,3.021875
26242664535431023_en,memolon,en,affected,106,107,4,2.37125,2.58125,2.62625
26242664535431023_en,memolon,en,communities,107,108,3,3.3349999999999995,2.3483333333333336,3.23
26242664535431023_en,memolon,en,learn,108,109,3,3.6216666666666666,2.6216666666666666,3.6300000000000003
26242664535431023_en,memolon,en,more,109,110,7,3.3850000000000002,2.6142857142857143,3.3542857142857145
26242664535431023_en,memolon,en,at,110,111,4,3.1487499999999997,2.47375,3.2175000000000002
26242664535431023_en,memolon,en,com,112,113,4,3.26875,2.4575,3.33875
26242664535431023_en,memolon,en,nepal,113,114,3,3.018333333333333,2.368333333333333,3.065
26242664535431023_en,memolon,en,floods,114,115,3,2.085,3.3249999999999997,2.2683333333333335
26242664535431023_en,memolon,en,rescue,115,116,3,3.3266666666666667,2.7283333333333335,3.185
26242664535431023_en,memolon,en,army,116,117,3,2.7566666666666664,2.5116666666666667,2.9116666666666666
26242664535431023_en,memolon,en,tibet,117,118,3,3.0566666666666666,2.3533333333333335,3.105
26242664535431023_en,memolon,en,tragedy,118,119,3,2.0683333333333334,3.11,2.286666666666667
26242664535431023_en,memolon,en,credits,119,120,3,3.3683333333333336,2.64,3.373333333333333
26242664535431023_en,memolon,en,clip,120,121,3,3.1283333333333334,2.3566666666666665,3.223333333333333
26242664535431023_en,memolon,en,lions,121,122,3,3.03,2.411666666666667,3.065
1094879369551356_en,memolon,en,accident,0,1,3,2.1849999999999996,3.1033333333333335,2.385
1094879369551356_en,memolon,en,a,1,2,6,3.296666666666667,2.4816666666666665,3.313333333333333
1094879369551356_en,memolon,en,coritiba,2,3,1,2.825,2.365,2.925
1094879369551356_en,memolon,en,fan,3,4,3,3.3533333333333335,2.611666666666667,3.375
1094879369551356_en,memolon,en,fell,4,5,3,2.875,2.2666666666666666,2.888333333333333
1094879369551356_en,memolon,en,from,5,6,6,2.825833333333333,2.3525,2.9133333333333336
1094879369551356_en,memolon,en,the,6,7,8,2.9699999999999998,2.415625,3.021875
1094879369551356_en,memolon,en,second,7,8,3,2.8716666666666666,2.421666666666667,2.9933333333333336
1094879369551356_en,memolon,en,tier,8,9,3,3.2116666666666664,2.4483333333333333,3.265
1094879369551356_en,memolon,en,of,9,10,5,3.475,2.504,3.484
1094879369551356_en,memolon,en,the,10,11,8,2.9699999999999998,2.415625,3.021875
1094879369551356_en,memolon,en,stands,11,12,3,3.0433333333333334,2.3033333333333337,3.151666666666667
1094879369551356_en,memolon,en,at,12,13,4,3.1487499999999997,2.47375,3.2175000000000002
1094879369551356_en,memolon,en,couto,13,14,2,3.0949999999999998,2.3475,3.14
1094879369551356_en,memolon,en,pereira,14,15,3,3.1333333333333333,2.408333333333333,3.1116666666666664
1094879369551356_en,memolon,en,during,15,16,3,2.981666666666667,2.5016666666666665,3.171666666666667
1094879369551356_en,memolon,en,the,16,17,8,2.9699999999999998,2.415625,3.021875
1094879369551356_en,memolon,en,derby,17,18,3,3.1033333333333335,2.5716666666666668,3.2133333333333334
1094879369551356_en,memolon,en,against,18,19,3,2.5083333333333333,2.725,2.9066666666666667
1094879369551356_en,memolon,en,athletico,19,20,1,2.8,2.375,2.93
1094879369551356_en,memolon,en,played,20,21,3,3.0733333333333337,2.41,3.16
1094879369551356_en,memolon,en,on,21,22,4,3.57125,2.48125,3.535
1094879369551356_en,memolon,en,friday,22,23,3,3.16,2.58,2.9683333333333333
1094879369551356_en,memolon,en,night,23,24,5,3.152,2.4899999999999998,3.0439999999999996
1094879369551356_en,memolon,en,the,24,25,8,2.9699999999999998,2.415625,3.021875
1094879369551356_en,memolon,en,11th,25,26,3,2.8216666666666668,2.4699999999999998,2.9166666666666665
1094879369551356_en,memolon,en,the,26,27,8,2.9699999999999998,2.415625,3.021875
1094879369551356_en,memolon,en,serious,27,28,3,2.763333333333333,2.938333333333333,2.9066666666666667
1094879369551356_en,memolon,en,accident,28,29,3,2.1849999999999996,3.1033333333333335,2.385
1094879369551356_en,memolon,en,occurred,29,30,3,2.725,2.4749999999999996,2.795
1094879369551356_en,memolon,en,inside,30,31,4,3.02875,2.3475,3.085
1094879369551356_en,memolon,en,the,31,32,8,2.9699999999999998,2.415625,3.021875
1094879369551356_en,memolon,en,stadium,32,33,3,3.0549999999999997,2.5033333333333334,3.0749999999999997
1094879369551356_en,memolon,en,while,33,34,5,2.9669999999999996,2.337,3.091
1094879369551356_en,memolon,en,the,34,35,8,2.9699999999999998,2.415625,3.021875
1094879369551356_en,memolon,en,parana,35,36,2,3.12,2.3125,3.04
1094879369551356_en,memolon,en,derby,36,37,3,3.1033333333333335,2.5716666666666668,3.2133333333333334
1094879369551356_en,memolon,en,was,37,38,7,2.9135714285714287,2.3307142857142855,2.975
1094879369551356_en,memolon,en,underway,38,39,3,3.0366666666666666,2.4833333333333334,3.165
1094879369551356_en,memolon,en,the,39,40,8,2.9699999999999998,2.415625,3.021875
1094879369551356_en,memolon,en,incident,40,41,3,2.406666666666667,2.9116666666666666,2.6283333333333334
1094879369551356_en,memolon,en,was,41,42,7,2.9135714285714287,2.3307142857142855,2.975
1094879369551356_en,memolon,en,confirmed,42,43,4,2.935,2.6075,3.05
1094879369551356_en,memolon,en,by,43,44,4,3.4137500000000003,2.53,3.47125
1094879369551356_en,memolon,en,the,44,45,8,2.9699999999999998,2.415625,3.021875
1094879369551356_en,memolon,en,mobile,45,46,4,3.2525,2.54,3.1975
1094879369551356_en,memolon,en,police,46,47,4,2.46875,2.8449999999999998,2.69375
1094879369551356_en,memolon,en,unit,47,48,3,2.973333333333333,2.4016666666666664,3.111666666666667
1094879369551356_en,memolon,en,for,48,49,8,3.2199999999999998,2.406875,3.306875
1094879369551356_en,memolon,en,football,49,50,4,3.1675,2.5675,3.2075
1094879369551356_en,memolon,en,and,50,51,8,3.1325,2.43125,3.218125
1094879369551356_en,memolon,en,events,51,52,4,3.2325,2.69,3.13125
1094879369551356_en,memolon,en,according,53,54,3,3.075,2.4883333333333333,3.1750000000000003
1094879369551356_en,memolon,en,to,54,55,4,3.5975,2.4,3.6625
1094879369551356_en,memolon,en,the,55,56,8,2.9699999999999998,2.415625,3.021875
1094879369551356_en,memolon,en,security,56,57,3,3.0483333333333333,2.4733333333333336,3.098333333333333
1094879369551356_en,memolon,en,authorities,57,58,3,2.526666666666667,2.64,2.785
1094879369551356_en,memolon,en,the,58,59,8,2.9699999999999998,2.415625,3.021875
1094879369551356_en,memolon,en,fan,59,60,3,3.3533333333333335,2.611666666666667,3.375
1094879369551356_en,memolon,en,was,60,61,7,2.9135714285714287,2.3307142857142855,2.975
1094879369551356_en,memolon,en,promptly,61,62,3,2.9433333333333334,2.3933333333333335,3.055
1094879369551356_en,memolon,en,assisted,62,63,3,3.16,2.42,3.225
1094879369551356_en,memolon,en,by,63,64,4,3.4137500000000003,2.53,3.47125
1094879369551356_en,memolon,en,the,64,65,8,2.9699999999999998,2.415625,3.021875
1094879369551356_en,memolon,en,emergency,65,66,3,2.465,3.026666666666667,2.5833333333333335
1094879369551356_en,memolon,en,teams,66,67,3,3.143333333333333,2.518333333333333,3.2516666666666665
1094879369551356_en,memolon,en,at,67,68,4,3.1487499999999997,2.47375,3.2175000000000002
1094879369551356_en,memolon,en,the,68,69,8,2.9699999999999998,2.415625,3.021875
1094879369551356_en,memolon,en,site,69,70,4,3.315,2.40875,3.3475
1094879369551356_en,memolon,en,and,70,71,8,3.1325,2.43125,3.218125
1094879369551356_en,memolon,en,taken,71,72,3,3.0033333333333334,2.3016666666666667,3.03
1094879369551356_en,memolon,en,by,72,73,4,3.4137500000000003,2.53,3.47125
1094879369551356_en,memolon,en,ambulance,73,74,3,2.615,2.7016666666666667,2.731666666666667
1094879369551356_en,memolon,en,to,74,75,4,3.5975,2.4,3.6625
1094879369551356_en,memolon,en,hospital,75,76,3,2.325,2.658333333333333,2.5483333333333333
1094879369551356_en,memolon,en,do,76,77,4,3.11375,2.465,3.30375
1094879369551356_en,memolon,en,ht,78,79,4,2.98,2.39125,3.07
1094879369551356_en,memolon,en,in,79,80,4,3.55875,2.4749999999999996,3.53375
1094879369551356_en,memolon,en,the,80,81,8,2.9699999999999998,2.415625,3.021875
1094879369551356_en,memolon,en,capital,81,82,3,3.1016666666666666,2.5033333333333334,3.1599999999999997
1094879369551356_en,memolon,en,of,82,83,5,3.475,2.504,3.484
1094879369551356_en,memolon,en,parana,83,84,2,3.12,2.3125,3.04
1094879369551356_en,memolon,en,read,84,85,4,3.23875,2.47375,3.23375
1094879369551356_en,memolon,en,the,85,86,8,2.9699999999999998,2.415625,3.021875
1094879369551356_en,memolon,en,full,86,87,4,3.36125,2.5225,3.3525
1094879369551356_en,memolon,en,article,87,88,3,3.14,2.3566666666666665,3.2066666666666666
1094879369551356_en,memolon,en,at,88,89,4,3.1487499999999997,2.47375,3.2175000000000002
1094879369551356_en,memolon,en,com,90,91,4,3.26875,2.4575,3.33875
1094879369551356_en,memolon,en,br,91,92,4,3.49,2.5675,3.5012499999999998
1094879369551356_en,memolon,en,social,92,93,3,3.2283333333333335,2.6666666666666665,3.2483333333333335
1094879369551356_en,memolon,en,media,93,94,4,3.20375,2.5100000000000002,3.2875
1094879369551356_en,memolon,en,queda,96,97,2,2.6025,2.3675,2.7750000000000004
1681964447272553_en,memolon,en,storm,0,1,3,2.7866666666666666,2.8633333333333333,2.7333333333333334
1681964447272553_en,memolon,en,a,1,2,6,3.296666666666667,2.4816666666666665,3.313333333333333
1681964447272553_en,memolon,en,heavy,2,3,3,2.6783333333333332,2.416666666666667,2.8733333333333335
1681964447272553_en,memolon,en,hailstorm,3,4,3,2.4916666666666663,2.888333333333333,2.64
1681964447272553_en,memolon,en,hit,4,5,6,2.9899999999999998,2.6,3.0975
1681964447272553_en,memolon,en,mafra,5,6,2,3.2525,2.5075000000000003,3.3075
1681964447272553_en,memolon,en,in,6,7,4,3.55875,2.4749999999999996,3.53375
1681964447272553_en,memolon,en,northern,7,8,3,3.1183333333333336,2.3499999999999996,3.0383333333333336
1681964447272553_en,memolon,en,santa,8,9,3,3.5433333333333334,2.4733333333333336,3.1799999999999997
1681964447272553_en,memolon,en,catarina,9,10,2,3.4325,2.5275,3.1100000000000003
1681964447272553_en,memolon,en,on,10,11,4,3.57125,2.48125,3.535
1681964447272553_en,memolon,en,tuesday,11,12,3,2.9783333333333335,2.4883333333333333,2.955
1681964447272553_en,memolon,en,afternoon,12,13,3,3.3266666666666667,2.368333333333333,3.17
1681964447272553_en,memolon,en,the,13,14,8,2.9699999999999998,2.415625,3.021875
1681964447272553_en,memolon,en,1st,14,15,3,3.1799999999999997,2.516666666666667,3.235
1681964447272553_en,memolon,en,hailstones,15,16,2,2.89,2.6550000000000002,2.79
1681964447272553_en,memolon,en,accumulated,16,17,3,2.966666666666667,2.3933333333333335,3.111666666666667
1681964447272553_en,memolon,en,and,17,18,8,3.1325,2.43125,3.218125
1681964447272553_en,memolon,en,the,18,19,8,2.9699999999999998,2.415625,3.021875
1681964447272553_en,memolon,en,streets,19,20,4,3.055,2.4299999999999997,3.09
1681964447272553_en,memolon,en,turned,20,21,3,2.9833333333333334,2.3550000000000004,3.0116666666666667
1681964447272553_en,memolon,en,white,21,22,4,2.985,2.3512500000000003,3.04
1681964447272553_en,memolon,en,santa,22,23,3,3.5433333333333334,2.4733333333333336,3.1799999999999997
1681964447272553_en,memolon,en,catarina,23,24,2,3.4325,2.5275,3.1100000000000003
1681964447272553_en,memolon,en,has,24,25,5,2.98,2.374,3.0759999999999996
1681964447272553_en,memolon,en,recently,25,26,3,3.151666666666667,2.5233333333333334,3.1149999999999998
1681964447272553_en,memolon,en,experienced,26,27,3,3.515,2.68,3.47
1681964447272553_en,memolon,en,hailstorms,27,28,2,2.2925,3.065,2.44
1681964447272553_en,memolon,en,civil,28,29,3,2.8366666666666664,2.408333333333333,3.0
1681964447272553_en,memolon,en,defense,29,30,3,2.9266666666666667,2.5483333333333333,3.1083333333333334
1681964447272553_en,memolon,en,reported,30,31,3,2.61,2.545,2.808333333333333
1681964447272553_en,memolon,en,that,31,32,9,2.8205555555555555,2.546666666666667,2.9294444444444445
1681964447272553_en,memolon,en,nine,32,33,3,2.9416666666666664,2.34,3.013333333333333
1681964447272553_en,memolon,en,municipalities,33,34,3,2.84,2.371666666666667,2.94
1681964447272553_en,memolon,en,had,34,35,5,2.913,2.319,3.018
1681964447272553_en,memolon,en,declared,35,36,3,2.7933333333333334,2.5483333333333333,2.9683333333333333
1681964447272553_en,memolon,en,a,36,37,6,3.296666666666667,2.4816666666666665,3.313333333333333
1681964447272553_en,memolon,en,state,37,38,4,2.88125,2.38625,2.97375
1681964447272553_en,memolon,en,of,38,39,5,3.475,2.504,3.484
1681964447272553_en,memolon,en,emergency,39,40,3,2.465,3.026666666666667,2.5833333333333335
1681964447272553_en,memolon,en,since,40,41,4,2.9325,2.3737500000000002,3.01
1681964447272553_en,memolon,en,friday,41,42,3,3.16,2.58,2.9683333333333333
1681964447272553_en,memolon,en,the,42,43,8,2.9699999999999998,2.415625,3.021875
1681964447272553_en,memolon,en,28th,43,44,3,3.1166666666666667,2.563333333333333,3.0749999999999997
1681964447272553_en,memolon,en,because,44,45,5,2.834,2.814,3.0140000000000002
1681964447272553_en,memolon,en,of,45,46,5,3.475,2.504,3.484
1681964447272553_en,memolon,en,damage,46,47,3,2.4683333333333337,3.098333333333333,2.7716666666666665
1681964447272553_en,memolon,en,caused,47,48,3,2.2616666666666667,2.9283333333333332,2.4883333333333333
1681964447272553_en,memolon,en,by,48,49,4,3.4137500000000003,2.53,3.47125
1681964447272553_en,memolon,en,hailstones,49,50,2,2.89,2.6550000000000002,2.79
1681964447272553_en,memolon,en,and,50,51,8,3.1325,2.43125,3.218125
1681964447272553_en,memolon,en,accumulated,51,52,3,2.966666666666667,2.3933333333333335,3.111666666666667
1681964447272553_en,memolon,en,rain,52,53,3,3.14,2.4883333333333333,2.9583333333333335
1681964447272553_en,memolon,en,teams,53,54,3,3.143333333333333,2.518333333333333,3.2516666666666665
1681964447272553_en,memolon,en,are,54,55,5,3.4010000000000002,2.63,3.42
1681964447272553_en,memolon,en,on,55,56,4,3.57125,2.48125,3.535
1681964447272553_en,memolon,en,site,56,57,4,3.315,2.40875,3.3475
1681964447272553_en,memolon,en,and,57,58,8,3.1325,2.43125,3.218125
1681964447272553_en,memolon,en,there,58,59,5,3.023,2.397,3.039
1681964447272553_en,memolon,en,was,59,60,7,2.9135714285714287,2.3307142857142855,2.975
1681964447272553_en,memolon,en,no,60,61,7,3.8478571428571433,2.702857142857143,3.762857142857143
1681964447272553_en,memolon,en,information,61,62,3,3.188333333333333,2.385,3.25
1681964447272553_en,memolon,en,about,62,63,4,3.14375,2.45,3.15875
1681964447272553_en,memolon,en,damage,63,64,3,2.4683333333333337,3.098333333333333,2.7716666666666665
1681964447272553_en,memolon,en,when,64,65,4,2.95875,2.69,3.08875
1681964447272553_en,memolon,en,this,65,66,14,2.924642857142857,2.4675,2.9939285714285715
1681964447272553_en,memolon,en,report,66,67,3,2.6983333333333337,2.456666666666667,2.921666666666667
1681964447272553_en,memolon,en,was,67,68,7,2.9135714285714287,2.3307142857142855,2.975
1681964447272553_en,memolon,en,published,68,69,3,3.203333333333333,2.411666666666666,3.216666666666667
1681964447272553_en,memolon,en,according,69,70,3,3.075,2.4883333333333333,3.1750000000000003
1681964447272553_en,memolon,en,to,70,71,4,3.5975,2.4,3.6625
1681964447272553_en,memolon,en,civil,71,72,3,2.8366666666666664,2.408333333333333,3.0
1681964447272553_en,memolon,en,defense,72,73,3,2.9266666666666667,2.5483333333333333,3.1083333333333334
1681964447272553_en,memolon,en,wednesday,73,74,3,3.0383333333333336,2.5416666666666665,2.9566666666666666
1681964447272553_en,memolon,en,the,74,75,8,2.9699999999999998,2.415625,3.021875
1681964447272553_en,memolon,en,2nd,75,76,3,3.015,2.4466666666666663,3.09
1681964447272553_en,memolon,en,and,76,77,8,3.1325,2.43125,3.218125
1681964447272553_en,memolon,en,thursday,77,78,4,2.89125,2.5324999999999998,2.86375
1681964447272553_en,memolon,en,the,78,79,8,2.9699999999999998,2.415625,3.021875
1681964447272553_en,memolon,en,3rd,79,80,3,3.03,2.49,3.1183333333333336
1681964447272553_en,memolon,en,should,80,81,4,3.01875,2.38375,3.17875
1681964447272553_en,memolon,en,have,81,82,7,3.1514285714285712,2.442857142857143,3.2035714285714287
1681964447272553_en,memolon,en,stable,82,83,3,3.361666666666667,2.3066666666666666,3.3833333333333333
1681964447272553_en,memolon,en,weather,83,84,3,2.9916666666666667,2.5416666666666665,2.8783333333333334
1681964447272553_en,memolon,en,in,84,85,4,3.55875,2.4749999999999996,3.53375
1681964447272553_en,memolon,en,the,85,86,8,2.9699999999999998,2.415625,3.021875
1681964447272553_en,memolon,en,state,86,87,4,2.88125,2.38625,2.97375
1681964447272553_en,memolon,en,learn,87,88,3,3.6216666666666666,2.6216666666666666,3.6300000000000003
1681964447272553_en,memolon,en,more,88,89,7,3.3850000000000002,2.6142857142857143,3.3542857142857145
1681964447272553_en,memolon,en,on,89,90,4,3.57125,2.48125,3.535
1681964447272553_en,memolon,en,g1,90,91,2,3.4400000000000004,2.5475,3.4725
1681964447272553_en,memolon,en,temporal,92,93,3,2.858333333333333,2.5033333333333334,2.9600000000000004
1681964447272553_en,memolon,en,notícias,94,95,2,2.84,2.49,2.9299999999999997
affect_word_control_en_valence_high,memolon,en,happy,0,1,6,4.185833333333333,2.7641666666666667,3.775
affect_word_control_en_valence_high,memolon,en,joyful,1,2,3,3.9616666666666664,2.848333333333333,3.6149999999999998
affect_word_control_en_valence_high,memolon,en,delighted,2,3,3,3.9166666666666665,2.7933333333333334,3.6533333333333338
affect_word_control_en_valence_low,memolon,en,sad,0,1,3,2.515,2.3833333333333337,2.7283333333333335
affect_word_control_en_valence_low,memolon,en,miserable,1,2,3,1.9216666666666666,2.9250000000000003,2.335
affect_word_control_en_valence_low,memolon,en,terrified,2,3,3,1.9133333333333333,3.2900000000000005,2.1933333333333334
affect_word_control_en_arousal_high,memolon,en,agitated,0,1,2,2.21,2.8725,2.5825
affect_word_control_en_arousal_high,memolon,en,excited,1,2,3,4.251666666666667,3.473333333333333,3.8699999999999997
affect_word_control_en_arousal_high,memolon,en,alert,2,3,3,2.89,2.8816666666666664,3.02
affect_word_control_en_arousal_low,memolon,en,calm,0,1,3,4.048333333333334,2.1450000000000005,3.893333333333333
affect_word_control_en_arousal_low,memolon,en,relaxed,1,2,3,3.828333333333333,2.2733333333333334,3.6316666666666664
affect_word_control_en_arousal_low,memolon,en,sleepy,2,3,3,2.84,2.3200000000000003,2.845
affect_word_control_en_dominance_high,memolon,en,powerful,0,1,3,3.6733333333333333,3.2783333333333338,3.5566666666666666
affect_word_control_en_dominance_high,memolon,en,confident,1,2,4,3.9125,2.715,3.915
affect_word_control_en_dominance_high,memolon,en,dominant,2,3,3,2.9433333333333334,2.5783333333333336,3.015
affect_word_control_en_dominance_low,memolon,en,weak,0,1,3,2.526666666666667,2.6133333333333333,2.8366666666666664
affect_word_control_en_dominance_low,memolon,en,helpless,1,2,3,2.0666666666666664,2.845,2.3633333333333333
affect_word_control_en_dominance_low,memolon,en,vulnerable,2,3,3,2.2633333333333336,2.7416666666666667,2.505
negation_control_en_valence_affirmative,memolon,en,i,0,1,8,3.48625,2.560625,3.495
negation_control_en_valence_affirmative,memolon,en,am,1,2,4,3.02125,2.455,3.11625
negation_control_en_valence_affirmative,memolon,en,happy,2,3,6,4.185833333333333,2.7641666666666667,3.775
negation_control_en_valence_negated,memolon,en,i,0,1,8,3.48625,2.560625,3.495
negation_control_en_valence_negated,memolon,en,am,1,2,4,3.02125,2.455,3.11625
negation_control_en_valence_negated,memolon,en,not,2,3,8,2.689375,2.466875,2.9225
negation_control_en_valence_negated,memolon,en,happy,3,4,6,4.185833333333333,2.7641666666666667,3.775
negation_control_en_arousal_affirmative,memolon,en,i,0,1,8,3.48625,2.560625,3.495
negation_control_en_arousal_affirmative,memolon,en,am,1,2,4,3.02125,2.455,3.11625
negation_control_en_arousal_affirmative,memolon,en,agitated,2,3,2,2.21,2.8725,2.5825
negation_control_en_arousal_negated,memolon,en,i,0,1,8,3.48625,2.560625,3.495
negation_control_en_arousal_negated,memolon,en,am,1,2,4,3.02125,2.455,3.11625
negation_control_en_arousal_negated,memolon,en,not,2,3,8,2.689375,2.466875,2.9225
negation_control_en_arousal_negated,memolon,en,agitated,3,4,2,2.21,2.8725,2.5825
negation_control_en_dominance_affirmative,memolon,en,i,0,1,8,3.48625,2.560625,3.495
negation_control_en_dominance_affirmative,memolon,en,have,1,2,7,3.1514285714285712,2.442857142857143,3.2035714285714287
negation_control_en_dominance_affirmative,memolon,en,control,2,3,4,2.775,2.54875,3.05625
negation_control_en_dominance_affirmative,memolon,en,of,3,4,5,3.475,2.504,3.484
negation_control_en_dominance_affirmative,memolon,en,the,4,5,8,2.9699999999999998,2.415625,3.021875
negation_control_en_dominance_affirmative,memolon,en,situation,5,6,3,2.7416666666666667,2.5466666666666664,2.893333333333333
negation_control_en_dominance_negated,memolon,en,i,0,1,8,3.48625,2.560625,3.495
negation_control_en_dominance_negated,memolon,en,do,1,2,4,3.11375,2.465,3.30375
negation_control_en_dominance_negated,memolon,en,not,2,3,8,2.689375,2.466875,2.9225
negation_control_en_dominance_negated,memolon,en,have,3,4,7,3.1514285714285712,2.442857142857143,3.2035714285714287
negation_control_en_dominance_negated,memolon,en,control,4,5,4,2.775,2.54875,3.05625
negation_control_en_dominance_negated,memolon,en,of,5,6,5,3.475,2.504,3.484
negation_control_en_dominance_negated,memolon,en,the,6,7,8,2.9699999999999998,2.415625,3.021875
negation_control_en_dominance_negated,memolon,en,situation,7,8,3,2.7416666666666667,2.5466666666666664,2.893333333333333
negation_scope_control_en_valence_high,memolon,en,i,0,1,8,3.48625,2.560625,3.495
negation_scope_control_en_valence_high,memolon,en,am,1,2,4,3.02125,2.455,3.11625
negation_scope_control_en_valence_high,memolon,en,happy,2,3,6,4.185833333333333,2.7641666666666667,3.775
negation_scope_control_en_valence_high,memolon,en,but,3,4,8,2.689375,2.40625,2.8825
negation_scope_control_en_valence_high,memolon,en,i,4,5,8,3.48625,2.560625,3.495
negation_scope_control_en_valence_high,memolon,en,am,5,6,4,3.02125,2.455,3.11625
negation_scope_control_en_valence_high,memolon,en,not,6,7,8,2.689375,2.466875,2.9225
negation_scope_control_en_valence_high,memolon,en,sad,7,8,3,2.515,2.3833333333333337,2.7283333333333335
negation_scope_control_en_valence_low,memolon,en,i,0,1,8,3.48625,2.560625,3.495
negation_scope_control_en_valence_low,memolon,en,am,1,2,4,3.02125,2.455,3.11625
negation_scope_control_en_valence_low,memolon,en,sad,2,3,3,2.515,2.3833333333333337,2.7283333333333335
negation_scope_control_en_valence_low,memolon,en,but,3,4,8,2.689375,2.40625,2.8825
negation_scope_control_en_valence_low,memolon,en,i,4,5,8,3.48625,2.560625,3.495
negation_scope_control_en_valence_low,memolon,en,am,5,6,4,3.02125,2.455,3.11625
negation_scope_control_en_valence_low,memolon,en,not,6,7,8,2.689375,2.466875,2.9225
negation_scope_control_en_valence_low,memolon,en,happy,7,8,6,4.185833333333333,2.7641666666666667,3.775
26242664535431023_en,nrc_v2_1,en,emotional,0,1,1,4.116,3.856,3.104
26242664535431023_en,nrc_v2_1,en,rescue,1,2,1,4.224,4.232,4.4
26242664535431023_en,nrc_v2_1,en,child,4,5,1,4.648,2.84,2.652
26242664535431023_en,nrc_v2_1,en,was,5,6,1,3.0,2.834,3.0
26242664535431023_en,nrc_v2_1,en,rescued,6,7,1,5.0,4.112,1.37
26242664535431023_en,nrc_v2_1,en,alive,7,8,1,4.022,3.548,3.924
26242664535431023_en,nrc_v2_1,en,by,8,9,1,3.0,3.0,3.0
26242664535431023_en,nrc_v2_1,en,of,10,11,1,3.0,3.0,3.0
26242664535431023_en,nrc_v2_1,en,army,13,14,1,2.668,4.036,4.6080000000000005
26242664535431023_en,nrc_v2_1,en,amid,14,15,1,3.02,2.36,2.024
26242664535431023_en,nrc_v2_1,en,wreckage,16,17,1,1.328,2.412,2.332
26242664535431023_en,nrc_v2_1,en,left,17,18,1,2.416,2.48,2.444
26242664535431023_en,nrc_v2_1,en,by,18,19,1,3.0,3.0,3.0
26242664535431023_en,nrc_v2_1,en,severe,19,20,1,1.656,3.94,3.54
26242664535431023_en,nrc_v2_1,en,that,21,22,1,3.0,3.154,3.0
26242664535431023_en,nrc_v2_1,en,hit,22,23,1,1.94,4.724,3.716
26242664535431023_en,nrc_v2_1,en,border,25,26,1,2.624,2.528,2.696
26242664535431023_en,nrc_v2_1,en,region,26,27,1,3.16,2.18,3.848
26242664535431023_en,nrc_v2_1,en,on,27,28,1,3.0,3.0,3.112
26242664535431023_en,nrc_v2_1,en,child,32,33,1,4.648,2.84,2.652
26242664535431023_en,nrc_v2_1,en,was,33,34,1,3.0,2.834,3.0
26242664535431023_en,nrc_v2_1,en,found,34,35,1,4.332,2.784,2.96
26242664535431023_en,nrc_v2_1,en,among,35,36,1,3.128,2.408,2.932
26242664535431023_en,nrc_v2_1,en,rubble,37,38,1,2.232,3.036,2.156
26242664535431023_en,nrc_v2_1,en,one,39,40,1,3.168,2.168,2.48
26242664535431023_en,nrc_v2_1,en,of,40,41,1,3.0,3.0,3.0
26242664535431023_en,nrc_v2_1,en,hit,43,44,1,1.94,4.724,3.716
26242664535431023_en,nrc_v2_1,en,by,44,45,1,3.0,3.0,3.0
26242664535431023_en,nrc_v2_1,en,flash,45,46,1,3.284,3.36,3.628
26242664535431023_en,nrc_v2_1,en,military personnel,47,49,1,3.552,3.8,3.816
26242664535431023_en,nrc_v2_1,en,managed,49,50,1,4.334,4.334,2.0380000000000003
26242664535431023_en,nrc_v2_1,en,to,50,51,1,3.0,3.0,3.0
26242664535431023_en,nrc_v2_1,en,remove,51,52,1,2.168,3.156,2.888
26242664535431023_en,nrc_v2_1,en,child,53,54,1,4.648,2.84,2.652
26242664535431023_en,nrc_v2_1,en,from,54,55,1,3.0,3.0,3.0
26242664535431023_en,nrc_v2_1,en,site,56,57,1,3.708,2.06,2.808
26242664535431023_en,nrc_v2_1,en,and,57,58,1,3.0,3.0,3.0
26242664535431023_en,nrc_v2_1,en,take,58,59,1,4.312,3.148,2.392
26242664535431023_en,nrc_v2_1,en,child,60,61,1,4.648,2.84,2.652
26242664535431023_en,nrc_v2_1,en,to,61,62,1,3.0,3.0,3.0
26242664535431023_en,nrc_v2_1,en,safe,63,64,1,4.5920000000000005,2.224,4.036
26242664535431023_en,nrc_v2_1,en,area,64,65,1,2.96,2.224,2.856
26242664535431023_en,nrc_v2_1,en,show,66,67,1,3.692,4.084,3.876
26242664535431023_en,nrc_v2_1,en,carrying,68,69,1,3.624,3.228,2.772
26242664535431023_en,nrc_v2_1,en,children,69,70,1,4.428,3.152,2.74
26242664535431023_en,nrc_v2_1,en,and,70,71,1,3.0,3.0,3.0
26242664535431023_en,nrc_v2_1,en,during,73,74,1,3.0,3.0,3.084
26242664535431023_en,nrc_v2_1,en,more than,76,78,1,3.384,2.704,3.4
26242664535431023_en,nrc_v2_1,en,army,80,81,1,2.668,4.036,4.6080000000000005
26242664535431023_en,nrc_v2_1,en,and,81,82,1,3.0,3.0,3.0
26242664535431023_en,nrc_v2_1,en,police,82,83,1,2.832,4.08,4.32
26242664535431023_en,nrc_v2_1,en,personnel,83,84,1,3.916,2.376,3.348
26242664535431023_en,nrc_v2_1,en,are,84,85,1,3.0,3.0,3.0
26242664535431023_en,nrc_v2_1,en,part,86,87,1,3.652,2.112,2.44
26242664535431023_en,nrc_v2_1,en,search,88,89,1,3.54,3.32,2.848
26242664535431023_en,nrc_v2_1,en,operations,89,90,1,2.92,3.196,4.192
26242664535431023_en,nrc_v2_1,en,and,90,91,1,3.0,3.0,3.0
26242664535431023_en,nrc_v2_1,en,assistance,91,92,1,3.624,3.076,3.532
26242664535431023_en,nrc_v2_1,en,to,92,93,1,3.0,3.0,3.0
26242664535431023_en,nrc_v2_1,en,continue,97,98,1,3.52,2.708,3.448
26242664535431023_en,nrc_v2_1,en,working,98,99,1,3.96,3.34,3.304
26242664535431023_en,nrc_v2_1,en,to,99,100,1,3.0,3.0,3.0
26242664535431023_en,nrc_v2_1,en,locate,100,101,1,3.332,3.08,4.144
26242664535431023_en,nrc_v2_1,en,other,101,102,1,2.888,1.92,2.036
26242664535431023_en,nrc_v2_1,en,people,102,103,1,3.416,2.6,3.0
26242664535431023_en,nrc_v2_1,en,and,103,104,1,3.0,3.0,3.0
26242664535431023_en,nrc_v2_1,en,assist,104,105,1,4.332,2.74,3.516
26242664535431023_en,nrc_v2_1,en,communities,107,108,1,4.25,1.814,4.186
26242664535431023_en,nrc_v2_1,en,learn,108,109,1,4.332,3.572,4.316
26242664535431023_en,nrc_v2_1,en,more,109,110,1,4.334,3.0,4.416
26242664535431023_en,nrc_v2_1,en,at,110,111,1,3.0,3.0,3.0
26242664535431023_en,nrc_v2_1,en,com,112,113,1,2.584,2.528,2.528
26242664535431023_en,nrc_v2_1,en,rescue,115,116,1,4.224,4.232,4.4
26242664535431023_en,nrc_v2_1,en,army,116,117,1,2.668,4.036,4.6080000000000005
26242664535431023_en,nrc_v2_1,en,tibet,117,118,1,4.25,3.0,3.814
26242664535431023_en,nrc_v2_1,en,tragedy,118,119,1,1.208,4.372,2.36
26242664535431023_en,nrc_v2_1,en,clip,120,121,1,2.752,2.24,2.524
1094879369551356_en,nrc_v2_1,en,accident,0,1,1,1.5,4.632,2.344
1094879369551356_en,nrc_v2_1,en,fan,3,4,1,4.1240000000000006,2.716,2.428
1094879369551356_en,nrc_v2_1,en,fell,4,5,1,2.02,2.848,2.0
1094879369551356_en,nrc_v2_1,en,from,5,6,1,3.0,3.0,3.0
1094879369551356_en,nrc_v2_1,en,second,7,8,1,2.96,1.84,2.0
1094879369551356_en,nrc_v2_1,en,tier,8,9,1,3.08,1.98,3.24
1094879369551356_en,nrc_v2_1,en,of,9,10,1,3.0,3.0,3.0
1094879369551356_en,nrc_v2_1,en,at,12,13,1,3.0,3.0,3.0
1094879369551356_en,nrc_v2_1,en,during,15,16,1,3.0,3.0,3.084
1094879369551356_en,nrc_v2_1,en,against,18,19,1,1.896,3.192,2.612
1094879369551356_en,nrc_v2_1,en,on,21,22,1,3.0,3.0,3.112
1094879369551356_en,nrc_v2_1,en,friday,22,23,1,3.496,2.644,2.364
1094879369551356_en,nrc_v2_1,en,night,23,24,1,3.392,2.584,2.616
1094879369551356_en,nrc_v2_1,en,serious,27,28,1,3.0,2.82,3.476
1094879369551356_en,nrc_v2_1,en,accident,28,29,1,1.5,4.632,2.344
1094879369551356_en,nrc_v2_1,en,occurred,29,30,1,3.0,3.0,3.0
1094879369551356_en,nrc_v2_1,en,inside,30,31,1,3.448,2.616,2.888
1094879369551356_en,nrc_v2_1,en,stadium,32,33,1,3.54,3.716,3.444
1094879369551356_en,nrc_v2_1,en,while,33,34,1,3.0,3.0,3.0
1094879369551356_en,nrc_v2_1,en,was,37,38,1,3.0,2.834,3.0
1094879369551356_en,nrc_v2_1,en,underway,38,39,1,3.0,4.334,4.0
1094879369551356_en,nrc_v2_1,en,incident,40,41,1,1.336,3.648,2.928
1094879369551356_en,nrc_v2_1,en,was,41,42,1,3.0,2.834,3.0
1094879369551356_en,nrc_v2_1,en,confirmed,42,43,1,4.04,2.96,4.056
1094879369551356_en,nrc_v2_1,en,by,43,44,1,3.0,3.0,3.0
1094879369551356_en,nrc_v2_1,en,mobile,45,46,1,3.46,3.276,2.924
1094879369551356_en,nrc_v2_1,en,police,46,47,1,2.832,4.08,4.32
1094879369551356_en,nrc_v2_1,en,unit,47,48,1,3.248,1.94,3.312
1094879369551356_en,nrc_v2_1,en,for,48,49,1,3.0,3.0,3.084
1094879369551356_en,nrc_v2_1,en,football,49,50,1,4.02,4.04,3.328
1094879369551356_en,nrc_v2_1,en,and,50,51,1,3.0,3.0,3.0
1094879369551356_en,nrc_v2_1,en,according to,53,55,1,3.84,2.444,3.224
1094879369551356_en,nrc_v2_1,en,security,56,57,1,4.348,2.44,4.284
1094879369551356_en,nrc_v2_1,en,authorities,57,58,1,2.916,3.476,4.916
1094879369551356_en,nrc_v2_1,en,fan,59,60,1,4.1240000000000006,2.716,2.428
1094879369551356_en,nrc_v2_1,en,was,60,61,1,3.0,2.834,3.0
1094879369551356_en,nrc_v2_1,en,promptly,61,62,1,4.334,4.0,4.038
1094879369551356_en,nrc_v2_1,en,by,63,64,1,3.0,3.0,3.0
1094879369551356_en,nrc_v2_1,en,emergency,65,66,1,1.8,4.6,3.284
1094879369551356_en,nrc_v2_1,en,at,67,68,1,3.0,3.0,3.0
1094879369551356_en,nrc_v2_1,en,site,69,70,1,3.708,2.06,2.808
1094879369551356_en,nrc_v2_1,en,and,70,71,1,3.0,3.0,3.0
1094879369551356_en,nrc_v2_1,en,taken,71,72,1,3.0,4.334,1.916
1094879369551356_en,nrc_v2_1,en,by,72,73,1,3.0,3.0,3.0
1094879369551356_en,nrc_v2_1,en,ambulance,73,74,1,3.0,4.0,3.436
1094879369551356_en,nrc_v2_1,en,to,74,75,1,3.0,3.0,3.0
1094879369551356_en,nrc_v2_1,en,hospital,75,76,1,2.292,3.148,3.392
1094879369551356_en,nrc_v2_1,en,do,76,77,1,3.68,3.192,3.144
1094879369551356_en,nrc_v2_1,en,capital,81,82,1,3.08,3.0,4.192
1094879369551356_en,nrc_v2_1,en,of,82,83,1,3.0,3.0,3.0
1094879369551356_en,nrc_v2_1,en,read,84,85,1,3.96,2.132,3.444
1094879369551356_en,nrc_v2_1,en,full,86,87,1,3.408,2.02,3.816
1094879369551356_en,nrc_v2_1,en,article,87,88,1,3.376,2.12,2.924
1094879369551356_en,nrc_v2_1,en,at,88,89,1,3.0,3.0,3.0
1094879369551356_en,nrc_v2_1,en,com,90,91,1,2.584,2.528,2.528
1094879369551356_en,nrc_v2_1,en,social media,92,94,1,3.452,2.956,3.8
1681964447272553_en,nrc_v2_1,en,storm,0,1,1,1.752,4.76,3.172
1681964447272553_en,nrc_v2_1,en,heavy,2,3,1,2.0,2.816,3.4
1681964447272553_en,nrc_v2_1,en,hailstorm,3,4,1,1.666,4.926,4.584
1681964447272553_en,nrc_v2_1,en,hit,4,5,1,1.94,4.724,3.716
1681964447272553_en,nrc_v2_1,en,northern,7,8,1,3.2800000000000002,2.36,2.888
1681964447272553_en,nrc_v2_1,en,santa,8,9,1,3.94,2.144,3.036
1681964447272553_en,nrc_v2_1,en,on,10,11,1,3.0,3.0,3.112
1681964447272553_en,nrc_v2_1,en,tuesday,11,12,1,2.876,1.736,2.32
1681964447272553_en,nrc_v2_1,en,afternoon,12,13,1,3.132,2.552,2.356
1681964447272553_en,nrc_v2_1,en,and,17,18,1,3.0,3.0,3.0
1681964447272553_en,nrc_v2_1,en,turned,20,21,1,3.52,3.152,3.332
1681964447272553_en,nrc_v2_1,en,santa,22,23,1,3.94,2.144,3.036
1681964447272553_en,nrc_v2_1,en,recently,25,26,1,3.0,3.0,3.0
1681964447272553_en,nrc_v2_1,en,experienced,26,27,1,4.084,3.452,4.556
1681964447272553_en,nrc_v2_1,en,civil,28,29,1,3.084,2.124,3.068
1681964447272553_en,nrc_v2_1,en,defense,29,30,1,3.608,3.792,4.208
1681964447272553_en,nrc_v2_1,en,reported,30,31,1,2.672,2.768,3.268
1681964447272553_en,nrc_v2_1,en,that,31,32,1,3.0,3.154,3.0
1681964447272553_en,nrc_v2_1,en,nine,32,33,1,3.208,2.02,2.308
1681964447272553_en,nrc_v2_1,en,declared,35,36,1,3.334,4.186,4.334
1681964447272553_en,nrc_v2_1,en,state,37,38,1,3.248,2.2800000000000002,3.416
1681964447272553_en,nrc_v2_1,en,of,38,39,1,3.0,3.0,3.0
1681964447272553_en,nrc_v2_1,en,emergency,39,40,1,1.8,4.6,3.284
1681964447272553_en,nrc_v2_1,en,since,40,41,1,3.096,3.0,3.0
1681964447272553_en,nrc_v2_1,en,friday,41,42,1,3.496,2.644,2.364
1681964447272553_en,nrc_v2_1,en,because of,44,46,1,2.932,2.696,2.548
1681964447272553_en,nrc_v2_1,en,damage,46,47,1,1.236,3.904,2.612
1681964447272553_en,nrc_v2_1,en,caused,47,48,1,2.376,3.08,2.528
1681964447272553_en,nrc_v2_1,en,by,48,49,1,3.0,3.0,3.0
1681964447272553_en,nrc_v2_1,en,and,50,51,1,3.0,3.0,3.0
1681964447272553_en,nrc_v2_1,en,rain,52,53,1,3.168,2.552,2.32
1681964447272553_en,nrc_v2_1,en,are,54,55,1,3.0,3.0,3.0
1681964447272553_en,nrc_v2_1,en,on,55,56,1,3.0,3.0,3.112
1681964447272553_en,nrc_v2_1,en,site,56,57,1,3.708,2.06,2.808
1681964447272553_en,nrc_v2_1,en,and,57,58,1,3.0,3.0,3.0
1681964447272553_en,nrc_v2_1,en,there,58,59,1,3.0,3.0,3.0
1681964447272553_en,nrc_v2_1,en,was,59,60,1,3.0,2.834,3.0
1681964447272553_en,nrc_v2_1,en,information,61,62,1,4.0600000000000005,2.48,3.844
1681964447272553_en,nrc_v2_1,en,about,62,63,1,3.0,3.0,3.0
1681964447272553_en,nrc_v2_1,en,damage,63,64,1,1.236,3.904,2.612
1681964447272553_en,nrc_v2_1,en,when,64,65,1,3.0,3.0,3.0
1681964447272553_en,nrc_v2_1,en,this,65,66,1,3.0,3.0,3.0
1681964447272553_en,nrc_v2_1,en,report,66,67,1,3.332,2.776,3.3
1681964447272553_en,nrc_v2_1,en,was,67,68,1,3.0,2.834,3.0
1681964447272553_en,nrc_v2_1,en,published,68,69,1,3.668,2.716,3.2800000000000002
1681964447272553_en,nrc_v2_1,en,according to,69,71,1,3.84,2.444,3.224
1681964447272553_en,nrc_v2_1,en,civil,71,72,1,3.084,2.124,3.068
1681964447272553_en,nrc_v2_1,en,defense,72,73,1,3.608,3.792,4.208
1681964447272553_en,nrc_v2_1,en,and,76,77,1,3.0,3.0,3.0
1681964447272553_en,nrc_v2_1,en,thursday,77,78,1,2.724,2.544,2.752
1681964447272553_en,nrc_v2_1,en,should,80,81,1,3.166,2.926,4.0
1681964447272553_en,nrc_v2_1,en,have,81,82,1,4.0280000000000005,2.556,3.372
1681964447272553_en,nrc_v2_1,en,stable,82,83,1,3.9,1.816,3.94
1681964447272553_en,nrc_v2_1,en,weather,83,84,1,4.02,2.616,3.268
1681964447272553_en,nrc_v2_1,en,state,86,87,1,3.248,2.2800000000000002,3.416
1681964447272553_en,nrc_v2_1,en,learn,87,88,1,4.332,3.572,4.316
1681964447272553_en,nrc_v2_1,en,more,88,89,1,4.334,3.0,4.416
1681964447272553_en,nrc_v2_1,en,on,89,90,1,3.0,3.0,3.112
1681964447272553_en,nrc_v2_1,en,temporal,92,93,1,3.0,2.652,2.44
affect_word_control_en_valence_high,nrc_v2_1,en,happy,0,1,1,4.97,3.94,3.7800000000000002
affect_word_control_en_valence_high,nrc_v2_1,en,joyful,1,2,1,4.98,3.48,3.592
affect_word_control_en_valence_high,nrc_v2_1,en,delighted,2,3,1,4.8759999999999994,4.888,3.2439999999999998
affect_word_control_en_valence_low,nrc_v2_1,en,sad,0,1,1,1.9,2.332,1.596
affect_word_control_en_valence_low,nrc_v2_1,en,miserable,1,2,1,1.248,2.844,1.752
affect_word_control_en_valence_low,nrc_v2_1,en,terrified,2,3,1,1.36,4.6080000000000005,2.548
affect_word_control_en_arousal_high,nrc_v2_1,en,agitated,0,1,1,2.776,4.5280000000000005,2.964
affect_word_control_en_arousal_high,nrc_v2_1,en,excited,1,2,1,4.632,4.724,3.836
affect_word_control_en_arousal_high,nrc_v2_1,en,alert,2,3,1,2.916,4.28,3.592
affect_word_control_en_arousal_low,nrc_v2_1,en,calm,0,1,1,4.5,1.2,2.254
affect_word_control_en_arousal_low,nrc_v2_1,en,relaxed,1,2,1,4.46,1.18,2.622
affect_word_control_en_arousal_low,nrc_v2_1,en,sleepy,2,3,1,3.416,1.5,2.0
affect_word_control_en_dominance_high,nrc_v2_1,en,powerful,0,1,1,4.132,4.32,4.982
affect_word_control_en_dominance_high,nrc_v2_1,en,confident,1,2,1,4.0600000000000005,2.2960000000000003,3.892
affect_word_control_en_dominance_high,nrc_v2_1,en,dominant,2,3,1,2.624,4.416,4.572
affect_word_control_en_dominance_low,nrc_v2_1,en,weak,0,1,1,1.72,1.964,1.09
affect_word_control_en_dominance_low,nrc_v2_1,en,helpless,1,2,1,1.416,2.68,1.856
affect_word_control_en_dominance_low,nrc_v2_1,en,vulnerable,2,3,1,1.792,2.96,1.98
negation_control_en_valence_affirmative,nrc_v2_1,en,am,1,2,1,3.0,3.0,3.0
negation_control_en_valence_affirmative,nrc_v2_1,en,happy,2,3,1,4.97,3.94,3.7800000000000002
negation_control_en_valence_negated,nrc_v2_1,en,am,1,2,1,3.0,3.0,3.0
negation_control_en_valence_negated,nrc_v2_1,en,happy,3,4,1,4.97,3.94,3.7800000000000002
negation_control_en_arousal_affirmative,nrc_v2_1,en,am,1,2,1,3.0,3.0,3.0
negation_control_en_arousal_affirmative,nrc_v2_1,en,agitated,2,3,1,2.776,4.5280000000000005,2.964
negation_control_en_arousal_negated,nrc_v2_1,en,am,1,2,1,3.0,3.0,3.0
negation_control_en_arousal_negated,nrc_v2_1,en,agitated,3,4,1,2.776,4.5280000000000005,2.964
negation_control_en_dominance_affirmative,nrc_v2_1,en,have,1,2,1,4.0280000000000005,2.556,3.372
negation_control_en_dominance_affirmative,nrc_v2_1,en,control,2,3,1,3.916,2.408,4.232
negation_control_en_dominance_affirmative,nrc_v2_1,en,of,3,4,1,3.0,3.0,3.0
negation_control_en_dominance_affirmative,nrc_v2_1,en,situation,5,6,1,3.124,2.548,3.4
negation_control_en_dominance_negated,nrc_v2_1,en,do,1,2,1,3.68,3.192,3.144
negation_control_en_dominance_negated,nrc_v2_1,en,have,3,4,1,4.0280000000000005,2.556,3.372
negation_control_en_dominance_negated,nrc_v2_1,en,control,4,5,1,3.916,2.408,4.232
negation_control_en_dominance_negated,nrc_v2_1,en,of,5,6,1,3.0,3.0,3.0
negation_control_en_dominance_negated,nrc_v2_1,en,situation,7,8,1,3.124,2.548,3.4
negation_scope_control_en_valence_high,nrc_v2_1,en,am,1,2,1,3.0,3.0,3.0
negation_scope_control_en_valence_high,nrc_v2_1,en,happy,2,3,1,4.97,3.94,3.7800000000000002
negation_scope_control_en_valence_high,nrc_v2_1,en,but,3,4,1,3.0,3.0,3.0
negation_scope_control_en_valence_high,nrc_v2_1,en,am,5,6,1,3.0,3.0,3.0
negation_scope_control_en_valence_high,nrc_v2_1,en,sad,7,8,1,1.9,2.332,1.596
negation_scope_control_en_valence_low,nrc_v2_1,en,am,1,2,1,3.0,3.0,3.0
negation_scope_control_en_valence_low,nrc_v2_1,en,sad,2,3,1,1.9,2.332,1.596
negation_scope_control_en_valence_low,nrc_v2_1,en,but,3,4,1,3.0,3.0,3.0
negation_scope_control_en_valence_low,nrc_v2_1,en,am,5,6,1,3.0,3.0,3.0
negation_scope_control_en_valence_low,nrc_v2_1,en,happy,7,8,1,4.97,3.94,3.7800000000000002
