conta_usuario,posts,source_groups,account_rank,cumulative_post_share_pct
metropoles,5490,1,1,1.0604535805278317
ac24horas,3174,1,2,1.6735464156089495
contilnetnoticias,2993,1,3,2.251677119893066
correio.braziliense,2154,1,4,2.6677457924717456
portalr7,1953,1,5,3.0449891153808264
poder360,1859,1,6,3.4040753095887024
jovempannews,1755,1,7,3.743072765659075
meionorte,1739,1,8,4.07897964663137
portalg1,1595,1,9,4.387071351720968
portaldoholanda,1537,1,10,4.683959722080035
folhadespaulo,1519,1,11,4.977371195453764
jornalopcao,1458,1,12,5.258999851266074
ndmais,1433,1,13,5.5357994834876365
maisgoias,1418,1,14,5.8097017015547525
folhavitoria,1358,1,15,6.072014263004077
diariodograndeabc,1325,1,16,6.327952513313618
jornaldebrasilia.ofc,1244,1,17,6.568244727189141
itatiaiaoficial,1230,1,18,6.805832687853846
jc_pe,1227,1,19,7.042841165687663
uolnoticias,1203,1,20,7.275213780874362
tribunaonline,1189,1,21,7.504882142850244
sbtnews,1158,1,22,7.728562515573601
blogdobg,1148,1,23,7.950311278860659
diariodepernambuco,1140,1,24,8.17051475459868
agazetaes,1136,1,25,8.38994558656218
topmidianews,1124,1,26,8.607058487202123
doldiarioonline,1062,1,27,8.812195409337013
otempo,1038,1,28,9.012696468824789
agazetadoacre,1022,1,29,9.210106953214488
jornalhojeemdia,1017,1,30,9.406551632886037
oliberal,1016,1,31,9.602803151613957
tvcidadeverde,996,1,32,9.795191451469279
midiamax,963,1,33,9.981205440184816
opovoonline,927,1,34,10.16026563492968
estadao,923,1,35,10.338553185900023
jornaloglobo,898,1,36,10.512011713279621
bnews_oficial,883,1,37,10.682572826504773
folhape,880,1,38,10.852554456899032
jornaldebrasilia,868,1,39,11.020218155969735
bandnewstv,866,1,40,11.187495533153179
gazetaweb,855,1,41,11.352648139956694
tribunadonorte,839,1,42,11.51471017166213
rondoniaovivo,834,1,43,11.675806398649419
wagnermontesfilho,834,1,44,11.836902625636707
estadodeminas,825,1,45,11.996260404131327
grupo.metropole,813,1,46,12.153300251302388
correio24horas,783,1,47,12.304545270164553
clickpb,764,1,48,12.452120231097753
correiodopovo,762,1,49,12.599308870143693
romanewsoficial,760,1,50,12.746111187302372
atardeoficial,708,1,51,12.8828691353923
odiaonline,694,1,52,13.01692283027141
oimparcial,688,1,53,13.149817559488742
midianews.oficial,688,1,54,13.282712288706072
dm.com.br,687,1,55,13.415413856979773
eshoje,673,1,56,13.545411172042657
ronaldooficyal,651,1,57,13.671158946345685
pablomarcal1,647,1,58,13.796134076874193
portalbandab,640,1,59,13.919757080797291
revistaoeste,632,1,60,14.04183479717135
gazetadigital,623,1,61,14.162174065052742
gazetadopovo,617,1,62,14.281354367272355
depivanabastos,615,1,63,14.400148347604707
nandopinheirooficial,614,1,64,14.51874916699343
diariodonordeste,613,1,65,14.637156825438524
vejamais,610,1,66,14.754985001052727
afnoticias,582,1,67,14.867404670245294
thiagolisboa.oficial,581,1,68,14.979631178494234
fredlinharesbrasilia,571,1,69,15.089926077306872
cambemilgrau,566,1,70,15.199255171401363
folhabv,538,1,71,15.303175759074218
carlosviana,513,1,72,15.402267323156327
brasilcomlula,513,1,73,15.501358887238435
wesleyamaralof,500,1,74,15.597939359053356
lenodecabrobo,498,1,75,15.694133508981018
agorarn,493,1,76,15.78936185419053
portalgp1,473,1,77,15.880726980527445
portalcadamin,472,1,78,15.971898945920731
bahianoticias,458,1,79,16.0603666581032
cirogomes,455,1,80,16.148254887454776
revistaforum,446,1,81,16.234404668313687
cacaleao,420,1,82,16.315532264638218
jornalnacional,417,1,83,16.396080378131863
jornaldocomercio,415,1,84,16.47624216973825
jornal_opopular,411,1,85,16.555631317570114
juniormendoncamt,409,1,86,16.634634143514717
prof.washingtonms,406,1,87,16.713057486628433
venezianovitalpb,403,1,88,16.79090134691126
depdaniloforte,401,1,89,16.868358885306826
rafael.fonteles,397,1,90,16.945043779927875
cironogueira,395,1,91,17.021342352661662
sonoticias.com.br,395,1,92,17.09764092539545
olhardiretooficial,392,1,93,17.173360015298346
marlonrocha22,391,1,94,17.248885944257616
cicerolucena,390,1,95,17.324218712273254
roraima1,390,1,96,17.399551480288892
tribunahoje_,389,1,97,17.4746910873609
diariodocentrodomundo,385,1,98,17.549058050658388
cironogueirapiaui,385,1,99,17.623425013955877
brasildefato,382,1,100,17.697212494422477
bemparana,373,1,101,17.76926152639641
carloskleberoficial,369,1,102,17.84053791459582
netocarletto,358,1,103,17.909689532415303
profdorinha,356,1,104,17.978454828347527
coluna.vip,356,1,105,18.04722012427975
vicentinhojunior,349,1,106,18.114633293606566
divinobethaniatocantins,348,1,107,18.18185330198975
dr.furlan,348,1,108,18.249073310372935
aluiziosantos.ma,346,1,109,18.31590699686886
o_antagonista,345,1,110,18.382547522421156
jones.manoel,345,1,111,18.44918804797345
imirante,343,1,112,18.515442251638486
biologohenrique,342,1,113,18.581503294359894
renatoaraujorj,339,1,114,18.64698485425041
marcosbrazoficial,339,1,115,18.712466414140927
lucasribeiropb,336,1,116,18.777368491200555
sistemaodia,334,1,117,18.84188424637292
drthalescoelho,333,1,118,18.90620684060166
thiagodocasalpolicial,330,1,119,18.969949951999507
fabiogov55,324,1,120,19.032534097735574
gleisihoffmann,324,1,121,19.095118243471642
sirlangemanga,323,1,122,19.157509228264082
oficialcn7,322,1,123,19.21970705211289
gzhdigital,322,1,124,19.2819048759617
majorvitorsantos,318,1,125,19.343330056035988
portalemtempooficial,318,1,126,19.40475523611028
hermeto.oficial,318,1,127,19.46618041618457
newsrondonia,318,1,128,19.52760559625886
luanaruizruiz,314,1,129,19.58825813255863
marcossaritaoficial,313,1,130,19.64871750791477
opiauiense,308,1,131,19.70821107855276
rosenvergreis,307,1,132,19.767511488247123
delegadolucastorres,304,1,133,19.826232415110596
allysonbezerra.rn,304,1,134,19.884953341974065
efraimfilhopb,303,1,135,19.94348110789391
portalacritica,303,1,136,20.00200887381375
wtonezi,302,1,137,20.060343478789964
dudusoares_pb,301,1,138,20.118484922822546
matheusdegeraldojunior,300,1,139,20.176433205911497
rosangelarezendego,300,1,140,20.23438148900045
eduardodafonte,299,1,141,20.29213661114577
ranallipf,296,1,142,20.349312250460205
raquellyraoficial,295,1,143,20.40629472883101
ministro_rodrigo,295,1,144,20.463277207201813
manueladavila,294,1,145,20.520066524628987
betinhogomes45,293,1,146,20.57666268111253
josifloraoficial,292,1,147,20.633065676652443
joaorinoceronte,292,1,148,20.68946867219236
agencia.brasil,292,1,149,20.74587166773227
malafaiadorinaldo,291,1,150,20.802081502328555
anysesab,289,1,151,20.85790501503758
dreltonjr,287,1,152,20.913342205859344
sandroalex,285,1,153,20.96839307479385
pastormarcosritela,282,1,154,21.022864460897463
vereadorjonasreis,282,1,155,21.07733584700108
plnacional22,281,1,156,21.131614072161064
eusouvandynho,281,1,157,21.18589229732105
elmanofreitas,280,1,158,21.239977361537406
ricportal,279,1,159,21.293869264810134
lianacirne,276,1,160,21.347181685251968
tarcisiomottapsol,275,1,161,21.400300944750175
murilogaldinopb,269,1,162,21.4522612385866
pastordanieldecastro,269,1,163,21.50422153242303
gessivaldoisaias,268,1,164,21.555988665315827
partidomissao,267,1,165,21.607562637264994
juliocesardopiaui,267,1,166,21.659136609214162
marconimsantana,266,1,167,21.710517420219702
costanetodf,266,1,168,21.76189823122524
depcoronelchrisostomo,265,1,169,21.813085881287147
professorlemos,261,1,170,21.863500887574535
nsctotal,258,1,171,21.913336411031036
lucasbarreto_ap,258,1,172,21.963171934487534
drrafujr,256,1,173,22.012621136056772
juliocesarribeiro,256,1,174,22.062070337626015
obrasilienseoficial,256,1,175,22.111519539195253
mendes__babi,254,1,176,22.160582418877233
felipecostacamarao,252,1,177,22.209258976671954
jornalcruzeiro,251,1,178,22.257742373523044
naborwanderley,251,1,179,22.306225770374134
raonefs,251,1,180,22.354709167225224
cantoramaralima,247,1,181,22.402419920301796
pbagora,246,1,182,22.449937512434737
cnnbrasil,246,1,183,22.497455104567678
deputadogiovanicherini,245,1,184,22.544779535756987
raposinha6513,245,1,185,22.5921039669463
pimenta13br,244,1,186,22.63923523719198
brasil_247,244,1,187,22.68636650743766
bocalom.oficial,243,1,188,22.733304616739712
manoelgomesbr,243,1,189,22.780242726041767
romerorodriguespb,243,1,190,22.827180835343817
joaocampos,243,1,191,22.87411894464587
joelrodriguespi,242,1,192,22.92086389300429
doutordanielsantos,240,1,193,22.967222519475452
deputadonicoletti,240,1,194,23.013581145946613
dianacarvalhooficial,238,1,195,23.059553450530515
drazenaide,238,1,196,23.105525755114417
clodoaldo_vereador,238,1,197,23.151498059698323
secco.helio,237,1,198,23.197277203338594
kelmannvieira,237,1,199,23.243056346978868
portalscc10,237,1,200,23.28883549061914
sf_moro,236,1,201,23.334421473315782
guilherme.bismarck,235,1,202,23.379814295068794
coronelcarlosaugusto,235,1,203,23.425207116821806
tuannepsol,234,1,204,23.47040677763119
deassisdiniz,232,1,205,23.515220116553312
alexandre.curi,231,1,206,23.559840294531806
lulatiodobiscoito,231,1,207,23.6044604725103
deniseribeiro.social,230,1,208,23.648887489545164
caduxavier,230,1,209,23.693314506580027
deputadoantoniomoraes,229,1,210,23.737548362671262
cobrareporter,229,1,211,23.781782218762494
acmneto,228,1,212,23.8258229139101
filipesabara,227,1,213,23.869670448114075
malconmazzucatto,226,1,214,23.913324821374417
capitao_alden,225,1,215,23.95678603369113
adrianojose,225,1,216,24.000247246007845
sergiosouzapr,225,1,217,24.04370845832456
marcelinho_jhonson,225,1,218,24.087169670641273
hanaghassan,225,1,219,24.13063088295799
mendoncafilhope,224,1,220,24.173898934331074
dayanna.colaco,224,1,221,24.217166985704157
elianesoarespe,223,1,222,24.260241876133612
aracelilemos,223,1,223,24.303316766563068
andremourase,223,1,224,24.346391656992523
christinemoutinho.motiva,223,1,225,24.38946654742198
neiltondiogenes,222,1,226,24.432348276907803
thiagovirgiliorj,222,1,227,24.475230006393627
renanvote14,219,1,228,24.51753225304856
diarinho,219,1,229,24.5598344997035
lizalopes.df,219,1,230,24.602136746358433
franzepiaui,218,1,231,24.64424583206974
deputadodelmasso,218,1,232,24.686354917781046
gustavolpsouza,218,1,233,24.72846400349235
jonatas.santostx,217,1,234,24.770379928260027
joaoazevedolins,217,1,235,24.812295853027702
rayssacfurlan,216,1,236,24.854018616851747
doutorjhony,216,1,237,24.895741380675794
portalinfonet,215,1,238,24.93727098355621
larissarodrigues.rs,215,1,239,24.978800586436623
deputadoeniotatto,215,1,240,25.02033018931704
alvarodiasrn,214,1,241,25.06166663125383
tenentepedromiranda,214,1,242,25.103003073190614
carteiroreaca,214,1,243,25.1443395151274
realrcoutinho,214,1,244,25.185675957064184
patrus_ananias,214,1,245,25.227012399000973
d24am,214,1,246,25.268348840937758
carlo_cauti,214,1,247,25.309685282874543
janainna_marques,213,1,248,25.3508285638677
renanfilho,213,1,249,25.391971844860855
waltinhofoguete,213,1,250,25.433115125854012
tome_abduch,212,1,251,25.47406524590354
jhcdopovo,212,1,252,25.515015365953065
clecioluis_,211,1,253,25.555772325058964
flavianeramalho,211,1,254,25.59652928416486
mariliacampos.mg,211,1,255,25.637286243270754
messiasdonato,210,1,256,25.67785004143302
gauchodaneve2,210,1,257,25.71841383959529
robsonsilva1_,210,1,258,25.758977637757557
joaoditooficial,210,1,259,25.799541435919824
senadorhumberto,210,1,260,25.84010523408209
valdeci13rs,210,1,261,25.880669032244356
silvaneto.bahia,209,1,262,25.921039669462992
seles_nafes,209,1,263,25.961410306681632
rosanadasaude_,208,1,264,26.001587782956637
senadorrogerio,208,1,265,26.041765259231646
pedroradade,208,1,266,26.08194273550665
lulaoficial,208,1,267,26.12212021178166
depzeneto,207,1,268,26.162104527113037
oengenheiroleo,207,1,269,26.202088842444414
neyleprevost,207,1,270,26.242073157775792
danielvilela15,207,1,271,26.282057473107166
robinson_almeida,206,1,272,26.321848627494916
douglascavalcante_,205,1,273,26.361446620939034
mariadocarmo.stm,205,1,274,26.40104461438315
vereadorajulia,205,1,275,26.440642607827268
flavionogueirajunior,205,1,276,26.480240601271387
pedrocampospe,204,1,277,26.519645433771874
adricherini,203,1,278,26.55885710532873
lindberghfarias,203,1,279,26.59806877688559
obrenocop,203,1,280,26.637280448442446
instadabene,203,1,281,26.676492119999306
adibeliasoficial,203,1,282,26.715703791556162
julianaaranda.oficial,203,1,283,26.754915463113022
dep_albertofraga,203,1,284,26.79412713466988
carlaandresa.oficial,202,1,285,26.833145645283107
fufaazevedo,201,1,286,26.871970994952704
gracinhamaosanta,201,1,287,26.9107963446223
sergiozagarino,201,1,288,26.949621694291903
guilhermesampaioce,201,1,289,26.9884470439615
lucianadaculinaria,200,1,290,27.027079232687466
jaderfilho,200,1,291,27.065711421413436
ptbrasil,200,1,292,27.104343610139406
sargentomellocasal,200,1,293,27.142975798865372
delegadofrancischini,200,1,294,27.18160798759134
arthurgarciamt,200,1,295,27.220240176317308
asafe.pe,200,1,296,27.258872365043278
cristinagraeml,199,1,297,27.297311392825616
carlinhossobral15,199,1,298,27.335750420607955
sargentowellingtoncobra,198,1,299,27.373996287446662
cartacapital,198,1,300,27.412242154285373
carlinlulistademinasgerais,198,1,301,27.45048802112408
ronaldocaiado,197,1,302,27.48854072701916
leandroribeiroaps,197,1,303,27.52659343291424
enfermeiraanapaula,197,1,304,27.564646138809316
eduardobraga_am,197,1,305,27.602698844704395
canildocacador,197,1,306,27.640751550599475
mariliaarraes,196,1,307,27.678611095550924
julianadechaparral,196,1,308,27.716470640502372
issy.quinan,195,1,309,27.754137024510193
cristianodangeloam,194,1,310,27.791610247574383
paulocapotee,194,1,311,27.829083470638572
bp.pauloluiz,194,1,312,27.86655669370276
flavia.francischini,194,1,313,27.904029916766948
wildermorais,194,1,314,27.941503139831138
allan.garces,193,1,315,27.9787832019517
helderbarbalho,193,1,316,28.016063264072258
tombafarias,193,1,317,28.053343326192817
betoalbuquerque40,193,1,318,28.090623388313375
marcionunesparana,192,1,319,28.127710289490306
paulabelmonteoficial,192,1,320,28.164797190667237
fernandasixelneves,192,1,321,28.201884091844164
andreiasiqueira,191,1,322,28.238777832077464
brunopeixotooficial,191,1,323,28.275671572310767
delegada.mariacorsato,191,1,324,28.312565312544066
allinyserrao,190,1,325,28.349265891833735
cinthiadeallyson,190,1,326,28.385966471123403
marcospereira1010,190,1,327,28.422667050413075
carloshbfavaro,190,1,328,28.459367629702744
renansantosmbl,190,1,329,28.496068208992416
cappelli.ricardo,190,1,330,28.532768788282084
renatapuccisp,189,1,331,28.569276206628125
rodrigovaladares_,188,1,332,28.605590464030534
janailza_taveira,188,1,333,28.641904721432944
davirochaoficial.02,188,1,334,28.678218978835357
walbervirgolino,188,1,335,28.714533236237767
luizcoutopt,188,1,336,28.750847493640176
ana.fidelis10,188,1,337,28.787161751042586
senadorcidgomes,188,1,338,28.823476008444995
diariodoamapa,187,1,339,28.859597104903777
samanda,187,1,340,28.895718201362556
joaoromaneto,187,1,341,28.931839297821337
rogeriocorreia_,186,1,342,28.967767233336488
sidineicardoso,186,1,343,29.00369516885164
orleansbrandaoma,186,1,344,29.03962310436679
cloarapinheiro,185,1,345,29.07535787893831
julianacardoso_pt,185,1,346,29.111092653509832
geremiasmascarenhas,185,1,347,29.14682742808135
pastorhenriquevieira,185,1,348,29.18256220265287
jhonataspsol,185,1,349,29.218296977224394
carlosgaguim,184,1,350,29.253838590852283
rubinhonunes.sp,184,1,351,29.289380204480175
depleomonteiro,184,1,352,29.324921818108066
edimarkapiche,183,1,353,29.360270270792327
alanapassosrj,183,1,354,29.395618723476588
ronygabriel.br,183,1,355,29.43096717616085
oliviasantana_oficial,183,1,356,29.46631562884511
glauberbraga_oficial,182,1,357,29.501470920585742
eugenio.gadelha,182,1,358,29.53662621232637
adrianogaldino1,182,1,359,29.571781504067005
elielmirandaoficial,181,1,360,29.606743634864007
josecaldeiraoficial,181,1,361,29.641705765661005
alexandreguimaraes15,180,1,362,29.67647473551438
zecadoptms,180,1,363,29.71124370536775
davidalmeidaam,180,1,364,29.74601267522112
vivianefacundesoficial,180,1,365,29.78078164507449
merlongsolano,179,1,366,29.815357453984234
natthaliapaccola,178,1,367,29.849740101950346
drviniciusnascimentopi,178,1,368,29.884122749916457
douglasruasrj,178,1,369,29.91850539788257
reginetebispo,178,1,370,29.95288804584868
franciscodopt,178,1,371,29.987270693814793
geraldoluistv,178,1,372,30.021653341780905
gilmarmachadodep,178,1,373,30.056035989747016
severo.eulalio,177,1,374,30.0902254767695
bebetogalvao,177,1,375,30.12441496379198
anderson.luizoficial,177,1,376,30.15860445081446
nataliabonavides,176,1,377,30.192600776893315
lucianoleitoa_,176,1,378,30.226597102972168
criciamartinsoficial,176,1,379,30.26059342905102
robertocidadeam,176,1,380,30.294589755129874
rodrigolimamdh,175,1,381,30.328392920265095
marquinhodogayer,175,1,382,30.362196085400317
omaraziz.am,175,1,383,30.39599925053554
hildonchaves_,175,1,384,30.42980241567076
valmirdesergipe,175,1,385,30.463605580805982
professorasocorrowaquim,175,1,386,30.497408745941204
marconiperillo,175,1,387,30.53121191107643
flaviadovaloficial,175,1,388,30.56501507621165
lpbragancabr,175,1,389,30.598818241346873
mosesrodriguesoficial,175,1,390,30.632621406482095
arruda.df,174,1,391,30.66623141067369
hendersonpintooficial,174,1,392,30.69984141486528
rogeraguiar.ce,174,1,393,30.733451419056873
carlacoutbolsonarista,174,1,394,30.767061423248464
chicovigilanteoficial,173,1,395,30.800478266496427
marceloqueiroga,173,1,396,30.83389510974439
joaodasilvamaia,172,1,397,30.86711879204872
gersonclaroms,172,1,398,30.900342474353057
depvalmir,172,1,399,30.93356615665739
marianacarvalho.ro,172,1,400,30.96678983896172
emiliapessoadecaucaia,172,1,401,31.000013521266055
maedjacampos,172,1,402,31.033237203570387
drjarques,171,1,403,31.06626772493109
jackelinerocha.13,171,1,404,31.09929824629179
taliriapetrone,171,1,405,31.132328767652496
thiagojfoltran,171,1,406,31.1653592890132
agnaldoaraujo_,171,1,407,31.1983898103739
moniquevaqueira,171,1,408,31.231420331734604
pr_joaoluiz,170,1,409,31.264257692151677
ivetecaettano,170,1,410,31.29709505256875
gleice_schott,169,1,411,31.329739252042195
jr_yvan98,169,1,412,31.362383451515637
dr.ramonferreira,169,1,413,31.395027650989082
fabianocazeca,169,1,414,31.427671850462524
jeronimorodriguesba,168,1,415,31.460122888992338
coronelulysses,168,1,416,31.49257392752215
delegadotayah,168,1,417,31.525024966051966
professorabebel,168,1,418,31.557476004581776
cesarramospe,167,1,419,31.589733882167963
depsergioaguiar,167,1,420,31.621991759754145
antoniocoelhope,167,1,421,31.654249637340328
moisesselerges,166,1,422,31.686314353982883
edsonvieirape,166,1,423,31.718379070625435
marcoaurelioprofessor,166,1,424,31.75044378726799
prsebastiaosantos,166,1,425,31.78250850391054
fabiofelixdf,166,1,426,31.814573220553097
guilhermecortez_,165,1,427,31.84644477625202
romeualdiguerioficial,165,1,428,31.878316331950945
dep_lelecopimentel,165,1,429,31.91018788764987
depjorgesolla,164,1,430,31.94186628240516
tnh1oficial,164,1,431,31.973544677160458
gladsoncameli,164,1,432,32.00522307191575
tainahmarinho,164,1,433,32.03690146667105
silviocostafilho,164,1,434,32.068579861426336
alexandrebobadra,164,1,435,32.10025825618163
sigapepevargas,164,1,436,32.13193665093693
chico.alencar,163,1,437,32.163421884748594
delegadakatarina,163,1,438,32.19490711856026
armandinhoferreiro,163,1,439,32.22639235237192
izalci,163,1,440,32.25787758618358
kamilacardosooficial,163,1,441,32.28936281999525
elinaldooficial,162,1,442,32.32065489286328
olavokeesen,162,1,443,32.351946965731315
marleipr,162,1,444,32.38323903859935
fernandohaddadoficial,162,1,445,32.41453111146738
charlesfernandesoficial,162,1,446,32.44582318433542
alfredinho.pt,162,1,447,32.47711525720346
apostolamarileide,161,1,448,32.50821416912786
rodrigoashiuchi,161,1,449,32.53931308105226
oficialmarcostavares,161,1,450,32.570411992976666
luz.acre,161,1,451,32.601510904901076
sostenescavalcante,161,1,452,32.63260981682548
vini.protetordeanimais,161,1,453,32.66370872874988
renancalheiros,161,1,454,32.694807640674284
aniellefranco,161,1,455,32.725906552598694
dep.euclidesfernandes,161,1,456,32.7570054645231
fernandapsol,161,1,457,32.7881043764475
felipecarreras,160,1,458,32.81901012742827
deputadorobertocarlos,160,1,459,32.84991587840905
ulissesmaia,160,1,460,32.88082162938982
randolferodrigues,160,1,461,32.9117273803706
mariomottaoficial,160,1,462,32.94263313135137
bahiadolavarapidoo,160,1,463,32.97353888233215
albertosilvabr,160,1,464,33.00444463331292
coroneltadeu,159,1,465,33.03515722335007
giovaniculau,159,1,466,33.06586981338721
augustocury,159,1,467,33.09658240342436
eloioliveiraa,159,1,468,33.127294993461504
eduardobismarckce,159,1,469,33.158007583498645
romeuzemaoficial,159,1,470,33.18872017353579
jaymevl,158,1,471,33.21923960262931
williamsirirj,158,1,472,33.249759031722824
dep.ricardorodrigues,158,1,473,33.280278460816334
roksinaidy,158,1,474,33.31079788990985
rosamst_,158,1,475,33.341317319003366
felipemichelrj,158,1,476,33.37183674809688
thainarafaria13,157,1,477,33.40216301624677
verapinheirosc,157,1,478,33.43248928439665
fepresidente1,157,1,479,33.46281555254654
mauricioneves_oficial,157,1,480,33.49314182069642
carladicksonoficial,157,1,481,33.52346808884631
departhuroliveiramaia,157,1,482,33.55379435699619
voucomleandro,156,1,483,33.583927464202446
oficialarthurlira,156,1,484,33.6140605714087
dep.joaogoncalves,156,1,485,33.64419367861496
deboramenezes,156,1,486,33.674326785821215
neto20020,156,1,487,33.70445989302747
ricardomaia.dabahia,156,1,488,33.73459300023372
comandantdan,156,1,489,33.764726107439984
tiagocadof,156,1,490,33.79485921464624
renataseneoficial,155,1,491,33.82479916090886
andrececiliano,155,1,492,33.85473910717149
juninhosaiarodada,155,1,493,33.88467905343411
napoleaobernardes,155,1,494,33.914618999696735
mailza.acre,155,1,495,33.944558945959365
drhiltongoncalo_,154,1,496,33.974305731278356
flavionogueirapi,154,1,497,34.004052516597355
claudeciluartoficial,154,1,498,34.033799301916346
paranhosoficialpr,154,1,499,34.063546087235345
rogeriasantosoficial,154,1,500,34.09329287255434
atilajacomussi,154,1,501,34.123039657873335
fernandomtsantana,153,1,502,34.1525932822487
ubaldofernandesrn,153,1,503,34.18214690662407
jenirneves,153,1,504,34.21170053099944
willianveloso.go,153,1,505,34.2412541553748
alessandrovieirase,153,1,506,34.270807779750164
brunarodrigues,152,1,507,34.3001682431819
dranatashamt,152,1,508,34.32952870661364
juliemilk,152,1,509,34.35888917004537
luizinhopatriota,152,1,510,34.38824963347711
duda_salabert,152,1,511,34.417610096908845
irpretth,152,1,512,34.44697056034058
diegogarciaparana,152,1,513,34.47633102377232
deputadomauromoraes,152,1,514,34.505691487204054
edsonferrazoficial,151,1,515,34.53485878969216
karimefayad,151,1,516,34.564026092180264
paulocasefernandes,151,1,517,34.59319339466837
deputadoamauriribeiro,151,1,518,34.62236069715648
erikaamorimce,151,1,519,34.651527999644586
odonjrrn,151,1,520,34.68069530213269
arilsonchiorato,151,1,521,34.709862604620795
edilson.tavares.lima,151,1,522,34.7390299071089
daniportelape,151,1,523,34.768197209597005
wilsonmartinspi,151,1,524,34.79736451208512
soldado_correa_80,151,1,525,34.82653181457322
merimartinsoficial,151,1,526,34.85569911706133
dep.missiasdias,151,1,527,34.88486641954943
eusoujuliocesarcamararn,151,1,528,34.91403372203754
pr_gilmar_almeida,151,1,529,34.94320102452564
dragiseleoficial,150,1,530,34.97217516607012
jadsoncaetanooficial,150,1,531,35.0011493076146
guilhermeuchoajr,150,1,532,35.03012344915907
gadyelgoncalves,150,1,533,35.05909759070355
celiomourato,150,1,534,35.088071732248025
miguelcoelhope,150,1,535,35.117045873792506
luciovanderlinde,149,1,536,35.14582685439335
jaqueswagner,149,1,537,35.1746078349942
edsongiriboni,149,1,538,35.20338881559504
aloisiovarejao,149,1,539,35.23216979619589
nathanmacenna,149,1,540,35.26095077679673
marcofeliciano,149,1,541,35.28973175739758
dep_padrejoao,149,1,542,35.318512737998425
dephugoleal,149,1,543,35.347293718599275
bohn_gass,149,1,544,35.37607469920012
deputadobarranco,149,1,545,35.40485567980097
sandrocezarpt,149,1,546,35.43363666040182
fabioteruel,149,1,547,35.46241764100266
vereador_wagnao,148,1,548,35.49100546065988
filipeddilha,148,1,549,35.519593280317096
deltansenador26,148,1,550,35.54818109997431
roseanasarney,148,1,551,35.576768919631526
depdannieloliveira,148,1,552,35.605356739288744
flaviomorenodafederal,148,1,553,35.63394455894596
oproprio.evaristo,147,1,554,35.66233921765954
gcarvalhorn,147,1,555,35.69073387637313
delegadofeliciolaterca,147,1,556,35.71912853508672
drfranciscopiaui,147,1,557,35.747523193800305
janapereirasaude,147,1,558,35.77591785251389
mineiroptrn,147,1,559,35.80431251122748
eduardogomestocantins,147,1,560,35.83270716994107
minhacapital,147,1,561,35.861101828654654
joseneltooficial,147,1,562,35.88949648736824
yurydoparedao,146,1,563,35.9176979851382
pollyannapb,146,1,564,35.94589948290815
jadyelalencar,146,1,565,35.97410098067811
erikojacome,146,1,566,36.002302478448065
sulvinteum,146,1,567,36.03050397621802
deputadarosangelagomes,146,1,568,36.058705473987985
julinhodeputado,146,1,569,36.08690697175794
florentinoverasneto,145,1,570,36.114915308584266
vereadorajessicao,145,1,571,36.14292364541059
profpaulamarisa,145,1,572,36.17093198223692
capitaomartim,145,1,573,36.19894031906325
tulio.gadelha,145,1,574,36.22694865588957
capitaestefane,145,1,575,36.254956992715904
mairalessars,145,1,576,36.28296532954223
tadeuveneri,145,1,577,36.310973666368554
liliancynthia,145,1,578,36.33898200319488
karloscabral,145,1,579,36.36699034002121
adrianalmeidapt,145,1,580,36.394998676847536
drprcarloseduardo,144,1,581,36.422813852730236
ricardoayres_to,144,1,582,36.45062902861293
duventurini,144,1,583,36.47844420449563
anaclaudiavitalpb,144,1,584,36.506259380378324
bbcbrasil,144,1,585,36.534074556261025
ivoneidecaetanooficial,144,1,586,36.56188973214372
edianemariamtst,143,1,587,36.58951174708279
gabrielsouzars,143,1,588,36.61713376202185
clarissatercio,143,1,589,36.64475577696092
adailjr.oficial,142,1,590,36.67218463095636
zecadirceu,142,1,591,36.6996134849518
fabioabreu.oficial,142,1,592,36.727042338947236
edermauropa,142,1,593,36.754471192942674
thiagofloresro,142,1,594,36.78190004693811
gabrieldiedrich,142,1,595,36.809328900933544
luladafonte,142,1,596,36.83675775492898
deputadopepa,141,1,597,36.86399344798079
carlosvinicios.oficial,141,1,598,36.891229141032596
zedeirmateca,141,1,599,36.91846483408441
renanpaesoficial,141,1,600,36.94570052713622
paulaschild,140,1,601,36.972743059244394
rafaelmottarn,140,1,602,36.99978559135257
gladston.gabriel,140,1,603,37.026828123460746
mariamarighella,140,1,604,37.05387065556893
deputadomarioheringer,140,1,605,37.080913187677105
depsilascamara,140,1,606,37.10795571978528
pedroluizdm,139,1,607,37.13480509094983
agenorsantospa,139,1,608,37.16165446211438
celsosabinooficial,139,1,609,37.18850383327893
silvionascimentodecaucaia,139,1,610,37.215353204443474
elizianegama,139,1,611,37.24220257560802
ruy.carneiro,139,1,612,37.26905194677257
joycecoelho_am,139,1,613,37.295901317937115
helenadaasatur,139,1,614,37.32275068910167
simonetebet,139,1,615,37.34960006026621
capitaosamuelof,139,1,616,37.376449431430764
pastorjuniortrovaooficial,139,1,617,37.40329880259531
fabiofayad,139,1,618,37.43014817375986
dagobertonogueirams,139,1,619,37.456997544924405
leiladovolei,139,1,620,37.48384691608896
larissagaspar_oficial,138,1,621,37.51050312630987
muniquemarinhoof,138,1,622,37.53715933653079
coronelviniciusalmeida,138,1,623,37.56381554675171
prof.gilson.dias,138,1,624,37.590471756972626
rafaeldajuventude,138,1,625,37.61712796719355
pedroponciosp2,137,1,626,37.643591016470836
omarcellobarbosa,137,1,627,37.670054065748126
catanho13131,137,1,628,37.69651711502541
manunosenado,137,1,629,37.7229801643027
gutolopesrs,137,1,630,37.74944321357999
stellacury3,137,1,631,37.775906262857276
chicaodopara,137,1,632,37.802369312134566
silvionavarrojornalista,137,1,633,37.828832361411855
eduardomouratv,137,1,634,37.85529541068914
ivanmoraespe,137,1,635,37.88175845996643
big.lobo.fazteunome,137,1,636,37.90822150924372
deputadomarcon,137,1,637,37.934684558521006
johnatanmaravilha,136,1,638,37.960954446854664
moisesbrazpt,136,1,639,37.98722433518832
andrea.souzaoficial,136,1,640,38.01349422352198
pedrolimasjc,136,1,641,38.03976411185564
flavinha.mt,136,1,642,38.0660340001893
lenisedurao,136,1,643,38.092303888522956
apaulapreta50,136,1,644,38.118573776856614
rodrigodecastromg,136,1,645,38.14484366519027
marcelluscampelo_,136,1,646,38.17111355352393
filinares,136,1,647,38.19738344185759
dr.gutemberg,136,1,648,38.22365333019125
fernandofilhope,136,1,649,38.249923218524906
cabogregoriocruzazul,136,1,650,38.276193106858564
netobessago,136,1,651,38.30246299519222
marcosrogeriooficial,135,1,652,38.32853972258225
galdianasilva,135,1,653,38.35461644997228
sofiacavedonoficial,135,1,654,38.38069317736231
robinsonfaria,135,1,655,38.40676990475234
irajalacerdaa,135,1,656,38.432846632142365
alencarbraga13,135,1,657,38.4589233595324
whendylima_,135,1,658,38.485000086922426
lizianymedeiros,135,1,659,38.51107681431245
juliolopes_rio,134,1,660,38.53696038075885
advdiegotavares,134,1,661,38.56284394720525
matheusmarolla.sbc,134,1,662,38.58872751365165
kimkataguiri,134,1,663,38.61461108009805
wladimirgarotinho,134,1,664,38.64049464654445
lucinildofrota_,134,1,665,38.66637821299084
marcocobra_,134,1,666,38.692261779437246
erichdouglas7,134,1,667,38.71814534588364
chicomendespb,134,1,668,38.744028912330045
candissecarvalho,134,1,669,38.76991247877644
giuliannocartaxo,134,1,670,38.79579604522284
dep.roberiomonteiro,134,1,671,38.82167961166924
pauloteixeira13,134,1,672,38.847563178115635
leandrocesar__,133,1,673,38.87325358361841
emidiodesouzaoficial,133,1,674,38.89894398912118
jpinheirojr13,133,1,675,38.92463439462394
viniciusferrocastro,133,1,676,38.950324800126715
alessandro.japones,133,1,677,38.97601520562948
capitarebecapb,133,1,678,39.00170561113225
fabionuneznovo,133,1,679,39.027396016635024
drafabianneleao,133,1,680,39.05308642213779
gleicejanems,133,1,681,39.07877682764056
oficialfabiofreitas,132,1,682,39.1042740721997
carlosverass,132,1,683,39.129771316758834
andreamedeiros.55,132,1,684,39.155268561317975
paulomansuroficial,132,1,685,39.180765805877115
adailtoncruzac,132,1,686,39.206263050436256
mariofriasoficial,132,1,687,39.2317602949954
leoprates,132,1,688,39.25725753955453
sandrodocovatti,132,1,689,39.28275478411367
carlosjordy,132,1,690,39.30825202867281
gorettiqueiroz,132,1,691,39.33374927323195
callegari_es,132,1,692,39.359246517791085
carlinhosbnh,132,1,693,39.384743762350226
natan.donadon,132,1,694,39.41024100690937
lucasmendes_bombeiro,132,1,695,39.43573825146851
wellingtonfagundesmt,132,1,696,39.46123549602765
raffiedellon,132,1,697,39.48673274058678
vereadoracharliane,132,1,698,39.51222998514592
fran.bayer,132,1,699,39.53772722970506
gleideangelo,132,1,700,39.5632244742642
soldadosampaiorr,131,1,701,39.58852855787971
sargentogoncalves22,131,1,702,39.61383264149522
jornalextra,131,1,703,39.63913672511073
hitlerkpederssettii,131,1,704,39.66444080872624
edilson_damiao,131,1,705,39.68974489234175
ojulianosp,131,1,706,39.71504897595726
tiagoperettooficial,131,1,707,39.74035305957277
capitaoalbertoneto,131,1,708,39.76565714318828
celiostudart,130,1,709,39.790768065860156
deputadofernandohugo,130,1,710,39.815878988532035
sardinha,130,1,711,39.84098991120391
luizfernandopt13,130,1,712,39.86610083387579
luizdalbenoficial,130,1,713,39.891211756547676
babarodrigooficial,130,1,714,39.916322679219554
ismaelcrispinro,130,1,715,39.94143360189143
lucianopinheiropdt,130,1,716,39.96654452456331
dirceudalbenoficial,130,1,717,39.99165544723519
joaozinhotenorio,130,1,718,40.01676636990707
benesleocadiorn,130,1,719,40.04187729257895
romariopolicarpo,130,1,720,40.06698821525083
fabioruedaoficial,130,1,721,40.09209913792271
erickdenilm,130,1,722,40.11721006059459
luisacela,130,1,723,40.142320983266465
depandrefigueiredo,130,1,724,40.167431905938344
waldenor,130,1,725,40.19254282861023
henriquevilela,129,1,726,40.217460590338476
gvgilberto.oficial,129,1,727,40.24237835206672
alexandrekaliloficial,129,1,728,40.26729611379498
pastorandersonsilvaorg,129,1,729,40.292213875523224
luiziannelinsce,129,1,730,40.31713163725147
pretapraiana_,129,1,731,40.342049398979725
lenielborel,129,1,732,40.36696716070797
lucasreis13_,129,1,733,40.391884922436226
rickazzevedo,129,1,734,40.41680268416447
renatobolsonaro,129,1,735,40.44172044589272
jofariasm,128,1,736,40.46644504667734
anaperugini,128,1,737,40.49116964746196
prefeitofelipeaugusto,128,1,738,40.51589424824658
carloscunha,128,1,739,40.540618849031205
felipegomes50321,128,1,740,40.56534344981582
deputadomarcelobrum,128,1,741,40.59006805060044
eujoaocris,128,1,742,40.61479265138506
aelkepimentel,128,1,743,40.63951725216968
portala8se,128,1,744,40.6642418529543
eduardocarneiropb,128,1,745,40.68896645373892
coronelfernandamt,128,1,746,40.71369105452354
brunobarcelos.rs,128,1,747,40.73841565530816
renatodepaularj,128,1,748,40.76314025609278
iloneto,128,1,749,40.7878648568774
osnicardoso13,128,1,750,40.81258945766202
denise_pessoa,128,1,751,40.83731405844664
luizfernandomachadooficial,128,1,752,40.86203865923126
celinaleao,128,1,753,40.886763260015876
celia.xakriaba,127,1,754,40.91129469985687
ruicpimenta,127,1,755,40.93582613969786
ruialves10oficial,127,1,756,40.96035757953885
salmitooficial,127,1,757,40.984889019379835
depmarcialia,127,1,758,41.00942045922083
nenolaje,127,1,759,41.03395189906182
rafaelsimoesmg,127,1,760,41.05848333890281
deltandallagnol,127,1,761,41.083014778743795
marciobittar_,127,1,762,41.10754621858479
ali.klemt,127,1,763,41.13207765842578
renatocamarams,127,1,764,41.15660909826677
sofiaandrade.ro,127,1,765,41.181140538107755
marcelocastropi,127,1,766,41.20567197794875
mateus.simoesmg,127,1,767,41.23020341778974
dimasgadelha13,127,1,768,41.25473485763073
agnaldopiscopo,127,1,769,41.279266297471715
nabil_bonduki,127,1,770,41.303797737312706
maxrussi,127,1,771,41.3283291771537
pompeodemattospdt,127,1,772,41.35286061699468
jandira_feghali,127,1,773,41.377392056835674
alanrickm,127,1,774,41.401923496676666
misspreta,127,1,775,41.42645493651766
cibeledeteobaldo,126,1,776,41.45079321541502
gilsondaniel.es,126,1,777,41.47513149431238
drheliooliveira,126,1,778,41.49946977320974
bispoalvess,126,1,779,41.52380805210709
bispoleoassisoficial,126,1,780,41.54814633100445
jocavalcantipe,126,1,781,41.572484609901814
julialucydf,126,1,782,41.596822888799174
hildaporsergipe,126,1,783,41.621161167696535
weibetapeba,126,1,784,41.645499446593895
dani.ribeiro_,126,1,785,41.669837725491256
jeffreychiquini,126,1,786,41.694176004388616
thaistakahashioficial,125,1,787,41.718321122342346
cidapedrosa65,125,1,788,41.742466240296075
charlesrandrade,125,1,789,41.766611358249804
tiagozilli_,125,1,790,41.79075647620354
lindabrasilse,125,1,791,41.81490159415727
deputadoguilhermelandim,125,1,792,41.839046712111
marioricardope,125,1,793,41.86319183006473
jaderomero,125,1,794,41.88733694801846
sileno.guedes,125,1,795,41.91148206597219
marcia.huculak,125,1,796,41.93562718392592
ricardoferraco,125,1,797,41.959772301879646
delegadofabiocosta,125,1,798,41.98391741983338
tiacrisofficial,125,1,799,42.00806253778711
joseildoramos,125,1,800,42.03220765574084
acaciofavacho,124,1,801,42.05615961275094
cinthyamaraba,124,1,802,42.08011156976104
ruthvenceremos,124,1,803,42.10406352677114
danielalmeida,124,1,804,42.12801548378124
laurezmoreira,124,1,805,42.15196744079134
delegadocristianoengel,124,1,806,42.175919397801444
cassymonteiro,124,1,807,42.19987135481154
janainariva,124,1,808,42.22382331182164
perpetua_acre,124,1,809,42.247775268831745
gusgayer,124,1,810,42.27172722584184
rafaelpreque,124,1,811,42.29567918285194
danielvalencapt,124,1,812,42.31963113986205
aurelinamedeirosoficial,124,1,813,42.343583096872145
susapeaugusto,124,1,814,42.36753505388224
prof_rosaneide,123,1,815,42.39129384994872
inacioarruda_,123,1,816,42.415052646015184
chamonzinho,123,1,817,42.43881144208166
depfabricio,123,1,818,42.462570238148125
prneia_oficial,123,1,819,42.4863290342146
sandrafreitasjornalista,123,1,820,42.510087830281066
paparicobacchi,123,1,821,42.53384662634754
analuisa.rn,123,1,822,42.55760542241401
deputadoalexbrasil,123,1,823,42.58136421848048
neusacadore,123,1,824,42.60512301454695
robertalopesdm,123,1,825,42.62888181061342
thimotinhoo,123,1,826,42.65264060667989
danilojoan,123,1,827,42.67639940274636
magalhaes.fernanda_,123,1,828,42.70015819881283
thiagomartinsbahia,123,1,829,42.7239169948793
andregadelha,122,1,830,42.747482630002146
dep.eliborges,122,1,831,42.77104826512498
mariavictoriabb,122,1,832,42.794613900247825
mersinho_lucena,122,1,833,42.81817953537067
divaneidebasilio,122,1,834,42.84174517049351
deputadoadaopretto,122,1,835,42.865310805616346
vanessaguari,122,1,836,42.88887644073919
edvaldonogueira,122,1,837,42.91244207586203
marcelofreixo,122,1,838,42.93600771098487
borgoeduardo,122,1,839,42.95957334610771
afonsomottaoficial,122,1,840,42.98313898123055
macaeevaristo,122,1,841,43.00670461635339
denerval.germano,122,1,842,43.03027025147623
depzarattini,121,1,843,43.05364272565544
kennedymarquesprotetor,121,1,844,43.077015199834655
joseairtoncirilo,121,1,845,43.10038767401387
claudia.coutinhooficial,121,1,846,43.12376014819308
giordannamano,121,1,847,43.14713262237229
renilcenicodemoss,121,1,848,43.170505096551494
gracinhacaiado,121,1,849,43.193877570730706
lararcavalcanti,121,1,850,43.21725004490992
ninamarinabraga,121,1,851,43.24062251908913
glaubersonrocha,121,1,852,43.26399499326834
paulo.folletto,121,1,853,43.28736746744755
joaohenriquecatan,121,1,854,43.310739941626764
prof.gustavoaguera,121,1,855,43.334112415805976
_iranlima,121,1,856,43.35748488998519
eduardopaes,121,1,857,43.3808573641644
gilbertobraw,121,1,858,43.4042298383436
soujulianavargas,121,1,859,43.427602312522815
frankaguiar,121,1,860,43.45097478670203
deputadoangeloalmeida,121,1,861,43.47434726088124
aludydias,121,1,862,43.49771973506045
pedrossianneto,120,1,863,43.52089904829603
10ronaldomartins,120,1,864,43.54407836153161
marli_do_esporte,120,1,865,43.56725767476719
andreluismbl,120,1,866,43.59043698800277
drranierimarchioro,120,1,867,43.61361630123835
ricardobarros.oficial,120,1,868,43.63679561447393
jairmartins.oficial,120,1,869,43.65997492770952
rjlauracarneiro,120,1,870,43.6831542409451
ramos_policial04,120,1,871,43.70633355418068
elizeunascimentomt,120,1,872,43.72951286741626
renatasouzario,120,1,873,43.75269218065184
karensantospoa,120,1,874,43.77587149388742
drcandidoteles,120,1,875,43.799050807123
drapatriciafeitosaadvogada,120,1,876,43.82223012035858
rodrigomarpt,120,1,877,43.84540943359416
andreiadejesuus,120,1,878,43.868588746829744
dhonatanpagani,120,1,879,43.891768060065324
vereadoraestelaalmagro,120,1,880,43.914947373300905
jpdeputado,119,1,881,43.93793352559286
deborapsol,119,1,882,43.96091967788481
alexandredegodoioficial,119,1,883,43.98390583017676
depcamilatoscano,119,1,884,44.006891982468716
drmarcusvkalume,119,1,885,44.029878134760665
boscocarneiro,119,1,886,44.052864287052614
deputadocabomaciel,119,1,887,44.07585043934456
limmapiaui,119,1,888,44.09883659163652
torinomarques,119,1,889,44.12182274392847
francehacker,119,1,890,44.14480889622042
fabivenera,119,1,891,44.167795048512374
oficialraimundocosta,119,1,892,44.190781200804324
juliolamim,119,1,893,44.21376735309627
12caiovianna,119,1,894,44.23675350538822
domingossaviomg,118,1,895,44.25954649673655
doutoraraissasoaresoficial,118,1,896,44.282339488084865
aureacarolina,118,1,897,44.30513247943319
lucianoducci,118,1,898,44.32792547078151
lahesiobonfimoficial,118,1,899,44.350718462129834
coronelalbertofeitosa,118,1,900,44.37351145347815
camilavaladaopsol,118,1,901,44.39630444482648
renatadaguiardf,118,1,902,44.419097436174795
brenomacedopi,118,1,903,44.44189042752312
tingomesce,117,1,904,44.46449025792781
ademartraiano,117,1,905,44.4870900883325
depnininho,117,1,906,44.50968991873719
diogomoraespsb,117,1,907,44.53228974914188
paidogarel,117,1,908,44.554889579546575
mendoncaprado,117,1,909,44.57748940995126
andresantosmsp,117,1,910,44.600089240355956
maranhaodepea,117,1,911,44.62268907076065
mariocesarfilhotv,117,1,912,44.64528890116534
andre_fufuca,117,1,913,44.66788873157003
fatimacanuto,117,1,914,44.690488561974725
walterreis_,117,1,915,44.71308839237941
aliceportugal,117,1,916,44.735688222784106
alessandrodejesusofc,117,1,917,44.7582880531888
claucamargo.adv,117,1,918,44.780887883593486
deputadopaulocezarmartins,116,1,919,44.80329455305455
protetorcrismoraes,116,1,920,44.82570122251561
joaopaulodopt,116,1,921,44.848107891976674
professorrui.aplb,116,1,922,44.87051456143774
pedrofilhorn,116,1,923,44.8929212308988
stelafariasrs,116,1,924,44.915327900359856
thiago.buhrer,116,1,925,44.93773456982092
renatocasagrande,116,1,926,44.96014123928198
wellingtondocurso,116,1,927,44.982547908743044
jessicagpieri,116,1,928,45.00495457820411
edinhosilvapt,116,1,929,45.02736124766517
ranielsousaoficial,116,1,930,45.04976791712623
drmauricio,116,1,931,45.07217458658729
anapaulalimapt,116,1,932,45.09458125604835
marcelocamposgouveia,116,1,933,45.11698792550941
gilvanmaximooficial,116,1,934,45.139394594970476
vitordeangelo,116,1,935,45.16180126443154
rodolfonogueirams,116,1,936,45.1842079338926
gilvandafederal,116,1,937,45.20661460335366
niltotatto,115,1,938,45.228828111871096
caiomendoncasp,115,1,939,45.25104162038853
drgustavosoaress,115,1,940,45.27325512890596
delegadorafaelfaria,115,1,941,45.29546863742339
deyvidbacelar,115,1,942,45.31768214594082
danieldonizet,115,1,943,45.33989565445825
veterinariowilsongrassioficial,115,1,944,45.362109162975685
segundodomiciano,115,1,945,45.384322671493116
mauriciocarvalho_,115,1,946,45.40653618001055
felipinhoravis,115,1,947,45.42874968852798
marcioluis,115,1,948,45.45096319704541
maguinhamalta222,115,1,949,45.47317670556284
ulyssesgomes,114,1,950,45.49519705313664
ericgustavodf,114,1,951,45.51721740071044
fabiodalecio,114,1,952,45.53923774828425
rinaldojuniorpe,114,1,953,45.56125809585805
vanessadarosajoinville,114,1,954,45.58327844343185
daniloviscontioficial,114,1,955,45.60529879100565
fabinhosapofb2,114,1,956,45.62731913857946
cabo_muller,114,1,957,45.64933948615326
drataissasousa,114,1,958,45.67135983372706
leandropintobr,114,1,959,45.69338018130086
professorlupercio,114,1,960,45.71540052887466
pitherfreitas,114,1,961,45.73742087644847
carlosgiannazioficial,114,1,962,45.75944122402227
flaviobinhabahia,114,1,963,45.78146157159607
daianemello.oficial,114,1,964,45.80348191916987
robsoncarvalhorn,114,1,965,45.825502266743676
bibonunes1,114,1,966,45.84752261431748
marlonluz,114,1,967,45.86954296189128
marcusmarcelotocantins,114,1,968,45.89156330946508
zedirceuoficial,113,1,969,45.91339049609525
diego_meudepfederal,113,1,970,45.93521768272542
dulcemirandato,113,1,971,45.9570448693556
heldersalomao,113,1,972,45.97887205598577
vivifernandestur,113,1,973,46.00069924261594
atilalirapi,113,1,974,46.02252642924611
wanderleynogueira13,113,1,975,46.04435361587628
gilsonmachado22,113,1,976,46.06618080250646
kelianafernandestv,113,1,977,46.08800798913663
marquinhosboiadeirobr,113,1,978,46.109835175766804
tatilimaadv,113,1,979,46.13166236239697
reinaldoazambuja,113,1,980,46.15348954902714
fatimanunesoficial,113,1,981,46.17531673565732
eduardobraide,113,1,982,46.19714392228749
brunodauaire,113,1,983,46.218971108917664
kleber.rosa.psol,113,1,984,46.24079829554783
brunafogacaoficial,113,1,985,46.262625482178
terciotinoco,113,1,986,46.28445266880818
wilsonlimaam,113,1,987,46.30627985543835
josecarlosdopatio,113,1,988,46.328107042068524
professorarosecipriano,112,1,989,46.34974106775506
pattyramiro,112,1,990,46.37137509344161
vozdaenfermagem,112,1,991,46.39300911912815
darcio.bracarense,112,1,992,46.41464314481469
lelinholopes,112,1,993,46.436277170501235
williansouzasumare,112,1,994,46.45791119618777
thiagodejoaldo,112,1,995,46.47954522187432
viviane.n.trombini,112,1,996,46.50117924756086
alexandrexambinhoes,112,1,997,46.5228132732474
carloscanz,112,1,998,46.544447298933946
drherykattwinkel,112,1,999,46.566081324620484
drgilsonandrade,112,1,1000,46.58771535030703
mararochaacre,112,1,1001,46.609349375993574
vaguinhoneguinho,112,1,1002,46.63098340168011
mirosanova,112,1,1003,46.65261742736666
caiocury,112,1,1004,46.6742514530532
eu.adrianorocha,112,1,1005,46.69588547873974
ednasampaiooficial,112,1,1006,46.717519504426285
tocomleonardo,112,1,1007,46.73915353011282
drluizovando,112,1,1008,46.76078755579937
joaodefurao,112,1,1009,46.78242158148591
marcos.vanucci,111,1,1010,46.80386244622882
marciojerry,111,1,1011,46.825303310971734
sargentoportugal,111,1,1012,46.84674417571465
salmabahia,111,1,1013,46.86818504045756
kenistonoficial,111,1,1014,46.889625905200475
sancler_mello,111,1,1015,46.91106676994338
joaoluizam,111,1,1016,46.932507634686296
danielconhecepb,111,1,1017,46.95394849942921
ivanildosantos.oficial,111,1,1018,46.97538936417212
cezinhademadureira,111,1,1019,46.99683022891504
marlyalvesoficial,111,1,1020,47.018271093657944
anamelka,111,1,1021,47.03971195840086
eduardodragaalana,111,1,1022,47.06115282314377
cintramarcos,111,1,1023,47.082593687886686
agenciapublica,111,1,1024,47.1040345526296
eudiasrayssa_ofc,111,1,1025,47.125475417372506
felipeboro.rio,111,1,1026,47.14691628211542
gilcardoso.ro,111,1,1027,47.168357146858334
rafaelahernandezreporter,111,1,1028,47.18979801160125
eduardoamorimse,111,1,1029,47.21123887634416
gutozacariasmbl,110,1,1030,47.232486580143444
silvyealves,110,1,1031,47.25373428394273
yglesio,110,1,1032,47.27498198774201
talitaoliveiraoficial,110,1,1033,47.29622969154129
w9coracaovalente,110,1,1034,47.317477395340575
cristovaomarujo,110,1,1035,47.33872509913986
meirannyreis,110,1,1036,47.35997280293914
expeditonetto,110,1,1037,47.38122050673842
emilio.kerber,110,1,1038,47.402468210537705
euricotavaresam,110,1,1039,47.42371591433699
depdelantoniofurtado,110,1,1040,47.44496361813627
depjeangrafia,110,1,1041,47.46621132193555
samuel_vidal_dia_a_dia_rural,110,1,1042,47.487459025734836
joaquimlirape,110,1,1043,47.50870672953412
pmandreiaandrade,110,1,1044,47.5299544333334
cezarleiteoficial,110,1,1045,47.551202137132684
ricardocaiafa,110,1,1046,47.57244984093196
ossesio.silva,110,1,1047,47.59369754473124
saibamaisjor,110,1,1048,47.614945248530525
leovieirafilhorj,110,1,1049,47.63619295232981
osiresdamaso,110,1,1050,47.65744065612909
orlandopesoti,110,1,1051,47.67868835992837
ralphgracie,110,1,1052,47.699936063727655
drmarcosadrianoo,110,1,1053,47.72118376752694
mayconmatos.adv,110,1,1054,47.74243147132622
danilobalasoficial,110,1,1055,47.7636791751255
nisiatrindadelima,110,1,1056,47.784926878924786
tomioyanojr,110,1,1057,47.80617458272407
bellagoncalves.oficial,109,1,1058,47.82722912557973
tagnercerqueira,109,1,1059,47.84828366843538
gustinho1177,109,1,1060,47.86933821129103
laurasito,109,1,1061,47.89039275414668
luciana_polati,109,1,1062,47.91144729700233
alfredojrto,109,1,1063,47.93250183985799
ronniepmello,109,1,1064,47.95355638271364
netoevangelista,109,1,1065,47.974610925569294
patisborges,109,1,1066,47.995665468424946
therezinharuiz,109,1,1067,48.0167200112806
leaolais,109,1,1068,48.03777455413625
kleberribeiro00,109,1,1069,48.05882909699191
madeleinelacsko,109,1,1070,48.07988363984756
motivandocomseguranca_romulo,109,1,1071,48.10093818270321
ozielluizbatatinha,109,1,1072,48.12199272555886
zezinhosobralsergipe,108,1,1073,48.14285410747089
professordofimdomundo,108,1,1074,48.16371548938291
deputada_claudialelis,108,1,1075,48.18457687129493
leonardomascarenhasbr_,108,1,1076,48.20543825320696
sandraalvesoficial,108,1,1077,48.22629963511898
jurailtonsantosoficial,108,1,1078,48.247161017031
lidicedamata,108,1,1079,48.268022398943025
claudianofilho,108,1,1080,48.288883780855045
jamiledejesusofc,108,1,1081,48.30974516276707
nelioaguiarstm,108,1,1082,48.33060654467909
flaviobolsonaro,108,1,1083,48.35146792659111
marciolimadepaula,108,1,1084,48.37232930850314
serginhocaxias,108,1,1085,48.39319069041516
waldeckcarneiro,108,1,1086,48.41405207232718
gabigoncalvesrl,108,1,1087,48.43491345423921
gabrielazevedo,108,1,1088,48.45577483615123
rodrigomedeiros.oficial,108,1,1089,48.476636218063256
samiabomfim,108,1,1090,48.497497599975276
tatuquarainfoco,108,1,1091,48.518358981887296
diolanrocha,107,1,1092,48.53902720285569
subtenentesergio,107,1,1093,48.55969542382408
carolfigueiredodm,107,1,1094,48.58036364479248
alexdapiata,107,1,1095,48.60103186576087
dratalita.barbosa,107,1,1096,48.62170008672926
geraldoarufino,107,1,1097,48.64236830769766
vicenzodf,107,1,1098,48.66303652866605
janainacpaschoal,107,1,1099,48.683704749634444
senoticias,107,1,1100,48.70437297060283
marinasilvaoficial,107,1,1101,48.72504119157123
marinadomst,107,1,1102,48.745709412539625
vanessabrandao,107,1,1103,48.766377633508014
capitaoaugustooficial,107,1,1104,48.78704585447641
delegadotitobarichello,107,1,1105,48.8077140754448
timedoluxemburgo,107,1,1106,48.828382296413196
todandara,107,1,1107,48.849050517381585
ivanaldobraz,107,1,1108,48.86971873834998
jeanbolsonarooficial,107,1,1109,48.89038695931838
hermanofreitas,107,1,1110,48.911055180286766
levioliveirasergipe,107,1,1111,48.93172340125516
deputadafernandapessoa,106,1,1112,48.95219846127992
eunatashapoa,106,1,1113,48.972673521304685
renanhallaispe,106,1,1114,48.99314858132945
monicacunhario,106,1,1115,49.013623641354215
danimonteiro.psol,106,1,1116,49.03409870137897
alefreitasdep,106,1,1117,49.05457376140374
sidorleans,106,1,1118,49.0750488214285
fiorilopaulo,106,1,1119,49.09552388145327
flavio_zanrosso,106,1,1120,49.115998941478026
orlandomorando,106,1,1121,49.13647400150279
odetecarneirooficial,106,1,1122,49.156949061527556
cinthia__ribeiro,106,1,1123,49.17742412155232
gustavocamposgouveia,106,1,1124,49.19789918157708
drzachariascalil,106,1,1125,49.21837424160184
orlandosilvasp,106,1,1126,49.23884930162661
depmartacosta,106,1,1127,49.25932436165137
tainadepaularj,106,1,1128,49.27979942167614
adrillesjorge,106,1,1129,49.300274481700896
ninodeenoquepe,106,1,1130,49.32074954172566
ronize_damassini,106,1,1131,49.341224601750426
vereadoravividaradio,106,1,1132,49.36169966177519
lisboadeguarulhos,106,1,1133,49.38217472179995
th244.t,106,1,1134,49.402649781824714
coronelmeiraoficial,106,1,1135,49.42312484184948
moacyrfadelparana,105,1,1136,49.44340674093061
claudiotatsch,105,1,1137,49.463688640011746
cairosalim,105,1,1138,49.48397053909288
deputadothiagoaraujo,105,1,1139,49.504252438174014
adjutoafonso,105,1,1140,49.52453433725515
brisabracchi13,105,1,1141,49.54481623633628
suelengeremia,105,1,1142,49.56509813541741
luiscesarbueno,105,1,1143,49.58538003449854
marianaconti_psol,105,1,1144,49.605661933579675
marcelobrigadeiro,105,1,1145,49.62594383266081
opiniaodapreta,105,1,1146,49.64622573174194
jobsonalmeidaa,105,1,1147,49.66650763082308
socorroneri,105,1,1148,49.68678952990421
delegadalilianedoretto,105,1,1149,49.707071428985344
rosalvo_oficial,105,1,1150,49.72735332806648
marcokurovski45,105,1,1151,49.74763522714761
vr_abandonada,105,1,1152,49.767917126228745
sergioonofrepr,105,1,1153,49.78819902530988
draluciasantos,105,1,1154,49.80848092439101
helencabral13,105,1,1155,49.82876282347215
juliocmendesadv,105,1,1156,49.84904472255328
juniorcolacarn,105,1,1157,49.869326621634414
danieli.balbi,105,1,1158,49.88960852071555
vandinho.leite,105,1,1159,49.90989041979668
cristiano_zoi,105,1,1160,49.930172318877815
kleberrodrigues,105,1,1161,49.95045421795894
axelgrael,105,1,1162,49.970736117040076
martinhabrandao_,104,1,1163,49.990824855177586
flaviomatosoficiall,104,1,1164,50.01091359331509
katiaoliveiraba,104,1,1165,50.03100233145259
fabiotyrone,104,1,1166,50.05109106959009
janael_alves_silva,104,1,1167,50.071179807727596
dorielbarrospe,104,1,1168,50.0912685458651
deputadoevaldog,104,1,1169,50.1113572840026
prof_humberto_matos,104,1,1170,50.13144602214011
deputadotallesbarreto,104,1,1171,50.15153476027761
julianopsol,104,1,1172,50.171623498415116
analuciabarbosapaes,104,1,1173,50.19171223655262
andresantos_as,104,1,1174,50.21180097469012
pedro.uczai,104,1,1175,50.23188971282762
dra.gabrielaoficial,104,1,1176,50.251978450965126
otonidepaulaoficial,104,1,1177,50.272067189102636
otavianopivetta,104,1,1178,50.29215592724014
erikakokay,104,1,1179,50.31224466537764
depfredericoantunes,104,1,1180,50.33233340351514
pastoroliveiraoficial,104,1,1181,50.352422141652646
carlospioli_,104,1,1182,50.37251087979015
inspetorrobison,104,1,1183,50.39259961792765
ricardoquirino10,104,1,1184,50.41268835606515
michellesantospe,104,1,1185,50.43277709420266
davivalencambl,104,1,1186,50.452865832340166
baleia.rossi,104,1,1187,50.47295457047767
themistoclesfilhopi,104,1,1188,50.49304330861517
patriciabeck.rs,104,1,1189,50.51313204675267
valdelinobarcelos,104,1,1190,50.533220784890176
jornaldapb,103,1,1191,50.553116362084054
blogdazuleika,103,1,1192,50.573011939277926
lucasvergiliogo,103,1,1193,50.5929075164718
diegoandrademg,103,1,1194,50.612803093665676
danniellibrelonrj,103,1,1195,50.63269867085955
dr.eziziobarbosa,103,1,1196,50.65259424805342
acaroldartora,103,1,1197,50.6724898252473
marcelodinorj,103,1,1198,50.69238540244117
marcellelucas.rio,103,1,1199,50.71228097963504
drhelderdelegado,103,1,1200,50.73217655682892
palomanunesoficial,103,1,1201,50.75207213402279
dep.laertegomes,103,1,1202,50.77196771121666
lyzaherzog,103,1,1203,50.79186328841054
antoniovazms,103,1,1204,50.81175886560441
delegado_olim,103,1,1205,50.83165444279828
elainemartinsoficial,103,1,1206,50.85155001999216
marcosdoval,103,1,1207,50.87144559718603
cabogilbertosilva,103,1,1208,50.8913411743799
eudianemacedorn,103,1,1209,50.91123675157378
jacquelinemoraes_es,103,1,1210,50.93113232876765
curyoficial44220,103,1,1211,50.951027905961524
val.negra,103,1,1212,50.9709234831554
freitas40_es,103,1,1213,50.990819060349274
claudiadobatom_ofc,103,1,1214,51.010714637543145
vivireispsol,102,1,1215,51.03041705379339
yurimourarj,102,1,1216,51.05011947004363
magraodaradiovereador,102,1,1217,51.06982188629388
carloshenrique.mg,102,1,1218,51.08952430254412
raimundaooficial,102,1,1219,51.10922671879437
tico.kuzma,102,1,1220,51.12892913504461
jesus_pontes_,102,1,1221,51.148631551294855
delegadomorari,102,1,1222,51.168333967545095
rosemodestoms,102,1,1223,51.18803638379534
tonproencio,102,1,1224,51.20773880004558
lohanna.franca,102,1,1225,51.22744121629583
airtonportooficial,102,1,1226,51.24714363254608
rodrigoagostinho,102,1,1227,51.26684604879632
deacastro_oficial,102,1,1228,51.286548465046565
cleonice_back,102,1,1229,51.306250881296805
ismael.alexandrino,102,1,1230,51.32595329754705
amigozesantana,102,1,1231,51.34565571379729
fabiolacarneiroce,102,1,1232,51.36535813004754
jairsoutoo,102,1,1233,51.38506054629778
lucaspocay,102,1,1234,51.40476296254803
flaviovalle.rio,102,1,1235,51.42446537879827
zucco,102,1,1236,51.444167795048514
zezinhobarbary,102,1,1237,51.463870211298754
professoramaria.22,102,1,1238,51.483572627549
diegoquaqua,102,1,1239,51.50327504379924
juliana.martins.machado,102,1,1240,51.52297746004949
coronelrosses,101,1,1241,51.542486715356105
chicorodriguesrr,101,1,1242,51.561995970662714
silviohumberto_,101,1,1243,51.58150522596933
mariofelippi,101,1,1244,51.601014481275946
juliana.brizola,101,1,1245,51.620523736582555
leonardopinheiroce,101,1,1246,51.64003299188917
tiberiolimeira,101,1,1247,51.65954224719579
coronel.ribeiro,101,1,1248,51.6790515025024
drgeorgelins,101,1,1249,51.69856075780901
paulobilynskyj,101,1,1250,51.71807001311563
dra.grazi_costa,101,1,1251,51.737579268422245
eumanupadua30,101,1,1252,51.757088523728854
tenentenascimentooficial,101,1,1253,51.77659777903547
vereadorbeneditofurtado,101,1,1254,51.796107034342086
charlis.rs,101,1,1255,51.815616289648695
jorgepinheirooficial,101,1,1256,51.83512554495531
samuelenfermeiro,101,1,1257,51.85463480026193
renatofilhodopilar,101,1,1258,51.87414405556854
ricardinho.foz,101,1,1259,51.89365331087515
zitobarbosaoficial_,101,1,1260,51.91316256618177
prefeitoedsonvilela,100,1,1261,51.93247866054475
boscosaraiva,100,1,1262,51.95179475490774
fabioramalhopb,100,1,1263,51.97111084927072
faustinorn,100,1,1264,51.99042694363371
andremerlooficial,100,1,1265,52.00974303799669
saullovianna,100,1,1266,52.02905913235967
joycetrindade_,100,1,1267,52.048375226722655
israeltrindadepvh,100,1,1268,52.06769132108564
charllesdetiringa,100,1,1269,52.087007415448625
adrianodobaldyoficial,100,1,1270,52.10632350981161
ellencamilamartinelli,100,1,1271,52.125639604174594
netinhodepaula,100,1,1272,52.14495569853758
marconidanielalencar,100,1,1273,52.164271792900564
dudaramos.rr,100,1,1274,52.18358788726355
ruicostaoficial,100,1,1275,52.202903981626534
marta_padovani,100,1,1276,52.22222007598952
pai_ricardo_oxum,100,1,1277,52.2415361703525
liagomesce,100,1,1278,52.26085226471548
viniciusmarchese,100,1,1279,52.280168359078466
rafaelyonekubo,100,1,1280,52.29948445344145
majorpalumbo,100,1,1281,52.318800547804436
rafaelsatie,100,1,1282,52.33811664216742
wenceslau.jr,100,1,1283,52.357432736530406
dradamarismoura,100,1,1284,52.37674883089339
sergiofrederico,100,1,1285,52.396064925256375
dephenriquejr,99,1,1286,52.41518785867573
zefernandobrito11,99,1,1287,52.43431079209508
fabiotrad,99,1,1288,52.45343372551444
rayanapinhooficial,99,1,1289,52.47255665893379
sonia_modena20.022,99,1,1290,52.491679592353144
depluizfernando,99,1,1291,52.5108025257725
rosiane.politica,99,1,1292,52.52992545919185
marco.antonio.costa,99,1,1293,52.549048392611205
pauloalexandrebarbosa,99,1,1294,52.56817132603056
simaopedroapequeno,99,1,1295,52.58729425944992
viniciusibrann,99,1,1296,52.60641719286927
drflaviooficial,99,1,1297,52.62554012628863
leticianborba,99,1,1298,52.64466305970798
martinsmachadodf,99,1,1299,52.663785993127334
psol50,99,1,1300,52.68290892654669
leolupi.rio,99,1,1301,52.70203185996604
kiko.celeguim,99,1,1302,52.721154793385395
macarraoeopovo,99,1,1303,52.74027772680475
sousolangefreitas,99,1,1304,52.7594006602241
eltonroberto.weber,99,1,1305,52.77852359364346
eusouchio,99,1,1306,52.79764652706282
betodoisaum,99,1,1307,52.81676946048217
reimont,99,1,1308,52.835892393901524
douglaswinter.rs,99,1,1309,52.85501532732088
tenente_coimbra,99,1,1310,52.87413826074023
geraldostocco,99,1,1311,52.893261194159585
angelo.vanhoni,99,1,1312,52.91238412757894
gabrielmagno_13,99,1,1313,52.93150706099829
menezessarah,99,1,1314,52.950629994417646
podemos20,99,1,1315,52.969752927837
ditinhoavivip,99,1,1316,52.98887586125636
dirceuquadros,99,1,1317,53.007998794675714
deputadomarquinhoviana,99,1,1318,53.02712172809507
faustojram,98,1,1319,53.04605150057079
deputadajanetedesa,98,1,1320,53.06498127304651
valdiroliveira13rs,98,1,1321,53.08391104552224
felipecoutinho.10,98,1,1322,53.102840817997965
felipebarcellos.sc,98,1,1323,53.12177059047369
rjdouglasgomes,98,1,1324,53.14070036294941
miguelsrossetto,98,1,1325,53.15963013542514
cassianacrispim,98,1,1326,53.17855990790086
renata.fonseca.oficial,98,1,1327,53.197489680376584
adrianobarbosafederal,98,1,1328,53.216419452852314
dr.eduardovelloso,98,1,1329,53.23534922532804
pedrolupion,98,1,1330,53.25427899780376
cabodeyvison,98,1,1331,53.27320877027948
marcelodalnegropr,98,1,1332,53.29213854275521
glaustindafokus,98,1,1333,53.31106831523093
lucianoduquepe,98,1,1334,53.329998087706656
nat.boulos,98,1,1335,53.348927860182386
marcelvanhattem,98,1,1336,53.36785763265811
joaopaulocostac,98,1,1337,53.38678740513383
damiresrinarlly.adv,98,1,1338,53.40571717760955
sargentonovandir,98,1,1339,53.42464695008528
omarquinhodopovo,98,1,1340,53.443576722561005
deputadodavitoria,98,1,1341,53.46250649503673
joselaviola,98,1,1342,53.48143626751246
eduardobandeirademello,98,1,1343,53.50036603998818
elcioajuda,98,1,1344,53.5192958124639
adrianoserfiotis,98,1,1345,53.538225584939624
profleandroazevedo,98,1,1346,53.557155357415354
iarapimentel13,98,1,1347,53.57608512989108
jalserrenier,98,1,1348,53.5950149023668
draloisio_crato,98,1,1349,53.61394467484253
eduardobritopb,98,1,1350,53.63287444731825
jaquelinecassol,98,1,1351,53.65180421979397
gustavommendanha,97,1,1352,53.67054083132607
elisasorriso1oficial,97,1,1353,53.68927744285816
rowennabrito,97,1,1354,53.70801405439026
joaquim_passarinho,97,1,1355,53.72675066592235
domingosneto,97,1,1356,53.74548727745445
pataiello,97,1,1357,53.76422388898654
alinesleutjes,97,1,1358,53.782960500518634
profangelapsol,97,1,1359,53.80169711205073
drgalileumoraes,97,1,1360,53.82043372358282
chicoholandafilho,97,1,1361,53.83917033511492
vivianalbernaznaves,97,1,1362,53.85790694664701
paulinvainele,97,1,1363,53.87664355817911
danymyler,97,1,1364,53.8953801697112
miriapires_,97,1,1365,53.9141167812433
renanferreirinha,97,1,1366,53.93285339277539
lorenapiresrs,97,1,1367,53.95159000430749
vereadornetuno,97,1,1368,53.97032661583958
dieymevasconcelos,97,1,1369,53.98906322737168
bombeiro_batista,97,1,1370,54.00779983890377
professorfernandosousa,97,1,1371,54.02653645043587
tadeudesouza,97,1,1372,54.04527306196796
felipececilio.oficial,97,1,1373,54.06400967350006
silviacristina.ro,97,1,1374,54.08274628503215
fernandomonteirope,97,1,1375,54.10148289656425
brasiliacapital,97,1,1376,54.12021950809634
karlascoser,97,1,1377,54.13895611962844
sandrodovander,97,1,1378,54.15769273116053
julioarcoverde,97,1,1379,54.17642934269262
a33lucas,97,1,1380,54.19516595422472
edinaldo_soares__politica_real,97,1,1381,54.21390256575681
delegadorodrigosa,97,1,1382,54.23263917728891
cabo_senna,97,1,1383,54.251375788821
sgtparra,97,1,1384,54.2701124003531
donnysilvadf,96,1,1385,54.288655850941566
julianocruz.oficial,96,1,1386,54.30719930153003
danicunhario,96,1,1387,54.325742752118494
andredopremium,96,1,1388,54.34428620270696
leticiamattos_sc,96,1,1389,54.36282965329542
marizaalmeidavereadora,96,1,1390,54.38137310388389
vinicius.farah,96,1,1391,54.399916554472355
tiagoismar,96,1,1392,54.418460005060815
marciaabrahaomoura,96,1,1393,54.43700345564928
luizsergiooficiall,96,1,1394,54.45554690623775
lucianoguerreiro.oficial,96,1,1395,54.47409035682621
oficialezequielneiva,96,1,1396,54.49263380741468
drvitorlouzada,96,1,1397,54.511177258003144
castronetopi,96,1,1398,54.529720708591604
rubensangioletti,96,1,1399,54.54826415918007
paulinhabragaveras,96,1,1400,54.56680760976854
izalourenca,96,1,1401,54.585351060357
tanilsonsoares,96,1,1402,54.603894510945466
fabiofigueiras.pa,96,1,1403,54.62243796153393
andredopradosp,96,1,1404,54.64098141212239
diegobraytnner.pb,96,1,1405,54.65952486271086
luceliarodriguesoficial,96,1,1406,54.67806831329933
maxmacieldf,96,1,1407,54.69661176388779
janad_valcari,96,1,1408,54.715155214476255
monicaterezabenicio,96,1,1409,54.73369866506472
daviddurandoficial,96,1,1410,54.75224211565318
rogeriobarrapa,96,1,1411,54.77078556624165
juliolossiooficial,96,1,1412,54.789329016830116
caioeovovoanesio,96,1,1413,54.807872467418576
adrianaalmeidastm,96,1,1414,54.826415918007044
anasagariooficial,95,1,1415,54.84476620765188
oseiasvarao,95,1,1416,54.863116497296716
cgurgelbr,95,1,1417,54.881466786941544
anahering,95,1,1418,54.89981707658638
weltonbarreiros_,95,1,1419,54.918167366231216
dra_juliabruder,95,1,1420,54.93651765587605
dupereira.oficial,95,1,1421,54.95486794552089
clebiolopesjacare,95,1,1422,54.973218235165724
marcospsampaio,95,1,1423,54.99156852481056
rkr_gomes,95,1,1424,55.00991881445539
pedrolobopt,95,1,1425,55.028269104100225
enfermeiralaryssa,95,1,1426,55.04661939374506
reporter.sergioguimaraes,95,1,1427,55.0649696833899
cryslan,95,1,1428,55.08331997303473
lorenzopazolini,95,1,1429,55.10167026267957
jeanvolpato,95,1,1430,55.120020552324405
deyvidpessuti,95,1,1431,55.138370841969234
lucaswgotardo,95,1,1432,55.15672113161407
rosangelasp13,95,1,1433,55.175071421258906
josafaanderson,95,1,1434,55.19342171090374
deliopinheirojornalista,95,1,1435,55.21177200054858
guidocnr,95,1,1436,55.230122290193414
queciareismbl,95,1,1437,55.24847257983825
ernestoteixeira,95,1,1438,55.26682286948308
juscelinofilho,95,1,1439,55.285173159127915
taffarel.curitiba,94,1,1440,55.30333028782912
lucianaboiteux,94,1,1441,55.321487416530324
fernanda_sateles,94,1,1442,55.33964454523153
betopretoparana,94,1,1443,55.35780167393274
deputadonizocosta,94,1,1444,55.375958802633946
wilsonsantiagofilho,94,1,1445,55.39411593133515
santinroveda,94,1,1446,55.412273060036355
ronygabriel,94,1,1447,55.43043018873756
georgemoraispb,94,1,1448,55.448587317438765
vitorribeirof,94,1,1449,55.46674444613997
hertzdiaspstu,94,1,1450,55.484901574841174
carolbioto,94,1,1451,55.50305870354238
silviopitu,94,1,1452,55.521215832243584
cibelemoura,94,1,1453,55.53937296094479
rafaelpicciani,94,1,1454,55.557530089645994
deoclecioduarte.oficial,94,1,1455,55.5756872183472
josedearimateiaoficial,94,1,1456,55.5938443470484
ednamacedo.oficial,94,1,1457,55.61200147574961
depcristianedantas,94,1,1458,55.63015860445081
rodrigolorenzoni,94,1,1459,55.64831573315202
gilsonmachadoneto,94,1,1460,55.66647286185322
paulomeloparana,94,1,1461,55.68462999055443
drbrunoresende_,94,1,1462,55.70278711925563
leonelradde,94,1,1463,55.72094424795684
marjorieferreiras,94,1,1464,55.73910137665805
reginaldolopesmg,94,1,1465,55.75725850535925
roraima_em_tempo,94,1,1466,55.77541563406046
najulia.ribeiro,94,1,1467,55.79357276276166
ceualbuquerquepe,94,1,1468,55.81172989146287
nilvanferreira,94,1,1469,55.82988702016407
majormecca,94,1,1470,55.84804414886528
coronelbrilhantern,94,1,1471,55.86620127756648
fabioqaragao,94,1,1472,55.88435840626769
lytsonbrenopi,94,1,1473,55.90251553496889
depmajoraraujo,93,1,1474,55.920479502726465
firmocamurca,93,1,1475,55.93844347048404
portalcorreio,93,1,1476,55.95640743824162
flavioserafini,93,1,1477,55.97437140599919
revsouza02,93,1,1478,55.99233537375677
_mariadorosario,93,1,1479,56.01029934151434
andregomes.pb,93,1,1480,56.02826330927192
enf.antonioneto,93,1,1481,56.046227277029494
emersonjarude,93,1,1482,56.06419124478707
profjocelino,93,1,1483,56.08215521254464
eujonasvilar,93,1,1484,56.10011918030222
agacielmaia,93,1,1485,56.118083148059796
camilocapiberibe,93,1,1486,56.13604711581737
davyjackson,93,1,1487,56.15401108357494
semprehuguinho,93,1,1488,56.171975051332524
jornalistatiagosantos,93,1,1489,56.1899390190901
deppaulocamara,93,1,1490,56.20790298684767
depheliolopes,93,1,1491,56.225866954605245
farialimathereza,93,1,1492,56.243830922362825
deboraalmeida.pe,93,1,1493,56.2617948901204
ludmillafiscina,93,1,1494,56.27975885787797
felipelucaslima,93,1,1495,56.297722825635546
femirandapsol,93,1,1496,56.31568679339312
luizgastaoce,93,1,1497,56.3336507611507
parana.pop,93,1,1498,56.351614728908274
oalanmansur,93,1,1499,56.36957869666585
arnaldosilva.jr,93,1,1500,56.38754266442342
tomemeuamigo,93,1,1501,56.405506632181
erikjulio_oficial,93,1,1502,56.423470599938575
nicoly.mbl,93,1,1503,56.44143456769615
paulosafederal,93,1,1504,56.45939853545372
cassiofsoares,93,1,1505,56.4773625032113
filipebarrosoficial,93,1,1506,56.49532647096888
joaocurysp,93,1,1507,56.51329043872645
barbarakogos,93,1,1508,56.531254406484024
alicepsol,93,1,1509,56.549218374241605
coroneldovalle,93,1,1510,56.56718234199918
joaopiresx,93,1,1511,56.58514630975675
xexeudenatall,93,1,1512,56.603110277514325
profallankardec,92,1,1513,56.620881084328275
chrisdelega,92,1,1514,56.63865189114222
leosuricate,92,1,1515,56.65642269795617
pastorjuniortercio,92,1,1516,56.67419350477011
alex.canziani,92,1,1517,56.69196431158405
lilianbehring,92,1,1518,56.709735118398
wesleysousa.ma,92,1,1519,56.72750592521194
pavanato2026,92,1,1520,56.74527673202589
delegadamadeleine,92,1,1521,56.763047538839835
rebecaramagem,92,1,1522,56.780818345653785
eduardosuplicy,92,1,1523,56.79858915246773
sebastiaooliveirape,92,1,1524,56.81635995928168
davidavinofilho,92,1,1525,56.83413076609562
julianacanassazippo,92,1,1526,56.85190157290956
professorrenatofifiu,92,1,1527,56.86967237972351
dhemaoficial,92,1,1528,56.88744318653745
kekabagno,92,1,1529,56.9052139933514
jaldicenunes,92,1,1530,56.922984800165345
daianelunarj,92,1,1531,56.940755606979295
enescandido,92,1,1532,56.95852641379324
carlosbolsonaro,92,1,1533,56.97629722060718
brunopedralvabh,91,1,1534,56.9938748664775
wistongomess,91,1,1535,57.011452512347816
guilhermepiai,91,1,1536,57.02903015821813
coronelfabio.pe,91,1,1537,57.046607804088445
izaarrudape,91,1,1538,57.06418544995876
preto_de_direita,91,1,1539,57.081763095829075
andersonferreira.22,91,1,1540,57.09934074169939
ricardosallesmma,91,1,1541,57.116918387569704
angelo.coronel,91,1,1542,57.13449603344002
mi_andrews,91,1,1543,57.15207367931034
depinacioloiola,91,1,1544,57.16965132518065
fernandocruvinelgo,91,1,1545,57.18722897105097
ronaldotannusmg,91,1,1546,57.20480661692128
fefrancooficial,91,1,1547,57.2223842627916
delegadagraciela,91,1,1548,57.23996190866192
pedroribeiropdt,91,1,1549,57.25753955453223
cabopereiraof,91,1,1550,57.27511720040255
samarapsol,91,1,1551,57.292694846272866
adriane_gr,91,1,1552,57.31027249214318
duartejr70,91,1,1553,57.327850138013495
gustavopetta,91,1,1554,57.34542778388381
delegadomarcelofreitas,91,1,1555,57.363005429754125
franciscofabianocoliveira,91,1,1556,57.38058307562444
generalpazuello.oficial,91,1,1557,57.398160721494754
rafaellmilas,91,1,1558,57.41573836736507
marcelomm_oficial,91,1,1559,57.43331601323539
natiellegama,91,1,1560,57.4508936591057
manoelpioneiro,91,1,1561,57.46847130497602
alex.redano,90,1,1562,57.48585578990271
beatrizoliveira.pr,90,1,1563,57.50324027482939
stephanesjunior,90,1,1564,57.520624759756075
leonardovale22,90,1,1565,57.53800924468276
zodosertao,90,1,1566,57.55539372960945
deputadoalisson,90,1,1567,57.572778214536136
arthurmonteiro.oficial,90,1,1568,57.590162699462816
dep.carlamachado,90,1,1569,57.6075471843895
marcelofaro30,90,1,1570,57.62493166931619
dep_alinegurgel,90,1,1571,57.64231615424288
delegadohumbertoteofilo,90,1,1572,57.659700639169564
jessydayane,90,1,1573,57.67708512409625
caiocordeirotv,90,1,1574,57.69446960902293
doutorfelipeaugusto,90,1,1575,57.71185409394962
erikacastrosabino,90,1,1576,57.729238578876306
gegemagalhaespinto,90,1,1577,57.74662306380299
luizeduardo.rn,90,1,1578,57.76400754872968
alineteixeira.oficial,90,1,1579,57.78139203365636
delegadomesquita,90,1,1580,57.79877651858305
marciofernandesms,90,1,1581,57.816161003509734
rafamacris,90,1,1582,57.83354548843642
edmar.braga,90,1,1583,57.85092997336311
gimondardo,90,1,1584,57.86831445828979
annalorenanobrega,90,1,1585,57.885698943216475
delegadajannira,90,1,1586,57.90308342814316
marcossantanasc,90,1,1587,57.92046791306985
mariocaixaoficial,90,1,1588,57.93785239799654
fabiolamansuroficial,90,1,1589,57.955236882923224
valdecydasaude,90,1,1590,57.972621367849904
falamafia,90,1,1591,57.99000585277659
joevalleoficial,90,1,1592,58.00739033770328
franzecarneir,90,1,1593,58.024774822629965
rio.pedropaulo,90,1,1594,58.04215930755665
lenirdeassis,90,1,1595,58.05954379248333
ursulavidalpa,90,1,1596,58.07692827741002
moisesbarboza,90,1,1597,58.094312762336706
agneloqueirozoficial,90,1,1598,58.11169724726339
fefebarth,90,1,1599,58.12908173219008
donatopt,90,1,1600,58.14646621711676
divaldo.lara,90,1,1601,58.16385070204345
carlaoagoramg,90,1,1602,58.181235186970135
tecioteles,90,1,1603,58.19861967189682
giulianotamagno,89,1,1604,58.21581099587988
andresalineiro,89,1,1605,58.23300231986293
marcelomaia.ofc,89,1,1606,58.25019364384599
adriventurasp,89,1,1607,58.267384967829045
rachelsherazade,89,1,1608,58.2845762918121
tiaju10,89,1,1609,58.30176761579516
artagaojr,89,1,1610,58.31895893977821
delmartharocha,89,1,1611,58.33615026376127
pabloalmeidadm,89,1,1612,58.353341587744325
othelinoneto,89,1,1613,58.37053291172738
cristianorcavalcante,89,1,1614,58.38772423571044
marcelorangel,89,1,1615,58.40491555969349
sandrinhacavalcantelima,89,1,1616,58.42210688367655
leandrodowaguinho,89,1,1617,58.439298207659604
josuelsantosbch,89,1,1618,58.45648953164266
matheuspggomes,89,1,1619,58.473680855625716
republicanos10,89,1,1620,58.49087217960877
perondi2201,89,1,1621,58.50806350359183
manoelapimenta,89,1,1622,58.525254827574884
coronelpimenta.es,89,1,1623,58.54244615155794
fatimagavioli1,89,1,1624,58.559637475540995
serraneto30,89,1,1625,58.57682879952405
aamaro10,89,1,1626,58.59402012350711
vicentinho_pt,89,1,1627,58.61121144749016
gilbertoabramo_,89,1,1628,58.62840277147322
helloysaferreirape,89,1,1629,58.645594095456275
eduardoriedel,89,1,1630,58.66278541943933
delegadodacunha,89,1,1631,58.67997674342239
aureo.ribeiro,89,1,1632,58.69716806740544
ethiennegayer,89,1,1633,58.7143593913885
juapara10,89,1,1634,58.731550715371554
diogoyagi,89,1,1635,58.74874203935461
adrianolimaprefeito,89,1,1636,58.765933363337666
brunoortizbarbosa,89,1,1637,58.78312468732072
neyamorimac,89,1,1638,58.80031601130378
willianvieiradatvoficial,89,1,1639,58.817507335286834
estefanesampaio,89,1,1640,58.83469865926989
depezequielrn,89,1,1641,58.851889983252946
paivaeleuses,89,1,1642,58.869081307236
filhomarcio,89,1,1643,58.88627263121906
glayconfranco,89,1,1644,58.90346395520211
andressa_bianchessi_,88,1,1645,58.92046211824154
tiaomedeirospr,88,1,1646,58.93746028128096
gilbertogg11,88,1,1647,58.954458444320395
lunnapompeu,88,1,1648,58.97145660735982
luana_nunesg,88,1,1649,58.988454770399244
ibraindevalmir,88,1,1650,59.00545293343867
ivanirdossantos.rio,88,1,1651,59.02245109647809
meuamigojoaocarlos,88,1,1652,59.039449259517525
mateusquadrosms,88,1,1653,59.05644742255695
laraosantana,88,1,1654,59.073445585596374
douglasgarciasp,88,1,1655,59.0904437486358
delegadocaveira,88,1,1656,59.107441911675224
fabriciorosa,88,1,1657,59.124440074714656
adailtonfuria,88,1,1658,59.14143823775408
jenderlobato,88,1,1659,59.158436400793505
henrique.chicao,88,1,1660,59.17543456383293
vanderlancardosooficial,88,1,1661,59.192432726872354
renatobattistambl,88,1,1662,59.209430889911786
danialonsooficial,88,1,1663,59.22642905295121
alexandre.lindenmeyer,88,1,1664,59.243427215990636
clarianabarao,88,1,1665,59.26042537903006
deyvisondaacolhersaude,88,1,1666,59.277423542069485
bispoivanfarmaceutico,88,1,1667,59.29442170510892
pastornelcivancosta,88,1,1668,59.31141986814834
deputadowelter,88,1,1669,59.328418031187766
danielareinehr,88,1,1670,59.34541619422719
drabrunaituassu,88,1,1671,59.362414357266616
dra.giselli.bianchini,88,1,1672,59.37941252030605
senadorpetecao,88,1,1673,59.39641068334547
motoristadancarino,88,1,1674,59.4134088463849
prof.mauro.rosa,88,1,1675,59.43040700942432
dudununes.oficial,88,1,1676,59.447405172463746
talispohrenferreira,87,1,1677,59.46421017455955
deputadoricardoteobaldo,87,1,1678,59.48101517665534
virgilioviana_,87,1,1679,59.497820178751134
eltoncristo.oficial,87,1,1680,59.514625180846934
lincolntramontini,87,1,1681,59.53143018294273
_brunopedrosa,87,1,1682,59.54823518503853
leticialealdf,87,1,1683,59.56504018713432
gerlane.baccarin,87,1,1684,59.581845189230116
drmarcosoficial,87,1,1685,59.598650191325916
sergiovidigaljr,87,1,1686,59.61545519342171
fabiohenrique.se,87,1,1687,59.63226019551751
marta_konageski,87,1,1688,59.649065197613304
ludfalcao,87,1,1689,59.6658701997091
leonardo_picciani,87,1,1690,59.6826752018049
fabianocontarato,87,1,1691,59.69948020390069
terezinhamaiarn,87,1,1692,59.716285205996485
drisaeldomingues,87,1,1693,59.733090208092285
catiajusto65,87,1,1694,59.74989521018808
zealexandrealmeida,87,1,1695,59.76670021228388
rafaelprudentedep,87,1,1696,59.78350521437967
marcelosantosdeputado,87,1,1697,59.80031021647547
jonasdonizette,87,1,1698,59.81711521857127
nanda.veigacabral,86,1,1699,59.83372705972343
bobguerreirooficial,86,1,1700,59.8503389008756
carloselula,86,1,1701,59.86695074202777
torrinhotorres,86,1,1702,59.88356258317993
marcoantoniovillaoficial,86,1,1703,59.9001744243321
dr_marcelo_emerenciano,86,1,1704,59.91678626548426
juliazardo.rs,86,1,1705,59.93339810663643
zeailtoncrato,86,1,1706,59.950009947788594
mariliafreire.am,86,1,1707,59.96662178894076
claudio_abrantes,86,1,1708,59.98323363009293
monicaseixas,86,1,1709,59.999845471245095
paulomartinspr,86,1,1710,60.016457312397264
silvadeycon,86,1,1711,60.03306915354943
joaopedroguerracavalcanti,86,1,1712,60.049680994701596
aveiltonsouza,86,1,1713,60.06629283585376
zequinhamarinhooficial,86,1,1714,60.08290467700593
leandrograss,86,1,1715,60.0995165181581
vereadorasandraalves,86,1,1716,60.11612835931026
subdioneyfilhodorei,86,1,1717,60.13274020046243
goura_nataraj,86,1,1718,60.14935204161459
terra.osmar,86,1,1719,60.16596388276676
professorwendel,86,1,1720,60.18257572391892
renatoroseno,86,1,1721,60.19918756507109
bemansur.mg,86,1,1722,60.21579940622326
virginiamendesoficial,86,1,1723,60.232411247375424
suica13,86,1,1724,60.24902308852759
rodrigogambale,86,1,1725,60.265634929679756
josimaracavalcanti.pe,86,1,1726,60.282246770831925
renatojaguarao,86,1,1727,60.298858611984095
marcobrasil,86,1,1728,60.31547045313626
deputadorenatooliveira.ofc,86,1,1729,60.332082294288426
dradrianosantos,86,1,1730,60.34869413544059
mariano.shiroma,86,1,1731,60.36530597659276
rodrigopalmeira.oficial,86,1,1732,60.38191781774492
delegadojacovos,86,1,1733,60.39852965889709
gucamillo,86,1,1734,60.41514150004926
marcelofritzoficial,86,1,1735,60.43175334120142
amastha2026,86,1,1736,60.44836518235359
ualidrabah,86,1,1737,60.46497702350575
alessandropaivaap,86,1,1738,60.48158886465792
luladealagoas,86,1,1739,60.498200705810085
julianunes_mulher,85,1,1740,60.51461938601862
deputadocelinho,85,1,1741,60.53103806622716
marialuciaamary,85,1,1742,60.5474567464357
paulomelo_sa,85,1,1743,60.56387542664424
viniciusduartee55,85,1,1744,60.58029410685277
jeanwyllys_real,85,1,1745,60.59671278706131
prof.marinhosoares,85,1,1746,60.613131467269845
robainapsol,85,1,1747,60.62955014747838
bethsahao,85,1,1748,60.645968827686914
joaodejanjao,85,1,1749,60.66238750789545
nossaninarn,85,1,1750,60.67880618810399
luanagouvearj,85,1,1751,60.69522486831253
joaomaresguia,85,1,1752,60.71164354852106
delegadopericles,85,1,1753,60.7280622287296
padreinaldo,85,1,1754,60.74448090893814
vereadorgilmarsantos,85,1,1755,60.760899589146675
amigo_badboy,85,1,1756,60.77731826935521
benybalabram,85,1,1757,60.793736949563744
homeromarchese,85,1,1758,60.81015562977228
coroneledsonraiado,85,1,1759,60.82657430998082
ednalva_advogada,85,1,1760,60.84299299018936
rollembergpsb,85,1,1761,60.85941167039789
nenemalbuquerque,85,1,1762,60.87583035060643
andrekubitschek,85,1,1763,60.892249030814966
biradopindare,85,1,1764,60.908667711023504
joaofdrumond,85,1,1765,60.925086391232036
gustavo_henrique_povo,85,1,1766,60.941505071440574
markopatriciorj,85,1,1767,60.95792375164911
danilorochabh,85,1,1768,60.97434243185765
xerifedoconsumidor,85,1,1769,60.99076111206618
michellemelo.ac,85,1,1770,61.00717979227472
peritomassuda,85,1,1771,61.02359847248326
dogimfelix,85,1,1772,61.040017152691796
leoneldeesquerda,85,1,1773,61.056435832900334
lubonatto20,85,1,1774,61.072854513108865
zehumbertodf,85,1,1775,61.0892731933174
abigailcunha,84,1,1776,61.10549871258231
rosanavalleoficial,84,1,1777,61.12172423184722
victorflorespe,84,1,1778,61.137949751112124
michellenasc,84,1,1779,61.15417527037703
samaramartinsup,84,1,1780,61.17040078964194
jorginhoaraujo55,84,1,1781,61.186626308906845
telmarufinooficial,84,1,1782,61.20285182817175
marcoaurelioitz,84,1,1783,61.21907734743666
jungleswegher,84,1,1784,61.235302866701566
fabiosousaoficial,84,1,1785,61.25152838596647
deputadazeidan13,84,1,1786,61.26775390523138
sinesiocamposam,84,1,1787,61.28397942449629
felipeduarteestadual,84,1,1788,61.300204943761194
sheyla_chaves,84,1,1789,61.3164304630261
rafaelnobre.rj,84,1,1790,61.332655982291
rafaelmaestrooficial,84,1,1791,61.34888150155591
escutaothiagonunes,84,1,1792,61.365107020820815
coronel_ramalho,84,1,1793,61.38133254008572
carenmachado_adv,84,1,1794,61.39755805935063
thiagoavilabrasil,84,1,1795,61.413783578615536
anapaulasiqueiraoficial,84,1,1796,61.43000909788044
clesle.siqueira,84,1,1797,61.44623461714535
leo_de_neco,84,1,1798,61.46246013641026
rodrigo__livramento,84,1,1799,61.478685655675164
eduardobotelhooficial,84,1,1800,61.49491117494007
indiarabarbosa.novo,84,1,1801,61.51113669420498
thayssintra,84,1,1802,61.527362213469885
deputadaclaudiadejesus,84,1,1803,61.54358773273479
prdinhosouza,84,1,1804,61.5598132519997
betaopt,84,1,1805,61.57603877126461
depcarlossampaio,84,1,1806,61.59226429052951
caporezzodm,84,1,1807,61.60848980979442
silvinhofilho_,84,1,1808,61.62471532905933
reportercarlossantos,83,1,1809,61.6407476873806
renatoantunes.pe,83,1,1810,61.65678004570188
gianni.nogueira,83,1,1811,61.672812404023155
albertinhomaluf,83,1,1812,61.68884476234443
dudusivinski,83,1,1813,61.70487712066571
tiago_junqueira_pi_,83,1,1814,61.72090947898699
economistarenato,83,1,1815,61.736941837308265
rosanarabelo.sjc,83,1,1816,61.75297419562954
marcelostrama,83,1,1817,61.76900655395082
gilbertocattaniofc,83,1,1818,61.78503891227209
deputadocoronelneil,83,1,1819,61.80107127059337
mariaamelia.df,83,1,1820,61.81710362891465
deputadoivannaatz,83,1,1821,61.83313598723593
waguinhocarneirooficial,83,1,1822,61.8491683455572
raonimendes,83,1,1823,61.86520070387848
rodrigocozivip,83,1,1824,61.881233062199755
marceloosobral,83,1,1825,61.89726542052103
marceloaguiaroficial,83,1,1826,61.913297778842306
irielsachet,83,1,1827,61.92933013716359
iolandooficial,83,1,1828,61.945362495484865
pedropagano,83,1,1829,61.96139485380614
fabriciokleinibing,83,1,1830,61.97742721212742
dr.bentovieira,83,1,1831,61.99345957044869
alcantarofilho,83,1,1832,62.00949192876997
zeraimundovca,83,1,1833,62.025524287091244
sandroritton11633,83,1,1834,62.04155664541253
drvictorlinhalis,83,1,1835,62.0575890037338
edvaldafarmacia,83,1,1836,62.07362136205508
husseinbakrihb,83,1,1837,62.089653720376354
ricardomolinasp,83,1,1838,62.10568607869763
moemagramachooficial,83,1,1839,62.121718437018906
dresdrascabral,83,1,1840,62.13775079534019
guilhermederrite,83,1,1841,62.153783153661465
annemouraam,83,1,1842,62.16981551198274
luanamaedecinco,83,1,1843,62.185847870304016
nesiofernandesjunior,83,1,1844,62.20188022862529
nubiacitty,83,1,1845,62.21791258694657
rodrigorabuskee,83,1,1846,62.233944945267844
biakicis,83,1,1847,62.24997730358913
laisnunes_oficial,83,1,1848,62.2660096619104
leticiaaguiaroficial,82,1,1849,62.28184885928805
diretoreliasjunior,82,1,1850,62.29768805666569
anapimentelmg,82,1,1851,62.31352725404334
guitodeschini,82,1,1852,62.32936645142099
adriana_geronimovs,82,1,1853,62.34520564879863
antoniodoido,82,1,1854,62.361044846176284
emanuellresolve,82,1,1855,62.37688404355393
tencoronelfranca,82,1,1856,62.39272324093157
jesualdopires11,82,1,1857,62.408562438309225
marciopatussi,82,1,1858,62.42440163568687
tiagojfernandes,82,1,1859,62.440240833064514
soumalufernandes,82,1,1860,62.456080030442166
adilsonpiresrj,82,1,1861,62.47191922781981
alessandrodocpp,82,1,1862,62.487758425197455
marquinhostrad,82,1,1863,62.50359762257511
dralidianelucena,82,1,1864,62.51943681995275
marinahelenabr,82,1,1865,62.535276017330396
missionariamichelecollins,82,1,1866,62.55111521470805
daniel.agrobom,82,1,1867,62.56695441208569
rita.zambelli,82,1,1868,62.582793609463344
drfernandoneuro,82,1,1869,62.59863280684099
glauaguiarjuris,82,1,1870,62.614472004218634
edmundosouza10,82,1,1871,62.630311201596285
danidias.metropolitana,82,1,1872,62.64615039897393
lobaoalagoas,82,1,1873,62.661989596351575
marcosmarinsrj,82,1,1874,62.677828793729226
crisdasfrutas,82,1,1875,62.69366799110687
cricielle13,82,1,1876,62.709507188484515
caiado_claudio,82,1,1877,62.72534638586217
dra_elane,82,1,1878,62.74118558323981
profagraciele,82,1,1879,62.757024780617456
marciohonaiser,82,1,1880,62.77286397799511
crismouraoo,81,1,1881,62.78851001442912
deputadojoaodaniel,81,1,1882,62.80415605086314
deputadofelipemota,81,1,1883,62.819802087297155
jilmartatto,81,1,1884,62.835448123731176
luizaogoulart,81,1,1885,62.85109416016519
irailsongazo,81,1,1886,62.86674019659921
dep_lucianopimentelse,81,1,1887,62.88238623303322
mulherquebrilha2021,81,1,1888,62.898032269467244
evair_de_melo,81,1,1889,62.91367830590126
teresasurita,81,1,1890,62.92932434233528
kan.carlos,81,1,1891,62.94497037876929
cristianosilveiramg,81,1,1892,62.96061641520331
cristianocustodia,81,1,1893,62.97626245163733
gizellefreitaspsol,81,1,1894,62.991908488071346
marianacarvalho.ma,81,1,1895,63.007554524505366
bolsonarovaleria,81,1,1896,63.02320056093938
duarte_nogueira,81,1,1897,63.0388465973734
fconagib,81,1,1898,63.05449263380741
delegadatathiana,81,1,1899,63.070138670241434
jamesbelce,81,1,1900,63.08578470667545
ricardoabraooficial,81,1,1901,63.10143074310947
ricardo.adrian1875,81,1,1902,63.11707677954348
domingosaguiarfilho,81,1,1903,63.1327228159775
mauromendesoficial,81,1,1904,63.148368852411515
andreferreira.pe,81,1,1905,63.164014888845536
davideraimundao,81,1,1906,63.17966092527955
michelplatinidf,81,1,1907,63.19530696171357
fabiodasaude,81,1,1908,63.21095299814758
natchadias,81,1,1909,63.226599034581604
hildorocha,81,1,1910,63.242245071015624
iranbarbosaoficial,81,1,1911,63.25789110744964
reginacorrochel,81,1,1912,63.27353714388366
doutorhely,81,1,1913,63.28918318031767
rosangelawmoro,81,1,1914,63.30482921675169
sigalulippi,81,1,1915,63.320475253185705
marcellacigana,81,1,1916,63.336121289619726
tocomleo,81,1,1917,63.35176732605374
fidalgoandre,81,1,1918,63.36741336248776
jassongoulart,81,1,1919,63.38305939892177
fernandocuriestima,81,1,1920,63.398705435355794
gilmaragoncalvesoficial,81,1,1921,63.41435147178981
vantoilmartins,80,1,1922,63.4298043472802
igorfrancooficial,80,1,1923,63.445257222770586
pedrogomatos,80,1,1924,63.460710098260975
carolinedetoni,80,1,1925,63.47616297375136
emanuellyhora,80,1,1926,63.49161584924175
eduardossalles,80,1,1927,63.507068724732136
carlosdalvan,80,1,1928,63.52252160022252
dra.reginacioffi,80,1,1929,63.53797447571291
prof_this.pr,80,1,1930,63.5534273512033
jutaymeneses,80,1,1931,63.568880226693686
auriceliaarapiun,80,1,1932,63.58433310218407
acrisiosena,80,1,1933,63.59978597767446
paulogomes31rj,80,1,1934,63.61523885316485
cabojufigueiredo,80,1,1935,63.630691728655236
luizaerundina,80,1,1936,63.64614460414562
jamorreuoficiial,80,1,1937,63.66159747963601
erickmusso,80,1,1938,63.6770503551264
fabiopereiravaz,80,1,1939,63.69250323061678
prefeito_nelinhocosta,80,1,1940,63.70795610610717
marceloqueirozhoje,80,1,1941,63.72340898159756
brunamarinoficial,80,1,1942,63.73886185708795
draalessandrahaber,80,1,1943,63.75431473257833
carolsponza,80,1,1944,63.76976760806872
pastorleiberoficial,80,1,1945,63.78522048355911
sandersonrs,80,1,1946,63.80067335904949
deputadolucasdelima,80,1,1947,63.81612623453988
guiganuness23,80,1,1948,63.83157911003027
jefersontimoteope,79,1,1949,63.84683882457703
brunolessarj,79,1,1950,63.862098539123785
_pedrolucasfernandes,79,1,1951,63.87735825367054
deputadomarciomarinho,79,1,1952,63.8926179682173
prefeitoacilongoncalves,79,1,1953,63.90787768276405
eusouamom,79,1,1954,63.92313739731081
clovisvolpi,79,1,1955,63.93839711185757
igormandacaru,79,1,1956,63.95365682640433
jurandirsilvapsol,79,1,1957,63.968916540951085
rogeriolinsoficial,79,1,1958,63.98417625549784
carlosportinho,79,1,1959,63.9994359700446
cabobarbara_,79,1,1960,64.01469568459136
marcomartinssp,79,1,1961,64.02995539913812
jairmiotto,79,1,1962,64.04521511368488
rodrigoguedesam,79,1,1963,64.06047482823163
mayradias,79,1,1964,64.07573454277839
rubensbomtemporj,79,1,1965,64.09099425732515
delegadocharlespessoa,79,1,1966,64.10625397187191
elikatakimoto,79,1,1967,64.12151368641867
samanthacavalca,79,1,1968,64.13677340096542
meiresilvapt13,79,1,1969,64.15203311551218
antoniocesarms,79,1,1970,64.16729283005894
caliton_araujo,79,1,1971,64.18255254460568
ustra.marcelo,79,1,1972,64.19781225915244
pastorpedrao,79,1,1973,64.2130719736992
davirreis70,79,1,1974,64.22833168824596
adriano_aalvarenga,79,1,1975,64.24359140279272
walteralvesrn,79,1,1976,64.25885111733947
erlanioxavier,79,1,1977,64.27411083188623
gordinhodomomento,79,1,1978,64.28937054643299
franbonaci,79,1,1979,64.30463026097975
vd.viniciusdiniz,79,1,1980,64.31988997552651
leandredalponte,79,1,1981,64.33514969007327
andersonadauto,79,1,1982,64.35040940462002
jordavioramos,79,1,1983,64.36566911916678
daniel.barbosa.al,79,1,1984,64.38092883371354
taxista.samurai,79,1,1985,64.3961885482603
georgehato15,79,1,1986,64.41144826280706
jessesangalli,79,1,1987,64.42670797735381
mariclaudiarodrigues,79,1,1988,64.44196769190057
leurlomantojr,79,1,1989,64.45722740644733
afonsoflorence,79,1,1990,64.47248712099409
fernandopasqualino,79,1,1991,64.48774683554085
marleidecunharn,79,1,1992,64.5030065500876
pablojamilk,79,1,1993,64.51826626463436
dr.marcelorossi,78,1,1994,64.53333281823748
depandrecorrea,78,1,1995,64.54839937184062
pauloazioficial,78,1,1996,64.56346592544374
depgetuliorego,78,1,1997,64.57853247904687
luizjunior.rj,78,1,1998,64.59359903264999
relsoncardoso,78,1,1999,64.60866558625312
marcinho_serapilla,78,1,2000,64.62373213985624
bobotavares8,78,1,2001,64.63879869345938
professorrobertomartins,78,1,2002,64.6538652470625
joaovictorfamilia,78,1,2003,64.66893180066563
luladobemoficial,78,1,2004,64.68399835426877
paulosoaresjornalista,78,1,2005,64.69906490787189
hugomottapb,78,1,2006,64.71413146147502
miltonvieiraoficial,78,1,2007,64.72919801507814
bancadafeministapsol,78,1,2008,64.74426456868127
dr.heltonmonteiro,78,1,2009,64.7593311222844
gustavotutuca,78,1,2010,64.77439767588753
odrlucasrodrigues,78,1,2011,64.78946422949065
toninhomittras,78,1,2012,64.80453078309378
drasandra.marques,78,1,2013,64.81959733669692
maurorubempt,78,1,2014,64.83466389030004
nilmarruiz,78,1,2015,64.84973044390317
helensoarespv,78,1,2016,64.86479699750629
helenaduailibe,78,1,2017,64.87986355110942
dep.ricardomadalena,78,1,2018,64.89493010471254
henricodopt,78,1,2019,64.90999665831568
itamar.borges,78,1,2020,64.9250632119188
reeconeglian,78,1,2021,64.94012976552193
depdimas,78,1,2022,64.95519631912506
larucia.sa,78,1,2023,64.97026287272818
marioestevesbp,78,1,2024,64.98532942633132
coronelsergiopb,78,1,2025,65.00039597993444
delegadopiquet,78,1,2026,65.01546253353757
boracommarcel,78,1,2027,65.03052908714069
gugu_nader,78,1,2028,65.04559564074383
danielcoelho55,78,1,2029,65.06066219434695
simaopedrochiovetti,78,1,2030,65.07572874795008
fernandooliveirasp,78,1,2031,65.0907953015532
drfernando.santorio,78,1,2032,65.10586185515633
dilsonbatistablitz_2026,78,1,2033,65.12092840875947
oliviamottapb,78,1,2034,65.13599496236259
mariaconstantino.sp,78,1,2035,65.15106151596572
victorcoelhoes,78,1,2036,65.16612806956884
prhenriquecesar,78,1,2037,65.18119462317198
tabataamaralsp,78,1,2038,65.1962611767751
amandagentill,78,1,2039,65.21132773037823
rafaeldemarchi,78,1,2040,65.22639428398135
drrodrigosalomon,78,1,2041,65.24146083758448
tiagojalbrecht,77,1,2042,65.25633423024398
cynthiacharone,77,1,2043,65.27120762290347
flaviogadelhafilho,77,1,2044,65.28608101556297
mylenecosta,77,1,2045,65.30095440822248
claudiocunhaoficial,77,1,2046,65.31582780088198
matheusprinceoficial,77,1,2047,65.33070119354147
julinho.fuzari,77,1,2048,65.34557458620097
lidiaperesdf,77,1,2049,65.36044797886046
teixeira.docarvao,77,1,2050,65.37532137151996
celiosilveiradeputado,77,1,2051,65.39019476417945
charlessantosmg,77,1,2052,65.40506815683896
fabianavilarpl,77,1,2053,65.41994154949846
eduardosanchesmt,77,1,2054,65.43481494215796
joaodocerna,77,1,2055,65.44968833481745
everaldofogaca,77,1,2056,65.46456172747695
tatianaroma,77,1,2057,65.47943512013644
mgustavoreis,77,1,2058,65.49430851279595
angelocoronelfilho,77,1,2059,65.50918190545545
sandrabonetto,77,1,2060,65.52405529811494
prado.sp.br,77,1,2061,65.53892869077444
fredpachecorj,77,1,2062,65.55380208343394
isoldadantaspt,77,1,2063,65.56867547609343
davileitece,77,1,2064,65.58354886875293
leandrosoares.sp,77,1,2065,65.59842226141244
brfazendas,77,1,2066,65.61329565407193
gustavoneivapi,77,1,2067,65.62816904673143
romanellipr,77,1,2068,65.64304243939092
denis_grillo,77,1,2069,65.65791583205042
wilsonsantosmt,77,1,2070,65.67278922470992
jooliveirapb,77,1,2071,65.68766261736941
sheilathomaz.oficial,77,1,2072,65.70253601002892
eliasmkjabbour,77,1,2073,65.71740940268842
coronelbarbosa_,77,1,2074,65.73228279534791
heliopeluffoms,77,1,2075,65.74715618800741
dep_sandro_regis,77,1,2076,65.7620295806669
waldemaroliveiraoficial,77,1,2077,65.7769029733264
patricklopesofc,77,1,2078,65.7917763659859
fransilvasbc,77,1,2079,65.8066497586454
esthermoraes,77,1,2080,65.8215231513049
italomoreirasp,77,1,2081,65.8363965439644
sergiodinizo,77,1,2082,65.8512699366239
rodrigodavila_30,77,1,2083,65.86614332928339
roscoe.flavio,76,1,2084,65.88082356099926
desembargadorsebastiaocoelho,76,1,2085,65.89550379271513
raquelbarros94,76,1,2086,65.91018402443099
marisazf,76,1,2087,65.92486425614686
silviabenjaminpb,76,1,2088,65.93954448786273
rio.guilhermeschleder,76,1,2089,65.9542247195786
theinterceptbrasil,76,1,2090,65.96890495129446
drleonardomt,76,1,2091,65.98358518301033
marcosoliveira.se,76,1,2092,65.9982654147262
marcelalexandre12,76,1,2093,66.01294564644208
deputadogiovaniratinho,76,1,2094,66.02762587815793
juliermesena,76,1,2095,66.0423061098738
luiz.eduardodf,76,1,2096,66.05698634158968
paulojunior.sc,76,1,2097,66.07166657330555
uniaobrasil44,76,1,2098,66.0863468050214
padresilvioandrei,76,1,2099,66.10102703673728
idilvanalencar,76,1,2100,66.11570726845315
sergiofigueiredoadv,76,1,2101,66.13038750016902
faustopinato,76,1,2102,66.14506773188488
gabi.panazzolo,76,1,2103,66.15974796360075
deputadomotta,76,1,2104,66.17442819531662
tarcisiogdf,76,1,2105,66.1891084270325
deputadadaniella,76,1,2106,66.20378865874835
nay_barbalho,76,1,2107,66.21846889046422
rogeriozeraikabdalla,76,1,2108,66.2331491221801
junynho_martins,76,1,2109,66.24782935389597
gutierres_gt,76,1,2110,66.26250958561182
maycontombini,76,1,2111,66.2771898173277
katiadiasjf,76,1,2112,66.29187004904357
deputadogabrielnunes,76,1,2113,66.30655028075944
lucianaoliveiradepvh,76,1,2114,66.3212305124753
deputadorobinho,76,1,2115,66.33591074419117
samuelpinheiroficial,76,1,2116,66.35059097590704
renanceschin,76,1,2117,66.3652712076229
denisebmenezes,76,1,2118,66.37995143933877
karlasarney_,76,1,2119,66.39463167105464
deputadocarlinhosbessa,76,1,2120,66.40931190277051
dudahidalgo13,76,1,2121,66.42399213448637
juniorcardoso.sc,75,1,2122,66.43847920525862
buchiogier,75,1,2123,66.45296627603085
gregodafundacao,75,1,2124,66.46745334680308
marcionakashima,75,1,2125,66.48194041757533
greyceelias,75,1,2126,66.49642748834756
binhodemota,75,1,2127,66.5109145591198
joaogabrielprates,75,1,2128,66.52540162989204
nilzasimas,75,1,2129,66.53988870066428
depederlourinho,75,1,2130,66.55437577143653
raphaelferreiraadv,75,1,2131,66.56886284220876
netosantosdamultiloja,75,1,2132,66.58334991298099
marcelocrivella,75,1,2133,66.59783698375324
brumolz,75,1,2134,66.61232405452547
chicodocorreio13,75,1,2135,66.6268111252977
diogohoffmannpe,75,1,2136,66.64129819606995
generalgirao,75,1,2137,66.65578526684219
paulorobertofilho,75,1,2138,66.67027233761442
biadelimaoficial,75,1,2139,66.68475940838667
andreoliveira.sc,75,1,2140,66.6992464791589
maraobahia,75,1,2141,66.71373354993113
lucasbovesp,75,1,2142,66.72822062070338
buarquecristovam,75,1,2143,66.74270769147562
marcelapassamanioficial,75,1,2144,66.75719476224785
drandersoncoelho,75,1,2145,66.7716818330201
bublitz.alexandre,75,1,2146,66.78616890379233
marianacalsa,75,1,2147,66.80065597456456
ellisreginaleal,75,1,2148,66.81514304533681
ilacir.bicalho,75,1,2149,66.82963011610904
gustavo.gayer,75,1,2150,66.84411718688128
pedroamericolopes,75,1,2151,66.85860425765352
marcosmirandajr_,75,1,2152,66.87309132842576
delegadofredmurta,75,1,2153,66.88757839919799
marcorogeriotrovao,75,1,2154,66.90206546997024
radiovaldo,75,1,2155,66.91655254074247
dislexclub,75,1,2156,66.9310396115147
rodrigodiasbsb,75,1,2157,66.94552668228695
teovaldojoseoficial,75,1,2158,66.96001375305919
vitoriojuniormg,75,1,2159,66.97450082383142
doutoralarafernandesoficial,75,1,2160,66.98898789460367
capitaocontar,75,1,2161,67.0034749653759
alielmachado,75,1,2162,67.01796203614813
deputadojeovamota,75,1,2163,67.03244910692038
vereadortiagomenezes,75,1,2164,67.04693617769261
gabrielporto,75,1,2165,67.06142324846485
rafaelbrito15,74,1,2166,67.07571715829346
pamelacaroline_pa,74,1,2167,67.09001106812207
luandreolli05,74,1,2168,67.10430497795068
adriana.rodriguesofcc,74,1,2169,67.11859888777929
eulogioce,74,1,2170,67.1328927976079
dr.rafaelfavatto,74,1,2171,67.1471867074365
dougllasbritooficial,74,1,2172,67.16148061726511
betopereirams,74,1,2173,67.17577452709372
deputadoluistibe,74,1,2174,67.19006843692233
joaoccoser,74,1,2175,67.20436234675094
luizcarlos__ap,74,1,2176,67.21865625657955
vitinho_maia,74,1,2177,67.23295016640816
carolinefurlan86,74,1,2178,67.24724407623677
tequinhabrito_,74,1,2179,67.26153798606536
senadorstyvensonvalentim,74,1,2180,67.27583189589397
marcossenapbs,74,1,2181,67.29012580572258
adrianamanfroi.podemos,74,1,2182,67.30441971555119
deputadoclodoaldomagalhaes,74,1,2183,67.3187136253798
sara.vitral,74,1,2184,67.33300753520841
vanilsonbueno,74,1,2185,67.34730144503702
jonasrodriguesviamao,74,1,2186,67.36159535486563
jucadoguaranafilho.oficial,74,1,2187,67.37588926469424
fernandohenriquefhp,74,1,2188,67.39018317452285
coronelroveri,74,1,2189,67.40447708435146
camillagonda,74,1,2190,67.41877099418006
andreazancko,74,1,2191,67.43306490400867
deputadoandersonmoraes,74,1,2192,67.44735881383728
prof_juniorgeo,74,1,2193,67.46165272366589
gutojoseoficial,74,1,2194,67.47594663349449
lucianamoraisschettini,74,1,2195,67.4902405433231
marcossobreiraoficial,74,1,2196,67.5045344531517
deputadalecibrandao,74,1,2197,67.51882836298032
vanderloubet,74,1,2198,67.53312227280892
professorrogeriomartins,74,1,2199,67.54741618263753
jussarafernandes,74,1,2200,67.56171009246614
atevaldoleitaoo,74,1,2201,67.57600400229475
andersonlima.mg,74,1,2202,67.59029791212336
pedrorousseff,74,1,2203,67.60459182195197
adelcinolopo,74,1,2204,67.61888573178058
fabioxavierpi,74,1,2205,67.63317964160919
detinhapl,74,1,2206,67.6474735514378
professorasoniameire,74,1,2207,67.66176746126641
higordiegosp,74,1,2208,67.67606137109502
deboracamararomani,74,1,2209,67.69035528092361
julianabenicio_,74,1,2210,67.70464919075222
noraldinojr,74,1,2211,67.71894310058083
deputadadrazeli,74,1,2212,67.73323701040944
rodrigo_jalloul,74,1,2213,67.74753092023805
carlosmonteiromc,74,1,2214,67.76182483006666
andrenunescosta,74,1,2215,67.77611873989527
clecia.carvalho,74,1,2216,67.79041264972388
marcelopoeta.ma,74,1,2217,67.80470655955249
roberto_macieel,73,1,2218,67.81880730843746
roniesilva15,73,1,2219,67.83290805732244
tiagovasconcelos,73,1,2220,67.84700880620743
arthurvirgilionetoam,73,1,2221,67.8611095550924
jeandornelas,73,1,2222,67.87521030397738
jepherson.madureira,73,1,2223,67.88931105286235
julinhocasares,73,1,2224,67.90341180174734
geizadasaude.es,73,1,2225,67.91751255063231
thiagosilvamt,73,1,2226,67.9316132995173
drorlandosac,73,1,2227,67.94571404840227
hilton_erika,73,1,2228,67.95981479728725
toninhowandscheer,73,1,2229,67.97391554617222
vereadorjoaofelipe,73,1,2230,67.98801629505721
nidobadoque,73,1,2231,68.00211704394218
jarioliveiraoficial,73,1,2232,68.01621779282716
datenareal,73,1,2233,68.03031854171213
andersonninhooficial,73,1,2234,68.04441929059712
viniciusdiaspi,73,1,2235,68.05852003948209
klebersiqueirarr,73,1,2236,68.07262078836708
antoniobritobahia,73,1,2237,68.08672153725206
drbernardorn,73,1,2238,68.10082228613703
jucamcr,73,1,2239,68.11492303502202
patomaravilha,73,1,2240,68.12902378390699
deputadajanaina,73,1,2241,68.14312453279197
wandersonflorencio1,73,1,2242,68.15722528167694
engheltoncosta,73,1,2243,68.17132603056193
andreicastroba,73,1,2244,68.1854267794469
jorgeluizkoch,73,1,2245,68.19952752833188
lismara_moreira,73,1,2246,68.21362827721686
professoradelliana,73,1,2247,68.22772902610184
dra.kalanittiecher,73,1,2248,68.24182977498681
edicarlosvieira,73,1,2249,68.2559305238718
gilberto.camargos,72,1,2250,68.26983811181314
maurilioschiavo,72,1,2251,68.28374569975449
leandrolirabr,72,1,2252,68.29765328769584
maykondelfinomg,72,1,2253,68.31156087563718
valmarchiori,72,1,2254,68.32546846357855
do.carmooficial,72,1,2255,68.33937605151989
romeroalbuquerque40000,72,1,2256,68.35328363946124
scheilapedrosoo,72,1,2257,68.36719122740259
lissauervieira,72,1,2258,68.38109881534393
beatrizborbasc,72,1,2259,68.39500640328528
andersondezedascanas,72,1,2260,68.40891399122663
fabianaparro,72,1,2261,68.42282157916797
sancholoko_,72,1,2262,68.43672916710933
deputadoroberio,72,1,2263,68.45063675505068
correioestado,72,1,2264,68.46454434299203
evandro_izidoro_,72,1,2265,68.47845193093337
pollonms,72,1,2266,68.49235951887472
hugozamboni,72,1,2267,68.50626710681607
carmemlucianiq,72,1,2268,68.52017469475742
vittorio.medioli,72,1,2269,68.53408228269876
deputadaraquellessa,72,1,2270,68.54798987064012
tekadosanimais,72,1,2271,68.56189745858147
doutorfran,72,1,2272,68.57580504652282
magdamofatto.goias,72,1,2273,68.58971263446416
pardinibtu,72,1,2274,68.60362022240551
dr.igino,72,1,2275,68.61752781034686
sarahbotelho.vereadora,72,1,2276,68.6314353982882
dr.eduardoassis,72,1,2277,68.64534298622955
nayararochamg,72,1,2278,68.65925057417091
dep.renatomachado,72,1,2279,68.67315816211226
guilherme.delaroli,72,1,2280,68.6870657500536
adadireita,72,1,2281,68.70097333799495
aiacydagleidson,72,1,2282,68.7148809259363
abidanhenrique,72,1,2283,68.72878851387765
proanalucia,72,1,2284,68.74269610181899
georgemelorr,72,1,2285,68.75660368976034
professorluciano.se,72,1,2286,68.7705112777017
doutorajanedf,72,1,2287,68.78441886564305
claudioluiscaivano,72,1,2288,68.7983264535844
delegadoromani,72,1,2289,68.81223404152574
rosivalleite,72,1,2290,68.82614162946709
edivilsonbrum,72,1,2291,68.84004921740843
eumatourinho,72,1,2292,68.85395680534978
andrezzaassisoficiala,72,1,2293,68.86786439329113
claricechacon,72,1,2294,68.88177198123249
iedachaves,72,1,2295,68.89567956917384
joanadarcam,72,1,2296,68.90958715711518
coronelclaudiaromualdo,72,1,2297,68.92349474505653
marcimeirelles,72,1,2298,68.93740233299788
subtenente.ailton,72,1,2299,68.95130992093922
ivanilsonoliveirarn,71,1,2300,68.96502434793695
israelpalestrante,71,1,2301,68.97873877493467
marceloheitor.oficial,71,1,2302,68.99245320193238
delegadocesar_ferrooficial,71,1,2303,69.0061676289301
paolaabucater,71,1,2304,69.01988205592782
nettolima1,71,1,2305,69.03359648292553
dr.marcellocruzbr,71,1,2306,69.04731090992325
manos_beer,71,1,2307,69.06102533692098
maiconpereira.mt,71,1,2308,69.0747397639187
atecdeenfermagem,71,1,2309,69.08845419091641
willianpanda,71,1,2310,69.10216861791413
lucasmouraopg,71,1,2311,69.11588304491185
leosouzae,71,1,2312,69.12959747190958
margarethbuzetti,71,1,2313,69.14331189890729
anapauladiretora,71,1,2314,69.15702632590501
alexandrejosesc,71,1,2315,69.17074075290273
pricordeiro_pri,71,1,2316,69.18445517990044
yuriarruda,71,1,2317,69.19816960689816
reisptsp,71,1,2318,69.21188403389588
dr.kassioguimaraes_,71,1,2319,69.22559846089361
professorvitorinopoa,71,1,2320,69.23931288789132
raphaelsebba,71,1,2321,69.25302731488904
francisco.mello.oficial,71,1,2322,69.26674174188676
carlos,71,1,2323,69.28045616888447
elainedeputada,71,1,2324,69.29417059588219
nikolasferreirabr,71,1,2325,69.30788502287992
prheleno10,71,1,2326,69.32159944987764
delegado.zucco,71,1,2327,69.33531387687535
charlles.evangelista,71,1,2328,69.34902830387307
danilo_lopesoficial,71,1,2329,69.36274273087079
rafaminatosp,71,1,2330,69.3764571578685
lorenavasquess,71,1,2331,69.39017158486622
paulo_angelito,71,1,2332,69.40388601186395
terezanavarro,71,1,2333,69.41760043886167
policialkatiasastre,71,1,2334,69.43131486585938
altairmoraessp,71,1,2335,69.4450292928571
dr.viniciusresende,71,1,2336,69.45874371985482
danielacarneirooficial,71,1,2337,69.47245814685255
arthurhenriquerr,71,1,2338,69.48617257385025
jeeffeh,71,1,2339,69.49988700084798
ro.hsiqueira,71,1,2340,69.5136014278457
juninhodopneu,71,1,2341,69.52731585484341
rodineiramos.am,71,1,2342,69.54103028184113
sandrofilhoba,71,1,2343,69.55474470883885
prof.marcioladeira,70,1,2344,69.56826597489294
rafaelfcampelo,70,1,2345,69.58178724094702
professoreuler,70,1,2346,69.59530850700112
carlosbrittope,70,1,2347,69.6088297730552
deputadaangelaaguida,70,1,2348,69.62235103910929
juliocesarevoce,70,1,2349,69.63587230516339
paulopereirainclusao,70,1,2350,69.64939357121747
dr_andrebarbosa,70,1,2351,69.66291483727156
senadorarosedefreitas,70,1,2352,69.67643610332566
delegadagabi,70,1,2353,69.68995736937974
irisaquinorr,70,1,2354,69.70347863543383
chicaovianna,70,1,2355,69.71699990148792
diogofaixaazul,70,1,2356,69.73052116754201
glauberpoubelrj,70,1,2357,69.74404243359609
marlipaulinopr,70,1,2358,69.75756369965019
brunomarinioficial,70,1,2359,69.77108496570428
leonardogadelhapb,70,1,2360,69.78460623175836
profjosemarpsol,70,1,2361,69.79812749781246
nenencoelho,70,1,2362,69.81164876386654
erickmonteiropa,70,1,2363,69.82517002992063
coronel.menezes,70,1,2364,69.83869129597471
calegariofagner,70,1,2365,69.85221256202881
rodrigolopes.mg,70,1,2366,69.8657338280829
enf_michelegalvao,70,1,2367,69.87925509413698
julianaprates.oficial,70,1,2368,69.89277636019108
ruymuniz,70,1,2369,69.90629762624516
nathielykatucha,70,1,2370,69.91981889229925
raphaelaspadi,70,1,2371,69.93334015835335
deppaulofreire,70,1,2372,69.94686142440743
vaidonoliveira,70,1,2373,69.96038269046151
professoralcidesoficial,70,1,2374,69.97390395651561
anapaularocha_oficial,70,1,2375,69.9874252225697
ritatonielo,70,1,2376,70.00094648862378
alfredonascimentooficial,70,1,2377,70.01446775467788
felipepedri,70,1,2378,70.02798902073197
marciopachecofederal,70,1,2379,70.04151028678605
maicon.cruzz,70,1,2380,70.05503155284015
gustavogayerdep,70,1,2381,70.06855281889423
drorlandofurtado1475,70,1,2382,70.08207408494832
edsonpiriquito,70,1,2383,70.0955953510024
mateuswesp,70,1,2384,70.1091166170565
lcbusato,70,1,2385,70.12263788311058
airtonfaleiropt,70,1,2386,70.13615914916467
joanadalva.mentora,70,1,2387,70.14968041521877
soutitooficial,70,1,2388,70.16320168127285
samara_suassuna,70,1,2389,70.17672294732694
arianesilvadeassis,70,1,2390,70.19024421338104
eduardomagalhaesmt,70,1,2391,70.20376547943512
elieltonlirastm,70,1,2392,70.2172867454892
elzuilac,70,1,2393,70.2308080115433
elyspersonalstyle,70,1,2394,70.24432927759739
leorondon13,70,1,2395,70.25785054365147
albertofranca.rj,70,1,2396,70.27137180970557
marisa_lobo,70,1,2397,70.28489307575965
jaimegazola,70,1,2398,70.29841434181374
marinabragante,69,1,2399,70.3117424469242
crismonteirosp,69,1,2400,70.32507055203466
joeniawapichana,69,1,2401,70.33839865714512
barbara.botega,69,1,2402,70.35172676225558
ricardomarques_rm,69,1,2403,70.36505486736604
cleusasilveiraoficial,69,1,2404,70.3783829724765
irinylopes,69,1,2405,70.39171107758696
coronel.frota10,69,1,2406,70.40503918269742
deisi_maranata,69,1,2407,70.41836728780787
zericardoam,69,1,2408,70.43169539291833
crisnardesdf,69,1,2409,70.44502349802879
hebersantanaoficial,69,1,2410,70.45835160313925
mauriciopicarellioficial,69,1,2411,70.47167970824971
drkerginaldo,69,1,2412,70.48500781336017
oscarlteixeira,69,1,2413,70.49833591847063
altineucortesrj,69,1,2414,70.51166402358109
manoelaperes,69,1,2415,70.52499212869155
drmauriciotrindade,69,1,2416,70.53832023380201
professorjordenes,69,1,2417,70.55164833891247
carlaopelobem,69,1,2418,70.56497644402292
fernando_gorgen,69,1,2419,70.57830454913338
vitorjunior_rj,69,1,2420,70.59163265424384
rosilenecorreadf,69,1,2421,70.6049607593543
carolgomes.pb,69,1,2422,70.61828886446476
owagneralvarenga,69,1,2423,70.63161696957522
wellingtonluizdf,69,1,2424,70.64494507468568
welisonnunes.ro,69,1,2425,70.65827317979614
oficial_andersondamasceno,69,1,2426,70.6716012849066
gabrielportella.di,69,1,2427,70.68492939001706
leonoraaquillaoficial,69,1,2428,70.69825749512752
yas.hachem,69,1,2429,70.71158560023797
gleydsonresende,69,1,2430,70.72491370534843
caixetaoficial,69,1,2431,70.73824181045889
delegado.arthurgallas,69,1,2432,70.75156991556935
marquinhosjilo,69,1,2433,70.76489802067981
jordambrito.sc,69,1,2434,70.77822612579027
everaldodesocorro,69,1,2435,70.79155423090073
draelainemoreira,69,1,2436,70.80488233601119
tassiorenam,69,1,2437,70.81821044112165
igor.eto,69,1,2438,70.83153854623211
depjeferson,69,1,2439,70.84486665134257
manumirella_,69,1,2440,70.85819475645303
eduardo.reiner,69,1,2441,70.87152286156348
heitorschuch,69,1,2442,70.88485096667394
sargentofahurpr,69,1,2443,70.8981790717844
fabioostermann,69,1,2444,70.91150717689486
dep.antoniofernando,69,1,2445,70.92483528200532
robertodelucena,69,1,2446,70.93816338711578
danilohenrique11,69,1,2447,70.95149149222624
juniorlourenco2200,68,1,2448,70.96462643639306
geraldoresendems,68,1,2449,70.9777613805599
professor.emerson.melo,68,1,2450,70.99089632472672
juniormar_am,68,1,2451,71.00403126889356
daianasantospoa,68,1,2452,71.01716621306038
joizepmarques,68,1,2453,71.03030115722721
dra.anaveterinaria,68,1,2454,71.04343610139404
flaviowerneckm,68,1,2455,71.05657104556087
wiliansdouglaas,68,1,2456,71.0697059897277
marcel.azevedo.enf,68,1,2457,71.08284093389453
jrfreitas_oficial,68,1,2458,71.09597587806135
luizfernandoita,68,1,2459,71.10911082222819
joaopaulocunhaoficial,68,1,2460,71.12224576639501
esperidiaoamin,68,1,2461,71.13538071056185
eriveltonjayme,68,1,2462,71.14851565472868
tatianaroque.oficial,68,1,2463,71.1616505988955
ludiocabral,68,1,2464,71.17478554306234
fabiolarezende_protetora,68,1,2465,71.18792048722916
elizangelaterra_oficial,68,1,2466,71.201055431396
serginhopeloparana,68,1,2467,71.21419037556282
sheilaklener,68,1,2468,71.22732531972966
pedrobragamg,68,1,2469,71.24046026389648
profrodolfosouza,68,1,2470,71.25359520806332
anaabrantespe,68,1,2471,71.26673015223014
rudys.rodrigues,68,1,2472,71.27986509639697
amiltonfilhooficial,68,1,2473,71.2930000405638
wellingtonroberto.pb,68,1,2474,71.30613498473063
pedrofernandes.ro,68,1,2475,71.31926992889746
profisrael,68,1,2476,71.33240487306429
professorralph,68,1,2477,71.34553981723111
josesartoce,68,1,2478,71.35867476139795
acir_gurgacz,68,1,2479,71.37180970556477
andersongoggi,68,1,2480,71.38494464973161
dep.adrianalara,68,1,2481,71.39807959389843
simonekaripuna,68,1,2482,71.41121453806527
leandrogoulart.oficial,68,1,2483,71.42434948223209
lealhudson,68,1,2484,71.43748442639892
pedrotaques,68,1,2485,71.45061937056575
robertaroma.ba,68,1,2486,71.46375431473258
eduandradebr,68,1,2487,71.4768892588994
jeanmendonca_,68,1,2488,71.49002420306624
claudioitavera,68,1,2489,71.50315914723306
pablobarrozo,68,1,2490,71.5162940913999
arthur_razec,68,1,2491,71.52942903556672
drjoaomartins.adv,68,1,2492,71.54256397973356
ortizjunior,68,1,2493,71.55569892390038
matteus.henrique13,68,1,2494,71.56883386806722
edersondeiro,68,1,2495,71.58196881223404
brunasantiagomt,68,1,2496,71.59510375640087
katiusciamanteli,68,1,2497,71.6082387005677
vicenteselistre,68,1,2498,71.62137364473453
drpitagoras,68,1,2499,71.63450858890135
edinho.araujo,68,1,2500,71.64764353306819
ederbublitz,68,1,2501,71.66077847723501
jerusadrummond,68,1,2502,71.67391342140185
cristianemoneta,68,1,2503,71.68704836556867
deputadogilbertoribeiro,67,1,2504,71.69999014879187
acucenapt,67,1,2505,71.71293193201508
deputada.analice,67,1,2506,71.72587371523828
requiaofilho,67,1,2507,71.73881549846148
marcoaurelioempreendedor,67,1,2508,71.75175728168468
doutorluizinho,67,1,2509,71.76469906490787
gabrielcarraraoficial,67,1,2510,71.77764084813107
giuargolo,67,1,2511,71.79058263135427
maiarafelicioo,67,1,2512,71.80352441457747
tonynhosantos99,67,1,2513,71.81646619780066
blogmanoelmedeiros,67,1,2514,71.82940798102386
aderaldo.pinto,67,1,2515,71.84234976424707
andiara.ferreiraadv,67,1,2516,71.85529154747027
amigoluizmoura,67,1,2517,71.86823333069347
eduardocuryoficial,67,1,2518,71.88117511391667
lucas_da_gazeta,67,1,2519,71.89411689713987
verlimg,67,1,2520,71.90705868036306
camilajarams,67,1,2521,71.92000046358626
renatabuenoitaliabr,67,1,2522,71.93294224680946
marcelinhocariocadf,67,1,2523,71.94588403003266
coronel.linaldo,67,1,2524,71.95882581325586
luis.pereira.costa,67,1,2525,71.97176759647907
leomendescabofrio,67,1,2526,71.98470937970227
guilhermemazerpg,67,1,2527,71.99765116292546
vitorlippi,67,1,2528,72.01059294614866
fernandodablueray,67,1,2529,72.02353472937186
andrebuenooficial,67,1,2530,72.03647651259506
adrianasouza.13,67,1,2531,72.04941829581826
pr_oseiasdemadureira,67,1,2532,72.06236007904145
pedrogamaitajuba,67,1,2533,72.07530186226465
capitawaleska,67,1,2534,72.08824364548785
soldadogerson,67,1,2535,72.10118542871106
solangealmeidaig,67,1,2536,72.11412721193426
nataliareisdf,67,1,2537,72.12706899515746
aecionevesoficial,67,1,2538,72.14001077838066
raphaelferris,67,1,2539,72.15295256160385
lidiamourac,67,1,2540,72.16589434482705
coroneltelhada,67,1,2541,72.17883612805025
luizclaudiodaagricultura,67,1,2542,72.19177791127345
liviaduartepsol,67,1,2543,72.20471969449665
joaocardosobrasilia,67,1,2544,72.21766147771986
richardsonvereador,67,1,2545,72.23060326094306
miguelduque_,67,1,2546,72.24354504416625
gustavovictorino,67,1,2547,72.25648682738945
vanessaeobicho,67,1,2548,72.26942861061265
leandrosorgatto,67,1,2549,72.28237039383585
fredrodriguesgo,67,1,2550,72.29531217705905
emmanuelnovaes,67,1,2551,72.30825396028224
lucasjean.sc,66,1,2552,72.32100258256182
dionisiolinsoficial,66,1,2553,72.33375120484139
mauricioabdalla.filosofia,66,1,2554,72.34649982712095
valdemardaconect,66,1,2555,72.35924844940052
alexbrazrio,66,1,2556,72.3719970716801
ariannecandido,66,1,2557,72.38474569395966
aldirjunior,66,1,2558,72.39749431623923
partidonovo30,66,1,2559,72.4102429385188
draraquelferreirapsol,66,1,2560,72.42299156079838
thiagoauricchio_,66,1,2561,72.43574018307794
claudiaoliveiraoficial,66,1,2562,72.44848880535751
weller_goncalves,66,1,2563,72.46123742763709
marciodafarmacia_oficial,66,1,2564,72.47398604991665
rodrigoipe,66,1,2565,72.48673467219622
delegadakarendf,66,1,2566,72.4994832944758
jairbittencourtoficial,66,1,2567,72.51223191675535
camasao50,66,1,2568,72.52498053903493
dedaclaudino,66,1,2569,72.5377291613145
francadf_,66,1,2570,72.55047778359406
mabeldecarvalho.adv,66,1,2571,72.56322640587364
mirianporto.rj,66,1,2572,72.57597502815321
anadogasoficial,66,1,2573,72.58872365043278
joryoeiras,66,1,2574,72.60147227271234
chrispereira.2025,66,1,2575,72.61422089499192
julianagaiosodireitapelobrasil,66,1,2576,72.62696951727149
josuepaiva_pa,66,1,2577,72.63971813955105
proflucienecavalcante,66,1,2578,72.65246676183062
samilapmt,66,1,2579,72.6652153841102
dr.lindonjonhson,66,1,2580,72.67796400638976
dra.aryelalmeida7070,66,1,2581,72.69071262866933
venissiusbarbosa,66,1,2582,72.7034612509489
flavianesantos.9,66,1,2583,72.71620987322848
flavioverasv7,66,1,2584,72.72895849550804
pauloechebarria,66,1,2585,72.74170711778761
dr.wanderlanquaresma,66,1,2586,72.75445574006719
dr.sandoval.ofc,66,1,2587,72.76720436234675
coroneledvanio,66,1,2588,72.77995298462632
betoricha,66,1,2589,72.7927016069059
depfabioreis,66,1,2590,72.80545022918545
marisol_santos,66,1,2591,72.81819885146503
filipemartinsto,66,1,2592,72.8309474737446
fernandaloubackrj,66,1,2593,72.84369609602417
maxferavereador,66,1,2594,72.85644471830373
dayseamarilio,66,1,2595,72.86919334058331
liviadechiquinho,66,1,2596,72.88194196286288
oliveiralima.al,66,1,2597,72.89469058514244
lianogueirams,66,1,2598,72.90743920742202
kaioagro,66,1,2599,72.92018782970159
deputadoarnaldomelo,66,1,2600,72.93293645198115
marcinhobelota,65,1,2601,72.9454919133171
deputadoeduardocunha,65,1,2602,72.95804737465303
aires_cida,65,1,2603,72.97060283598897
dudaeperes,65,1,2604,72.98315829732492
thomazhenriquesjc,65,1,2605,72.99571375866086
defensoraeloisahelena,65,1,2606,73.00826921999679
marizaalmeidabr,65,1,2607,73.02082468133273
felipecarmonacantera,65,1,2608,73.03338014266868
gutembergpfonseca,65,1,2609,73.04593560400461
maurosavioficial,65,1,2610,73.05849106534055
brunoganemsp,65,1,2611,73.0710465266765
thiagomariscal4530,65,1,2612,73.08360198801243
maranhao.arnaldo,65,1,2613,73.09615744934837
vanildabordieri,65,1,2614,73.10871291068432
alessandra_korap,65,1,2615,73.12126837202025
dracarolina_maia,65,1,2616,73.13382383335619
cafubarreto,65,1,2617,73.14637929469212
ruifalcao13,65,1,2618,73.15893475602807
chicorubenspaiva,65,1,2619,73.17149021736401
diegoalbarj,65,1,2620,73.18404567869995
brunodias.missao,65,1,2621,73.1966011400359
katiatornellioficial,65,1,2622,73.20915660137183
ciedosacolao,65,1,2623,73.22171206270777
janineborgessoares,65,1,2624,73.2342675240437
alipio.policarpo,65,1,2625,73.24682298537965
amanda.csi,65,1,2626,73.25937844671559
sonaira_sp,65,1,2627,73.27193390805152
joaopingarilho,65,1,2628,73.28448936938747
dreduardonobrega,65,1,2629,73.29704483072341
brunomarquescm,65,1,2630,73.30960029205934
mariliaaocontrario,65,1,2631,73.3221557533953
isajanemarcondes,65,1,2632,73.33471121473123
deputadamaracaseiro,65,1,2633,73.34726667606716
maesudenana.sp,65,1,2634,73.3598221374031
fabiooliveirapr,65,1,2635,73.37237759873905
fernando.postal,65,1,2636,73.38493306007499
serginhodopostooficial,65,1,2637,73.39748852141092
pedroponciosp,65,1,2638,73.41004398274687
viniciuscozzolino,65,1,2639,73.4225994440828
emanuelvenzo,65,1,2640,73.43515490541874
lucinha.mota,65,1,2641,73.44771036675468
eraldo.cb,65,1,2642,73.46026582809063
marinaracosta,65,1,2643,73.47282128942656
delegado.edgarsantana,65,1,2644,73.4853767507625
victordiaspa,65,1,2645,73.49793221209845
veronicalima_ve,65,1,2646,73.51048767343438
zeroberto_professor,65,1,2647,73.52304313477032
deputadoelmarnascimento,65,1,2648,73.53559859610627
lucasbarbosaa.adv,65,1,2649,73.5481540574422
vereadorppcell,65,1,2650,73.56070951877814
prefeitofredericojunior,65,1,2651,73.57326498011408
felipeleitaopb,65,1,2652,73.58582044145002
zeeduardomiranda,65,1,2653,73.59837590278596
cristianebrittooficial,65,1,2654,73.6109313641219
rafaalves_fael,65,1,2655,73.62348682545785
tabanezoficial,65,1,2656,73.63604228679378
osenhorsaldanha,64,1,2657,73.64840458718609
diogoschmitz,64,1,2658,73.6607668875784
peritatirotti,64,1,2659,73.67312918797072
rafaelsilvajroficial,64,1,2660,73.68549148836301
coronel__villa,64,1,2661,73.69785378875532
professor.tatuado,64,1,2662,73.71021608914764
kakasantos_se,64,1,2663,73.72257838953995
juliomendonca.ma,64,1,2664,73.73494068993226
atilanunesoficial,64,1,2665,73.74730299032457
deputado_antoniohenriquejr,64,1,2666,73.75966529071688
dr_thiago_duarte,64,1,2667,73.7720275911092
bennybriolly,64,1,2668,73.7843898915015
sergiomajeski,64,1,2669,73.7967521918938
eduardotorresbrasil,64,1,2670,73.80911449228611
drfernandomaximo007,64,1,2671,73.82147679267842
vereadormarcelowerner,64,1,2672,73.83383909307074
felipemabel,64,1,2673,73.84620139346305
gabrielcesarrn,64,1,2674,73.85856369385536
sergiokruke,64,1,2675,73.87092599424767
dr_wanderley,64,1,2676,73.88328829463998
adailfilho,64,1,2677,73.8956505950323
_joaomonteiro,64,1,2678,73.90801289542459
deputadaanapaula,64,1,2679,73.9203751958169
nilsonleitao,64,1,2680,73.93273749620921
samuelsalazar.pe,64,1,2681,73.94509979660153
jacigleicosta,64,1,2682,73.95746209699384
ricardoarruda.dep,64,1,2683,73.96982439738615
coronelpaganotto,64,1,2684,73.98218669777846
ivelizedobogo,64,1,2685,73.99454899817077
reporter_do_povao,64,1,2686,74.00691129856308
olivalmarques,64,1,2687,74.01927359895538
kellyanecalvet,64,1,2688,74.03163589934769
adilamariadf,64,1,2689,74.04399819974
tacisioogomes,64,1,2690,74.05636050013231
pitmagrin,64,1,2691,74.06872280052463
sikerajr,64,1,2692,74.08108510091694
elmovazoficial,64,1,2693,74.09344740130925
eloipietaoficial,64,1,2694,74.10580970170156
hiagostockmorandi,64,1,2695,74.11817200209387
juarezcostamt,64,1,2696,74.13053430248617
sarviapiracuruca,64,1,2697,74.14289660287848
izaiasregis,64,1,2698,74.15525890327079
pr.levidahora,64,1,2699,74.1676212036631
flaviaportelabsb,64,1,2700,74.17998350405541
betesiraque.13,64,1,2701,74.19234580444773
angelita_rodrigues_amorim,64,1,2702,74.20470810484004
leoloureiroal,64,1,2703,74.21707040523235
rigonifelipe,64,1,2704,74.22943270562466
moarasaboia,64,1,2705,74.24179500601696
annemoraesvereadora,64,1,2706,74.25415730640927
wilde.cambao,64,1,2707,74.26651960680158
rogeriaquaresma,64,1,2708,74.27888190719389
jadieldaconstrucao,64,1,2709,74.2912442075862
deputadopedrotavares,64,1,2710,74.30360650797851
joeldochurrasco,63,1,2711,74.31577564742719
flaviomantovani.oficial,63,1,2712,74.32794478687588
diegodantasmd,63,1,2713,74.34011392632455
fabianohorta_oficial,63,1,2714,74.35228306577324
rejannybraga,63,1,2715,74.36445220522191
joilsonbroedel_vereador,63,1,2716,74.3766213446706
sargentocarlossouza,63,1,2717,74.38879048411927
opolicialcantor,63,1,2718,74.40095962356796
onyxlorenzoni,63,1,2719,74.41312876301663
sandrapetitto,63,1,2720,74.42529790246532
anapaulamarra,63,1,2721,74.43746704191399
profdouglasgomes,63,1,2722,74.44963618136268
gilvandrooficial,63,1,2723,74.46180532081135
laizperrut,63,1,2724,74.47397446026004
alessandra_dovalle,63,1,2725,74.48614359970871
professorsivirino,63,1,2726,74.4983127391574
tripolioficial,63,1,2727,74.51048187860607
euandreleste,63,1,2728,74.52265101805476
adrianasousapiaui,63,1,2729,74.53482015750343
professoraritapt,63,1,2730,74.54698929695212
ivansilvavereador,63,1,2731,74.55915843640079
diariodorio,63,1,2732,74.57132757584948
dep.moisemarmarinho,63,1,2733,74.58349671529815
valdircolatto,63,1,2734,74.59566585474683
betofantinel,63,1,2735,74.60783499419551
pelizerdm,63,1,2736,74.62000413364419
guilhermemulato,63,1,2737,74.63217327309287
coronel_elizete,63,1,2738,74.64434241254155
daldeiaoreii,63,1,2739,74.65651155199023
ruisoarespalmeira,63,1,2740,74.66868069143891
guilhermepimentelbraga,63,1,2741,74.6808498308876
alexmanente,63,1,2742,74.69301897033627
matheusschilling,63,1,2743,74.70518810978496
fabiolapiaui,63,1,2744,74.71735724923363
neysantos_sp,63,1,2745,74.72952638868232
luciahelena.pm,63,1,2746,74.74169552813099
eliza_virginiasf,63,1,2747,74.75386466757968
jaciara.machuga,63,1,2748,74.76603380702835
webessa,63,1,2749,74.77820294647704
tenentecoronelmarques,63,1,2750,74.79037208592571
prflavioamaralofc,63,1,2751,74.8025412253744
yurifaropt,63,1,2752,74.81471036482307
mauriciodovolei,63,1,2753,74.82687950427176
simaradoprojetoresgate,63,1,2754,74.83904864372043
vivianecarvalhorj,63,1,2755,74.85121778316912
delegadocristiomario,63,1,2756,74.86338692261779
puyr_p,63,1,2757,74.87555606206648
rafaelribeirooficial,63,1,2758,74.88772520151515
pablosilvalira,63,1,2759,74.89989434096384
douglasguimaraesmg,63,1,2760,74.91206348041251
sucenacontadora,63,1,2761,74.9242326198612
fecurti13,63,1,2762,74.93640175930987
subtenente_mota,63,1,2763,74.94857089875856
allenpelopara,63,1,2764,74.96074003820723
garigatobh,63,1,2765,74.97290917765592
ofilipemenino,63,1,2766,74.9850783171046
adadantasboabaid,63,1,2767,74.99724745655327
ziza_carvalho_oficial,63,1,2768,75.00941659600196
gesiellessasg,63,1,2769,75.02158573545063
juniorcascaria,63,1,2770,75.03375487489932
marciocanellarj,63,1,2771,75.04592401434799
profakellsilva,63,1,2772,75.05809315379668
kaio_manicoba,62,1,2773,75.07006913230173
tadala2026,62,1,2774,75.08204511080677
deputadowellingtonjose,62,1,2775,75.09402108931182
marciorobertopb,62,1,2776,75.10599706781687
fernandocordeirosc,62,1,2777,75.11797304632192
matheuslimabraga,62,1,2778,75.12994902482697
professoradrianoto,62,1,2779,75.14192500333202
larissa_dias_,62,1,2780,75.15390098183708
brunaperissinotto_,62,1,2781,75.16587696034213
brunapessoama,62,1,2782,75.17785293884718
sargentocastrooficial,62,1,2783,75.18982891735223
polianagatinho,62,1,2784,75.20180489585728
jorgevianaacre,62,1,2785,75.21378087436233
leilafonsecapb,62,1,2786,75.22575685286738
thalithabarboza,62,1,2787,75.23773283137243
lelo.maia,62,1,2788,75.24970880987748
tenorinhomalta11,62,1,2789,75.26168478838252
pastorcleitoncollins,62,1,2790,75.27366076688757
depantoniopereira,62,1,2791,75.28563674539262
depgeorgeopassos,62,1,2792,75.29761272389769
alexsandrobonanca.pa,62,1,2793,75.30958870240273
queirozmfilho,62,1,2794,75.32156468090778
thiagobagatin,62,1,2795,75.33354065941283
drthiagogilleno,62,1,2796,75.34551663791788
jesusalvesamazonas,62,1,2797,75.35749261642293
opracinh4,62,1,2798,75.36946859492798
jean.kuhlmann,62,1,2799,75.38144457343303
thierrycupertino,62,1,2800,75.39342055193808
drcaseiro,62,1,2801,75.40539653044313
anaaffonso13,62,1,2802,75.41737250894818
nilce.bs,62,1,2803,75.42934848745323
jarbasfilho_,62,1,2804,75.44132446595827
araujoizac1813,62,1,2805,75.45330044446334
marcelolopes.dr,62,1,2806,75.46527642296839
franciscosalesfilho,62,1,2807,75.47725240147344
maragabrilli,62,1,2808,75.48922837997848
enilton_rodrigues,62,1,2809,75.50120435848353
sophiafechine.ce,62,1,2810,75.51318033698858
rogeriopiresamorim,62,1,2811,75.52515631549363
luizadoclezao,62,1,2812,75.53713229399868
eupimenta,62,1,2813,75.54910827250373
andrenogueiraofc,62,1,2814,75.56108425100878
defensor_steliodener,62,1,2815,75.57306022951383
eusouvitiello,62,1,2816,75.58503620801888
majorfabianadepfed,62,1,2817,75.59701218652394
brauliolaranovo,62,1,2818,75.60898816502899
deputadojorgeeverton,62,1,2819,75.62096414353404
gilbertomellooficial,62,1,2820,75.63294012203909
valdirmotopecas9,62,1,2821,75.64491610054414
sergiofernandesrio,62,1,2822,75.65689207904919
renataabreu.2020,62,1,2823,75.66886805755423
natalima.mt,62,1,2824,75.68084403605928
nunes13oficial,62,1,2825,75.69282001456433
nogueira.protetor,62,1,2826,75.70479599306938
lucianosilveirars,62,1,2827,75.71677197157443
lucianasviga,62,1,2828,75.72874795007948
nattannoliveira,62,1,2829,75.74072392858453
erikavonsohsten,62,1,2830,75.75269990708959
caduprofessor,62,1,2831,75.76467588559464
rebecamartins.bahia,62,1,2832,75.77665186409969
prianteoficial,61,1,2833,75.7884346816611
_eusouloreny,61,1,2834,75.80021749922253
samicoadriana,61,1,2835,75.81200031678395
celeni.viana,61,1,2836,75.82378313434536
pithon_35,61,1,2837,75.83556595190679
professordiegomaia,61,1,2838,75.84734876946821
julianafidelisoficial,61,1,2839,75.85913158702962
yomara_lins,61,1,2840,75.87091440459105
soudanielledovale,61,1,2841,75.88269722215247
drvicentecaropreso,61,1,2842,75.89448003971388
thiagoresiste,61,1,2843,75.90626285727531
thiagotdallagnol,61,1,2844,75.91804567483673
spoladorii,61,1,2845,75.92982849239814
wesley_suspencar,61,1,2846,75.94161130995957
dep.chico_mozart,61,1,2847,75.953394127521
drtedeschi,61,1,2848,75.96517694508242
barrosmunhoz,61,1,2849,75.97695976264383
brunoseccobr,61,1,2850,75.98874258020525
wilkerbarretoam,61,1,2851,76.00052539776668
robertoodesouza,61,1,2852,76.01230821532809
drarobertaacioly,61,1,2853,76.02409103288952
drceliolopes,61,1,2854,76.03587385045094
leongomesoficial,61,1,2855,76.04765666801235
pastordiniz.ad,61,1,2856,76.05943948557378
marcovinholi,61,1,2857,76.0712223031352
gabrielalessamg,61,1,2858,76.08300512069661
profsamuelsiebra,61,1,2859,76.09478793825804
dimascostars,61,1,2860,76.10657075581946
dimasdosreisribeiro,61,1,2861,76.11835357338087
zeadrianoac,61,1,2862,76.1301363909423
deputadadilvandafaro,61,1,2863,76.14191920850372
tayanegandra,61,1,2864,76.15370202606513
jornaldotocantins,61,1,2865,76.16548484362656
douglasviegas,61,1,2866,76.17726766118798
marcosgarcia.es,61,1,2867,76.1890504787494
dmgneto,61,1,2868,76.20083329631082
pauloopusdei,61,1,2869,76.21261611387224
jorgepozzobom,61,1,2870,76.22439893143365
joelcamppelo,61,1,2871,76.23618174899508
bernardiconservador,61,1,2872,76.2479645665565
deldanigarcia,61,1,2873,76.25974738411792
alessandrogborges,61,1,2874,76.27153020167934
raquelgallinati,61,1,2875,76.28331301924077
alessandrobroedel,61,1,2876,76.29509583680218
emersonfreitasoficial,61,1,2877,76.3068786543636
izadutrabr,61,1,2878,76.31866147192503
angelicaribeiroto,61,1,2879,76.33044428948644
alceu_moreira,61,1,2880,76.34222710704786
roninho.es,61,1,2881,76.35400992460929
arthurgurgeladv,61,1,2882,76.3657927421707
marina.helou,61,1,2883,76.37757555973212
nordestinadedireita,61,1,2884,76.38935837729355
lucasfolladoroficial,61,1,2885,76.40114119485497
lucasneves.sc,61,1,2886,76.41292401241638
ellenmiziara,61,1,2887,76.42470682997781
indiadonordeste78,61,1,2888,76.43648964753923
helioisaiaspi,61,1,2889,76.44827246510064
fabiodiasmacedo,61,1,2890,76.46005528266207
daviesmael,61,1,2891,76.4718381002235
inspetormarciosilva,61,1,2892,76.4836209177849
luizcanoagem,61,1,2893,76.49540373534633
marquimaraujooficial,61,1,2894,76.50718655290775
comandantenadia,61,1,2895,76.51896937046916
sirlansousa,61,1,2896,76.53075218803059
coronelmarreiros,61,1,2897,76.54253500559201
andredasclinicas.cx,61,1,2898,76.55431782315343
mendina_luciana,61,1,2899,76.56610064071485
fatimacleidept,61,1,2900,76.57788345827628
henriquedeoliveirasp,61,1,2901,76.58966627583769
kenia.vanusse,61,1,2902,76.60144909339911
robertorocha_ma,61,1,2903,76.61323191096054
capitaotelhada,61,1,2904,76.62501472852195
aavasantiago,60,1,2905,76.63660438513975
edevaldonevesoficial,60,1,2906,76.64819404175753
campos__oficial,60,1,2907,76.65978369837532
ailtondafarmacia,60,1,2908,76.67137335499311
renatopellizzari,60,1,2909,76.68296301161091
aharom,60,1,2910,76.6945526682287
felipeshowap,60,1,2911,76.70614232484648
felipealecrim.oficial,60,1,2912,76.71773198146428
bira.ubiratan_,60,1,2913,76.72932163808207
pr.zecarlosvieira,60,1,2914,76.74091129469986
simone.martini.sdi,60,1,2915,76.75250095131764
vandawitoto,60,1,2916,76.76409060793544
silviacunhapb,60,1,2917,76.77568026455323
vivianeluizams,60,1,2918,76.78726992117102
diogo.balieiro,60,1,2919,76.7988595777888
laisantiago,60,1,2920,76.8104492344066
karenrochamt,60,1,2921,76.82203889102439
fatypacheco79,60,1,2922,76.83362854764218
brenogaribalde,60,1,2923,76.84521820425996
leonardofrancarj,60,1,2924,76.85680786087777
delegadoamirsalmen,60,1,2925,76.86839751749555
ronaldofonseca.oficial,60,1,2926,76.87998717411334
eriksilva2,60,1,2927,76.89157683073114
depgilbertinho,60,1,2928,76.90316648734893
elicorreafilho,60,1,2929,76.91475614396671
marizearaujo_,60,1,2930,76.9263458005845
antonio_de_rueda,60,1,2931,76.9379354572023
carloshumbertobc,60,1,2932,76.94952511382009
annelagartixa,60,1,2933,76.96111477043787
tyagohoffmann,60,1,2934,76.97270442705566
deputadomarcinhooliveira,60,1,2935,76.98429408367346
lebrinhagislaine,60,1,2936,76.99588374029125
dra.merabemuniz,60,1,2937,77.00747339690903
eugenialima13,60,1,2938,77.01906305352684
alinesa_df,60,1,2939,77.03065271014462
paulocezar_oficial,60,1,2940,77.04224236676241
danielsoranz,60,1,2941,77.0538320233802
viniciusgurgel_,60,1,2942,77.065421679998
pedrozo.pr,60,1,2943,77.07701133661578
philippe_abner,60,1,2944,77.08860099323357
eusourobertinhodapadaria,60,1,2945,77.10019064985136
munirneto_,60,1,2946,77.11178030646916
lucascacula.pb,60,1,2947,77.12336996308694
gabrielbiologia,60,1,2948,77.13495961970473
monicacurynovo,60,1,2949,77.14654927632253
jarirpereirapsol,60,1,2950,77.15813893294032
deboracarvallhopi,60,1,2951,77.1697285895581
giordanaestrela_,60,1,2952,77.18131824617589
victorhugoforte,60,1,2953,77.19290790279369
adilsonespindula,60,1,2954,77.20449755941148
jeffersonlimadopovo,60,1,2955,77.21608721602927
davidbusarello,60,1,2956,77.22767687264705
onetodobrasil,60,1,2957,77.23926652926485
duartejrdu,60,1,2958,77.25085618588264
delegadopaulomavignier,60,1,2959,77.26244584250043
guto.resende,60,1,2960,77.27403549911823
helenodohospital,60,1,2961,77.28562515573601
deputadojoaobacelar,60,1,2962,77.2972148123538
juniormatutope,60,1,2963,77.30880446897159
depdrjoao,60,1,2964,77.32039412558939
joaquimrorizneto,60,1,2965,77.33198378220717
cristianelopesro,60,1,2966,77.34357343882496
alvinholira,60,1,2967,77.35516309544275
hassaniossef,60,1,2968,77.36675275206055
samukadatv,59,1,2969,77.37814924773471
claudioapolinario,59,1,2970,77.38954574340886
crisgemeasoficial,59,1,2971,77.40094223908302
rogerioandrade8,59,1,2972,77.41233873475718
estefanedf,59,1,2973,77.42373523043135
dinairveloso,59,1,2974,77.43513172610551
feinholocutor,59,1,2975,77.44652822177967
fabriciopetrianchieta,59,1,2976,77.45792471745384
fernandacordovasc,59,1,2977,77.46932121312798
mauricinhodesa,59,1,2978,77.48071770880215
vandamonteiroto,59,1,2979,77.49211420447631
dani.pato,59,1,2980,77.50351070015047
vereadora_catina_monteiro,59,1,2981,77.51490719582463
marimazzon_,59,1,2982,77.5263036914988
felipetroparj,59,1,2983,77.53770018717296
magdielbissaco.rs,59,1,2984,77.54909668284712
ribamarbandeirafilho,59,1,2985,77.56049317852127
eduardofurtado_rj,59,1,2986,77.57188967419543
lu.carminatti,59,1,2987,77.5832861698696
jaquelinesilvadf,59,1,2988,77.59468266554376
jerfesonyann,59,1,2989,77.60607916121792
vivianmendes.oficial,59,1,2990,77.61747565689208
ailtonlopespsol,59,1,2991,77.62887215256625
renatoloffi,59,1,2992,77.6402686482404
carlabaroni7,59,1,2993,77.65166514391456
felipecamozzato,59,1,2994,77.66306163958872
giltorresoficial,59,1,2995,77.67445813526288
_leandrobello,59,1,2996,77.68585463093704
deputadomarcosvieira,59,1,2997,77.6972511266112
antidiolunelli,59,1,2998,77.70864762228537
drgilmarjr,59,1,2999,77.72004411795953
joaodenadegi,59,1,3000,77.73144061363368
patrulhapetlacimarinho,59,1,3001,77.74283710930784
rosangeladonadon,59,1,3002,77.754233604982
erminiofelix,59,1,3003,77.76563010065617
decobatisti,59,1,3004,77.77702659633033
georgia.mendonca,59,1,3005,77.78842309200449
jessicamacaxeira,59,1,3006,77.79981958767866
depjefferson,59,1,3007,77.8112160833528
mariayvelonia,59,1,3008,77.82261257902697
marianafsartor,59,1,3009,77.83400907470113
marcelomaranata,59,1,3010,77.84540557037529
mariaarraes,59,1,3011,77.85680206604945
dep.coronel.armando,59,1,3012,77.86819856172362
ingridandradeoficial,59,1,3013,77.87959505739778
josimar22ma,59,1,3014,77.89099155307194
eduardozanattabc,59,1,3015,77.90238804874609
avante70,59,1,3016,77.91378454442025
eduardowpedrosa,59,1,3017,77.92518104009442
deboradeandradepalermo,59,1,3018,77.93657753576858
bernardochimrossi,59,1,3019,77.94797403144274
califejamil,59,1,3020,77.9593705271169
brunolorenzutti,59,1,3021,77.97076702279107
fabinho_gaspar,59,1,3022,77.98216351846521
filipegil.oficial,59,1,3023,77.99356001413938
ricardomuradma,59,1,3024,78.00495650981354
franciscobezerrasilva60,59,1,3025,78.0163530054877
joao.ricardo.pa,59,1,3026,78.02774950116186
anadelso_pereira,59,1,3027,78.03914599683603
trabuloneto.pi,59,1,3028,78.05054249251019
pastoraleiapelaes,59,1,3029,78.06193898818435
profviniciusmachado,59,1,3030,78.0733354838585
uedemmakuxi,59,1,3031,78.08473197953266
bolsonarodashopee.ofc,58,1,3032,78.0959353142632
capitaocarpeoficial,58,1,3033,78.10713864899373
robsonmiranda.oficial,58,1,3034,78.11834198372426
mcjennyreal,58,1,3035,78.12954531845479
sergiomotta10sc,58,1,3036,78.14074865318533
mazinhodosanjos,58,1,3037,78.15195198791585
talitacadeirante,58,1,3038,78.16315532264638
soufernandajuliana,58,1,3039,78.17435865737691
eduardodotenis,58,1,3040,78.18556199210744
alexisfonteyne30,58,1,3041,78.19676532683798
prof.geovanii_vieira,58,1,3042,78.2079686615685
simplicioaraujo,58,1,3043,78.21917199629904
alexdemadureira,58,1,3044,78.23037533102956
praclaudiabalbino,58,1,3045,78.2415786657601
deputado_vermelho,58,1,3046,78.25278200049063
sebastiaomrezende,58,1,3047,78.26398533522116
ritapassos,58,1,3048,78.27518866995169
coronelbusnello,58,1,3049,78.28639200468223
osmarfilhoma,58,1,3050,78.29759533941275
hmecabo,58,1,3051,78.30879867414329
marcos.beltrao,58,1,3052,78.32000200887381
garciadoskate,58,1,3053,78.33120534360434
plinio.valerio,58,1,3054,78.34240867833488
ulysses_moraes,58,1,3055,78.3536120130654
pdt_nacional,58,1,3056,78.36481534779594
paulomagalhaes.jr,58,1,3057,78.37601868252646
tovarcorreialima,58,1,3058,78.387222017257
sheyla_galba,58,1,3059,78.39842535198753
antoniopedrosooficial,58,1,3060,78.40962868671807
elidiane_lobato,58,1,3061,78.42083202144859
welingtoncamargo.gospel,58,1,3062,78.43203535617913
caiofranca_,58,1,3063,78.44323869090965
roseanedandan,58,1,3064,78.45444202564019
drjsantana,58,1,3065,78.46564536037071
dalbarretodeputado,58,1,3066,78.47684869510124
natalinotonysilv,58,1,3067,78.48805202983178
ulissesgoncalves.oficial,58,1,3068,78.4992553645623
ravanleao,58,1,3069,78.51045869929284
drafabianasoares,58,1,3070,78.52166203402336
alborghetti_filho,58,1,3071,78.5328653687539
drdavidrios,58,1,3072,78.54406870348443
antoniocdcg,58,1,3073,78.55527203821497
becalucena,58,1,3074,78.56647537294549
chrisestrelaa,58,1,3075,78.57767870767603
thiagoabrahim,58,1,3076,78.58888204240655
batistaecrasante,58,1,3077,78.60008537713709
romerolealferreira,58,1,3078,78.61128871186762
pattyparente,58,1,3079,78.62249204659814
joaorodriguessc,58,1,3080,78.63369538132868
neucimarfraga,58,1,3081,78.6448987160592
carla.ayres13,58,1,3082,78.65610205078974
jacksonvilarsp,58,1,3083,78.66730538552027
majorhugochristiani,58,1,3084,78.6785087202508
marciopacele,58,1,3085,78.68971205498133
vianasamuel,58,1,3086,78.70091538971187
zequeirozoficial,57,1,3087,78.71192556349877
majorvitorhugo,57,1,3088,78.72293573728567
deputadoroosevelt,57,1,3089,78.73394591107257
_heloisa_helena,57,1,3090,78.74495608485947
oficialsimaopeixoto,57,1,3091,78.75596625864637
juniordomacre,57,1,3092,78.76697643243327
delegadasheila,57,1,3093,78.77798660622017
joaomadison,57,1,3094,78.78899678000707
juliocamposmt,57,1,3095,78.80000695379397
luisa_canziani,57,1,3096,78.81101712758087
alanteixeiraosorio,57,1,3097,78.82202730136777
angelamalufcotia,57,1,3098,78.83303747515467
francofiorot,57,1,3099,78.84404764894157
alannleal_,57,1,3100,78.85505782272847
claudiaguerraudi,57,1,3101,78.86606799651538
coronelhemerson,57,1,3102,78.87707817030228
romerosalesfilho,57,1,3103,78.88808834408918
deplucianobispo,57,1,3104,78.89909851787608
rogeriofranco_sp,57,1,3105,78.91010869166298
drabiancambahiense,57,1,3106,78.92111886544988
euanapaulamendes,57,1,3107,78.93212903923678
mariaclaragfb,57,1,3108,78.94313921302368
wilsondesousa_,57,1,3109,78.95414938681058
heliorodrigues13,57,1,3110,78.96515956059748
rondopovo,57,1,3111,78.97616973438438
bordalopt,57,1,3112,78.98717990817129
manuellamattoss,57,1,3113,78.99819008195819
abr051,57,1,3114,79.00920025574509
gilcutrim,57,1,3115,79.02021042953199
deputadofranciscotenorio,57,1,3116,79.03122060331889
londresmachadoms,57,1,3117,79.04223077710579
daniel_fiscalpovo,57,1,3118,79.0532409508927
aurijunior13,57,1,3119,79.0642511246796
jorgefrederico,57,1,3120,79.0752612984665
carmensilvamstc,57,1,3121,79.0862714722534
dep.carlospimenta,57,1,3122,79.0972816460403
ovivianeoliveira,57,1,3123,79.1082918198272
lunazarattini,57,1,3124,79.1193019936141
andreiaxarao,57,1,3125,79.130312167401
jorielsonjbn,57,1,3126,79.1413223411879
gisellemarquesadvogada,57,1,3127,79.1523325149748
elizeumonteiro,57,1,3128,79.1633426887617
elianaestrelaoficial,57,1,3129,79.1743528625486
vinicios_betiol,57,1,3130,79.1853630363355
igorsantosparacatu,57,1,3131,79.1963732101224
matheuscarneiroofc,57,1,3132,79.2073833839093
valeska_furtado,57,1,3133,79.2183935576962
eulivianoronha,57,1,3134,79.2294037314831
leasobral,57,1,3135,79.24041390527
sandrafaraj,57,1,3136,79.25142407905692
capitaopmsouza,57,1,3137,79.26243425284382
jeancarlosroficial,57,1,3138,79.27344442663072
michelhenriquepb,57,1,3139,79.28445460041762
soulucianoalmeida,57,1,3140,79.29546477420452
xavierfazoficial,57,1,3141,79.30647494799142
ceciliamarquesivs,57,1,3142,79.31748512177832
cezarepastorello,57,1,3143,79.32849529556522
eduardofilho.ef,57,1,3144,79.33950546935212
delegadojonatas,57,1,3145,79.35051564313902
anibellineto,56,1,3146,79.3613326559823
ivanbaron,56,1,3147,79.37214966882556
cleitinhosenadormg,56,1,3148,79.38296668166883
danieldaorpas,56,1,3149,79.39378369451211
dani.acf,56,1,3150,79.40460070735537
vereadorcolemardasaborelle,56,1,3151,79.41541772019865
enzosamuel.ofc,56,1,3152,79.42623473304192
lucasredecker,56,1,3153,79.43705174588519
marcio.alecio.ac,56,1,3154,79.44786875872846
juniorferrarideputado,56,1,3155,79.45868577157174
acacioambrosini,56,1,3156,79.469502784415
deputadolucianoalves,56,1,3157,79.48031979725828
leonardotbortolin,56,1,3158,79.49113681010155
joaorenato.br,56,1,3159,79.50195382294481
ogabelem,56,1,3160,79.51277083578809
marcoantoniocabral,56,1,3161,79.52358784863137
delegado_marcus_vinicius,56,1,3162,79.53440486147463
lucianoamaralfilho,56,1,3163,79.5452218743179
mariana.rosadf,56,1,3164,79.55603888716117
gabimagsan,56,1,3165,79.56685590000444
shirleykrenak,56,1,3166,79.57767291284772
cristinamelreal,56,1,3167,79.58848992569098
lelo_couto,56,1,3168,79.59930693853426
alessandraferreiramt,56,1,3169,79.61012395137753
uaivittor,56,1,3170,79.6209409642208
lgrassmann,56,1,3171,79.63175797706407
pedrommatias13,56,1,3172,79.64257498990735
pedrotlimaoficial,56,1,3173,79.6533920027506
oficial_diegomiranda,56,1,3174,79.66420901559388
marcelosilvacampinas,56,1,3175,79.67502602843716
fredericodavilaoficial,56,1,3176,79.68584304128042
marussa.boldrin,56,1,3177,79.6966600541237
marliribeiromg,56,1,3178,79.70747706696697
dr.patrickmedrado,56,1,3179,79.71829407981024
alinerisisantos,56,1,3180,79.72911109265351
sheylli,56,1,3181,79.73992810549679
alinemunizrj,56,1,3182,79.75074511834005
socorroduarteribeiro,56,1,3183,79.76156213118333
fabioguedesgomes,56,1,3184,79.7723791440266
bernarditv,56,1,3185,79.78319615686986
joseluiz.jp,56,1,3186,79.79401316971314
professoranizio,56,1,3187,79.8048301825564
celsopansera,56,1,3188,79.81564719539968
cabobebeto,56,1,3189,79.82646420824295
makoyoficial,56,1,3190,79.83728122108622
resoldani,56,1,3191,79.84809823392949
bigakalahari,56,1,3192,79.85891524677277
samurai_cacador,56,1,3193,79.86973225961603
kerexu_oficial,56,1,3194,79.8805492724593
helviaparanagua,56,1,3195,79.89136628530258
viniciuscarvalhooficial,56,1,3196,79.90218329814584
jeancarlosoficial_,56,1,3197,79.91300031098912
artur.sargento,56,1,3198,79.9238173238324
abreujuniorce,56,1,3199,79.93463433667566
juditebotafogooficial,55,1,3200,79.94525818857531
julianamaciel_oficial,55,1,3201,79.95588204047495
manualves.ce,55,1,3202,79.96650589237458
valter_saraujo,55,1,3203,79.97712974427422
rafaelmiranda.caosemdono,55,1,3204,79.98775359617387
marangoni.oficial,55,1,3205,79.99837744807351
flavialancha,55,1,3206,80.00900129997315
rafaelrodrigopacheco,55,1,3207,80.01962515187279
dudasanchesba,55,1,3208,80.03024900377244
okaioguimaraes,55,1,3209,80.04087285567208
manato_es,55,1,3210,80.05149670757172
alexandregonrs,55,1,3211,80.06212055947135
albinosp30,55,1,3212,80.072744411371
wedersonlopes,55,1,3213,80.08336826327064
laisjordy,55,1,3214,80.09399211517028
diegoctvv,55,1,3215,80.10461596706992
tancredodossantos,55,1,3216,80.11523981896957
manuvieirasc,55,1,3217,80.12586367086921
concelima1,55,1,3218,80.13648752276885
euwagnerferreira,55,1,3219,80.14711137466848
igoralvarengaoficial,55,1,3220,80.15773522656814
evertonfelipe97,55,1,3221,80.16835907846777
huelmamedeiros,55,1,3222,80.17898293036741
drleonardoparagao,55,1,3223,80.18960678226705
professoronaldo,55,1,3224,80.2002306341667
edleusamesquita,55,1,3225,80.21085448606634
alexandra.gomes.farma,55,1,3226,80.22147833796598
bettega_,55,1,3227,80.23210218986561
reizinho.direita.social,55,1,3228,80.24272604176527
celita.toledo,55,1,3229,80.2533498936649
prifernandesadote,55,1,3230,80.26397374556454
antoniocarlosrodrigues.sp,55,1,3231,80.27459759746418
vereadorgemada,55,1,3232,80.28522144936383
gabrielaorttiz,55,1,3233,80.29584530126347
abimaelsantos.pernambuco,55,1,3234,80.3064691531631
paulinhodobonifacio,55,1,3235,80.31709300506274
dep_paulocorreajr,55,1,3236,80.3277168569624
dannilogodoy,55,1,3237,80.33834070886203
dep.tiririca,55,1,3238,80.34896456076167
sargentoneres,55,1,3239,80.35958841266131
danieltrzeciakrs,55,1,3240,80.37021226456095
ricardoarrudama,55,1,3241,80.3808361164606
sorayathronicke,55,1,3242,80.39145996836024
jorgearaujooficial,55,1,3243,80.40208382025988
dra.niseyamaguchi,55,1,3244,80.41270767215951
ledaborgesm,55,1,3245,80.42333152405917
samanthairis,55,1,3246,80.4339553759588
anapaulajunqueiraleao,55,1,3247,80.44457922785844
andersoncamposbr,55,1,3248,80.45520307975808
ricardoseidel,55,1,3249,80.46582693165773
ismaeldfoficial,55,1,3250,80.47645078355737
tulioarrudape,55,1,3251,80.487074635457
profrolopes,55,1,3252,80.49769848735664
enrico.misasi,55,1,3253,80.5083223392563
deputadoneilando,55,1,3254,80.51894619115593
prfrota,55,1,3255,80.52957004305557
juliocezaroficial01,55,1,3256,80.54019389495521
marciobinsely,55,1,3257,80.55081774685486
lucianodaluz,55,1,3258,80.5614415987545
advcorrea,55,1,3259,80.57206545065414
phbarroso45,54,1,3260,80.58249614161015
michelysiqueira,54,1,3261,80.59292683256616
wevertonrochasenador,54,1,3262,80.60335752352218
hissaabrahao,54,1,3263,80.61378821447819
afonso.riopardo,54,1,3264,80.62421890543419
maemanudaoxum,54,1,3265,80.6346495963902
viniciusbimpt,54,1,3266,80.64508028734622
rodrigodorado,54,1,3267,80.65551097830223
majoreldecirio,54,1,3268,80.66594166925825
arisaraiva.ro,54,1,3269,80.67637236021426
xandebarao.pe,54,1,3270,80.68680305117026
miguelpatriota22,54,1,3271,80.69723374212627
drmarcelmuscat,54,1,3272,80.70766443308229
cesarfilhopr,54,1,3273,80.7180951240383
raimundopimentel,54,1,3274,80.72852581499431
ederborgesbr,54,1,3275,80.73895650595033
lucascampelotocantins,54,1,3276,80.74938719690634
professordouglasizzo,54,1,3277,80.75981788786234
drsantanadgn,54,1,3278,80.77024857881835
claudioppinho,54,1,3279,80.78067926977437
euvaldeteferro,54,1,3280,80.79110996073038
luizinho.minas,54,1,3281,80.8015406516864
leopindoba,54,1,3282,80.81197134264241
albamonteiro.oficial,54,1,3283,80.82240203359841
sargentotaniaguerreiro,54,1,3284,80.83283272455442
andreamaralpb,54,1,3285,80.84326341551044
coronelchagas,54,1,3286,80.85369410646645
lucasramospe,54,1,3287,80.86412479742246
izabelurquizape,54,1,3288,80.87455548837848
wanderleyporto,54,1,3289,80.88498617933449
narciakelly,54,1,3290,80.89541687029049
natalia_rodriguescg,54,1,3291,80.9058475612465
anaeosviralatas,54,1,3292,80.91627825220252
drjeanfreire,54,1,3293,80.92670894315853
profjeronimogalvao,54,1,3294,80.93713963411454
jorgeakruger_,54,1,3295,80.94757032507056
depjorgefelippeneto,54,1,3296,80.95800101602656
paulobengtson,54,1,3297,80.96843170698257
rosangelareis.mg,54,1,3298,80.97886239793858
pati.salvacao,54,1,3299,80.9892930888946
eribertomedeirosfilho,54,1,3300,80.99972377985061
babi_dantas,54,1,3301,81.01015447080663
tercilioturini,54,1,3302,81.02058516176263
paulasoarescaravelas,54,1,3303,81.03101585271864
saraiva.cido,54,1,3304,81.04144654367465
lucianopereiraph,54,1,3305,81.05187723463067
dralucianamonteiro,54,1,3306,81.06230792558668
alvaroportope,54,1,3307,81.0727386165427
sandropimentelpsol,54,1,3308,81.08316930749871
mariadoceu.pe,54,1,3309,81.0935999984547
eriton.bercaco,54,1,3310,81.10403068941072
_emersonsilveira,54,1,3311,81.11446138036673
felipeduartenunes.se,54,1,3312,81.12489207132275
cristianebrasiloficial,54,1,3313,81.13532276227876
abmarinho,53,1,3314,81.14556029229114
keiladotoldo,53,1,3315,81.15579782230353
priscilacosta,53,1,3316,81.1660353523159
deputadojoaocampos,53,1,3317,81.17627288232829
vitorcastelliano,53,1,3318,81.18651041234067
dra.mayra.oficial,53,1,3319,81.19674794235304
esnarribeiro,53,1,3320,81.20698547236543
rodrigoarrais,53,1,3321,81.2172230023778
sargentoalan.adm,53,1,3322,81.2274605323902
profangelagarcia,53,1,3323,81.23769806240257
williamsanchesoficial,53,1,3324,81.24793559241496
jusmarioficial,53,1,3325,81.25817312242734
victor.antoun,53,1,3326,81.26841065243971
gersinhofilho,53,1,3327,81.2786481824521
marcelosubdojudo,53,1,3328,81.28888571246448
ananazare.adv,53,1,3329,81.29912324247687
claudiosorocaba,53,1,3330,81.30936077248924
anaportelams,53,1,3331,81.31959830250163
instrutordouglas,53,1,3332,81.32983583251401
del.brunolima,53,1,3333,81.3400733625264
airton.artus,53,1,3334,81.35031089253877
felipesantanapsd,53,1,3335,81.36054842255115
vivitobiasms,53,1,3336,81.37078595256354
tamirfelipe,53,1,3337,81.38102348257591
maykyvilaca,53,1,3338,81.3912610125883
juhliasantost,53,1,3339,81.40149854260068
matheus.sperry,53,1,3340,81.41173607261307
patriciamelobrasil,53,1,3341,81.42197360262544
tutinho.rdp,53,1,3342,81.43221113263783
netodopecem,53,1,3343,81.44244866265021
carolmolinaribr,53,1,3344,81.45268619266258
dep_adilsonbarrosobolsonarista,53,1,3345,81.46292372267497
leilanesabatini,53,1,3346,81.47316125268735
cacateixeira45,53,1,3347,81.48339878269974
eusoujulio.rj,53,1,3348,81.49363631271211
eupetalaoficial,53,1,3349,81.5038738427245
irmao.isma,53,1,3350,81.51411137273688
nimbarrosoduarte,53,1,3351,81.52434890274925
carlos.minc,53,1,3352,81.53458643276164
pedrocoutinhopb,53,1,3353,81.54482396277402
pedroalcantara.pi,53,1,3354,81.55506149278641
pedrofrancez,53,1,3355,81.56529902279878
salomao_augusto90,53,1,3356,81.57553655281117
brauliocflores,53,1,3357,81.58577408282355
dr_ronyrusso,53,1,3358,81.59601161283594
dra.taniasena,53,1,3359,81.60624914284831
jabaarruda,53,1,3360,81.61648667286069
weilaalmeida,53,1,3361,81.62672420287308
socorropimenteloficial,53,1,3362,81.63696173288545
lafayetteandrada,53,1,3363,81.64719926289784
oescobar_oficial,53,1,3364,81.65743679291022
vinicius.venades,53,1,3365,81.66767432292261
dionehashioka,53,1,3366,81.67791185293498
cesarbomfimoficial,53,1,3367,81.68814938294737
sejacaiocunha,53,1,3368,81.69838691295975
eliassantiagopt,53,1,3369,81.70862444297212
eliana.bayer,53,1,3370,81.71886197298451
delegadoguilhermedias,53,1,3371,81.72909950299689
julianipinzon45,53,1,3372,81.73933703300928
fellipeffonseca,53,1,3373,81.74957456302165
mcleozinhodorecifeoficial,53,1,3374,81.75981209303404
tininhobatistaoficial,53,1,3375,81.77004962304642
delegadolessape,53,1,3376,81.7802871530588
evandroaraujodf,53,1,3377,81.79052468307118
pablomuribeca,53,1,3378,81.80076221308356
hipolito_h2,53,1,3379,81.81099974309595
delegadohuggoce,53,1,3380,81.82123727310832
ronaldomansur.psol,53,1,3381,81.83147480312071
felipebrasileirorj,52,1,3382,81.84151917218946
deputado.eric,52,1,3383,81.85156354125822
felipecortezb,52,1,3384,81.86160791032697
sgt_jalyson,52,1,3385,81.87165227939572
cristiano.araujodf,52,1,3386,81.88169664846447
deputadomanuelrocha,52,1,3387,81.89174101753322
rafaelvazlopes,52,1,3388,81.90178538660197
deputadopauloguedes,52,1,3389,81.91182975567072
zanattajuliadeputada,52,1,3390,81.92187412473947
keilainps,52,1,3391,81.93191849380823
samuelcairesmg,52,1,3392,81.94196286287698
marionegromontejr,52,1,3393,81.95200723194573
gleidept13,52,1,3394,81.96205160101448
agentedias_serra,52,1,3395,81.97209597008323
danielacardosoficial,52,1,3396,81.98214033915198
luiza.boer,52,1,3397,81.99218470822073
pedroaihara,52,1,3398,82.00222907728948
susannadoval,52,1,3399,82.01227344635824
igrejabiscateriana_oficial,52,1,3400,82.02231781542699
depjairfariasoficial,52,1,3401,82.03236218449574
wilson_da_guarda,52,1,3402,82.04240655356449
alemaoklaus,52,1,3403,82.05245092263324
danielcfreitas,52,1,3404,82.06249529170199
paraibafeminina,52,1,3405,82.07253966077074
alexandreleite.sp,52,1,3406,82.08258402983951
danielvalenca.pe,52,1,3407,82.09262839890826
leonidioboucas,52,1,3408,82.10267276797701
delegadaanatarouco,52,1,3409,82.11271713704576
leonardo_grandini,52,1,3410,82.12276150611451
ulissesguimaraesborges,52,1,3411,82.13280587518327
ubirajarasompre,52,1,3412,82.14285024425202
gracieledaartetrigo,52,1,3413,82.15289461332077
gauchonafronteira,52,1,3414,82.16293898238952
marciorosaparana,52,1,3415,82.17298335145827
fronzadari,52,1,3416,82.18302772052702
thaysaventura,52,1,3417,82.19307208959577
lucianagenro,52,1,3418,82.20311645866452
netobatalhaoficial,52,1,3419,82.21316082773328
miriammelchiorioficial,52,1,3420,82.22320519680203
gerri.consoli,52,1,3421,82.23324956587078
deciolima,52,1,3422,82.24329393493953
geniltonlobaoo,52,1,3423,82.25333830400828
subtenentegonzagamg,52,1,3424,82.26338267307703
opropriokogos,52,1,3425,82.27342704214578
edisonfernandosp,52,1,3426,82.28347141121453
rodrigomammute,52,1,3427,82.29351578028329
machado_paola,52,1,3428,82.30356014935204
fabianabolsonarooficial,52,1,3429,82.31360451842079
betinhopintocoelho,52,1,3430,82.32364888748954
ramirorosario,52,1,3431,82.33369325655829
elberbatalha,52,1,3432,82.34373762562704
elcionebarbalho,52,1,3433,82.3537819946958
mirlamiranda,52,1,3434,82.36382636376456
odiariovictor,52,1,3435,82.37387073283331
evandroaugustors,52,1,3436,82.38391510190206
odemolidorsp,52,1,3437,82.39395947097081
osvaldolopescba,52,1,3438,82.40400384003956
wesleydias_ms,52,1,3439,82.41404820910832
drluisdohospital,52,1,3440,82.42409257817707
faissalcalil,52,1,3441,82.43413694724582
aryvanazzi13,52,1,3442,82.44418131631457
mandi.rebeldia,52,1,3443,82.45422568538332
camilagodoisp,52,1,3444,82.46427005445207
bombeiropiresvaz,52,1,3445,82.47431442352082
soldadoarruda,52,1,3446,82.48435879258957
wandersonnogueira,52,1,3447,82.49440316165833
lara_cleusa,52,1,3448,82.50444753072708
artidorsoaresoficial,52,1,3449,82.51449189979583
oficialluizlima,52,1,3450,82.52453626886458
micaldamasceno,52,1,3451,82.53458063793333
deputado_juniornascimentoba,52,1,3452,82.54462500700208
renatocozzolino_,52,1,3453,82.55466937607083
majorelitusalemrj,52,1,3454,82.56471374513958
procuradormauro,52,1,3455,82.57475811420834
deputadobacelar,52,1,3456,82.58480248327709
cristianoberaldobr,51,1,3457,82.59465369140221
_daniellimaam,51,1,3458,82.60450489952734
kleidevalente,51,1,3459,82.61435610765245
najaracosta_,51,1,3460,82.62420731577758
ronaldodimastocantins,51,1,3461,82.6340585239027
euzebiolago,51,1,3462,82.64390973202782
claudio_cirurgiao,51,1,3463,82.65376094015295
nelsinho_ruas,51,1,3464,82.66361214827806
marcelatropia,51,1,3465,82.67346335640319
guardajaniodf,51,1,3466,82.68331456452832
delegadolaercioc,51,1,3467,82.69316577265343
tiajodopovo,51,1,3468,82.70301698077856
netokarfanoficial,51,1,3469,82.71286818890367
antoniorabeloma,51,1,3470,82.7227193970288
luiscarlosgomesrj,51,1,3471,82.73257060515392
penelopevfrosa,51,1,3472,82.74242181327904
grazidoagrors,51,1,3473,82.75227302140416
amaronetotv,51,1,3474,82.76212422952929
vereadordrviniciuspires,51,1,3475,82.7719754376544
patricia.delai,51,1,3476,82.78182664577953
pekelmon,51,1,3477,82.79167785390466
thiagoganem.mg,51,1,3478,82.80152906202977
giorgiaprates.mandata,51,1,3479,82.8113802701549
gustavosebba,51,1,3480,82.82123147828001
drapriscilafelix,51,1,3481,82.83108268640514
ricardodegulu,51,1,3482,82.84093389453027
ricardodakaroloficial,51,1,3483,82.85078510265538
fabrizioferraz,51,1,3484,82.8606363107805
joeliopereira.oficial,51,1,3485,82.87048751890563
joaodaluzvereador,51,1,3486,82.88033872703075
doutorleonidaspr,51,1,3487,82.89018993515587
sueleigoncalves,51,1,3488,82.90004114328099
olimpioaraujojr,51,1,3489,82.90989235140611
deboraguedesofc,51,1,3490,82.91974355953124
bertolucci_br,51,1,3491,82.92959476765635
paulolitro,51,1,3492,82.93944597578148
marinorpsol,51,1,3493,82.94929718390661
thalesgabrielsp,51,1,3494,82.95914839203172
texwilleroficial,51,1,3495,82.96899960015685
soudyegopereira,51,1,3496,82.97885080828196
luanaribeiroto,51,1,3497,82.98870201640709
waguin244_ofc,51,1,3498,82.99855322453222
oficialigortimo,51,1,3499,83.00840443265733
jaquemedeirospt,51,1,3500,83.01825564078246
liviaalvarope,51,1,3501,83.02810684890758
marquinhomendesrj,51,1,3502,83.0379580570327
dr.diogofranco,51,1,3503,83.04780926515782
andrejanones,51,1,3504,83.05766047328295
ivopinheiro1,51,1,3505,83.06751168140806
carolinasiebra,51,1,3506,83.07736288953319
tedcontioficial,51,1,3507,83.0872140976583
delegada_olivia_fonseca,51,1,3508,83.09706530578343
valdirtrindade,51,1,3509,83.10691651390856
sidaoformiga,51,1,3510,83.11676772203367
spsandrasantana,51,1,3511,83.1266189301588
andrefagundes.oficial,51,1,3512,83.13647013828393
foguinho.midia,51,1,3513,83.14632134640904
kalynka.meirelles,51,1,3514,83.15617255453417
deputadomaurici,51,1,3515,83.16602376265928
juliaopuski,51,1,3516,83.1758749707844
brunowellington.com.br,51,1,3517,83.18572617890953
alexandrefleming_,51,1,3518,83.19557738703465
alexandredosindicato,51,1,3519,83.20542859515977
gabiongproteger,51,1,3520,83.2152798032849
isaacvenerandooficial,51,1,3521,83.22513101141001
dryurialesi,51,1,3522,83.23498221953514
jmonteirosc,51,1,3523,83.24483342766025
andrequintaopt,51,1,3524,83.25468463578538
profashirleyalves,51,1,3525,83.26453584391051
edmilsonfonsecafilho,51,1,3526,83.27438705203562
marcone_55,51,1,3527,83.28423826016075
drmauronazif_,50,1,3528,83.29389630734224
antoniogomide,50,1,3529,83.30355435452373
rafadehildecio,50,1,3530,83.31321240170523
marceloortegasp,50,1,3531,83.32287044888672
diogohutt,50,1,3532,83.3325284960682
deputadorodrigominotto,50,1,3533,83.3421865432497
delegado.matheuslaiola,50,1,3534,83.3518445904312
mulheresqueedificammulheres,50,1,3535,83.36150263761269
ranierypaulino,50,1,3536,83.37116068479418
rozenha,50,1,3537,83.38081873197567
ricardozampieri22,50,1,3538,83.39047677915717
zeluizvelloso,50,1,3539,83.40013482633866
gustavodapopular,50,1,3540,83.40979287352015
nicolaujunioroficial,50,1,3541,83.41945092070164
fabioaraujoac,50,1,3542,83.42910896788312
iarahausmann.oficial,50,1,3543,83.43876701506463
wesleycezaroficial,50,1,3544,83.44842506224612
marcelopierreoficial,50,1,3545,83.4580831094276
danielliandradez,50,1,3546,83.4677411566091
raminhobigfield,50,1,3547,83.4773992037906
callaiandre,50,1,3548,83.48705725097209
depprofessorcleiton,50,1,3549,83.49671529815357
carolresque,50,1,3550,83.50637334533506
depsargentolima,50,1,3551,83.51603139251655
depwagnerneto,50,1,3552,83.52568943969806
juniorrodriguessp,50,1,3553,83.53534748687954
zezinhobotafogo,50,1,3554,83.54500553406103
simoneandrade.sc,50,1,3555,83.55466358124252
katiabacelar.oficial,50,1,3556,83.56432162842403
zetrovaodeputado,50,1,3557,83.57397967560551
hcwanderley,50,1,3558,83.583637722787
sarazara332,50,1,3559,83.59329576996849
alcy.pinheiro,50,1,3560,83.60295381714998
juniorviana.ma,50,1,3561,83.61261186433148
stellabraga.sp,50,1,3562,83.62226991151297
gaby.brasilia,50,1,3563,83.63192795869446
salvino.oliveira,50,1,3564,83.64158600587595
alcidesfernandes,50,1,3565,83.65124405305745
mariareginablumenau,50,1,3566,83.66090210023894
bethpelaes,50,1,3567,83.67056014742043
brunnomattos13,50,1,3568,83.68021819460192
walterpinheirosoul,50,1,3569,83.68987624178342
vlamirgoulart,50,1,3570,83.69953428896491
davidbrsoares,50,1,3571,83.7091923361464
rodrigoschroder,50,1,3572,83.71885038332789
odairtramontin,50,1,3573,83.72850843050938
alexandre_abelharj,50,1,3574,83.73816647769088
tecanelma,50,1,3575,83.74782452487237
deniancc,50,1,3576,83.75748257205386
annapaula_agro,50,1,3577,83.76714061923535
lucianobuligon,50,1,3578,83.77679866641685
professorabarbaraoficial,50,1,3579,83.78645671359834
resgatesdolaiola,50,1,3580,83.79611476077983
mauro_benevidesfilho,50,1,3581,83.80577280796132
anacarolinaoliveira_oficial,50,1,3582,83.81543085514281
du.cazellato,50,1,3583,83.82508890232431
matos.vanice,50,1,3584,83.8347469495058
cleirbrandao,50,1,3585,83.84440499668729
drhenriquepaes,50,1,3586,83.85406304386878
josenildoap_,50,1,3587,83.86372109105028
cleberverde,50,1,3588,83.87337913823177
marcelcarone,50,1,3589,83.88303718541326
delegadaliavalechi,50,1,3590,83.89269523259475
leandrocesar.oficial,50,1,3591,83.90235327977624
danieldobem,50,1,3592,83.91201132695774
nelsonhossri,50,1,3593,83.92166937413923
avictoriagallo,50,1,3594,83.93132742132072
professorjoziel,50,1,3595,83.9409854685022
luizmestico,50,1,3596,83.95064351568371
agoraatual,50,1,3597,83.9603015628652
luciarosimbispa,50,1,3598,83.96995961004669
ceciliarochaalagoas,50,1,3599,83.97961765722818
isnaldobulhoes,50,1,3600,83.98927570440968
decinho.oficial,50,1,3601,83.99893375159117
delegada_patriciaaguiar,50,1,3602,84.00859179877266
mariojunior.novo,50,1,3603,84.01824984595414
alinecaputi,50,1,3604,84.02790789313563
fabriciooliveirabc,50,1,3605,84.03756594031714
sargentolau,50,1,3606,84.04722398749863
bateraeberson,50,1,3607,84.05688203468011
vetermartins,49,1,3608,84.06634692091798
ksarindep,49,1,3609,84.07581180715584
aluisiomendesma,49,1,3610,84.08527669339371
gutoschiavetto,49,1,3611,84.09474157963156
jrdublevindiesel,49,1,3612,84.10420646586942
claudioferreira_df,49,1,3613,84.11367135210729
dinalvaferreiraoficial,49,1,3614,84.12313623834515
willianrochapr,49,1,3615,84.13260112458302
moanavaladares,49,1,3616,84.14206601082087
drsilmarregiscamarini,49,1,3617,84.15153089705873
emidinhomadeira,49,1,3618,84.1609957832966
joaosalameoficial,49,1,3619,84.17046066953446
afonsohamm,49,1,3620,84.17992555577233
gracianosais,49,1,3621,84.1893904420102
luizgamabsb,49,1,3622,84.19885532824804
leninhamoc13,49,1,3623,84.20832021448591
guerinobalestrassi,49,1,3624,84.21778510072377
gleidsonazevedovmj,49,1,3625,84.22724998696164
gleitonsantanaoficial,49,1,3626,84.2367148731995
catarinaguerrarr,49,1,3627,84.24617975943737
luizomarpinheiro,49,1,3628,84.25564464567522
michelly.alencarneves,49,1,3629,84.26510953191308
overissimo1,49,1,3630,84.27457441815095
neiapavanni_,49,1,3631,84.28403930438881
netinhoguimaraes.se,49,1,3632,84.29350419062668
raissaprotetora,49,1,3633,84.30296907686453
advogadowarley,49,1,3634,84.3124339631024
thiaguinhosilva_itapevi,49,1,3635,84.32189884934026
luthrebelopa,49,1,3636,84.33136373557812
ricardoholzoficial,49,1,3637,84.34082862181599
igordominguez,49,1,3638,84.35029350805385
christiannecoelho_,49,1,3639,84.3597583942917
luciomosquini,49,1,3640,84.36922328052957
melcafariaspb,49,1,3641,84.37868816676743
reginaldo.veras,49,1,3642,84.3881530530053
oreidospitbulls,49,1,3643,84.39761793924316
profjeangrafia,49,1,3644,84.40708282548101
lucianodrum,49,1,3645,84.41654771171888
covattifilho,49,1,3646,84.42601259795674
jaironaarea,49,1,3647,84.4354774841946
fernando.krelling,49,1,3648,84.44494237043247
eduribeiroac,49,1,3649,84.45440725667034
flaviaberthier,49,1,3650,84.46387214290819
thammymiranda,49,1,3651,84.47333702914605
valtenirpereiraoficial,49,1,3652,84.48280191538392
generalpeternelli,49,1,3653,84.49226680162178
felipejuliani.parana,49,1,3654,84.50173168785965
alexandreisquierdo,49,1,3655,84.51119657409751
andremaldonadooficial,49,1,3656,84.52066146033536
tcadrianasales,49,1,3657,84.53012634657323
emanuelacrizio,49,1,3658,84.53959123281109
carlaodafox,49,1,3659,84.54905611904896
vanessafortesoficial,49,1,3660,84.55852100528682
megdobraspsol,49,1,3661,84.56798589152467
joao.paulosegundo,49,1,3662,84.57745077776254
viviliraa_,49,1,3663,84.5869156640004
flaviapstu,49,1,3664,84.59638055023827
eduardocosta__,49,1,3665,84.60584543647613
teresabritto_,49,1,3666,84.615310322714
renato.mirandarj,49,1,3667,84.62477520895185
elizandrosabino,49,1,3668,84.63424009518971
jefersonbritorn,49,1,3669,84.64370498142758
capitakarol,49,1,3670,84.65316986766544
capitaoassis,49,1,3671,84.6626347539033
walterlfcavalcante,49,1,3672,84.67209964014116
brunoacbc,49,1,3673,84.68156452637902
mariarosas.oficial,49,1,3674,84.69102941261688
andreguesser,49,1,3675,84.70049429885475
chicadoeskudlark,49,1,3676,84.70995918509261
julianodacampestre,49,1,3677,84.71942407133048
salvejorge.df,49,1,3678,84.72888895756833
natowerlang,49,1,3679,84.7383538438062
estercarvalhooficial_,49,1,3680,84.74781873004406
naligiaraquel,48,1,3681,84.75709045533829
arnaldojrmt,48,1,3682,84.76636218063253
marinaldocardoso,48,1,3683,84.77563390592675
lucaslasmarmg,48,1,3684,84.784905631221
valeriapettersen,48,1,3685,84.79417735651522
capitaowagnersousa,48,1,3686,84.80344908180946
eduardocostajornalista,48,1,3687,84.81272080710369
yvisoliveira_14,48,1,3688,84.82199253239791
acarolprofessora,48,1,3689,84.83126425769215
juniorvelosooo,48,1,3690,84.84053598298638
ysanireal,48,1,3691,84.84980770828062
alinecastromg,48,1,3692,84.85907943357485
alexandreleprevost,48,1,3693,84.86835115886907
prof_heidkarla,48,1,3694,84.87762288416332
darlamuniz2026,48,1,3695,84.88689460945754
mauriciopeixer,48,1,3696,84.89616633475178
matheusserafimmma,48,1,3697,84.90543806004601
romulorippa,48,1,3698,84.91470978534025
tenente_bahia87,48,1,3699,84.92398151063448
marlonreisadv,48,1,3700,84.9332532359287
flaviobrasileiro_,48,1,3701,84.94252496122294
dr.leoberth,48,1,3702,84.95179668651717
eduardoalencar.oficial,48,1,3703,84.96106841181141
tenobio.oficial,48,1,3704,84.97034013710564
wagnertavaresrj,48,1,3705,84.97961186239986
veraaguiareng,48,1,3706,84.9888835876941
rianpereira,48,1,3707,84.99815531298833
paulatitan,48,1,3708,85.00742703828257
gilson.marques.novo,48,1,3709,85.0166987635768
pepedaliberdade,48,1,3710,85.02597048887104
rafaelmarracn,48,1,3711,85.03524221416527
gislainebritoms,48,1,3712,85.04451393945949
faustao_2024,48,1,3713,85.05378566475373
dep.sorayasantos,48,1,3714,85.06305739004796
brenomendesadv,48,1,3715,85.0723291153422
gilbertofigueiredo,48,1,3716,85.08160084063643
sandydepaulamt,48,1,3717,85.09087256593065
taguadadepre,48,1,3718,85.1001442912249
deputadaceliajordao,48,1,3719,85.10941601651912
ozieloficiall,48,1,3720,85.11868774181336
clariceganemsp,48,1,3721,85.12795946710759
igorbaimapsol,48,1,3722,85.13723119240183
pastoranistaldo,48,1,3723,85.14650291769605
luizramosfilho.rj,48,1,3724,85.15577464299028
cayoalbino,48,1,3725,85.16504636828452
raphamota,48,1,3726,85.17431809357875
ericdouglasrs,48,1,3727,85.18358981887299
rafaeltiradentesmdb,48,1,3728,85.19286154416722
negode034,48,1,3729,85.20213326946144
nayane.mousquer,48,1,3730,85.21140499475568
padre.pedrobaldissera,48,1,3731,85.22067672004991
depmarcusvinicius,48,1,3732,85.22994844534415
deputada_elysantos,48,1,3733,85.23922017063838
raulmarcelooficial,48,1,3734,85.24849189593262
deputadocharlesbento,48,1,3735,85.25776362122684
delegadocleverfarias,48,1,3736,85.26703534652107
delegadopablo,48,1,3737,85.27630707181531
gildobaleia,48,1,3738,85.28557879710954
betojordaoal,48,1,3739,85.29485052240378
jmillergomes,48,1,3740,85.304122247698
fabriciaferreiraof,48,1,3741,85.31339397299223
paulinhomendonca,48,1,3742,85.32266569828647
joaomarcelomissao,48,1,3743,85.3319374235807
joaoigorcarvalhoo,48,1,3744,85.34120914887494
andrezaoliveira.pe,47,1,3745,85.35028771322554
sertanejoufc,47,1,3746,85.35936627757614
brunozancheta,47,1,3747,85.36844484192675
brunolamases,47,1,3748,85.37752340627735
sargentoneri,47,1,3749,85.38660197062795
deputadocarlosmacedo,47,1,3750,85.39568053497855
wellingtonvilasefavelas,47,1,3751,85.40475909932915
simeyzon,47,1,3752,85.41383766367976
pralexgoncalves,47,1,3753,85.42291622803036
cilenecouto,47,1,3754,85.43199479238096
zevitormg,47,1,3755,85.44107335673156
depzecarlospt,47,1,3756,85.45015192108217
zereisoficial,47,1,3757,85.45923048543277
capitaomosart,47,1,3758,85.46830904978337
hiltonaguiaar,47,1,3759,85.47738761413397
christonietto,47,1,3760,85.48646617848458
drlourivallobo,47,1,3761,85.49554474283518
josiasdasaude,47,1,3762,85.50462330718578
syer.rodrigues,47,1,3763,85.51370187153638
holderlinsilva1,47,1,3764,85.52278043588699
mouraoacre,47,1,3765,85.53185900023759
naitongama1330,47,1,3766,85.54093756458819
muciobotelho,47,1,3767,85.5500161289388
drajanepanta,47,1,3768,85.5590946932894
heraldotrento,47,1,3769,85.56817325764
allan_miranda__,47,1,3770,85.5772518219906
depeduardodertins,47,1,3771,85.5863303863412
penelopebelitardo,47,1,3772,85.5954089506918
pelaes.vitoria,47,1,3773,85.60448751504241
thiagokodama,47,1,3774,85.61356607939301
mazzei.victor,47,1,3775,85.62264464374361
luismirandausa,47,1,3776,85.63172320809421
alinetorressp,47,1,3777,85.64080177244482
pauladovolei,47,1,3778,85.64988033679542
alexandreayres,47,1,3779,85.65895890114602
deputadofrancismar,47,1,3780,85.66803746549662
flavialouzadapm,47,1,3781,85.67711602984723
pedroduarterio,47,1,3782,85.68619459419783
emanuelpinheironeto,47,1,3783,85.69527315854843
bergue_junior,47,1,3784,85.70435172289903
criadoaerorancho,47,1,3785,85.71343028724964
marrom_alcione,47,1,3786,85.72250885160024
deborasantanaba,47,1,3787,85.73158741595084
juninho.pr_,47,1,3788,85.74066598030144
janainabarcelosm,47,1,3789,85.74974454465205
dravania_viana,47,1,3790,85.75882310900265
valdemirmedeirosoficial,47,1,3791,85.76790167335325
tequilatleta,47,1,3792,85.77698023770385
soujoaopaulorillo,47,1,3793,85.78605880205446
charlles.batista,47,1,3794,85.79513736640506
marcelomonteiro.ls,47,1,3795,85.80421593075566
priscilaromano,47,1,3796,85.81329449510626
14luizfranca,47,1,3797,85.82237305945687
cidoniogoncalves,47,1,3798,85.83145162380747
guilhermelivoti,47,1,3799,85.84053018815807
cabodiegomg,47,1,3800,85.84960875250867
faynaramerege,47,1,3801,85.85868731685927
vanessabotam,47,1,3802,85.86776588120988
bhmouraoficial,47,1,3803,85.87684444556048
felipesanchessilva,47,1,3804,85.88592300991108
tonycarlosuberaba,47,1,3805,85.89500157426168
dryagotorres,47,1,3806,85.90408013861229
marciusmachado,47,1,3807,85.91315870296289
denistorquato_,47,1,3808,85.92223726731349
danilo_alvarengaf,47,1,3809,85.93131583166411
prefeitoleonardomenezes,46,1,3810,85.94020123507107
prefeitaceliasales,46,1,3811,85.94908663847805
sgt_martins_14,46,1,3812,85.95797204188501
katiabchaves,46,1,3813,85.96685744529199
marcusviniciusrgs,46,1,3814,85.97574284869897
heitor_ferrer77,46,1,3815,85.98462825210594
delegadoeduardoprado,46,1,3816,85.99351365551291
luanaferrazoficial_,46,1,3817,86.00239905891988
dr.igorparente,46,1,3818,86.01128446232686
psdboficial,46,1,3819,86.02016986573383
tc_michello,46,1,3820,86.0290552691408
taylaperes,46,1,3821,86.03794067254778
depcleitoncardoso,46,1,3822,86.04682607595474
bellaccarmelo,46,1,3823,86.05571147936172
nilsonoabencoado,46,1,3824,86.0645968827687
rodrigocadeirante,46,1,3825,86.07348228617566
duduronalsa,46,1,3826,86.08236768958264
dep_vitorbonfim,46,1,3827,86.0912530929896
lourenco50100,46,1,3828,86.10013849639658
samuel90prefeito,46,1,3829,86.10902389980356
val.ceasa,46,1,3830,86.11790930321052
jailmacarvalhopb,46,1,3831,86.1267947066175
rodrigofurtado.adv,46,1,3832,86.13568011002447
rafael.angeli,46,1,3833,86.14456551343144
chiconogueira013,46,1,3834,86.15345091683842
agessicaferreira,46,1,3835,86.16233632024539
lucianahorta.br,46,1,3836,86.17122172365237
lucianabbuck,46,1,3837,86.18010712705934
mauricioconti.ro,46,1,3838,86.18899253046631
thaysalippy,46,1,3839,86.19787793387329
thaynah.leal,46,1,3840,86.20676333728025
joaomartinsbrusque,46,1,3841,86.21564874068723
gilmarnascimentoam,46,1,3842,86.2245341440942
luisfernandorosa_,46,1,3843,86.23341954750117
emersonmaasoficial,46,1,3844,86.24230495090815
neuzarufatto,46,1,3845,86.25119035431511
meninadabotaoficial,46,1,3846,86.26007575772209
luciano_cartaxo,46,1,3847,86.26896116112907
brenadianna,46,1,3848,86.27784656453603
prof.reginaldopacheco,46,1,3849,86.28673196794301
matheussimoes.pr,46,1,3850,86.29561737134998
vereadora.vanessadebortoli,46,1,3851,86.30450277475695
penhabernardesoficial,46,1,3852,86.31338817816393
cancaofamoso,46,1,3853,86.3222735815709
indianaraesiqueira,46,1,3854,86.33115898497788
leliosjm_oficial,46,1,3855,86.34004438838484
guilhermebianco65,46,1,3856,86.34892979179182
guilherme.ubiali,46,1,3857,86.3578151951988
jose_eustaquio_advogado,46,1,3858,86.36670059860576
robertojustus,46,1,3859,86.37558600201274
eusouwilsonsoler,46,1,3860,86.3844714054197
raphaelamoraes9,46,1,3861,86.39335680882668
amandasouzadelegada,46,1,3862,86.40224221223366
draglauciaaraujo,46,1,3863,86.41112761564062
enoscostaferreira,46,1,3864,86.4200130190476
fabiarichter,46,1,3865,86.42889842245458
fabionunes.perfiloficial,46,1,3866,86.43778382586154
larissacostadp,46,1,3867,86.44666922926852
advdanielasilva,46,1,3868,86.45555463267549
cleitinhominasespuma,46,1,3869,86.46444003608246
moisespalestras,46,1,3870,86.47332543948944
ronicamardelly,46,1,3871,86.48221084289641
pastorsargentoisidorio,46,1,3872,86.49109624630339
richi.atila,46,1,3873,86.49998164971035
murillogouvea.rj,46,1,3874,86.50886705311733
fabaovereador,46,1,3875,86.5177524565243
dianeperinazzo,46,1,3876,86.52663785993127
cicerocavalcante15,46,1,3877,86.53552326333825
keilasanchesoficial,46,1,3878,86.54440866674521
victorjansendf,46,1,3879,86.55329407015219
bonekajaiba,46,1,3880,86.56217947355917
deputadorodrigomoraes,46,1,3881,86.57106487696613
junioruiosoficial,46,1,3882,86.57995028037311
carolmarquez.100,46,1,3883,86.58883568378008
capitaodilsoncastro,45,1,3884,86.59752792624343
alvaro.jeronymo,45,1,3885,86.60622016870677
chrispuppi,45,1,3886,86.61491241117011
karin.camargo_,45,1,3887,86.62360465363345
juliobolfe,45,1,3888,86.63229689609679
julianacurvelo.oz,45,1,3889,86.64098913856014
monicavallone,45,1,3890,86.64968138102348
delegadobernardoleal,45,1,3891,86.65837362348682
kevinhodomorro13,45,1,3892,86.66706586595016
guilhermer.lopes,45,1,3893,86.67575810841352
rafaelsaraivasp,45,1,3894,86.68445035087686
ricardomaia.oficial,45,1,3895,86.6931425933402
luogawaoficial,45,1,3896,86.70183483580354
arita.bergmann,45,1,3897,86.71052707826688
apostololuizhenrique,45,1,3898,86.71921932073023
clarissaplima_,45,1,3899,86.72791156319357
wilsonsantiago,45,1,3900,86.73660380565691
janestefenn.intisicada,45,1,3901,86.74529604812025
andersonmonteirocosta,45,1,3902,86.75398829058359
tenenteroney,45,1,3903,86.76268053304695
gabriel_motarr,45,1,3904,86.77137277551029
paulopereiraequaciona,45,1,3905,86.78006501797363
lucianogalego22,45,1,3906,86.78875726043697
edimarteixeira,45,1,3907,86.7974495029003
ronaldonogueirarnoficial,45,1,3908,86.80614174536366
sofia.favero,45,1,3909,86.814833987827
fabiohenschel,45,1,3910,86.82352623029034
miguelangelomg13,45,1,3911,86.83221847275368
maurotramontereal,45,1,3912,86.84091071521702
reginaldoajudaeu,45,1,3913,86.84960295768037
capitaoveloso,45,1,3914,86.85829520014371
leonelpoliciano,45,1,3915,86.86698744260705
marceloroque_pgua,45,1,3916,86.8756796850704
dr.elciokuhnen,45,1,3917,86.88437192753373
doutorhercules,45,1,3918,86.89306416999709
deputadooscargutz,45,1,3919,86.90175641246043
wesleygerminiano,45,1,3920,86.91044865492377
adriaraujo.talentos,45,1,3921,86.91914089738711
joicealvarenga13,45,1,3922,86.92783313985045
joaopaulo_janjao,45,1,3923,86.9365253823138
joaopedrogrill,45,1,3924,86.94521762477714
mauro_mattosinho,45,1,3925,86.95390986724048
guigapeixotosp,45,1,3926,86.96260210970382
maurodenadal,45,1,3927,86.97129435216716
cacildabarbosa.ac,45,1,3928,86.97998659463052
deboraleite.oficial,45,1,3929,86.98867883709386
tourinhopedro,45,1,3930,86.9973710795572
fernandatorres.sp,45,1,3931,87.00606332202054
vitoriasreis_,45,1,3932,87.01475556448388
consuelosales,45,1,3933,87.02344780694723
eduardofortess,45,1,3934,87.03214004941057
flavioferrari_tv,45,1,3935,87.04083229187391
thadeurequiao,45,1,3936,87.04952453433725
loren.luniere,45,1,3937,87.05821677680059
sidneitoaldo,45,1,3938,87.06690901926395
paulaodopt,45,1,3939,87.07560126172729
galbanovaes.al,45,1,3940,87.08429350419063
mackflay_oficial,45,1,3941,87.09298574665397
cristinarsilvestri,45,1,3942,87.1016779891173
yurikaiolipolitica,45,1,3943,87.11037023158066
kekodoarmazempe,45,1,3944,87.119062474044
renzomendes,45,1,3945,87.12775471650734
souwanderleymoraes,45,1,3946,87.13644695897068
eduardosmadruga,45,1,3947,87.14513920143402
wagner.coe,45,1,3948,87.15383144389737
nogueira.r,45,1,3949,87.16252368636071
pauderney.am,45,1,3950,87.17121592882405
wellingtonmega2026,45,1,3951,87.1799081712874
capitaowagnersousareserva,45,1,3952,87.18860041375073
albideurrutia,45,1,3953,87.19729265621409
prof.claudiobranchieri,45,1,3954,87.20598489867743
mateusdalri,45,1,3955,87.21467714114077
carlosbezerrajr,45,1,3956,87.22336938360411
cassia_mussulini,44,1,3957,87.23186846512382
depraimundosantos,44,1,3958,87.24036754664354
rafazimbaldi,44,1,3959,87.24886662816326
rafandradembl,44,1,3960,87.25736570968297
moronitorgan,44,1,3961,87.26586479120267
delegadofranciscorr,44,1,3962,87.27436387272239
euclydespettersenoficial,44,1,3963,87.2828629542421
rafaelprimo,44,1,3964,87.29136203576182
fernando.augusto.cunha,44,1,3965,87.29986111728152
barto1957,44,1,3966,87.30836019880124
goulart_oficial,44,1,3967,87.31685928032095
danielptrindade,44,1,3968,87.32535836184067
annacarolinaadv,44,1,3969,87.33385744336039
professorharoldoarruda,44,1,3970,87.34235652488009
reginadasaudeoficial,44,1,3971,87.3508556063998
cabobonadiman,44,1,3972,87.35935468791952
deputadomarcosdarosa,44,1,3973,87.36785376943924
deputadolaertedovando,44,1,3974,87.37635285095895
wender_clistenes,44,1,3975,87.38485193247865
defesadoconsumidor.dc,44,1,3976,87.39335101399837
nerigeller,44,1,3977,87.40185009551809
digaovilamoraes,44,1,3978,87.4103491770378
pinheirinhomg,44,1,3979,87.41884825855752
delegadoulisses,44,1,3980,87.42734734007722
professoragoreth,44,1,3981,87.43584642159693
panteradonizete,44,1,3982,87.44434550311665
sigaoflavio,44,1,3983,87.45284458463637
adolfopadilha,44,1,3984,87.46134366615608
josianetanatopraxia,44,1,3985,87.46984274767578
michelemarques.sc,44,1,3986,87.4783418291955
deivis.oss,44,1,3987,87.48684091071522
robertorequiaooficial,44,1,3988,87.49533999223493
vilesantosdm,44,1,3989,87.50383907375465
deputadacarlamorando,44,1,3990,87.51233815527435
doutora.fernandabarros,44,1,3991,87.52083723679407
dianabelooficial,44,1,3992,87.52933631831378
lau.causaanimal,44,1,3993,87.5378353998335
del.deboramafra,44,1,3994,87.54633448135321
delegadosandromontanari,44,1,3995,87.55483356287291
leodacostas,44,1,3996,87.56333264439263
claudiacamargo.adv,44,1,3997,87.57183172591235
italotavio,44,1,3998,87.58033080743206
jardelinacioam,44,1,3999,87.58882988895178
andrecarvalhoig,44,1,4000,87.59732897047148
bernadetesouza.sc,44,1,4001,87.6058280519912
celsinhorussomanno,44,1,4002,87.61432713351091
oficialdeboracaetano,44,1,4003,87.62282621503063
jkdopovao,44,1,4004,87.63132529655034
draluiziojr,44,1,4005,87.63982437807005
gilsonamorimnl,44,1,4006,87.64832345958976
carloseduardomaninho,44,1,4007,87.65682254110948
comendador_elitonleite,44,1,4008,87.6653216226292
marlenefengler,44,1,4009,87.67382070414891
fiotecastanhas,44,1,4010,87.68231978566861
tenente.helio,44,1,4011,87.69081886718833
mariadcarmolara,44,1,4012,87.69931794870804
geovaniasa,44,1,4013,87.70781703022776
quinhoprefeito,44,1,4014,87.71631611174747
daversonmatos,44,1,4015,87.72481519326718
gean_loureiro,44,1,4016,87.73331427478689
andersonpereira_ro,44,1,4017,87.74181335630661
jefersonmodestooficial,44,1,4018,87.75031243782632
vanuza_quilombola_,44,1,4019,87.75881151934604
prof_mozart,44,1,4020,87.76731060086574
marciomvictor,44,1,4021,87.77580968238546
itamarleao45,44,1,4022,87.78430876390517
cezardeaderio_,44,1,4023,87.79280784542489
gilsa.santos,44,1,4024,87.8013069269446
gilvanbaladanatal,44,1,4025,87.8098060084643
eusoulorenanascimento,44,1,4026,87.81830508998402
sanquezdajm,44,1,4027,87.82680417150374
aderivaldo_cardoso,44,1,4028,87.83530325302345
zezinhoalbuquerque,43,1,4029,87.84360917359953
rosangelapessoaoficial,43,1,4030,87.85191509417562
nathaliafreitasco,43,1,4031,87.8602210147517
majorcarlacamara,43,1,4032,87.86852693532778
cristianocapitolio,43,1,4033,87.87683285590387
gelsonmerisio,43,1,4034,87.88513877647995
dep.miguellombardi,43,1,4035,87.89344469705604
rafaelpimentel_,43,1,4036,87.90175061763212
marcosduarteto,43,1,4037,87.9100565382082
clecioalvesgo,43,1,4038,87.91836245878429
jorginhomello,43,1,4039,87.92666837936036
willacesouza,43,1,4040,87.93497429993646
dario4e20,43,1,4041,87.94328022051253
jacquelineamaral_ap,43,1,4042,87.95158614108861
claysonfelizola,43,1,4043,87.9598920616647
marcosdiasoficial_,43,1,4044,87.96819798224078
fabimedeirooos,43,1,4045,87.97650390281687
dra.laizaavelar_nutri,43,1,4046,87.98480982339295
fernandomedeirosmt,43,1,4047,87.99311574396903
matheusgarciaam,43,1,4048,88.00142166454512
nitinhovitale,43,1,4049,88.0097275851212
renanjordybr,43,1,4050,88.01803350569728
elanalencar_,43,1,4051,88.02633942627337
profjuliorodrigues,43,1,4052,88.03464534684944
dra.rosana_veterinaria,43,1,4053,88.04295126742554
altivoduarte,43,1,4054,88.05125718800161
silvanoportopt,43,1,4055,88.05956310857769
eduardoazevedomg,43,1,4056,88.06786902915378
robertacincoetti_missao,43,1,4057,88.07617494972986
enfdouglaslirio,43,1,4058,88.08448087030595
leocamargo.es,43,1,4059,88.09278679088203
jolianefuria,43,1,4060,88.10109271145811
gugubuenopr,43,1,4061,88.1093986320342
isabeldesouzasp,43,1,4062,88.11770455261028
lucianogenesio,43,1,4063,88.12601047318637
dep.paulomagalhaes,43,1,4064,88.13431639376245
depmgualberto,43,1,4065,88.14262231433852
marceloaro,43,1,4066,88.15092823491462
lucasochefuxo,43,1,4067,88.1592341554907
louiselima_md,43,1,4068,88.16754007606679
wescleytomaz,43,1,4069,88.17584599664286
rudsonpaixaobh,43,1,4070,88.18415191721894
reginaoliveiracaetano,43,1,4071,88.19245783779503
preuquiascorreia,43,1,4072,88.20076375837111
rubensvieirapi,43,1,4073,88.2090696789472
tirzahfreitas,43,1,4074,88.21737559952328
geovanedossantos,43,1,4075,88.22568152009936
georgearraessampaio,43,1,4076,88.23398744067545
dr.maicol,43,1,4077,88.24229336125153
cassyopousas,43,1,4078,88.25059928182762
dracledianematzen,43,1,4079,88.2589052024037
sonia_elizasamudio,43,1,4080,88.26721112297977
fernando.sirchia,43,1,4081,88.27551704355587
rogeriosantosrsa,43,1,4082,88.28382296413194
carlosgomesdep,43,1,4083,88.29212888470802
carlaprata,43,1,4084,88.30043480528411
cristianenunesn,43,1,4085,88.30874072586019
vereadorwalterviana,43,1,4086,88.31704664643628
juliettrodriguess,43,1,4087,88.32535256701236
caiomatheus_bertioga,43,1,4088,88.33365848758844
murilomachadotf,43,1,4089,88.34196440816453
amandaganemsp,43,1,4090,88.3502703287406
naianyhruschka,43,1,4091,88.3585762493167
rafaelzucco_,43,1,4092,88.36688216989278
aldenorlima,43,1,4093,88.37518809046885
chicofrancaoficial,43,1,4094,88.38349401104495
gardelrolim,43,1,4095,88.39179993162102
joao.paulo.lustosa,43,1,4096,88.40010585219711
vereadorwilsoncarvalho,42,1,4097,88.40821861182957
natassiaweba,42,1,4098,88.41633137146202
yvesribeirope,42,1,4099,88.42444413109448
rosicostadf,42,1,4100,88.43255689072693
depzanchin,42,1,4101,88.44066965035938
ivorezende,42,1,4102,88.44878240999184
profzenilton,42,1,4103,88.45689516962429
rafaelparente,42,1,4104,88.46500792925674
profalexandreprado,42,1,4105,88.4731206888892
rodrigocassollima,42,1,4106,88.48123344852165
rodolfosfvale,42,1,4107,88.4893462081541
sidneyleite_,42,1,4108,88.49745896778654
ivsongomesdecastro,42,1,4109,88.505571727419
subtenente_everton,42,1,4110,88.51368448705145
jonatajnascimento,42,1,4111,88.5217972466839
drkakaviana,42,1,4112,88.52991000631636
professorfrancelino,42,1,4113,88.53802276594881
drgeorgemorais,42,1,4114,88.54613552558126
lucianoorsi,42,1,4115,88.55424828521372
gringomotoka,42,1,4116,88.56236104484617
drfredericomg,42,1,4117,88.57047380447862
afonsolimapr,42,1,4118,88.57858656411108
leandrogentil,42,1,4119,88.58669932374353
lecinhobredaoficial,42,1,4120,88.59481208337598
thiago.manzoni,42,1,4121,88.60292484300844
deputadojuniormuniz,42,1,4122,88.61103760264089
netopetters,42,1,4123,88.61915036227334
pauloabiackel,42,1,4124,88.6272631219058
carolformigoni.sc,42,1,4125,88.63537588153825
andersonbravobr,42,1,4126,88.6434886411707
ravenna_da_inclusao,42,1,4127,88.65160140080316
vitorpenidonl,42,1,4128,88.65971416043561
lucassouzag_,42,1,4129,88.66782692006807
silenedasaude,42,1,4130,88.67593967970052
danielalinharesoficial,42,1,4131,88.68405243933297
tiagorbotelho,42,1,4132,88.69216519896543
timeabreujuniorce,42,1,4133,88.70027795859788
vilsondafetaemg,42,1,4134,88.70839071823033
michelbeckerbr,42,1,4135,88.71650347786279
adrianamachado.gja,42,1,4136,88.72461623749524
pancadinhaoficial,42,1,4137,88.7327289971277
gabrielcarvalhoce,42,1,4138,88.74084175676015
rogerioavelar_ls,42,1,4139,88.7489545163926
jerfeson_nascimento,42,1,4140,88.75706727602505
rodrigovizeurj,42,1,4141,88.76518003565751
prof.gabriel.mendes,42,1,4142,88.77329279528996
fernandagabrielaoficial,42,1,4143,88.78140555492242
matheus_vermelho,42,1,4144,88.78951831455487
danigaldinocacapava,42,1,4145,88.79763107418732
bebetoeventosoficial,42,1,4146,88.80574383381978
francimara.azeredo,42,1,4147,88.81385659345223
mariana.naime,42,1,4148,88.82196935308468
fernandobrenocoro,42,1,4149,88.83008211271714
joaopaulodesouza.oficial,42,1,4150,88.83819487234959
denisbezerra,42,1,4151,88.84630763198204
bemoreiradf,42,1,4152,88.8544203916145
rhaizamatos,42,1,4153,88.86253315124695
marceloroquelitoral,42,1,4154,88.8706459108794
elcimaraloureiro,42,1,4155,88.87875867051186
regildasantos_,42,1,4156,88.88687143014431
andrezaromero,42,1,4157,88.89498418977676
edu.siqueira.ap,42,1,4158,88.90309694940922
oficialfabiogarcia,42,1,4159,88.91120970904167
waltinhogo,42,1,4160,88.91932246867412
marinaabernardes,42,1,4161,88.92743522830658
folsterhenrique,42,1,4162,88.93554798793903
terezanelmaal,42,1,4163,88.94366074757149
drsiprianoferraz,42,1,4164,88.95177350720394
luizcamargovlog,42,1,4165,88.95988626683639
calebclarindo,42,1,4166,88.96799902646885
raimundosousa_11,42,1,4167,88.9761117861013
flaviamorais1515,42,1,4168,88.98422454573375
pedrosantacannabis,42,1,4169,88.9923373053662
carlosavalloneoficial,42,1,4170,89.00045006499866
lidianedantasporminas,42,1,4171,89.00856282463111
diegocoronel.oficial,42,1,4172,89.01667558426357
murilomartins.mt,42,1,4173,89.02478834389602
naidescesar,41,1,4174,89.03270794258484
prefeitomarciocabeca,41,1,4175,89.04062754127366
simoniaoficial,41,1,4176,89.0485471399625
delegadoheliobressan,41,1,4177,89.05646673865131
lidiolopesms,41,1,4178,89.06438633734014
joaocapi,41,1,4179,89.07230593602895
eduardocanutoec,41,1,4180,89.08022553471778
v.claudiaaraujo,41,1,4181,89.08814513340661
dr.jmachado,41,1,4182,89.09606473209543
eduxarop,41,1,4183,89.10398433078426
mary.granemann,41,1,4184,89.11190392947307
benybalabrampsicanalista,41,1,4185,89.1198235281619
glauciasantiagomg,41,1,4186,89.12774312685072
umjovempaulo,41,1,4187,89.13566272553955
matheusquintal,41,1,4188,89.14358232422838
lorenasilva.go,41,1,4189,89.15150192291719
dra.natalianegreiros,41,1,4190,89.15942152160602
luciula_recanto,41,1,4191,89.16734112029484
cristiano_severo_,41,1,4192,89.17526071898367
samueldfalcao,41,1,4193,89.1831803176725
profgeorgefranca.to,41,1,4194,89.19109991636131
ucharlesdaciclotran,41,1,4195,89.19901951505014
guerli.herzog,41,1,4196,89.20693911373895
romerinhojatobaoficial,41,1,4197,89.21485871242778
patriciacrizanto,41,1,4198,89.2227783111166
rogeriabolsonaro,41,1,4199,89.23069790980543
eduardodopovo,41,1,4200,89.23861750849426
bryanpeloamapa,41,1,4201,89.24653710718307
igor.gdias,41,1,4202,89.2544567058719
gracielesoneghetipoliciapenal,41,1,4203,89.26237630456072
ajosyferrari,41,1,4204,89.27029590324955
alessandramattos.sp,41,1,4205,89.27821550193838
comissario_alexferreira,41,1,4206,89.28613510062719
iracemavaleoficial,41,1,4207,89.29405469931602
drmauriciooficial,41,1,4208,89.30197429800484
laurindofilho10,41,1,4209,89.30989389669367
deputadoaltairsilva,41,1,4210,89.31781349538248
pamelaguia,41,1,4211,89.32573309407131
cassiadomoinho1,41,1,4212,89.33365269276014
isaacricalde,41,1,4213,89.34157229144895
marcosfelipi.poa,41,1,4214,89.34949189013778
davidvasconcelos22,41,1,4215,89.3574114888266
joilmateodora,41,1,4216,89.36533108751543
leonardo.pachecoo,41,1,4217,89.37325068620426
felicianonetopara,41,1,4218,89.38117028489307
silviaabravanel,41,1,4219,89.3890898835819
igorloureiro.pe,41,1,4220,89.39700948227072
athaally,41,1,4221,89.40492908095955
vitao.docachorrao,41,1,4222,89.41284867964836
vandamilani_,41,1,4223,89.42076827833719
deputadoelenil,41,1,4224,89.42868787702602
sargentoreginauro,41,1,4225,89.43660747571484
delegadohugo,41,1,4226,89.44452707440367
magnojunior_sc,41,1,4227,89.45244667309248
jacqueline.f.gouveia,41,1,4228,89.46036627178131
brancodapenal,41,1,4229,89.46828587047014
dr_arthurbarbosa,41,1,4230,89.47620546915896
rodrigocunha.pa,41,1,4231,89.48412506784778
dolcinatasha,41,1,4232,89.4920446665366
marcosnevesoficial,41,1,4233,89.49996426522543
leandrosenago,41,1,4234,89.50788386391426
anyaraasantos,41,1,4235,89.51580346260307
cleviane_moreira,41,1,4236,89.5237230612919
toinhoandradeto,41,1,4237,89.53164265998072
jorgeoliveiraam,41,1,4238,89.53956225866955
amaurigomes.am,41,1,4239,89.54748185735836
bernardomucida,41,1,4240,89.55540145604719
lucasvenditems,41,1,4241,89.56332105473602
ylan_pablo,41,1,4242,89.57124065342484
adolpho_henrique,41,1,4243,89.57916025211367
suzeleveloso,41,1,4244,89.58707985080248
juliethenitz,41,1,4245,89.59499944949131
hildebrandtmario,41,1,4246,89.60291904818014
zeharoldocathedral,41,1,4247,89.61083864686896
luiizcarlosdesouza,41,1,4248,89.61875824555779
lucianasabbag,41,1,4249,89.6266778442466
valentinaavirginio,40,1,4250,89.63440428199179
camilomartinssc,40,1,4251,89.642130719737
sandro.avelar_,40,1,4252,89.64985715748219
romuloferrer.ortopedia,40,1,4253,89.65758359522738
paulaquintanilha,40,1,4254,89.66531003297257
ubaldinojunior,40,1,4255,89.67303647071776
luizrochalegal,40,1,4256,89.68076290846297
batatadamadsen,40,1,4257,89.68848934620816
thaysbieberbach,40,1,4258,89.69621578395335
mauriciosilvapsd,40,1,4259,89.70394222169854
fernando.piffer,40,1,4260,89.71166865944373
fernandobraide,40,1,4261,89.71939509718892
ulissislima,40,1,4262,89.72712153493413
rogeriomarquesorocaba,40,1,4263,89.73484797267932
tatyfery_,40,1,4264,89.74257441042451
bispohenriquesantini_,40,1,4265,89.7503008481697
fernandojordaooficial,40,1,4266,89.75802728591489
fernandasouto.oficial,40,1,4267,89.7657537236601
giselenasciment,40,1,4268,89.77348016140529
robinhooliveira_oficial,40,1,4269,89.78120659915048
cassianodomeioambiente,40,1,4270,89.78893303689567
saulosemfiltro,40,1,4271,89.79665947464086
souemanoelpinheiro,40,1,4272,89.80438591238605
renanoliveirax,40,1,4273,89.81211235013126
caioaoqui,40,1,4274,89.81983878787645
andreawerner_,40,1,4275,89.82756522562164
liviabemviver,40,1,4276,89.83529166336683
kikobeloni,40,1,4277,89.84301810111202
caiovalace_oficial,40,1,4278,89.85074453885723
victorandregomes,40,1,4279,89.85847097660242
sacraof,40,1,4280,89.86619741434761
guilhermepasin,40,1,4281,89.8739238520928
evandroepifaniolezzaooficial,40,1,4282,89.88165028983799
brandeljunior,40,1,4283,89.88937672758318
evandrolazarotto,40,1,4284,89.89710316532839
capitaomacedoprofessor,40,1,4285,89.90482960307358
drasilvana_,40,1,4286,89.91255604081877
biabogossian,40,1,4287,89.92028247856396
aryonschwinden,40,1,4288,89.92800891630915
sargento.alan,40,1,4289,89.93573535405436
tiakeyla,40,1,4290,89.94346179179955
marcosabrahaofilho,40,1,4291,89.95118822954474
guti_oficial,40,1,4292,89.95891466728993
michellebolsonaro,40,1,4293,89.96664110503512
cadorin.matheus,40,1,4294,89.97436754278031
evandromagal,40,1,4295,89.98209398052552
mila_parana20,40,1,4296,89.98982041827071
luizjacomini_,40,1,4297,89.9975468560159
heliosilva.ofc,40,1,4298,90.00527329376109
olavosampaio,40,1,4299,90.01299973150628
vivianeevieira,40,1,4300,90.02072616925149
osmarteixeiraitajai,40,1,4301,90.02845260699668
drmilanomaximo,40,1,4302,90.03617904474187
thiagoedeleon,40,1,4303,90.04390548248706
ozorio_juvenil,40,1,4304,90.05163192023225
sargentoborges190,40,1,4305,90.05935835797744
douglascamargoo,40,1,4306,90.06708479572265
deputado.lincolnportela,40,1,4307,90.07481123346784
dra.carolboueres,40,1,4308,90.08253767121303
sargentoalmeidape,40,1,4309,90.09026410895822
renatopiaba,40,1,4310,90.09799054670341
matheustestasc,40,1,4311,90.1057169844486
mayara.noronharocha,40,1,4312,90.11344342219381
dep.gustavoschmidt,40,1,4313,90.121169859939
tuliofontesoficial,40,1,4314,90.1288962976842
andreafim.ms,40,1,4315,90.13662273542938
marcoscesarsfp,40,1,4316,90.14434917317458
ralf.zimmer.25,40,1,4317,90.15207561091978
pastorvaladares,40,1,4318,90.15980204866497
jacyafonsopt,40,1,4319,90.16752848641016
delegadaione,40,1,4320,90.17525492415535
delegado_felipecuri,39,1,4321,90.18278820095692
nataliademes,39,1,4322,90.19032147775849
muniquebusson,39,1,4323,90.19785475456004
chrisda4patinhas,39,1,4324,90.20538803136161
liliane.lourenco_,39,1,4325,90.21292130816317
remicalheiros,39,1,4326,90.22045458496474
wrdotapajos,39,1,4327,90.22798786176631
wolmeraraujooficial,39,1,4328,90.23552113856786
vereadorsoaresfilho,39,1,4329,90.24305441536943
anaelisast,39,1,4330,90.250587692171
dramariliamello,39,1,4331,90.25812096897256
del.niltonneves,39,1,4332,90.26565424577412
neyflash,39,1,4333,90.27318752257568
dra.reginaevaristoo,39,1,4334,90.28072079937725
beotoch,39,1,4335,90.28825407617882
josenildogarreto,39,1,4336,90.29578735298038
cabotrajano04,39,1,4337,90.30332062978194
raidoparaiso,39,1,4338,90.3108539065835
deputadosantini,39,1,4339,90.31838718338507
keiviadias,39,1,4340,90.32592046018664
flaviaborjaoficial,39,1,4341,90.33345373698819
jeffersoncezarolli,39,1,4342,90.34098701378976
wanderleypedrosooficial,39,1,4343,90.34852029059132
alcidesteixeiraneto,39,1,4344,90.35605356739289
sebastiaomadeiraitz,39,1,4345,90.36358684419446
nilson_takashi,39,1,4346,90.37112012099601
leonardomonjardim,39,1,4347,90.37865339779758
giovane_byl,39,1,4348,90.38618667459914
camilanunesrs,39,1,4349,90.39371995140071
valdircobalchini,39,1,4350,90.40125322820226
sgt.brunanunes,39,1,4351,90.40878650500383
rogeriocarboni,39,1,4352,90.4163197818054
lorenammoura,39,1,4353,90.42385305860697
alessandro.hirata,39,1,4354,90.43138633540853
deputadojoaomagalhaes,39,1,4355,90.43891961221009
volmirrodriguesgordo,39,1,4356,90.44645288901165
igorsoares_sp,39,1,4357,90.45398616581322
virginelliii,39,1,4358,90.46151944261479
rodolfo_fanganiello,39,1,4359,90.46905271941634
marciacarusovereadora,39,1,4360,90.4765859962179
deputadoismael,39,1,4361,90.48411927301947
felipebecari,39,1,4362,90.49165254982104
lourivalgomesrj,39,1,4363,90.4991858266226
amandagondimudi,39,1,4364,90.50671910342416
guilhermebombeiro,39,1,4365,90.51425238022573
lucaskitao,39,1,4366,90.5217856570273
angeloguerreirooficial,39,1,4367,90.52931893382886
mariaclaramarramg,39,1,4368,90.53685221063041
carlosmurilooficial,39,1,4369,90.54438548743198
renatacoanc,39,1,4370,90.55191876423355
opedrobadaro,39,1,4371,90.55945204103512
dep_ledasadala,39,1,4372,90.56698531783667
wesleyteixeiras,39,1,4373,90.57451859463823
toinho_contabil,39,1,4374,90.5820518714398
tiririca,39,1,4375,90.58958514824137
delegadopalumbo,39,1,4376,90.59711842504294
marcosjrtocantins,39,1,4377,90.60465170184449
paulinhodasilvaadvogado,39,1,4378,90.61218497864606
pauloserra.sp,39,1,4379,90.61971825544762
ivonechagas_m,39,1,4380,90.62725153224919
paulomedina.missao,39,1,4381,90.63478480905074
oficialdanielmarques,39,1,4382,90.64231808585231
diogopernocapoa,39,1,4383,90.64985136265388
josemarvarelarn,39,1,4384,90.65738463945544
josafamarinhooficial,39,1,4385,90.66491791625701
josyjacob_,39,1,4386,90.67245119305856
weltonlemosoficial,39,1,4387,90.67998446986013
camiloporsergipe,39,1,4388,90.6875177466617
magno_guajajara,39,1,4389,90.69505102346326
joseclementeda,39,1,4390,90.70258430026482
allanferreiraes,39,1,4391,90.71011757706638
igorsanches.novo,39,1,4392,90.71765085386795
miguelkazam,39,1,4393,90.72518413066952
allanpombopdt,39,1,4394,90.73271740747109
lucasdefreitasrs,39,1,4395,90.74025068427264
marcoantprado,39,1,4396,90.7477839610742
thiagopaespe,39,1,4397,90.75531723787577
gustavosefer,39,1,4398,90.76285051467734
vereadorottorezende,39,1,4399,90.77038379147889
marcio_botelho_,39,1,4400,90.77791706828046
renildocalheiros,39,1,4401,90.78545034508203
sargentofloriano,39,1,4402,90.7929836218836
damiaodamoradia,39,1,4403,90.80051689868516
ricardozguidi,39,1,4404,90.80805017548671
cel.firmino,39,1,4405,90.81558345228828
claudiojacoski,39,1,4406,90.82311672908985
bobfllay,39,1,4407,90.83065000589141
gysellesoaresestevao,39,1,4408,90.83818328269297
sidneydinho,39,1,4409,90.84571655949453
deprobertoandrade,39,1,4410,90.8532498362961
abel.santosnavoz,38,1,4411,90.86058995215403
zecapiraooficial,38,1,4412,90.86793006801197
amabilemarchi_,38,1,4413,90.8752701838699
pastorfabiano.oficial,38,1,4414,90.88261029972783
herica.veryano,38,1,4415,90.88995041558577
advtransito.thiagoloureiro,38,1,4416,90.8972905314437
igorleitaoadv,38,1,4417,90.90463064730164
mabelcanto,38,1,4418,90.91197076315957
hochemin_,38,1,4419,90.9193108790175
augustocoutinhope,38,1,4420,90.92665099487544
marcelolajesoficial,38,1,4421,90.93399111073337
gio_krug,38,1,4422,90.9413312265913
emersonpanta,38,1,4423,90.94867134244925
deputadopoubel,38,1,4424,90.95601145830717
carolgilbertimg,38,1,4425,90.96335157416512
suelaynegomess,38,1,4426,90.97069169002305
gilvan.federal,38,1,4427,90.97803180588097
pauloalceuperfil,38,1,4428,90.98537192173892
nelyaquinooficial,38,1,4429,90.99271203759685
neoncunha,38,1,4430,91.00005215345477
vanderleiassisoficial,38,1,4431,91.00739226931272
ildangelica,38,1,4432,91.01473238517065
clicinhavictori,38,1,4433,91.02207250102859
joaodobelmonte,38,1,4434,91.02941261688652
draledson,38,1,4435,91.03675273274445
vereadoragloriadaaposentadoria,38,1,4436,91.04409284860239
tarcisiojardim,38,1,4437,91.05143296446032
danillokiribamba,38,1,4438,91.05877308031825
proferobertocarlos,38,1,4439,91.06611319617619
todosportiquinho,38,1,4440,91.07345331203412
dr.aloisiobarbosafilho,38,1,4441,91.08079342789205
fredcostadep,38,1,4442,91.08813354374999
valdenedeesperantinapi,38,1,4443,91.09547365960792
mariaelisaabreuoficial,38,1,4444,91.10281377546586
mario.concreto,38,1,4445,91.11015389132379
salma_santosmdb,38,1,4446,91.11749400718172
mariapaulavv,38,1,4447,91.12483412303966
cidinho_sampaio,38,1,4448,91.13217423889759
lariagostini_,38,1,4449,91.13951435475552
caiofioridias,38,1,4450,91.14685447061346
juniorsousainforma,38,1,4451,91.15419458647139
juizfernandosantos,38,1,4452,91.16153470232933
kelitalks,38,1,4453,91.16887481818726
matheus.biancardinemg,38,1,4454,91.17621493404519
fernando_linharesjm,38,1,4455,91.18355504990313
gerlanycruz,38,1,4456,91.19089516576106
geraldomendesoficial,38,1,4457,91.19823528161899
marycatspalmas,38,1,4458,91.20557539747693
andre_moser,38,1,4459,91.21291551333486
fernandinhofranco.se,38,1,4460,91.2202556291928
flavia.prazeres,38,1,4461,91.22759574505073
fernandofreitas.ff,38,1,4462,91.23493586090866
fgandini,38,1,4463,91.2422759767666
fernandaborges_amb,38,1,4464,91.24961609262454
prof.elsonpereira,38,1,4465,91.25695620848246
coelho_rodrigo,38,1,4466,91.2642963243404
cabo.vidal,38,1,4467,91.27163644019834
deputadodhiegocoelho,38,1,4468,91.27897655605628
alanssiqueira,38,1,4469,91.28631667191421
lucianojuniorpalmares,38,1,4470,91.29365678777214
carloshenrique.1414,38,1,4471,91.30099690363008
rozarioximenesoficial,38,1,4472,91.30833701948801
dr.rafaelpelosi,38,1,4473,91.31567713534594
rafaeladobatista,37,1,4474,91.32282409026024
vandinhodapadaria,37,1,4475,91.32997104517455
gersonpires,37,1,4476,91.33711800008885
afranioboppre50,37,1,4477,91.34426495500315
deputadopastoreuricooficial,37,1,4478,91.35141190991746
biacavassa,37,1,4479,91.35855886483176
drajoanacorreia,37,1,4480,91.36570581974607
luizpaulo_dep,37,1,4481,91.37285277466037
sandroboka,37,1,4482,91.37999972957468
luisfernandocavalheiropires,37,1,4483,91.38714668448898
reddogwalker,37,1,4484,91.39429363940329
rayfranbeiraoap,37,1,4485,91.40144059431759
jorgecarusooficial,37,1,4486,91.4085875492319
fabricioloiolapi,37,1,4487,91.4157345041462
cantarelliraquel,37,1,4488,91.4228814590605
jonaeseuduardo,37,1,4489,91.43002841397481
eversongomescavalcanti,37,1,4490,91.43717536888911
danieldoirineu,37,1,4491,91.44432232380342
major_hoio,37,1,4492,91.45146927871772
carolkalil26,37,1,4493,91.45861623363203
arqrobertamendes,37,1,4494,91.46576318854633
marcelaagf,37,1,4495,91.47291014346064
thiagocampeloce,37,1,4496,91.48005709837494
michel.padao,37,1,4497,91.48720405328925
passosjuvenilson,37,1,4498,91.49435100820355
boletti.sp,37,1,4499,91.50149796311786
sargento_manasses,37,1,4500,91.50864491803215
rubensnascimentopr,37,1,4501,91.51579187294645
luizmarencodeputado,37,1,4502,91.52293882786076
tadeucalheiros,37,1,4503,91.53008578277506
felipesouza.am,37,1,4504,91.53723273768937
quinhofenelon,37,1,4505,91.54437969260367
carlise.pr,37,1,4506,91.55152664751797
marquitosbtoficial,37,1,4507,91.55867360243228
pv.marquess,37,1,4508,91.56582055734658
solidariedade_br,37,1,4509,91.57296751226089
rodrigodaaposentadoria,37,1,4510,91.58011446717519
renatotaroco,37,1,4511,91.5872614220895
marcoscavalcanty,37,1,4512,91.5944083770038
profalfredocosta,37,1,4513,91.6015553319181
alfredodobelo,37,1,4514,91.60870228683241
lucianapellegrini_,37,1,4515,91.61584924174672
israelcosta.rs,37,1,4516,91.62299619666102
mauricio_lindol,37,1,4517,91.63014315157533
antoniocarlosarantes,37,1,4518,91.63729010648963
davidreis.am,37,1,4519,91.64443706140393
yuricorrea.adv,37,1,4520,91.65158401631824
contimarcelino,37,1,4521,91.65873097123254
lintzfelipe,37,1,4522,91.66587792614685
joaocobalchini,37,1,4523,91.67302488106115
marianalescanoficial,37,1,4524,91.68017183597546
valdecirodrigues1703,37,1,4525,91.68731879088976
depvirmondes,37,1,4526,91.69446574580407
juliazanattasc,37,1,4527,91.70161270071837
vereadorparra,37,1,4528,91.70875965563268
arturbarachisio,37,1,4529,91.71590661054698
simonekahwage,37,1,4530,91.72305356546129
juliadecastrobr,37,1,4531,91.73020052037558
claudiogaspar_sp,37,1,4532,91.73734747528988
devacirrabello,37,1,4533,91.74449443020418
ppbazana,37,1,4534,91.75164138511849
cilinhadias3,37,1,4535,91.7587883400328
rosineyhoracio,36,1,4536,91.76574213400347
manoelmoraesdep,36,1,4537,91.77269592797414
lambe_lambe15,36,1,4538,91.77964972194482
deputadocajado,36,1,4539,91.7866035159155
naracoutrim,36,1,4540,91.79355730988617
sergiomeneguelli,36,1,4541,91.80051110385685
adavilson_tchatcha,36,1,4542,91.80746489782751
gabi_bvnt,36,1,4543,91.8144186917982
okeitton,36,1,4544,91.82137248576886
geraldo_nunes_,36,1,4545,91.82832627973954
paulomoraesjr,36,1,4546,91.83528007371022
dr.adriano.partidoliberal,36,1,4547,91.84223386768089
joaoroberto.am,36,1,4548,91.84918766165157
joaofernandogxp,36,1,4549,91.85614145562224
uglenoalves,36,1,4550,91.86309524959292
jarbasneumann,36,1,4551,91.87004904356358
davisacer,36,1,4552,91.87700283753426
andrelourenco.oficial,36,1,4553,91.88395663150493
franco_sardelli,36,1,4554,91.89091042547561
marioaugustodp,36,1,4555,91.89786421944629
flavinhocn,36,1,4556,91.90481801341696
saviobarbosaa,36,1,4557,91.91177180738764
andersonribeiro.rj,36,1,4558,91.9187256013583
sargentodocarmo,36,1,4559,91.92567939532898
deputadapaulinha,36,1,4560,91.93263318929965
carolcaldeira.oficial,36,1,4561,91.93958698327033
talitagalhardo,36,1,4562,91.94654077724101
depmauriciors,36,1,4563,91.95349457121168
rafaelsorrilhaoficial,36,1,4564,91.96044836518236
gui.kilter,36,1,4565,91.96740215915302
vereadorasirlenesantos,36,1,4566,91.9743559531237
caravinams,36,1,4567,91.98130974709437
dinei__corinthians__18,36,1,4568,91.98826354106505
adolfovianaoficial,36,1,4569,91.99521733503572
eu.alicecaroline,36,1,4570,92.0021711290064
ricardopastrana,36,1,4571,92.00912492297708
drapatriciadoprovopar,36,1,4572,92.01607871694775
depmarcelo.moraes,36,1,4573,92.02303251091843
brunofariasmg,36,1,4574,92.02998630488909
antoniadejesussp,36,1,4575,92.03694009885977
farofinotv,36,1,4576,92.04389389283044
rodolfodonetti,36,1,4577,92.05084768680112
brenoalbuquerque28,36,1,4578,92.0578014807718
chiquinhodamangueira,36,1,4579,92.06475527474247
capitaosolano,36,1,4580,92.07170906871315
delso.gomes.oficial,36,1,4581,92.07866286268381
fernandamateusoficial,36,1,4582,92.0856166566545
marcos_unillar,36,1,4583,92.09257045062516
elismar.goncalves,36,1,4584,92.09952424459584
tingosoares,36,1,4585,92.10647803856651
georgiasalesoficial,36,1,4586,92.11343183253719
gibranboaventura,36,1,4587,92.12038562650787
isaiasdediogo.oficial,36,1,4588,92.12733942047853
deputadogilsondesouza,36,1,4589,92.13429321444922
fridadiedrich,36,1,4590,92.14124700841988
rodlago,36,1,4591,92.14820080239056
johnysantos.sp,36,1,4592,92.15515459636123
matnoronha,36,1,4593,92.16210839033191
fabianotrompetista,36,1,4594,92.16906218430259
delegadoromualdo,36,1,4595,92.17601597827326
leandroguerrilha,36,1,4596,92.18296977224394
ruijorge_neto,36,1,4597,92.1899235662146
douglas_pintos,36,1,4598,92.19687736018528
marcelobage,36,1,4599,92.20383115415595
gnascimento,36,1,4600,92.21078494812663
drviniciusconejo,36,1,4601,92.2177387420973
proflainedaniel,36,1,4602,92.22469253606798
sandrobilks,36,1,4603,92.23164633003866
humbertomendespe10,36,1,4604,92.23860012400932
reidodanone.oficial,36,1,4605,92.24555391798
joliveirambl,36,1,4606,92.25250771195067
carreirofm,36,1,4607,92.25946150592135
a_fernandaleal,36,1,4608,92.26641529989202
evandrogarla,36,1,4609,92.2733690938627
wesleymoreiramg,36,1,4610,92.28032288783338
pedrobetinensemg,35,1,4611,92.28708352086042
pedroaraujo.go,35,1,4612,92.29384415388746
_paulaprata,35,1,4613,92.3006047869145
pedropascoalz,35,1,4614,92.30736541994155
sergiopinareal,35,1,4615,92.31412605296859
nananenem,35,1,4616,92.32088668599563
erikapalley,35,1,4617,92.32764731902269
jucabahiaoficial,35,1,4618,92.33440795204973
caio.coimbra_agro,35,1,4619,92.34116858507677
adrianaenfermeirafsa,35,1,4620,92.34792921810381
juvircostella,35,1,4621,92.35468985113086
marquinhotransporte,35,1,4622,92.3614504841579
francadomacaquinho,35,1,4623,92.36821111718496
eduardopereiramg,35,1,4624,92.374971750212
lisandroribeiro,35,1,4625,92.38173238323904
jocelitocanto,35,1,4626,92.38849301626608
marciobernardinomg,35,1,4627,92.39525364929312
leomolina_oficial,35,1,4628,92.40201428232017
renivaldonascimento,35,1,4629,92.40877491534722
akeikoota,35,1,4630,92.41553554837427
anderson.de.tuca,35,1,4631,92.42229618140131
depcarolcaram,35,1,4632,92.42905681442835
fabioursooficial,35,1,4633,92.43581744745539
prof.heitorqueiroz,35,1,4634,92.44257808048243
depchinaglia,35,1,4635,92.44933871350948
andrerodini,35,1,4636,92.45609934653653
suelenfalcaoo,35,1,4637,92.46285997956358
viniciusaith,35,1,4638,92.46962061259062
pv43oficial,35,1,4639,92.47638124561766
brunocunhablu,35,1,4640,92.4831418786447
marleymendonca,35,1,4641,92.48990251167174
filipepereira.rio,35,1,4642,92.4966631446988
tenentebahia,35,1,4643,92.50342377772584
teresinhaneves,35,1,4644,92.51018441075288
mariajalapaoofc,35,1,4645,92.51694504377993
nixondascasinhas,35,1,4646,92.52370567680697
annemarquesap,35,1,4647,92.53046630983401
coronelcostaesilva,35,1,4648,92.53722694286107
lucasbrasileiro.cl,35,1,4649,92.54398757588811
jbtitavereador,35,1,4650,92.55074820891515
mauriciobrinquinho,35,1,4651,92.5575088419422
eltoncarvalho10192,35,1,4652,92.56426947496924
gauchodasoja,35,1,4653,92.57103010799628
cabodaciolo,35,1,4654,92.57779074102332
ribamarsilvaoficial,35,1,4655,92.58455137405038
barbara.barbosape,35,1,4656,92.59131200707742
leniltonrodrigues,35,1,4657,92.59807264010446
crisnavarro.autora,35,1,4658,92.6048332731315
vereadordealvim,35,1,4659,92.61159390615855
aranhaadam,35,1,4660,92.61835453918559
soeditv,35,1,4661,92.62511517221265
sirlenojr,35,1,4662,92.63187580523969
dra.thais_areas_muquici,35,1,4663,92.63863643826673
drakellenguerradf,35,1,4664,92.64539707129377
tatianelopes___,35,1,4665,92.65215770432081
tanianogueiraoficialms,35,1,4666,92.65891833734786
danielsantana.es,35,1,4667,92.66567897037491
amorimvivian,35,1,4668,92.67243960340195
patricia.leimig,35,1,4669,92.679200236429
drafernandasarelli,35,1,4670,92.68596086945604
emily.rpereira,35,1,4671,92.69272150248308
anapaulamachado.es,35,1,4672,92.69948213551012
paschoal.hortolandia,35,1,4673,92.70624276853717
depmarrecafilho,35,1,4674,92.71300340156422
rosanefelixoficial,35,1,4675,92.71976403459126
marcelonaninioficial,35,1,4676,92.7265246676183
rafaelvasconcelosgoias,35,1,4677,92.73328530064535
williambarcellosofc,35,1,4678,92.74004593367239
drateresaneuma,35,1,4679,92.74680656669943
neidinha_surui_,35,1,4680,92.75356719972649
cleitinhoazevedo,35,1,4681,92.76032783275353
majcostaaraujo,35,1,4682,92.76708846578057
depsamueljunior,35,1,4683,92.77384909880762
gutolorenzzo,35,1,4684,92.78060973183466
vergilsonpadeiro,35,1,4685,92.7873703648617
zemariaxerife,35,1,4686,92.79413099788876
_ffalcon,34,1,4687,92.80069846997216
ericacassiaofc,34,1,4688,92.80726594205558
euisabelferreira,34,1,4689,92.813833414139
ciroandrequintino,34,1,4690,92.82040088622242
deputadoniltinho,34,1,4691,92.82696835830582
wirleyreisteko,34,1,4692,92.83353583038924
majoradrianesevero,34,1,4693,92.84010330247266
marciavalentim.oficial,34,1,4694,92.84667077455607
professoranarabh,34,1,4695,92.85323824663948
juliodafetaes,34,1,4696,92.8598057187229
dralucilenedf,34,1,4697,92.86637319080631
gilsondesouzadep,34,1,4698,92.87294066288973
sargentomichelly,34,1,4699,92.87950813497314
vanessamarreca,34,1,4700,92.88607560705655
danielsucupira,34,1,4701,92.89264307913997
profameire,34,1,4702,92.89921055122339
marcosrocha_guardiansseguranca,34,1,4703,92.9057780233068
teonilio_barba,34,1,4704,92.91234549539021
professoraalcionesantos,34,1,4705,92.91891296747363
brenofonsecamg,34,1,4706,92.92548043955705
luciano.araujobahia,34,1,4707,92.93204791164045
vitorgabrielmt,34,1,4708,92.93861538372387
osvaldoquadro,34,1,4709,92.94518285580729
indigena.adriana,34,1,4710,92.95175032789071
alinemariano.pe,34,1,4711,92.95831779997411
samueldopovooficial,34,1,4712,92.96488527205753
professora_amandaa,34,1,4713,92.97145274414095
marcia.mmartins,34,1,4714,92.97802021622437
vini.campinas,34,1,4715,92.98458768830777
amarildo_bomfim,34,1,4716,92.99115516039119
ingridytavares.oficial,34,1,4717,92.9977226324746
danielzinhooficial,34,1,4718,93.00429010455802
isabellyauroraquarto_,34,1,4719,93.01085757664143
jardelbomjardim,34,1,4720,93.01742504872485
brunoenglerdm,34,1,4721,93.02399252080826
cesaroliveira.oficial,34,1,4722,93.03055999289168
rodrigokabecao,34,1,4723,93.03712746497509
luanasilvamgs,34,1,4724,93.0436949370585
emersonsteinpb,34,1,4725,93.05026240914192
delegadosperandio,34,1,4726,93.05682988122534
deivedydex,34,1,4727,93.06339735330874
barbararesendems,34,1,4728,93.06996482539216
rafaelferli,34,1,4729,93.07653229747558
delegadocostaesilva,34,1,4730,93.083099769559
michaellemos_am,34,1,4731,93.0896672416424
fabianodiehl,34,1,4732,93.09623471372582
raul.mesquita,34,1,4733,93.10280218580924
romulotrovao,34,1,4734,93.10936965789266
fernandosilva_ro,34,1,4735,93.11593712997606
deputadoarmandoneto,34,1,4736,93.12250460205948
fernandofhfrios,34,1,4737,93.1290720741429
rafael_masim,34,1,4738,93.13563954622632
eduardojaborges,34,1,4739,93.14220701830972
matheusjungesrs,34,1,4740,93.14877449039314
jhonysasaki,34,1,4741,93.15534196247656
arlensantiago.oficial,34,1,4742,93.16190943455997
soldadomadalhano,34,1,4743,93.16847690664338
delegadoaraujo,34,1,4744,93.1750443787268
kakadavila.oficial,34,1,4745,93.18161185081021
thiagomedinamd,34,1,4746,93.18817932289363
kinovaktourinho,34,1,4747,93.19474679497705
silvioantonioma,34,1,4748,93.20131426706045
williamcallegaro,34,1,4749,93.20788173914387
pepecollaco,34,1,4750,93.21444921122729
ascendino_batista,34,1,4751,93.22101668331071
pikineiaoficial,34,1,4752,93.22758415539411
nelson_spolaor,34,1,4753,93.23415162747753
ericoviniciusdonovo,34,1,4754,93.24071909956095
miltoncoelhooficial,34,1,4755,93.24728657164437
miguebraia,34,1,4756,93.25385404372777
marinho_guimaraes_,34,1,4757,93.26042151581119
lisandra_falcao_ribeiro,34,1,4758,93.2669889878946
brunogodinhosp,34,1,4759,93.27355645997802
pedro.deyrot,34,1,4760,93.28012393206143
capisaiassouza,34,1,4761,93.28669140414485
carlossantannape,34,1,4762,93.29325887622826
renatinhoseligue,34,1,4763,93.29982634831168
davimunizpe,34,1,4764,93.30639382039509
pco.29,34,1,4765,93.3129612924785
pc_verissimo,34,1,4766,93.31952876456192
darlingcardoso,33,1,4767,93.3259030757017
ananiasnauar,33,1,4768,93.3322773868415
anadethy_,33,1,4769,93.33865169798128
depjeferson10,33,1,4770,93.34502600912106
igoraraujo.osocial_,33,1,4771,93.35140032026085
tamirispeixoto.ofc,33,1,4772,93.35777463140063
depzesilva,33,1,4773,93.36414894254041
lucasdovalego,33,1,4774,93.3705232536802
coronelmocellin,33,1,4775,93.37689756481998
deputadoevandroaraujo,33,1,4776,93.38327187595976
ivanildomarquez,33,1,4777,93.38964618709956
luciarochaba,33,1,4778,93.39602049823934
cassiosilveirars,33,1,4779,93.40239480937912
luizacalvet,33,1,4780,93.40876912051891
danyelaraujo10,33,1,4781,93.41514343165869
sandra_picoli65,33,1,4782,93.42151774279847
coronelurzeda,33,1,4783,93.42789205393827
deputadayonny,33,1,4784,93.43426636507805
sidpeao,33,1,4785,93.44064067621782
maradasaudee,33,1,4786,93.44701498735762
capitaocontelopes,33,1,4787,93.4533892984974
yaravellasco,33,1,4788,93.45976360963719
kabarbosa.oficial,33,1,4789,93.46613792077697
kau.magno,33,1,4790,93.47251223191675
euricardocastanheira,33,1,4791,93.47888654305655
silviawinterpsicanalista,33,1,4792,93.48526085419633
jpflechadelima,33,1,4793,93.4916351653361
leandrofvitor,33,1,4794,93.4980094764759
soldadoleticiaassis,33,1,4795,93.50438378761568
delegado.diogenes,33,1,4796,93.51075809875546
jorgeviannadf,33,1,4797,93.51713240989525
diogoventura_rj,33,1,4798,93.52350672103503
mcgui,33,1,4799,93.52988103217481
rubensotoni,33,1,4800,93.53625534331461
mcdarlanoficial,33,1,4801,93.54262965445439
nayarabarcelosgo,33,1,4802,93.54900396559417
nadia_saldanha,33,1,4803,93.55537827673396
chiquinhodoscarneirosof,33,1,4804,93.56175258787374
tiagolutiani,33,1,4805,93.56812689901352
delegadanadine,33,1,4806,93.57450121015331
jorgealexandre.ja,33,1,4807,93.5808755212931
leonelzinho,33,1,4808,93.58724983243287
matheus_cambui,33,1,4809,93.59362414357267
coroneladailton,33,1,4810,93.59999845471245
jeanbatistaoficial,33,1,4811,93.60637276585224
marivaldopereiradf,33,1,4812,93.61274707699202
augustoduarteoficial,33,1,4813,93.6191213881318
rafaeleikferreira,33,1,4814,93.6254956992716
joelmir_mota,33,1,4815,93.63187001041138
betinhadalaranja,33,1,4816,93.63824432155116
rodrigovazsp,33,1,4817,93.64461863269095
llucindov,33,1,4818,93.65099294383073
pauloeugeniovilela,33,1,4819,93.65736725497051
samiramachado,33,1,4820,93.6637415661103
tinelaonaarea,33,1,4821,93.67011587725008
lincolntejota,33,1,4822,93.67649018838986
cokitosp,33,1,4823,93.68286449952966
thamiespassos,33,1,4824,93.68923881066944
vereadordionisio,33,1,4825,93.69561312180922
pacheco_vereador,33,1,4826,93.70198743294901
vanessafarias.oficial,33,1,4827,93.70836174408879
danilocampettisp,33,1,4828,93.71473605522857
ghiovannylorusso,33,1,4829,93.72111036636836
junioamaraldm,33,1,4830,93.72748467750814
maisacartaxo,33,1,4831,93.73385898864794
silasfeitosaoficial,33,1,4832,93.74023329978772
carolsi1va,33,1,4833,93.7466076109275
adelefatimaoficial,33,1,4834,93.75298192206729
julianlemosdeputadofederalpb,33,1,4835,93.75935623320707
charlenebortoleto,33,1,4836,93.76573054434685
janieiresilva30,33,1,4837,93.77210485548665
saulopedrososp,33,1,4838,93.77847916662643
gabrieldias.rs,33,1,4839,93.7848534777662
deborarodriguesoficial,33,1,4840,93.791227788906
felipegaldinobr,33,1,4841,93.79760210004578
newtoncardosojr,33,1,4842,93.80397641118556
val.advogado_oficial,33,1,4843,93.81035072232535
alvescatianne,32,1,4844,93.81653187252151
yago_goncalvesy,32,1,4845,93.82271302271766
adelitamonteiro,32,1,4846,93.82889417291382
eudanieldavi,32,1,4847,93.83507532310996
ricardopericar,32,1,4848,93.84125647330612
professoramyrellemirtis,32,1,4849,93.84743762350227
guilhermecolombosc,32,1,4850,93.85361877369843
drdaniloramalho,32,1,4851,93.85979992389458
ribeirodosinpol,32,1,4852,93.86598107409074
paulocesar.opc,32,1,4853,93.8721622242869
rafacastro_40,32,1,4854,93.87834337448305
biavargas,32,1,4855,93.88452452467921
analizoficial.sc,32,1,4856,93.89070567487536
valeriapradoo,32,1,4857,93.89688682507152
prrafamacedo,32,1,4858,93.90306797526767
drsergiopacheco,32,1,4859,93.90924912546383
betokmarcelino,32,1,4860,93.91543027565999
oramalhodaconstrucao,32,1,4861,93.92161142585614
paulo_castellobranco,32,1,4862,93.9277925760523
profdeley,32,1,4863,93.93397372624845
professora.lurdinha,32,1,4864,93.94015487644461
dremersonsergipe,32,1,4865,93.94633602664075
drajuliemilano,32,1,4866,93.9525171768369
patriciaferreirape,32,1,4867,93.95869832703306
luiz_bricalli,32,1,4868,93.96487947722922
vereador.vava.azevedo,32,1,4869,93.97106062742537
alucianagarcia,32,1,4870,93.97724177762153
dailvabasilio,32,1,4871,93.98342292781768
victorruizsp,32,1,4872,93.98960407801384
guaraci.fagundes,32,1,4873,93.99578522821
danicarvalhomissao,32,1,4874,94.00196637840615
vereadorflavionobre,32,1,4875,94.00814752860231
amaurydaappd_,32,1,4876,94.01432867879846
brizolacorteletti,32,1,4877,94.02050982899462
dramagdala,32,1,4878,94.02669097919078
manecohassen,32,1,4879,94.03287212938693
vivianecariello,32,1,4880,94.03905327958309
cabodanielson,32,1,4881,94.04523442977924
alessandragonzagasp,32,1,4882,94.0514155799754
wagnercoelho_oficial,32,1,4883,94.05759673017154
capitaoassumcao,32,1,4884,94.0637778803677
bugdamnunes,32,1,4885,94.06995903056385
tomiotkoficial,32,1,4886,94.07614018076
leticiabatistaro,32,1,4887,94.08232133095616
carlamuller.sp,32,1,4888,94.08850248115232
newtonboninoficial,32,1,4889,94.09468363134847
eleangelacervilha,32,1,4890,94.10086478154463
fernandosanguelaranja,32,1,4891,94.10704593174079
renandaresenhaoficial,32,1,4892,94.11322708193694
andrefernandes,32,1,4893,94.1194082321331
pedrolongooficial,32,1,4894,94.12558938232925
rodrigodrable,32,1,4895,94.13177053252541
cesinhavereador,32,1,4896,94.13795168272156
valdomirolopesoficial,32,1,4897,94.14413283291772
soujorgemiranda,32,1,4898,94.15031398311388
mariadosocorroenf,32,1,4899,94.15649513331003
deputadoediolopes,32,1,4900,94.16267628350619
raqueldosanimais,32,1,4901,94.16885743370233
ruggiericaravage,32,1,4902,94.17503858389848
pemoneto,32,1,4903,94.18121973409464
michellyguimaraesma,32,1,4904,94.1874008842908
deputadopezenti,32,1,4905,94.19358203448695
sergiogm_serginho,32,1,4906,94.1997631846831
cleiton.fossa,32,1,4907,94.20594433487926
ronaldoestimajr,32,1,4908,94.21212548507542
eurosanabastos,32,1,4909,94.21830663527157
mseminaldo,32,1,4910,94.22448778546773
rafagonzagasp,32,1,4911,94.23066893566389
ramonlimasp,32,1,4912,94.23685008586004
evertonsouzarenovar,32,1,4913,94.2430312360562
diegodaapaa,32,1,4914,94.24921238625235
cicinholimaoficial,32,1,4915,94.25539353644851
ciencia.sem.tabu,32,1,4916,94.26157468664466
_anav.soares,31,1,4917,94.26756267589718
josidaradio,31,1,4918,94.27355066514971
krause.rogers,31,1,4919,94.27953865440223
adautobentivegnafilho,31,1,4920,94.28552664365476
podtchaca,31,1,4921,94.29151463290728
diegomarquesoficialrio,31,1,4922,94.29750262215981
dorasanches_,31,1,4923,94.30349061141233
adjutodias,31,1,4924,94.30947860066486
deputadoguerra,31,1,4925,94.31546658991739
dr.adrianobarbosa.cirurgia,31,1,4926,94.32145457916991
deputadoberlanda,31,1,4927,94.32744256842244
ruby.bergamini,31,1,4928,94.33343055767496
leandrolopes.rs,31,1,4929,94.33941854692749
rubensuchoa.oficial,31,1,4930,94.34540653618001
jorgegoetten,31,1,4931,94.35139452543254
dineylenon,31,1,4932,94.35738251468506
letisampa,31,1,4933,94.36337050393759
wesleycasaforte,31,1,4934,94.3693584931901
deputadomarcelovictor,31,1,4935,94.37534648244264
vivianelima_oficial,31,1,4936,94.38133447169515
india_armelau,31,1,4937,94.38732246094769
alissonnoficial,31,1,4938,94.39331045020022
brendaagontijo,31,1,4939,94.39929843945274
suedcarvalhoup,31,1,4940,94.40528642870527
dr.marcosviniciusof,31,1,4941,94.41127441795778
alessandrojesusofc,31,1,4942,94.41726240721032
lincolns,31,1,4943,94.42325039646283
albuquerque.aj,31,1,4944,94.42923838571537
wellingtonbaptistarj,31,1,4945,94.43522637496788
joaocoelho10,31,1,4946,94.44121436422041
rogerionogueira25,31,1,4947,94.44720235347293
clinicadrrafaelbenoliel,31,1,4948,94.45319034272546
proftozi,31,1,4949,94.45917833197798
eduardoloureiro12,31,1,4950,94.46516632123051
ebantle,31,1,4951,94.47115431048304
bandeira.andre,31,1,4952,94.47714229973556
elisadasaude,31,1,4953,94.4831302889881
denilsonbandeira_of,31,1,4954,94.48911827824061
rafaelaloisiofreitas,31,1,4955,94.49510626749314
bahmatteus,31,1,4956,94.50109425674566
bellini.vagner,31,1,4957,94.50708224599819
olucasfsilveira,31,1,4958,94.51307023525071
julyver_modesto,31,1,4959,94.51905822450324
deputadozemilton,31,1,4960,94.52504621375576
diegodovallecp,31,1,4961,94.53103420300829
ivonycostta,31,1,4962,94.5370221922608
samuelmendesgo,31,1,4963,94.54301018151334
janailsonvalimil,31,1,4964,94.54899817076587
venanciocardosopi,31,1,4965,94.55498616001839
reneclei.emergencia_1,31,1,4966,94.56097414927092
reveracidade,31,1,4967,94.56696213852344
marciobragamaninho,31,1,4968,94.57295012777597
andre_comaru,31,1,4969,94.57893811702849
drjaques,31,1,4970,94.58492610628102
pamelys.adv,31,1,4971,94.59091409553353
davigilanteee,31,1,4972,94.59690208478607
carmelitacastro.srn,31,1,4973,94.60289007403858
vereadoredinhocarvalho,31,1,4974,94.60887806329112
gleisson.pa,31,1,4975,94.61486605254365
vereadornandinho,31,1,4976,94.62085404179616
amigosdocapitao_,31,1,4977,94.6268420310487
vereadorraimundofilho,31,1,4978,94.63283002030121
amadeu_boeira,31,1,4979,94.63881800955375
hermersoncaminhoneiro,31,1,4980,94.64480599880626
azieldiasoficial,31,1,4981,94.6507939880588
thiagosurfista_,31,1,4982,94.65678197731131
thiagoboava,31,1,4983,94.66276996656384
apolliane,31,1,4984,94.66875795581636
drjoelnunes,31,1,4985,94.67474594506889
moniquezuma.up,31,1,4986,94.68073393432141
evaldocostatv,31,1,4987,94.68672192357394
evertonferreeira,31,1,4988,94.69270991282647
drmarceloreissc,31,1,4989,94.69869790207899
professorjulianolopes,31,1,4990,94.70468589133152
fabriziomeller.prof,31,1,4991,94.71067388058404
drluisfernando44,31,1,4992,94.71666186983657
dayanydocapitao,31,1,4993,94.72264985908909
carladafocinho,31,1,4994,94.72863784834162
esmarlonesjr,31,1,4995,94.73462583759414
eumarciareginaofc,31,1,4996,94.74061382684667
raphaelnascimento.es,31,1,4997,94.74660181609919
delegadasato,31,1,4998,94.75258980535172
edilsonmassocco,31,1,4999,94.75857779460424
flaviomarramg,31,1,5000,94.76456578385677
renan_marassi,31,1,5001,94.7705537731093
uber_erikajane,31,1,5002,94.77654176236182
leoazevedo.ce,30,1,5003,94.78233659067071
larisdelucca,30,1,5004,94.7881314189796
cirineu_costa,30,1,5005,94.7939262472885
zeliomota,30,1,5006,94.7997210755974
zoemartinez.sp,30,1,5007,94.8055159039063
rosefelixguimaraes,30,1,5008,94.81131073221519
soldadonailson,30,1,5009,94.81710556052408
wilsinhodatabu,30,1,5010,94.82290038883298
perlamuller13,30,1,5011,94.82869521714187
cachorro.pi,30,1,5012,94.83449004545076
levyteixeiraa,30,1,5013,94.84028487375967
leonardopdsa,30,1,5014,94.84607970206856
pennabarbara,30,1,5015,94.85187453037746
deputadoandrevale.ac,30,1,5016,94.85766935868635
valmir_climaco,30,1,5017,94.86346418699524
caroline_carlos_monteiro,30,1,5018,94.86925901530414
georgebastospe,30,1,5019,94.87505384361303
amaliatortato,30,1,5020,94.88084867192194
victor_gaspodini,30,1,5021,94.88664350023083
victorrattesdf,30,1,5022,94.89243832853973
daianeburgos,30,1,5023,94.89823315684862
drbenonimendes,30,1,5024,94.90402798515751
draketlenvieira,30,1,5025,94.9098228134664
danielbassioficial,30,1,5026,94.9156176417753
carmeloneto,30,1,5027,94.92141247008419
marcelodiniz.rj,30,1,5028,94.9272072983931
rodrigosimao.sj,30,1,5029,94.933002126702
liberatocaldeira,30,1,5030,94.93879695501089
pedrowestphalen,30,1,5031,94.94459178331978
dr.celiowanderley,30,1,5032,94.95038661162867
conceicaodarruda,30,1,5033,94.95618143993757
joaotrindadems,30,1,5034,94.96197626824646
aknoploch,30,1,5035,94.96777109655537
libafronza,30,1,5036,94.97356592486426
ludmilabariso,30,1,5037,94.97936075317315
samialeiza,30,1,5038,94.98515558148205
lucascalilgo,30,1,5039,94.99095040979094
coronelfabricio.es,30,1,5040,94.99674523809983
cassio.gois,30,1,5041,95.00254006640873
robisonpedroso,30,1,5042,95.00833489471763
rodolfo_belem_oficial,30,1,5043,95.01412972302653
altobelisilva,30,1,5044,95.01992455133542
flaviatelesgo,30,1,5045,95.02571937964431
marianadesouza.rj,30,1,5046,95.03151420795321
capitaobelarmino,30,1,5047,95.0373090362621
thor.canjica.laiola,30,1,5048,95.043103864571
delegadocarlosaugusto,30,1,5049,95.04889869287989
monicamarapara,30,1,5050,95.0546935211888
fabio_sphera,30,1,5051,95.06048834949769
eusouthiagolira,30,1,5052,95.06628317780658
drwalbercruz,30,1,5053,95.07207800611548
segueoviniciussantana,30,1,5054,95.07787283442437
carlosbrizola.candidato,30,1,5055,95.08366766273326
professoremersonrezende,30,1,5056,95.08946249104216
mauriciobm.ro,30,1,5057,95.09525731935106
mdb_nacional,30,1,5058,95.10105214765996
fagner_russo,30,1,5059,95.10684697596885
deborahleitebr,30,1,5060,95.11264180427774
psdnacional55,30,1,5061,95.11843663258664
betinhoneves,30,1,5062,95.12423146089553
belandradeoficial,30,1,5063,95.13002628920442
emersonozoficial,30,1,5064,95.13582111751332
delegadopabloaguiar,30,1,5065,95.14161594582222
severinodiasoficial,30,1,5066,95.14741077413112
edermatos_50,30,1,5067,95.15320560244001
eduardoagualuz,30,1,5068,95.1590004307489
edsonventurasp,30,1,5069,95.1647952590578
thaisvianacanuto,30,1,5070,95.17059008736669
niltonsalomao,30,1,5071,95.17638491567558
sidneycruzsp,30,1,5072,95.18217974398449
juliogarciasc,30,1,5073,95.18797457229338
juliano_martinssc,30,1,5074,95.19376940060228
katiarodriguesvereadora,30,1,5075,95.19956422891117
prefeitoassisramos,30,1,5076,95.20535905722006
issamsaadodeputado,29,1,5077,95.21096072458533
alexmartinsprofessor,29,1,5078,95.2165623919506
haneronmarcos,29,1,5079,95.22216405931586
kelsoncortez,29,1,5080,95.22776572668113
delegadoruchester,29,1,5081,95.2333673940464
emanuel_bueno,29,1,5082,95.23896906141165
pauloalvesipojuca,29,1,5083,95.24457072877692
paulinhodochurrasquinho,29,1,5084,95.25017239614219
bebetorj,29,1,5085,95.25577406350746
viniciussaudino,29,1,5086,95.26137573087271
carolmidoriprotetora,29,1,5087,95.26697739823798
gustavosantanaplmg,29,1,5088,95.27257906560325
ruimarmendes_27,29,1,5089,95.27818073296852
dzvascon,29,1,5090,95.28378240033378
oficial_juarezpereira,29,1,5091,95.28938406769905
deputadojerry,29,1,5092,95.29498573506432
leolamerabr,29,1,5093,95.30058740242958
dr.gondim,29,1,5094,95.30618906979484
vereadorzico,29,1,5095,95.31179073716011
manuellatyler,29,1,5096,95.31739240452538
diegobarretooficial,29,1,5097,95.32299407189063
dilceusperafico,29,1,5098,95.3285957392559
joner.chagas,29,1,5099,95.33419740662117
cacaununespe,29,1,5100,95.33979907398644
adrianofiuzza,29,1,5101,95.3454007413517
juniaceliamedeiros,29,1,5102,95.35100240871697
marquinhodeputado,29,1,5103,95.35660407608223
tambura_amondawa,29,1,5104,95.3622057434475
capitaocacciari,29,1,5105,95.36780741081276
fabiovillaverde,29,1,5106,95.37340907817803
dra.ismailidonassan,29,1,5107,95.3790107455433
professorchristianlohbauer,29,1,5108,95.38461241290857
memullergarcia,29,1,5109,95.39021408027382
fabianodaluzsc,29,1,5110,95.39581574763909
pauloduartems,29,1,5111,95.40141741500436
pauloferreira.23,29,1,5112,95.40701908236962
pastorflamarion,29,1,5113,95.41262074973488
patriciapfrancis,29,1,5114,95.41822241710015
natansperafico,29,1,5115,95.42382408446542
eu.lilianventura,29,1,5116,95.42942575183068
patriciatobiasoficial,29,1,5117,95.43502741919595
davibrandaodeputado,29,1,5118,95.44062908656122
anacampagnolo_sc,29,1,5119,95.44623075392649
ivanguedespe,29,1,5120,95.45183242129174
marcello_capparelli,29,1,5121,95.45743408865701
edilson.pardals_oficial,29,1,5122,95.46303575602228
delegado_leo,29,1,5123,95.46863742338753
arthurschmidt,29,1,5124,95.4742390907528
carol.monteiroofc,29,1,5125,95.47984075811807
vereadoracristinaoliveira,29,1,5126,95.48544242548334
marcelopradocirurgiaplastica,29,1,5127,95.4910440928486
bocaabertaoficial,29,1,5128,95.49664576021387
joabdapesca,29,1,5129,95.50224742757914
fabiojorge,29,1,5130,95.5078490949444
rodrigobrasmar,29,1,5131,95.51345076230966
depkittylima,29,1,5132,95.51905242967493
deivid_wisley,29,1,5133,95.5246540970402
vivianealvesof,29,1,5134,95.53025576440547
dr.alanqueiroz,29,1,5135,95.53585743177072
dr.deodalto,29,1,5136,95.54145909913599
cintyamuniz,29,1,5137,95.54706076650126
jordaniasiqueira_,29,1,5138,95.55266243386652
josethomesc,29,1,5139,95.55826410123179
adriana_palladino,29,1,5140,95.56386576859705
depmarcelinhoveiga,29,1,5141,95.56946743596232
tatianeguimaraes30go,29,1,5142,95.57506910332758
mateusdaleste_,29,1,5143,95.58067077069285
mateusgtrojan,29,1,5144,95.58627243805812
delegadajulianunes,29,1,5145,95.59187410542339
germanawanderleypb,29,1,5146,95.59747577278864
andersoncfeitosa,29,1,5147,95.60307744015391
waldecirmaiajr,29,1,5148,95.60867910751918
jefersonrocha.agro,29,1,5149,95.61428077488443
depstefano,29,1,5150,95.6198824422497
tavaresdudu,29,1,5151,95.62548410961497
fabiocamaraslz,29,1,5152,95.63108577698024
rdnarede,29,1,5153,95.6366874443455
miriamguzella,29,1,5154,95.64228911171077
michelvilanova.oficial,29,1,5155,95.64789077907604
tieminevoeiro,29,1,5156,95.6534924464413
darlonalmeida,29,1,5157,95.65909411380656
gauchodageral,29,1,5158,95.66469578117183
gabrielvazmg,29,1,5159,95.6702974485371
gabyronalsa,29,1,5160,95.67589911590237
taianebsantos,28,1,5161,95.681307622324
robertomateus59,28,1,5162,95.68671612874563
robertorangel.es,28,1,5163,95.69212463516726
progressistas,28,1,5164,95.6975331415889
eeduardomarquesoficial,28,1,5165,95.70294164801054
oescriba.oficial,28,1,5166,95.70835015443217
cantorkalebe,28,1,5167,95.71375866085381
igorpassosoficial,28,1,5168,95.71916716727544
luisfabianooficial,28,1,5169,95.72457567369707
allanagoncalves,28,1,5170,95.72998418011872
zelopesac,28,1,5171,95.73539268654035
karinapimentarn,28,1,5172,95.74080119296198
cicerojoaooficial,28,1,5173,95.74620969938363
zepreto.es.oficial,28,1,5174,95.75161820580526
amandateixeiradias,28,1,5175,95.75702671222689
ricardinhofavaro,28,1,5176,95.76243521864853
ricardoschwantese,28,1,5177,95.76784372507016
engenheirosaboia,28,1,5178,95.7732522314918
eusousamuelsantos,28,1,5179,95.77866073791344
neibe_araujo,28,1,5180,95.78406924433507
rafaelottaiano,28,1,5181,95.7894777507567
vereadorherminiobernardo,28,1,5182,95.79488625717835
amirellebueno,28,1,5183,95.80029476359998
prof.carlos.sa,28,1,5184,95.80570327002161
ricardogalvaosp,28,1,5185,95.81111177644325
thiagovieirapm,28,1,5186,95.81652028286489
gracianepatricio,28,1,5187,95.82192878928652
bobfllay_ogabineterosa,28,1,5188,95.82733729570816
naserdeolho,28,1,5189,95.83274580212979
oleandroissa,28,1,5190,95.83815430855142
delegadofernandofernandes,28,1,5191,95.84356281497307
danielbrsoares,28,1,5192,95.8489713213947
gilvan_do_nascimento_ofc,28,1,5193,95.85437982781633
jezerjunior,28,1,5194,95.85978833423798
joaofariassp,28,1,5195,95.8651968406596
joaosantosdosocial,28,1,5196,95.87060534708124
coronel_henrique,28,1,5197,95.87601385350288
luindalecioo,28,1,5198,95.88142235992451
gilparaibano,28,1,5199,95.88683086634614
coronel.fragoso,28,1,5200,95.89223937276779
rebecaromerobr,28,1,5201,95.89764787918942
marcos.zerbini,28,1,5202,95.90305638561105
anacampagnolo,28,1,5203,95.9084648920327
gabrielmancinioficial,28,1,5204,95.91387339845433
andersonferreira_ma,28,1,5205,95.91928190487596
felipesantosmissao,28,1,5206,95.9246904112976
andreolireal,28,1,5207,95.93009891771923
misericordiafarias,28,1,5208,95.93550742414087
alcinobarcelos,28,1,5209,95.94091593056251
pachecorodrigol,28,1,5210,95.94632443698414
luanavalimpt,28,1,5211,95.95173294340577
luannasantos.13,28,1,5212,95.9571414498274
carlosabranchesoficial,28,1,5213,95.96254995624905
uzielbueno,28,1,5214,95.96795846267068
uselunaam,28,1,5215,95.97336696909231
rodrigortavares,28,1,5216,95.97877547551396
waldircatarino,28,1,5217,95.98418398193559
marcoswesley.enf,28,1,5218,95.98959248835722
pedrobetinense,28,1,5219,95.99500099477886
antoniodepaduacarnauba,28,1,5220,96.0004095012005
konstantino_atan,28,1,5221,96.00581800762212
andremartinsoficial.br,28,1,5222,96.01122651404377
edsonkambeba_oficial,28,1,5223,96.0166350204654
cantoranoeminonatooficial,28,1,5224,96.02204352688703
sirleimuller15,27,1,5225,96.02725887236504
rosangelavidal.ma,27,1,5226,96.03247421784305
simonesoares_dcm,27,1,5227,96.03768956332105
piloto.predador,27,1,5228,96.04290490879906
pitombatorres,27,1,5229,96.04812025427707
leo_quebradoes,27,1,5230,96.05333559975507
kleitonandradeoficial,27,1,5231,96.05855094523308
jotinhapiaui,27,1,5232,96.06376629071109
kelguimaraesoficial,27,1,5233,96.0689816361891
fabiobotelho_sc,27,1,5234,96.0741969816671
fabiofariadesa,27,1,5235,96.0794123271451
frediandrigo,27,1,5236,96.0846276726231
mauriciopardaldf,27,1,5237,96.0898430181011
submesacbombeiro,27,1,5238,96.09505836357911
charlesrodrigues.jaboatao,27,1,5239,96.10027370905712
dr.parcelino,27,1,5240,96.10548905453513
andrebarbezani,27,1,5241,96.11070440001313
binho.galinha,27,1,5242,96.11591974549114
papapenal,27,1,5243,96.12113509096915
marlimorettioficial,27,1,5244,96.12635043644715
victormenezes.rj,27,1,5245,96.13156578192516
macedograziele,27,1,5246,96.13678112740317
herculanoborges,27,1,5247,96.14199647288117
maciel__saraiva,27,1,5248,96.14721181835918
leticiapink_,27,1,5249,96.15242716383717
rio.marcioribeiro,27,1,5250,96.15764250931518
bernardetecblima,27,1,5251,96.16285785479319
netoloureirorr,27,1,5252,96.1680732002712
juniorjl_ogritodopovo,27,1,5253,96.1732885457492
cauefuhrosouto,27,1,5254,96.17850389122721
igorportorj,27,1,5255,96.18371923670522
lobaooficial,27,1,5256,96.18893458218322
alessandro_martins_protetor,27,1,5257,96.19414992766123
alessandrosarmento,27,1,5258,96.19936527313924
arlei_romeiro,27,1,5259,96.20458061861724
deise.santacatarina,27,1,5260,96.20979596409525
lordmarinho,27,1,5261,96.21501130957326
betorodovalhobr,27,1,5262,96.22022665505125
tiagocareca.japeri,27,1,5263,96.22544200052926
delegadopaulohenrique,27,1,5264,96.23065734600726
nasllatembra13,27,1,5265,96.23587269148527
rainhadofinanceiro,27,1,5266,96.24108803696328
guikilter.pr,27,1,5267,96.24630338244128
celiostudartfaz,27,1,5268,96.25151872791929
luciano_passofundo,27,1,5269,96.2567340733973
salbernardo,27,1,5270,96.2619494188753
gisleide_ribeiroa,27,1,5271,96.26716476435331
vanessaziotti_,27,1,5272,96.27238010983132
fabiana.melorodrigues,27,1,5273,96.27759545530932
fabiabrilhante,27,1,5274,96.28281080078732
nelsonnetodf,27,1,5275,96.28802614626532
marciasantos.protetora,27,1,5276,96.29324149174333
raimundocarvalho_oficial,27,1,5277,96.29845683722134
eugenio_vilelaformiga,27,1,5278,96.30367218269934
nathaciaamaral.sp,27,1,5279,96.30888752817735
thigagliasso,27,1,5280,96.31410287365536
dra.vivianne,27,1,5281,96.31931821913336
dra.sandratadeu,27,1,5282,96.32453356461137
ricardooliveira.avante,27,1,5283,96.32974891008938
maitebrusman,27,1,5284,96.33496425556739
isadorapiana.sc,27,1,5285,96.34017960104539
lukaosojulgando,27,1,5286,96.3453949465234
hildadeola,27,1,5287,96.35061029200139
alotonirussobz,27,1,5288,96.3558256374794
dirceufranciscon,26,1,5289,96.36084782201378
larissa.pucca,26,1,5290,96.36587000654815
silviablumberg2026,26,1,5291,96.37089219108253
judorosxi,26,1,5292,96.3759143756169
flaviopoggian,26,1,5293,96.38093656015128
preta.biava,26,1,5294,96.38595874468567
juninhoboi,26,1,5295,96.39098092922004
juquinhapsb,26,1,5296,96.39600311375442
williamparreiraduarte,26,1,5297,96.40102529828879
zecarlos1,26,1,5298,96.40604748282317
cidemachado.sc,26,1,5299,96.41106966735754
rogerioferreira.mg,26,1,5300,96.41609185189192
dannyarouca,26,1,5301,96.42111403642629
del.augustocesar,26,1,5302,96.42613622096067
cesarbrisolara,26,1,5303,96.43115840549504
sargentogalesco_,26,1,5304,96.43618059002942
tales.custodio,26,1,5305,96.44120277456379
stephaniealvess__,26,1,5306,96.44622495909817
taga.sp,26,1,5307,96.45124714363254
soumanusantos,26,1,5308,96.45626932816693
alini.artioli,26,1,5309,96.4612915127013
michelle.schwanke.arquiteta,26,1,5310,96.46631369723568
marciomarquesoficial1,26,1,5311,96.47133588177005
velaof,26,1,5312,96.47635806630443
crisdasauude,26,1,5313,96.4813802508388
alexandrereidosterrenos,26,1,5314,96.48640243537318
ivomilgrauoficial,26,1,5315,96.49142461990755
coronelrochase,26,1,5316,96.49644680444193
marcioalvino,26,1,5317,96.5014689889763
vavadothianguarr,26,1,5318,96.50649117351068
depniltonfranco,26,1,5319,96.51151335804505
dep.ricardofranca,26,1,5320,96.51653554257943
comandantevaladao,26,1,5321,96.5215577271138
constanca_docelar,26,1,5322,96.52657991164818
alaor_acontece,26,1,5323,96.53160209618257
ruisaldanhabr,26,1,5324,96.53662428071694
mchulkdaselva,26,1,5325,96.54164646525132
danilodopostosaude,26,1,5326,96.54666864978569
reinaldo.araujo.oficial,26,1,5327,96.55169083432007
fstaon,26,1,5328,96.55671301885444
arapiumtereza,26,1,5329,96.56173520338882
deprafaelnunes,26,1,5330,96.56675738792319
andersonhenriquetv,26,1,5331,96.57177957245757
filipefornari,26,1,5332,96.57680175699194
drgilmarmoraes,26,1,5333,96.58182394152632
meronneto,26,1,5334,96.58684612606069
fabricio,26,1,5335,96.59186831059507
enfermeiraerika.mg,26,1,5336,96.59689049512944
pastordivinopereira,26,1,5337,96.60191267966383
marcelocruzs,26,1,5338,96.6069348641982
opablolima,26,1,5339,96.61195704873258
drpedropaulocaiadocanedo,26,1,5340,96.61697923326695
pensepinhodf,26,1,5341,96.62200141780133
diogosegabinazzisiqueira,26,1,5342,96.6270236023357
priscila.baccile,26,1,5343,96.63204578687008
soniavedovatto,26,1,5344,96.63706797140445
rubensmarquesvieira,26,1,5345,96.64209015593883
prof.daniel_abranches,26,1,5346,96.6471123404732
oficial_vitoriasouza_,26,1,5347,96.65213452500758
alisson_madeiro,26,1,5348,96.65715670954195
professoradayanepimentel,26,1,5349,96.66217889407633
deputadoadrianocoelho,26,1,5350,96.6672010786107
paulabancadafeminista,26,1,5351,96.67222326314509
drzefrancisco,26,1,5352,96.67724544767947
drraphaeloliveiraoficial,26,1,5353,96.68226763221384
drwalter.vosgrau,26,1,5354,96.68728981674822
profjessicamotta,26,1,5355,96.69231200128259
cyrogarcia16,26,1,5356,96.69733418581697
nilferreira.oficial,26,1,5357,96.70235637035134
thiagocarreiroserra,26,1,5358,96.70737855488572
rafaelmartinstv,26,1,5359,96.71240073942009
beneditodavozinha,26,1,5360,96.71742292395447
rabuja.sc,26,1,5361,96.72244510848884
vereadorfabianopinto,26,1,5362,96.72746729302322
heltonjuniorbh,26,1,5363,96.73248947755759
denisandia,26,1,5364,96.73751166209198
alextadeuamaral,26,1,5365,96.74253384662634
magdabeatriztv,26,1,5366,96.74755603116073
madukrasny,26,1,5367,96.7525782156951
capitaostyvensonsenador,26,1,5368,96.75760040022948
rafael.primo.rp,26,1,5369,96.76262258476385
pr_itamar_paim,26,1,5370,96.76764476929823
derlandiojackson,26,1,5371,96.7726669538326
rosangela_sjr,26,1,5372,96.77768913836698
ruanvallefoox,25,1,5373,96.78251816195773
claudime_,25,1,5374,96.78734718554847
altemirthormann,25,1,5375,96.79217620913921
junior.maromba,25,1,5376,96.79700523272996
junacamara,25,1,5377,96.8018342563207
moretifabiano,25,1,5378,96.80666327991146
missionariojoseolimpio,25,1,5379,96.8114923035022
os_fuleras,25,1,5380,96.81632132709295
expeditomichels,25,1,5381,96.8211503506837
maedannydapadilha,25,1,5382,96.82597937427444
isrselsantos_,25,1,5383,96.83080839786518
igortavaresmg,25,1,5384,96.83563742145593
isadorabrizola_,25,1,5385,96.84046644504667
dalton_pp11,25,1,5386,96.84529546863742
robenilson.torres.adv,25,1,5387,96.85012449222818
profconradoaugusto,25,1,5388,96.85495351581892
pastorezequielbueno,25,1,5389,96.85978253940966
drasandramfigueiredo,25,1,5390,96.86461156300041
professora_gilmara,25,1,5391,96.86944058659115
paulomineiro30,25,1,5392,96.8742696101819
vereadormarciomartins,25,1,5393,96.87909863377264
daniel.bordim,25,1,5394,96.88392765736339
renatosilvarr,25,1,5395,96.88875668095413
geleiaprotetor,25,1,5396,96.89358570454489
professorcarloslairon,25,1,5397,96.89841472813563
fialho._,25,1,5398,96.90324375172638
fideles1060_,25,1,5399,96.90807277531712
lucaslucenapb,25,1,5400,96.91290179890787
gabriellimambl,25,1,5401,96.91773082249861
alinejuliete13,25,1,5402,96.92255984608936
rodrigodoagita,25,1,5403,96.9273888696801
marciolabreoficial,25,1,5404,96.93221789327085
marcio.polones,25,1,5405,96.9370469168616
marcelo_pitol,25,1,5406,96.94187594045235
irmaojulioo_,25,1,5407,96.9467049640431
marciarebeschinii,25,1,5408,96.95153398763384
sargentobetania,25,1,5409,96.95636301122458
subtenente_bernardo,25,1,5410,96.96119203481533
matheus.campinas,25,1,5411,96.96602105840607
soufabriciocardoso,25,1,5412,96.97085008199682
eurodrigotudor,25,1,5413,96.97567910558756
barbarakawall_,25,1,5414,96.98050812917832
denninho_silva,25,1,5415,96.98533715276906
netoandradec,25,1,5416,96.9901661763598
caboaenia,25,1,5417,96.99499519995055
jornalistajosematias,25,1,5418,96.9998242235413
jorginhomota,25,1,5419,97.00465324713204
juniorsantosrosa,25,1,5420,97.00948227072278
leandrobassonoficial,25,1,5421,97.01431129431353
oficialjuliotavares,25,1,5422,97.01914031790429
okasaki_rj,25,1,5423,97.02396934149503
deputadojesussergio,25,1,5424,97.02879836508578
dep.alexandrepereira.oficial,25,1,5425,97.03362738867652
pedrodoovo,25,1,5426,97.03845641226727
pedroricardorj,25,1,5427,97.04328543585801
flavioganem.rj,25,1,5428,97.04811445944875
dr.joao_oficial,25,1,5429,97.0529434830395
joaodosomoficial,25,1,5430,97.05777250663024
deputadaanacunha,25,1,5431,97.062601530221
otavioxerife,25,1,5432,97.06743055381175
bizzotto.c,25,1,5433,97.07225957740249
francocartafina,25,1,5434,97.07708860099324
calmoreiraa,24,1,5435,97.08172446364036
deputadozeguilherme,24,1,5436,97.08636032628746
prefeita_cleciveronezi,24,1,5437,97.09099618893458
silvinho.almeida,24,1,5438,97.0956320515817
draneylabraga,24,1,5439,97.10026791422881
dra.regianesouzaneves,24,1,5440,97.10490377687593
britogabi,24,1,5441,97.10953963952305
depmarcelonilo,24,1,5442,97.11417550217017
fernandomouraft,24,1,5443,97.11881136481728
brancasantosdc,24,1,5444,97.1234472274644
tales_bandeira,24,1,5445,97.12808309011152
valdivinolt7,24,1,5446,97.13271895275862
lourdes.oliiveira,24,1,5447,97.13735481540574
liviamedeiros.tr,24,1,5448,97.14199067805286
fuxiquinhoreserva,24,1,5449,97.14662654069997
davimaialima,24,1,5450,97.15126240334709
jabscres,24,1,5451,97.15589826599421
giusepperiesgo,24,1,5452,97.16053412864133
dramarciataschetti,24,1,5453,97.16516999128844
guilhermebatista.sp,24,1,5454,97.16980585393556
janetepieta,24,1,5455,97.17444171658268
marciosoares.instrutor,24,1,5456,97.17907757922978
gilbertoribeiro.tv,24,1,5457,97.1837134418769
marcelo.queiroz,24,1,5458,97.18834930452402
catulejr,24,1,5459,97.19298516717114
cristovao.tormin,24,1,5460,97.19762102981825
yoonakim.info,24,1,5461,97.20225689246537
wilianfariasbl,24,1,5462,97.20689275511249
soldadomarcelosp,24,1,5463,97.2115286177596
judsonbarros_dpc,24,1,5464,97.21616448040672
guilhermetinik,24,1,5465,97.22080034305384
dra_adriana.pa,24,1,5466,97.22543620570096
dracassiasaldanhaoficial,24,1,5467,97.23007206834806
deputadofilipesoares,24,1,5468,97.23470793099519
carolmatos_ap,24,1,5469,97.2393437936423
maradamasceno,24,1,5470,97.24397965628941
bispavanessalima,24,1,5471,97.24861551893653
fernandorodolfooficial,24,1,5472,97.25325138158365
salmirprefeito,24,1,5473,97.25788724423076
raimundocolombo,24,1,5474,97.26252310687788
eusancheez,24,1,5475,97.267158969525
rogeriolucianopacheco,24,1,5476,97.27179483217212
professorrobertoribeiro,24,1,5477,97.27643069481923
alansleal_,24,1,5478,97.28106655746635
watanabe_oficial,24,1,5479,97.28570242011347
salete.das.lapides,24,1,5480,97.29033828276057
sabrinaleonel.es,24,1,5481,97.29497414540769
rdinamitebr,24,1,5482,97.29961000805481
fabivieeira,24,1,5483,97.30424587070193
arianecarla,24,1,5484,97.30888173334904
evellyn.loren,24,1,5485,97.31351759599616
carlosalbertosousa_oficial,24,1,5486,97.31815345864328
tardiolle.frg,24,1,5487,97.32278932129039
eusoupaulovictor,24,1,5488,97.3274251839375
myrlaoficial,24,1,5489,97.33206104658463
rafaeleofera,24,1,5490,97.33669690923175
azraelakbar,24,1,5491,97.34133277187885
leonicelopespb,24,1,5492,97.34596863452597
bymichellyrodrigues,24,1,5493,97.3506044971731
delegadoleonam,24,1,5494,97.3552403598202
nelsonferreiraju,24,1,5495,97.35987622246732
capitaomarquesparana,24,1,5496,97.36451208511444
ocampiol,24,1,5497,97.36914794776155
eliana_chiste,24,1,5498,97.37378381040867
queirozdopovo,24,1,5499,97.37841967305579
deolianderson,24,1,5500,97.38305553570291
jonesmourarj,24,1,5501,97.38769139835001
petala.lacerda.oficial,24,1,5502,97.39232726099713
sirleidemauriz,24,1,5503,97.39696312364426
juniorlopes.33,24,1,5504,97.40159898629136
_betovaz,24,1,5505,97.40623484893848
zecherem,23,1,5506,97.41067755064196
juniorresgateoficial,23,1,5507,97.41512025234546
juniorsantosrsj,23,1,5508,97.41956295404894
leokret,23,1,5509,97.42400565575242
rogeriodoclube,23,1,5510,97.42844835745592
liliamsaoficial,23,1,5511,97.4328910591594
ligeirosdoasfalto,23,1,5512,97.43733376086288
conde10101,23,1,5513,97.44177646256638
rogergasquess,23,1,5514,97.44621916426986
pastorsousaoficial,23,1,5515,97.45066186597334
duarte_greg,23,1,5516,97.45510456767684
paulao.rocha,23,1,5517,97.45954726938032
draclaudiamilbratzoficial,23,1,5518,97.4639899710838
catharina.donato,23,1,5519,97.46843267278729
sandropedroso,23,1,5520,97.47287537449078
celsorussomanno,23,1,5521,97.47731807619427
creonedafarmacia,23,1,5522,97.48176077789775
alexandrecarvalho_rj,23,1,5523,97.48620347960124
jhonatanxavier.oficial,23,1,5524,97.49064618130473
loidegoncalvesoficial,23,1,5525,97.49508888300821
oficial_monicacalazans,23,1,5526,97.4995315847117
wanderleymontanholi,23,1,5527,97.50397428641519
rodrigomarcialpr,23,1,5528,97.50841698811867
dyamond_pires,23,1,5529,97.51285968982215
menegottogloria,23,1,5530,97.51730239152565
renatopuci_,23,1,5531,97.52174509322913
amandapinheiroadv,23,1,5532,97.52618779493261
glalbertcutrim_,23,1,5533,97.5306304966361
fabiopagnozzidr,23,1,5534,97.53507319833959
vereadorjuniorpaixao,23,1,5535,97.53951590004307
manuelbotafogo,23,1,5536,97.54395860174657
alzeniroliveiraoficial,23,1,5537,97.54840130345005
tiagodominguezp,23,1,5538,97.55284400515353
evagoncalvesmg,23,1,5539,97.55728670685701
claudiadibonitooficial,23,1,5540,97.56172940856051
juhrios,23,1,5541,97.56617211026399
chirleypankara,23,1,5542,97.57061481196747
kaiohortegal_,23,1,5543,97.57505751367097
andresanascimento,23,1,5544,97.57950021537445
deputadorenatozaca,23,1,5545,97.58394291707793
capitaoassumcao22,23,1,5546,97.58838561878143
angelaaminoficial,23,1,5547,97.59282832048491
ueliton.brilhoso,23,1,5548,97.5972710221884
matheusvicentepsol,23,1,5549,97.60171372389189
fredprocopiooficial,23,1,5550,97.60615642559537
tonymedeirosam,23,1,5551,97.61059912729885
antonioalvesvigilante,23,1,5552,97.61504182900234
vandro.familia,23,1,5553,97.61948453070583
profeliseugabriel,23,1,5554,97.62392723240932
flaviacastromg,23,1,5555,97.6283699341128
diegommorais,23,1,5556,97.6328126358163
marcos_pauloabreu,23,1,5557,97.63725533751978
andreasorvetaooficial,23,1,5558,97.64169803922326
andreribeiro.missao,23,1,5559,97.64614074092675
darbidejesusrr,23,1,5560,97.65058344263024
saviosouzacruz,23,1,5561,97.65502614433372
dr._paulomarcelooficial,23,1,5562,97.6594688460372
nenemdadanyslar,23,1,5563,97.6639115477407
luciane.agazzi,23,1,5564,97.66835424944418
luizaodonatrampiof,23,1,5565,97.67279695114766
lugomes21.imoveis,23,1,5566,97.67723965285116
nath_nascimento,23,1,5567,97.68168235455464
enfermeirogustavoarantes,23,1,5568,97.68612505625812
sargentogarbila,23,1,5569,97.69056775796162
djgordoareferencia,23,1,5570,97.6950104596651
cabocardoso_oficial2,23,1,5571,97.69945316136858
nanacachen,23,1,5572,97.70389586307208
octaviosampaiorj,22,1,5573,97.70814540383192
oaceliocasagrande,22,1,5574,97.71239494459178
lucascoelhoferreiraa,22,1,5575,97.71664448535164
sandrabacelar,22,1,5576,97.7208940261115
lucaskokapenteado,22,1,5577,97.72514356687135
aaronsallestorres,22,1,5578,97.72939310763121
oxamdacosta,22,1,5579,97.73364264839107
coronelmedeiros,22,1,5580,97.73789218915093
edinho_faz,22,1,5581,97.74214172991078
ogordinhodafavela,22,1,5582,97.74639127067064
jpkleinubing,22,1,5583,97.75064081143049
clesiosalvaro,22,1,5584,97.75489035219034
kaka_autismo,22,1,5585,97.7591398929502
drfariasoficial,22,1,5586,97.76338943371006
kassyoramos,22,1,5587,97.76763897446992
fernandopachecocataguases,22,1,5588,97.77188851522978
delpoente,22,1,5589,97.77613805598963
rafaellustoza_,22,1,5590,97.78038759674949
fuinhar,22,1,5591,97.78463713750935
katedesiree,22,1,5592,97.78888667826921
juliana_montrios,22,1,5593,97.79313621902905
junior._vieira,22,1,5594,97.79738575978891
camilamondardo,22,1,5595,97.80163530054877
detetivesabrinaoficial,22,1,5596,97.80588484130863
caiofolhapro,22,1,5597,97.81013438206848
prefeitadaysejuliana,22,1,5598,97.81438392282834
marcos.almeida.pr1,22,1,5599,97.8186334635882
fatimadaudt,22,1,5600,97.82288300434806
ramses_de_castro,22,1,5601,97.82713254510792
mcsmithoriginal,22,1,5602,97.83138208586777
tiagossimon,22,1,5603,97.83563162662762
danilomorgadooficial,22,1,5604,97.83988116738747
daninunes.rj,22,1,5605,97.84413070814733
eutocomjoa,22,1,5606,97.84838024890719
marcaovalladao,22,1,5607,97.85262978966705
tiagodimas,22,1,5608,97.8568793304269
jeovaneibiza,22,1,5609,97.86112887118676
coronel_vital,22,1,5610,97.86537841194662
sunamitarodriguesgalli,22,1,5611,97.86962795270648
coronelminikelo,22,1,5612,97.87387749346632
terciliano,22,1,5613,97.87812703422618
lidianeaburad,22,1,5614,97.88237657498604
tatibronzeamento,22,1,5615,97.8866261157459
tatianalemosoficial,22,1,5616,97.89087565650576
drandersonveterinario,22,1,5617,97.89512519726561
brunaesmanhoto,22,1,5618,97.89937473802547
coronelbezerraeb,22,1,5619,97.90362427878533
joaoleitebh,22,1,5620,97.90787381954519
leobarbosato,22,1,5621,97.91212336030505
ok_sidiclei,22,1,5622,97.91637290106489
joseferreira.projetoajudai,22,1,5623,97.92062244182475
lemuel_rodrigues,22,1,5624,97.9248719825846
josededjbuzios,22,1,5625,97.92912152334446
fernandaleitew,22,1,5626,97.93337106410432
falafabiocorrea,22,1,5627,97.93762060486418
anacarolina.farma,22,1,5628,97.94187014562404
annecleyanne,22,1,5629,97.9461196863839
manumoraisoficial,22,1,5630,97.95036922714375
gs_atleta,22,1,5631,97.95461876790361
dilsonoliveira.pe,22,1,5632,97.95886830866345
renebutekus,22,1,5633,97.96311784942331
sergio.santosrodrigues,22,1,5634,97.96736739018317
herbertssousa,22,1,5635,97.97161693094303
honoratopvh,22,1,5636,97.97586647170289
nikolasferreiradm,22,1,5637,97.98011601246274
carolinamoraesestrela,22,1,5638,97.9843655532226
ricardonezinho,22,1,5639,97.98861509398246
sargentoalexandre,22,1,5640,97.99286463474232
_ricardinhovereador,21,1,5641,97.99692101455854
roseli_moraes23,21,1,5642,98.00097739437477
yarahaquim,21,1,5643,98.00503377419099
adrianakutwak,21,1,5644,98.00909015400723
pablofigueiredobh,21,1,5645,98.01314653382344
taniamaion,21,1,5646,98.01720291363968
vladimiralves,21,1,5647,98.0212592934559
lucaspavanato,21,1,5648,98.02531567327213
pedro.oliveiradf,21,1,5649,98.02937205308835
pedrao.floripa,21,1,5650,98.03342843290459
dr.joaomota832,21,1,5651,98.0374848127208
suboliveiraoficial,21,1,5652,98.04154119253704
ivandevava,21,1,5653,98.04559757235326
jackcavaleiro,21,1,5654,98.04965395216949
edyrodriguesoficial,21,1,5655,98.05371033198571
dra_alinelima,21,1,5656,98.05776671180195
robsonouropreto,21,1,5657,98.06182309161817
oficialdavianjos,21,1,5658,98.0658794714344
rogerio.santosmg,21,1,5659,98.06993585125062
adriano_formula1,21,1,5660,98.07399223106685
onetinhomaia,21,1,5661,98.07804861088307
edsonsilvacotia,21,1,5662,98.0821049906993
dudao.costa,21,1,5663,98.08616137051553
charlesfernandomt,21,1,5664,98.09021775033176
abiliosantanna,21,1,5665,98.09427413014798
cintiamaia.oficial,21,1,5666,98.09833050996421
cristolgouvea,21,1,5667,98.10238688978043
saraeva15,21,1,5668,98.10644326959667
ivanise_rotta,21,1,5669,98.11049964941289
ninabragasp.apoio,21,1,5670,98.11455602922912
dr.amiltonsp,21,1,5671,98.11861240904534
nelsonpaim,21,1,5672,98.12266878886157
ninhotestoni,21,1,5673,98.1267251686778
luizalexandresg,21,1,5674,98.13078154849403
aureobacelar,21,1,5675,98.13483792831025
djmarcelomattos,21,1,5676,98.13889430812647
doorgalandradamg,21,1,5677,98.1429506879427
vereadorgenilsoncosta,21,1,5678,98.14700706775892
fabioschiochet,21,1,5679,98.15106344757515
cadumonti,21,1,5680,98.15511982739137
giovanimattoss,21,1,5681,98.15917620720761
vereadordiogotalento,21,1,5682,98.16323258702383
portaldojose,21,1,5683,98.16728896684006
michellevianapsol,21,1,5684,98.17134534665628
arthursaldanhabr,21,1,5685,98.17540172647251
fabinhoramalhomg,21,1,5686,98.17945810628873
naldinhopipas,21,1,5687,98.18351448610497
naidesantosns,21,1,5688,98.18757086592119
guilhermepaz.ma,21,1,5689,98.19162724573742
victorpiccolisc,21,1,5690,98.19568362555364
geradoposto,21,1,5691,98.19974000536988
anacarolinaserra,21,1,5692,98.2037963851861
serafim.monarca,21,1,5693,98.20785276500233
serginhodabota,21,1,5694,98.21190914481855
fernandagarciapsol,21,1,5695,98.21596552463478
rayrabeserra,21,1,5696,98.220021904451
fabricioventuroli,21,1,5697,98.22407828426724
anapaulaespina_,21,1,5698,98.22813466408346
valdeco_tattoo,21,1,5699,98.23219104389969
uzianpinto,21,1,5700,98.23624742371591
andremonteirorj,21,1,5701,98.24030380353214
dep.kellymoraes,21,1,5702,98.24436018334836
chrisnerioficial,21,1,5703,98.2484165631646
massamimiki,21,1,5704,98.25247294298082
camilobaptista.adv,21,1,5705,98.25652932279705
matheusfernandesdf,21,1,5706,98.26058570261327
bocka_pinxain32,21,1,5707,98.2646420824295
juliana.valiati,21,1,5708,98.26869846224572
clariceganem.autismo,21,1,5709,98.27275484206196
drjjunior_nascimento,21,1,5710,98.27681122187818
cidadania23,20,1,5711,98.28067444075077
rafacupertino,20,1,5712,98.28453765962337
jpedrogoes,20,1,5713,98.28840087849598
adriana.albuquerque7,20,1,5714,98.29226409736857
dremanuelmatias,20,1,5715,98.29612731624117
ademirpereira.pp,20,1,5716,98.29999053511376
filipearnon_,20,1,5717,98.30385375398636
depflorencioneto,20,1,5718,98.30771697285896
professorjuari,20,1,5719,98.31158019173155
deputadojesselopes,20,1,5720,98.31544341060415
psbnacional40,20,1,5721,98.31930662947674
flaviodeberoi,20,1,5722,98.32316984834934
luizmattosdeanchieta,20,1,5723,98.32703306722193
danielcorrea.rio,20,1,5724,98.33089628609454
carolcarvalhosp,20,1,5725,98.33475950496714
dr.cury_habib,20,1,5726,98.33862272383973
soudavidlourenco,20,1,5727,98.34248594271233
governadormoises,20,1,5728,98.34634916158493
diaadiapolicial,20,1,5729,98.35021238045752
eupugina,20,1,5730,98.35407559933012
antonioemilionv22,20,1,5731,98.35793881820271
thyagomarinhoo,20,1,5732,98.36180203707531
luizpaulocurvelo,20,1,5733,98.3656652559479
soumauriciocoelho,20,1,5734,98.3695284748205
carlosrussorj,20,1,5735,98.37339169369311
girleimarconioficial,20,1,5736,98.3772549125657
marciojoias.ce,20,1,5737,98.3811181314383
ghayequer,20,1,5738,98.3849813503109
renatofreitasumdenos,20,1,5739,98.38884456918349
davipqdrj,20,1,5740,98.39270778805609
felipe_francischini,20,1,5741,98.39657100692868
anjos_de_lauro,20,1,5742,98.40043422580128
deputado_federal_sp,20,1,5743,98.40429744467387
oficial_leco,20,1,5744,98.40816066354647
eduardohonorioo,20,1,5745,98.41202388241906
cezar_batatinha,20,1,5746,98.41588710129167
joceli_san,20,1,5747,98.41975032016427
williamcorreia.rio,20,1,5748,98.42361353903686
wilcidrao,20,1,5749,98.42747675790946
1090adriel,20,1,5750,98.43133997678206
adelinamartinsdida,20,1,5751,98.43520319565465
dramarciatapigliani,20,1,5752,98.43906641452725
jarbaslemoss,20,1,5753,98.44292963339984
alessandralencar1,20,1,5754,98.44679285227244
eduarda_campopiano,20,1,5755,98.45065607114503
lincoln.drumond,20,1,5756,98.45451929001763
alechianelli,20,1,5757,98.45838250889024
paulohenrique__ph,20,1,5758,98.46224572776283
ritaguedespm,20,1,5759,98.46610894663543
rogerioleandro1299,20,1,5760,98.46997216550803
victor_spies,20,1,5761,98.47383538438062
lauren_mazzardo,20,1,5762,98.47769860325322
cleonaodopovo_,19,1,5763,98.48136866118219
cantoradeboracristiane.se,19,1,5764,98.48503871911115
cleivaasilva,19,1,5765,98.48870877704012
cida_villasboas,19,1,5766,98.49237883496909
capitaoassumcaoinfo,19,1,5767,98.49604889289805
oamigoalmirbarreto,19,1,5768,98.49971895082702
alexandreoliver_01,19,1,5769,98.50338900875599
willianbraga63,19,1,5770,98.50705906668495
deppatriciaalba,19,1,5771,98.51072912461392
valadaresgustavo,19,1,5772,98.51439918254289
cap.gabrielle,19,1,5773,98.51806924047186
mariogomes__ator,19,1,5774,98.52173929840082
denisedasupravereadora,19,1,5775,98.52540935632979
lavinya_dealis,19,1,5776,98.52907941425876
rodrigomartinsba,19,1,5777,98.53274947218772
laualencaroficial,19,1,5778,98.53641953011669
jotapintooficial,19,1,5779,98.54008958804566
leticiapaloma_oficial,19,1,5780,98.54375964597462
joaquimfelipegg,19,1,5781,98.54742970390359
opapacapim_dinho,19,1,5782,98.55109976183256
dudubarbosa__,19,1,5783,98.55476981976152
annylopescantora,19,1,5784,98.55843987769049
gilbertorezendeoficial,19,1,5785,98.56210993561946
elaesuhellen,19,1,5786,98.56577999354842
bernardosantorooficial,19,1,5787,98.56945005147739
joel_wilhelm,19,1,5788,98.57312010940636
dr.ilderson,19,1,5789,98.57679016733533
aroldogsantos,19,1,5790,98.58046022526429
deborahtozetto,19,1,5791,98.58413028319326
pelisooficial,19,1,5792,98.58780034112223
manoeldeodatomd,19,1,5793,98.59147039905119
danielnascimento.ita,19,1,5794,98.59514045698016
danimendes45345,19,1,5795,98.59881051490913
heliofernandesicapui,19,1,5796,98.60248057283809
anyortiz,19,1,5797,98.60615063076706
geridiane_oliveira,19,1,5798,98.60982068869603
defensorklebermelo,19,1,5799,98.61349074662499
apoena.medeiros,19,1,5800,98.61716080455396
poubel.poubel01,19,1,5801,98.62083086248293
valeriaanastacio,19,1,5802,98.62450092041189
marcoasalba,19,1,5803,98.62817097834086
gideanebrasil,19,1,5804,98.63184103626983
forjazdiogo,19,1,5805,98.6355110941988
dborais.oficial,19,1,5806,98.63918115212776
anaritatavaresoficial,19,1,5807,98.64285121005673
correa_ba01,19,1,5808,98.6465212679857
batataanderson11,19,1,5809,98.65019132591466
ivorydelira,19,1,5810,98.65386138384363
becharaoliveira08,19,1,5811,98.6575314417726
alinesousasof,19,1,5812,98.66120149970156
indiosilvaoficial,19,1,5813,98.66487155763053
iaracendon,19,1,5814,98.6685416155595
nilsonlacerdapb,19,1,5815,98.67221167348846
cleitonxavierpc,18,1,5816,98.67568857047381
jucyeckart,18,1,5817,98.67916546745914
fernandolinspl,18,1,5818,98.68264236444448
profleomatos,18,1,5819,98.68611926142981
adjalmagoncalvesbv,18,1,5820,98.68959615841516
ronaldosilvay6ksilva,18,1,5821,98.69307305540049
juliana.v.c.coelho,18,1,5822,98.69654995238582
rovaniperes,18,1,5823,98.70002684937117
fernandoferreira.sc,18,1,5824,98.7035037463565
rafaelg_gomes,18,1,5825,98.70698064334184
carlos_fabrini,18,1,5826,98.71045754032717
carineteixeira.adv,18,1,5827,98.71393443731252
marcosfcombate,18,1,5828,98.71741133429785
geoforca,18,1,5829,98.72088823128318
regianealves,18,1,5830,98.72436512826853
fernandapereiraaltoe,18,1,5831,98.72784202525386
manubim,18,1,5832,98.7313189222392
guilhermetedgue,18,1,5833,98.73479581922453
souadrianonascimento,18,1,5834,98.73827271620988
gabrielarodart,18,1,5835,98.74174961319521
marciomottarj,18,1,5836,98.74522651018054
ver.joaocoelho,18,1,5837,98.74870340716589
marcellodantas.pe,18,1,5838,98.75218030415122
tonponde,18,1,5839,98.75565720113656
nevesbolsonaro,18,1,5840,98.75913409812189
aurealopes_oficial,18,1,5841,98.76261099510724
haroldolns,18,1,5842,98.76608789209257
victorcarvalhomt,18,1,5843,98.7695647890779
hebertcardosogyn,18,1,5844,98.77304168606325
hervaziobezerra,18,1,5845,98.77651858304858
phelippesidi,18,1,5846,98.77999548003392
soldadoprisco,18,1,5847,98.78347237701925
ivanildo_almeida_oficial,18,1,5848,98.7869492740046
eduardoinojosape,18,1,5849,98.79042617098993
elismar.prado,18,1,5850,98.79390306797526
neurimantelli,18,1,5851,98.7973799649606
cristianobritooo,18,1,5852,98.80085686194595
carolldarocha,18,1,5853,98.80433375893128
ricardopinaffi.adv,18,1,5854,98.80781065591661
alinetristao_,18,1,5855,98.81128755290196
jeanoliveira.ro,18,1,5856,98.81476444988729
creuza_simer,18,1,5857,98.81824134687263
dra.carlarosane,18,1,5858,98.82171824385796
sandesjunior,18,1,5859,98.8251951408433
lucaspolese,18,1,5860,98.82867203782864
virginiiasantana,18,1,5861,98.83214893481397
robertomonteiropai,18,1,5862,98.83562583179932
ojarams,18,1,5863,98.83910272878465
akezianovaes,18,1,5864,98.84257962576999
joaozinhoguimaraesoficial,18,1,5865,98.84605652275532
edneybatalha79,18,1,5866,98.84953341974067
betto.almeida,18,1,5867,98.853010316726
drlaurofernandes,18,1,5868,98.85648721371133
dragurbana,18,1,5869,98.85996411069668
dredsondapaiol,18,1,5870,98.86344100768201
zorrodecaxias,18,1,5871,98.86691790466735
guilhermeoliveiracodo,17,1,5872,98.87020164070906
marcelosyyoshida,17,1,5873,98.87348537675076
drjoaoluiz2010,17,1,5874,98.87676911279247
larissasouza.ss,17,1,5875,98.88005284883418
debora_parisottoo,17,1,5876,98.88333658487588
carlagelhen,17,1,5877,98.88662032091759
gersonfariasdesouza,17,1,5878,98.8899040569593
gfefel,17,1,5879,98.893187793001
marcosjorgebv,17,1,5880,98.89647152904271
marcospinheirota,17,1,5881,98.89975526508442
anapavelski_,17,1,5882,98.90303900112613
redesustentabilidade,17,1,5883,98.90632273716784
henriqueferreira_mg,17,1,5884,98.90960647320955
hevilacorrea,17,1,5885,98.91289020925124
mariana_ribeiro_42,17,1,5886,98.91617394529295
marquinhokurtzbc,17,1,5887,98.91945768133466
humbertomartins.oficial,17,1,5888,98.92274141737637
leandro_pintoo,17,1,5889,98.92602515341808
wilkerleaods2,17,1,5890,98.92930888945979
drthiagopeixoto,17,1,5891,98.9325926255015
drwashingtonra,17,1,5892,98.93587636154321
culinariaemcasaoficial,17,1,5893,98.9391600975849
prijcarrijo,17,1,5894,98.94244383362661
apbrunildo,17,1,5895,98.94572756966832
cailacarim,17,1,5896,98.94901130571003
diegoboyzn,17,1,5897,98.95229504175174
politicoantoniocarloscarvalho,17,1,5898,98.95557877779345
lucascardoso.sp,17,1,5899,98.95886251383516
miriam.petrone1,17,1,5900,98.96214624987687
fabianaramada.ma,17,1,5901,98.96542998591856
fabiano_doido,17,1,5902,98.96871372196027
janainacalvo,17,1,5903,98.97199745800198
robertaleitaooficial,17,1,5904,98.97528119404369
soniacamposofc,17,1,5905,98.9785649300854
soubrunoberte,17,1,5906,98.9818486661271
esstersiqueira,17,1,5907,98.98513240216882
tiago.cadeirante,17,1,5908,98.98841613821052
coronelmagnojuliao,17,1,5909,98.99169987425222
rodrigoestacho,17,1,5910,98.99498361029393
perdeupia,17,1,5911,98.99826734633564
loiola,17,1,5912,99.00155108237735
ale_fattioli,17,1,5913,99.00483481841906
robertosilveira36,17,1,5914,99.00811855446076
dr.dener.oliveira,17,1,5915,99.01140229050247
thaianne_moraes,17,1,5916,99.01468602654418
elainefernandes_nana,17,1,5917,99.01796976258588
jonatascastelobranco,17,1,5918,99.02125349862759
jonathanddeus,17,1,5919,99.0245372346693
acarequinhaoficial,17,1,5920,99.027820970711
talaniaro,17,1,5921,99.03110470675271
zerealcoari,17,1,5922,99.03438844279442
_cibellerodovalho,16,1,5923,99.0374790178925
ruan_sabino.es,16,1,5924,99.04056959299058
neider.moreira,16,1,5925,99.04366016808865
cremildovigilante,16,1,5926,99.04675074318673
nadoguirra,16,1,5927,99.0498413182848
paulodovale,16,1,5928,99.05293189338289
vereador_jbmn,16,1,5929,99.05602246848096
regilenefreitasdesouza,16,1,5930,99.05911304357905
seochicoboteco,16,1,5931,99.06220361867712
carlinhosvieiraprofessor,16,1,5932,99.0652941937752
paulobrantoficial,16,1,5933,99.06838476887327
erosbiondini,16,1,5934,99.07147534397134
dr.pedraca,16,1,5935,99.07456591906943
eubaianinhodemaua,16,1,5936,99.0776564941675
jeffersonmarinhooficial,16,1,5937,99.08074706926558
joao.roque15,16,1,5938,99.08383764436365
sppretas,16,1,5939,99.08692821946174
adroaldoalves,16,1,5940,99.09001879455981
soupenna,16,1,5941,99.0931093696579
suboficial_carcara,16,1,5942,99.09619994475597
brunasoaresbm,16,1,5943,99.09929051985405
ninapassadore,16,1,5944,99.10238109495212
adrianomaximiano.cultura,16,1,5945,99.1054716700502
williancoelho.rj,16,1,5946,99.10856224514828
drawaniadantas,16,1,5947,99.11165282024636
sargento_jhoy,16,1,5948,99.11474339534443
mauriciomarcon,16,1,5949,99.11783397044252
depdarcidematos,16,1,5950,99.12092454554059
uilma.llopes,16,1,5951,99.12401512063867
bolsonaro_jr,16,1,5952,99.12710569573674
omauriciofranciscon,16,1,5953,99.13019627083482
acsabonjardim,16,1,5954,99.1332868459329
romulobarreto022,16,1,5955,99.13637742103097
dansterfernandessp,16,1,5956,99.13946799612906
vereadorlucasmilgrau,16,1,5957,99.14255857122713
marcelonascimentoficial,16,1,5958,99.14564914632521
jotapjr,16,1,5959,99.14873972142328
vinicius.criminalista,16,1,5960,99.15183029652137
antunes.isaac,16,1,5961,99.15492087161944
deputadojoeldaharpa,16,1,5962,99.15801144671752
cristianeloureiro,16,1,5963,99.1611020218156
alexrosseti,16,1,5964,99.16419259691368
gustavoolimpio16,16,1,5965,99.16728317201175
franciscoarten,16,1,5966,99.17037374710983
deputadomarcossoares,16,1,5967,99.1734643222079
gustavodamasiopereira,16,1,5968,99.17655489730599
marcoaurelio.go,16,1,5969,99.17964547240406
marcocastilhoss,16,1,5970,99.18273604750213
maria_isabela_saldanha,16,1,5971,99.18582662260022
vitorcostatv,16,1,5972,99.18891719769829
plemos,16,1,5973,99.19200777279637
alexcearaoficial,16,1,5974,99.19509834789444
ronaldomoreiracs,15,1,5975,99.19799576204889
habib.spa,15,1,5976,99.20089317620335
margonarimarcos,15,1,5977,99.2037905903578
deborapachecodra,15,1,5978,99.20668800451224
pauline_s079,15,1,5979,99.20958541866669
adiliaroriz,15,1,5980,99.21248283282114
asmulheresarticuladas,15,1,5981,99.21538024697558
antoniogalvan.mt,15,1,5982,99.21827766113003
oficialdanrlei01,15,1,5983,99.22117507528448
nenellucas,15,1,5984,99.22407248943892
dr.marcellocruzpg,15,1,5985,99.22696990359337
rodrigo37gomes,15,1,5986,99.22986731774782
lindomar.ferreira45,15,1,5987,99.23276473190226
criss.i.am,15,1,5988,99.23566214605671
nilzonlopes,15,1,5989,99.23855956021116
dr.zealfredo,15,1,5990,99.2414569743656
danielfernando.ba,15,1,5991,99.24435438852007
drapatriciasilvestri,15,1,5992,99.24725180267451
cesarantoniomello,15,1,5993,99.25014921682896
tiagobolanfrigo,15,1,5994,99.2530466309834
gladisfrizzo,15,1,5995,99.25594404513785
vereadorboaz,15,1,5996,99.2588414592923
talitafeitosatime,15,1,5997,99.26173887344675
luizsarraf,15,1,5998,99.26463628760119
marcelinhocariocaoficial,15,1,5999,99.26753370175564
ricardofabrizio,15,1,6000,99.27043111591009
luisbenoitt,15,1,6001,99.27332853006453
bianca_soares_ofcial,15,1,6002,99.27622594421898
oliviaoliveiralemoss,15,1,6003,99.27912335837343
delegadoresende,15,1,6004,99.28202077252787
sargento.vidal,15,1,6005,99.28491818668232
renatoloffiatipicosmg,15,1,6006,99.28781560083678
scdanisantanna,15,1,6007,99.29071301499123
prof__ozzy,15,1,6008,99.29361042914567
ivonetedomoiii,15,1,6009,99.29650784330012
cristina_c_barros,15,1,6010,99.29940525745457
anapaula.indaial,15,1,6011,99.30230267160901
anapaulagoldbach,15,1,6012,99.30520008576346
soldado.maciel,15,1,6013,99.3080974999179
vitorandradefilo,15,1,6014,99.31099491407235
adrianamendes_adv,15,1,6015,99.3138923282268
ricardoursineoficial,15,1,6016,99.31678974238125
portalmeionews,14,1,6017,99.31949399559207
simonesabinoficial,14,1,6018,99.32219824880289
felipe_fonsecaoficial,14,1,6019,99.3249025020137
dionisiodopiaui,14,1,6020,99.32760675522452
andrehenriqueopo,14,1,6021,99.33031100843534
regiscardoso_ofc,14,1,6022,99.33301526164615
moacirjbarros,14,1,6023,99.33571951485698
robertoleao11,14,1,6024,99.3384237680678
professorglaucio_,14,1,6025,99.3411280212786
jonasbarroso1ml,14,1,6026,99.34383227448943
paola.s.daniel,14,1,6027,99.34653652770025
adalcleverlopes,14,1,6028,99.34924078091106
rickzanata.bq,14,1,6029,99.35194503412188
maristelafranciscoo,14,1,6030,99.3546492873327
ferreiraaragaofa,14,1,6031,99.35735354054351
calvetfilho,14,1,6032,99.36005779375434
marianafrancosc,14,1,6033,99.36276204696516
coronelevandro,14,1,6034,99.36546630017597
alex.alanealex,14,1,6035,99.36817055338679
moisespirulito,14,1,6036,99.3708748065976
raissapaesbento,14,1,6037,99.37357905980842
coroneldavidms,14,1,6038,99.37628331301924
samuel_lacerda_10,14,1,6039,99.37898756623005
tharciannegarcez,14,1,6040,99.38169181944087
jean_victorooficial,14,1,6041,99.3843960726517
chris_ramos_campos,14,1,6042,99.3871003258625
zeparoca,14,1,6043,99.38980457907333
marceloachutti,14,1,6044,99.39250883228415
drlauromarques,14,1,6045,99.39521308549496
elaineoliveira.rj,14,1,6046,99.39791733870578
ajaciaranovaes,14,1,6047,99.4006215919166
soudeboracarvalho,14,1,6048,99.40332584512741
draariadna,14,1,6049,99.40603009833823
elianeamotorista,14,1,6050,99.40873435154906
yolandasilva_sc,14,1,6051,99.41143860475987
marciogarciapol,14,1,6052,99.41414285797069
brenoguimaraes.pa,14,1,6053,99.41684711118151
charllesrekson,14,1,6054,99.41955136439232
samuelaragao_,13,1,6055,99.42206245665952
danielferreiradeprs,13,1,6056,99.4245735489267
leocondeneuro,13,1,6057,99.42708464119389
brunomirandasales,13,1,6058,99.42959573346107
brunogattibavuzo,13,1,6059,99.43210682572827
nicomedesfelicio,13,1,6060,99.43461791799545
drthiagoilhabela,13,1,6061,99.43712901026264
marcelo_history,13,1,6062,99.43964010252982
taniampires,13,1,6063,99.44215119479702
rubaobhmg,13,1,6064,99.4446622870642
chitao.oficial,13,1,6065,99.44717337933139
drheliokrakauer,13,1,6066,99.44968447159859
_mapeoficial,13,1,6067,99.45219556386577
ronansouza.oficial,13,1,6068,99.45470665613296
eucissamonteiro,13,1,6069,99.45721774840014
jorgearaujodeputado,13,1,6070,99.45972884066734
evandroroman,13,1,6071,99.46223993293452
lgmbrasilia,13,1,6072,99.4647510252017
darlondutra,13,1,6073,99.46726211746889
rafaeloliveira_rio,13,1,6074,99.46977320973609
cynthiapereira.ms,13,1,6075,99.47228430200327
oliveiraong,13,1,6076,99.47479539427046
drcaiogracco,13,1,6077,99.47730648653764
amandateixeirahs,13,1,6078,99.47981757880484
allaxsiqueira,13,1,6079,99.48232867107203
polaxnunes,13,1,6080,99.48483976333921
prjoellimaofc,13,1,6081,99.4873508556064
prica.castro,13,1,6082,99.48986194787359
anicegazzaoui,13,1,6083,99.49237304014078
dianhooficial,13,1,6084,99.49488413240796
rafaelabarrospcd,13,1,6085,99.49739522467515
olyntho45,13,1,6086,99.49990631694234
deborarefe,13,1,6087,99.50241740920953
victorsalatiel,13,1,6088,99.50492850147671
geferson_cqo,13,1,6089,99.5074395937439
geninho.funeraria,13,1,6090,99.5099506860111
melaniealbuquerque,13,1,6091,99.51246177827828
fati.macampelo,13,1,6092,99.51497287054546
capitaodantas,13,1,6093,99.51748396281266
aquinodopapa,13,1,6094,99.51999505507985
mardenoficial,13,1,6095,99.52250614734703
fredbarbeitos,13,1,6096,99.52501723961421
cristianodoibura,13,1,6097,99.52752833188141
mago_do_app,13,1,6098,99.5300394241486
jenni_andrss,12,1,6099,99.53235735547216
maninho15600,12,1,6100,99.53467528679572
abouanni,12,1,6101,99.53699321811926
peterncosta,12,1,6102,99.53931114944282
claudio_vigilante,12,1,6103,99.54162908076638
loferreira02,12,1,6104,99.54394701208994
michelle_amorimrr,12,1,6105,99.5462649434135
enfermeiravani.oficial,12,1,6106,99.54858287473706
paulohorn2026,12,1,6107,99.55090080606062
delegadodeuler,12,1,6108,99.55321873738417
dayviane_garcia,12,1,6109,99.55553666870773
gisellemonteiro.br,12,1,6110,99.55785460003129
jeronimo_goncalvess,12,1,6111,99.56017253135485
ranoancampos,12,1,6112,99.56249046267841
chefdrireboucas_redesjc,12,1,6113,99.56480839400197
pinducabraulio,12,1,6114,99.56712632532552
luciano.causaautista,12,1,6115,99.56944425664908
aparecidobiancho,12,1,6116,99.57176218797264
alexandretetto,12,1,6117,99.5740801192962
giancarlodetransito,12,1,6118,99.57639805061976
miriam_ferreira,12,1,6119,99.57871598194332
carla_andradelp,12,1,6120,99.58103391326688
hmanoelpa,12,1,6121,99.58335184459042
rafael_braga_15,12,1,6122,99.58566977591398
capitaobart,12,1,6123,99.58798770723755
depparafigueiredo,12,1,6124,99.5903056385611
sargento_salazaroficial,12,1,6125,99.59262356988467
drcristinaveloso,12,1,6126,99.59494150120823
rogeriotavaresda45,12,1,6127,99.59725943253179
lucineide_araujo33,12,1,6128,99.59957736385533
tecaferrari14,12,1,6129,99.60189529517889
marumricardo,12,1,6130,99.60421322650245
marceloalvaroantonio,12,1,6131,99.60653115782601
gregoryfnaressi,12,1,6132,99.60884908914957
danubiovieiraoficial,12,1,6133,99.61116702047313
pam_make,12,1,6134,99.61348495179669
adautosoutoms,12,1,6135,99.61580288312024
wilsonlima.pe,12,1,6136,99.6181208144438
drjaziel,11,1,6137,99.62024558482373
lais_drumond30,11,1,6138,99.62237035520366
lazaromotamg,11,1,6139,99.62449512558359
vicentebarrinha,11,1,6140,99.62661989596351
damianidatv,11,1,6141,99.62874466634345
dieymedogayer,11,1,6142,99.63086943672337
frank_cabeca,11,1,6143,99.6329942071033
rafa.gedeon,11,1,6144,99.63511897748323
ailsondoip,11,1,6145,99.63724374786315
oficial_cesar.felizardo,11,1,6146,99.63936851824309
dr.joaoferraz,11,1,6147,99.64149328862301
brunoganem.indaia,11,1,6148,99.64361805900295
tatyfuracao7,11,1,6149,99.64574282938287
deputadoalba,11,1,6150,99.6478675997628
andersonpe_oficial,11,1,6151,99.64999237014273
cabulaoficial,11,1,6152,99.65211714052265
gilporvoce,11,1,6153,99.65424191090258
fabinhodoterreiro,11,1,6154,99.6563666812825
arildofernandesoficial,11,1,6155,99.65849145166244
fabioschinayderr,11,1,6156,99.66061622204236
antoniacariongo,11,1,6157,99.6627409924223
policialcaio,11,1,6158,99.66486576280222
pompeodemattos_,11,1,6159,99.66699053318216
tropadosargento5566,11,1,6160,99.66911530356208
tiagocorreiaoficial,11,1,6161,99.67124007394202
manoela_couto,11,1,6162,99.67336484432194
emiliobombeiro,11,1,6163,99.67548961470186
delegadoadrianofranca,11,1,6164,99.6776143850818
brunoganem.fibromialgia,11,1,6165,99.67973915546172
drharoldobunn,11,1,6166,99.68186392584165
dr.cassiomodesto,11,1,6167,99.68398869622158
aldorrogerio,11,1,6168,99.68611346660151
vereador_leonel,11,1,6169,99.68823823698143
delegadogelsonluiz,11,1,6170,99.69036300736137
volz_maico,11,1,6171,99.69248777774129
robertacostaoficial,11,1,6172,99.69461254812121
laraprade,10,1,6173,99.69654415755753
maryhbeneditta,10,1,6174,99.69847576699382
vereadorwg,10,1,6175,99.70040737643012
wwgrassi,10,1,6176,99.70233898586642
investigadorvictor,10,1,6177,99.70427059530272
alexandretchaca.reserva,10,1,6178,99.70620220473901
gilmacisantos10,10,1,6179,99.70813381417531
lucasvcavalcanti,10,1,6180,99.71006542361161
jadersonschlee,10,1,6181,99.71199703304791
diego.gmoreno,10,1,6182,99.7139286424842
sarah,10,1,6183,99.7158602519205
gameirooficial,10,1,6184,99.7177918613568
viniciusprudencio.rj,10,1,6185,99.7197234707931
feracentral,10,1,6186,99.7216550802294
mauricioscalco,10,1,6187,99.7235866896657
freddally,10,1,6188,99.72551829910199
henriquearantesgo,10,1,6189,99.72744990853829
isabellepassinho_,10,1,6190,99.72938151797459
andressa.o14,10,1,6191,99.73131312741089
ricardobarbosapb,10,1,6192,99.73324473684718
dr.dolirio,10,1,6193,99.73517634628348
sargentogermano,10,1,6194,99.73710795571978
renatopintoaragao,10,1,6195,99.73903956515608
arthur_santos.es,10,1,6196,99.74097117459239
thiagonunesadm,10,1,6197,99.74290278402869
sandro_maosquecuram,10,1,6198,99.74483439346498
correa_reserva80,10,1,6199,99.74676600290128
elivaldo_brasil_oficial,10,1,6200,99.74869761233758
sourafaela_neves,10,1,6201,99.75062922177388
natyburian,10,1,6202,99.75256083121018
belisaoliveira2026,10,1,6203,99.75449244064647
ribeironeto.ma,10,1,6204,99.75642405008277
dralancastro,10,1,6205,99.75835565951907
veronguilherme,10,1,6206,99.76028726895537
claudiaferreira.official,10,1,6207,99.76221887839166
abduljarour,10,1,6208,99.76415048782796
juniordafarmacia,9,1,6209,99.76588893632064
talitavazbh,9,1,6210,99.7676273848133
romuloaugustooficial,9,1,6211,99.76936583330597
renato.picoli,9,1,6212,99.77110428179864
vereadormarcellcastro,9,1,6213,99.7728427302913
hevertonlopesadvogado,9,1,6214,99.77458117878398
luizgama01,9,1,6215,99.77631962727665
marianaazevedobassini,9,1,6216,99.77805807576931
valdotavares1,9,1,6217,99.77979652426198
vereador_junio_leandro,9,1,6218,99.78153497275464
ranipcd,9,1,6219,99.78327342124732
jotinhaaceleradooficial,9,1,6220,99.78501186973999
costenarorj,9,1,6221,99.78675031823265
jessicafragac,9,1,6222,99.78848876672532
cesargordinbh,9,1,6223,99.790227215218
pcbpartidao,9,1,6224,99.79196566371066
dr_samiyassine,9,1,6225,99.79370411220333
williamhugobarbosa,9,1,6226,99.795442560696
coronelmarchesiniba,9,1,6227,99.79718100918866
dra_tatyanne_aguillera,9,1,6228,99.79891945768134
drlucilviogirao,9,1,6229,99.80065790617401
tiagocorrea_vereador,9,1,6230,99.80239635466667
cecelsantosvemai,9,1,6231,99.80413480315934
perciopreguicag10,9,1,6232,99.805873251652
cepitaoficial,9,1,6233,99.80761170014468
negadenenenborges,9,1,6234,99.80935014863735
etienne_ciminelli,9,1,6235,99.81108859713001
luanlennonbr,9,1,6236,99.81282704562268
zepeixeirooficial,9,1,6237,99.81456549411536
paulinhozinn,9,1,6238,99.81630394260802
ericmuniz.pe,8,1,6239,99.81784923015707
dr.metonmaciel,8,1,6240,99.8193945177061
vitorazevedo.ba,8,1,6241,99.82093980525514
cezarbatatinhaoficial,8,1,6242,99.82248509280417
doutorcaboclo,8,1,6243,99.82403038035321
ericagorga,8,1,6244,99.82557566790226
priscila.cavalcante_,8,1,6245,99.82712095545129
barto_macuxi,8,1,6246,99.82866624300033
limagabrieloficial,8,1,6247,99.83021153054936
emanoelxavier1428,8,1,6248,99.83175681809841
eduardoholanda.ofc,8,1,6249,99.83330210564745
jacksonbezzera,8,1,6250,99.83484739319648
crismourao_patriota,8,1,6251,99.83639268074552
marcelobelinati,8,1,6252,99.83793796829457
vereadortancredo,8,1,6253,99.8394832558436
carloseduardoreidaparodia,8,1,6254,99.84102854339264
gustavomorais.opto,8,1,6255,99.84257383094167
denuncie_abuso,8,1,6256,99.84411911849072
profmarciahissett18,8,1,6257,99.84566440603976
daniel_psol,8,1,6258,99.8472096935888
sargentobritto,8,1,6259,99.84875498113783
franclarat,8,1,6260,99.85030026868688
rex_a_lenda,8,1,6261,99.85184555623592
valmirbraznena,8,1,6262,99.85339084378495
adv.vanessa_morais,8,1,6263,99.85493613133399
clarianabarao27,8,1,6264,99.85648141888302
adilson_barroso_ambientalista,8,1,6265,99.85802670643207
larissasaavedraofc,8,1,6266,99.8595719939811
pastordafavela_,8,1,6267,99.86111728153014
paulogomesdatv,8,1,6268,99.86266256907918
felipeferreira.sc,8,1,6269,99.86420785662823
danielcoelhocausaanimal,8,1,6270,99.86575314417726
romerojuca,8,1,6271,99.8672984317263
bolsonarodashopee,8,1,6272,99.86884371927533
carlacampos_35,7,1,6273,99.87019584588074
andreia_salles,7,1,6274,99.87154797248616
superdesbravador_,7,1,6275,99.87290009909157
coronelivonberto,7,1,6276,99.87425222569698
luanlessadr,7,1,6277,99.87560435230237
lucchese_roberto,7,1,6278,99.87695647890779
matheusribeirotv,7,1,6279,99.8783086055132
caroldelvecchiooficial,7,1,6280,99.87966073211861
vereadordirceu,7,1,6281,99.88101285872402
renanlopys,7,1,6282,99.88236498532943
miss.tatyramos,7,1,6283,99.88371711193483
tomas_belluci,7,1,6284,99.88506923854024
dr.paulosilvestredemoura,7,1,6285,99.88642136514565
chiarabiondinit,7,1,6286,99.88777349175106
efreuquintana,7,1,6287,99.88912561835647
deputadonelinho,7,1,6288,99.89047774496188
cremosinho_original01,7,1,6289,99.89182987156728
janedelaliberaoficial,7,1,6290,99.8931819981727
clebimfuria,7,1,6291,99.8945341247781
dep.jesseplsc,7,1,6292,99.89588625138352
isabelfluz,7,1,6293,99.89723837798893
polianaradar,7,1,6294,99.89859050459434
fatimaclaronunes,7,1,6295,99.89994263119974
hugohgarcia,6,1,6296,99.90110159686152
rafaelfeltrinsp,6,1,6297,99.9022605625233
maira__bandeira,6,1,6298,99.90341952818508
marcussoares.rj,6,1,6299,99.90457849384686
finazzi9,6,1,6300,99.90573745950864
eduardorijo.er,6,1,6301,99.90689642517042
enricolopescba,6,1,6302,99.90805539083219
leosiqueirabr,6,1,6303,99.90921435649398
eliane_macenaa,6,1,6304,99.91037332215575
richardmalheiros,6,1,6305,99.91153228781754
ozeias.missao,6,1,6306,99.91269125347931
lourineidocorrentesolidaria,6,1,6307,99.9138502191411
janainariosoficial,6,1,6308,99.91500918480287
walkerthome09,6,1,6309,99.91616815046464
renata_novaess,6,1,6310,99.91732711612643
hagaradopaodequeijorp,6,1,6311,99.9184860817882
felipesangineto,6,1,6312,99.91964504744999
rfissore90,6,1,6313,99.92080401311176
kidsonmaia,6,1,6314,99.92196297877355
adelson.calvete,6,1,6315,99.92312194443532
marciasanttosreal,6,1,6316,99.9242809100971
guerratrips,6,1,6317,99.92543987575888
marcinhohakuna,6,1,6318,99.92659884142066
vereadoredinoelsoncareca,6,1,6319,99.92775780708244
gilsantos_vat,6,1,6320,99.92891677274422
vitimporto,6,1,6321,99.930075738406
luannaguida_abreu_,6,1,6322,99.93123470406778
ivaniabackes,6,1,6323,99.93239366972955
cantoradeboracristiane,6,1,6324,99.93355263539134
missionariapatriciamacena,6,1,6325,99.93471160105311
equipecristianoaraujo,6,1,6326,99.9358705667149
tiagosantanabetim,6,1,6327,99.93702953237667
avelinodopovo10,5,1,6328,99.93799533709482
leticiafanini,5,1,6329,99.93896114181297
wickmarques,5,1,6330,99.93992694653112
cadu.itatiba,5,1,6331,99.94089275124927
luccanutopb,5,1,6332,99.94185855596741
fernanda.bitenco,5,1,6333,99.94282436068556
sargentofahur,5,1,6334,99.94379016540371
depoderaopovo,5,1,6335,99.94475597012186
flaviomantovani.pr,5,1,6336,99.94572177484001
bolsonarodomt,5,1,6337,99.94668757955816
juliaosoaresii,5,1,6338,99.94765338427631
majorvitorsantosbrasil,5,1,6339,99.94861918899446
henricodemg,5,1,6340,99.9495849937126
andrerochamg,5,1,6341,99.95055079843075
perdiga_oficial,5,1,6342,99.9515166031489
jgdasucata,5,1,6343,99.95248240786705
sandratarabayne,5,1,6344,99.95344821258522
aosolhosdenossospassos.ofc,5,1,6345,99.95441401730336
pragizelletelesoficial,5,1,6346,99.95537982202151
cristianosantosbc,5,1,6347,99.95634562673966
fabiodelmontesobrinho,5,1,6348,99.95731143145781
caporezzo_em_acao,5,1,6349,99.95827723617596
jamilecgomes,4,1,6350,99.95904987995047
ronaldosantosofc,4,1,6351,99.959822523725
jackcalderini,4,1,6352,99.9605951674995
mariaterezabezerra,4,1,6353,99.96136781127403
sargentoalmeidaof,4,1,6354,99.96214045504856
laira.inacio,4,1,6355,99.96291309882307
victorruizreserva,4,1,6356,99.96368574259759
vereadorsargentonantes,4,1,6357,99.96445838637212
gudamotoka_ofc,4,1,6358,99.96523103014663
capitaoveloso.mg,4,1,6359,99.96600367392115
rebecamota.ce,4,1,6360,99.96677631769566
dantas_evinha,4,1,6361,99.96754896147019
ricardocruzativista,4,1,6362,99.96832160524471
mauriciocoutoadv,4,1,6363,99.96909424901922
dramonicagomesdf,4,1,6364,99.96986689279375
bianca.pedagoga,4,1,6365,99.97063953656827
joellfernandesoficial,4,1,6366,99.97141218034278
dr_rafael_matos,4,1,6367,99.9721848241173
sachaboahoraoficial,4,1,6368,99.97295746789182
conradooficial,4,1,6369,99.97373011166634
dra_priscillamoreira,4,1,6370,99.97450275544087
ruteniosa,4,1,6371,99.97527539921538
tayannystefany_,4,1,6372,99.9760480429899
adrianowassuncao,4,1,6373,99.97682068676441
pedrocampos.arte,4,1,6374,99.97759333053894
lucasrecla,4,1,6375,99.97836597431346
alanlopesrio,4,1,6376,99.97913861808797
paulojr_folhaevangelica,4,1,6377,99.9799112618625
ericafreiremissao1467,4,1,6378,99.98068390563702
elnamulleroficial,3,1,6379,99.98126338846791
tatadasilva77,3,1,6380,99.9818428712988
alineluchetta,3,1,6381,99.98242235412968
marcelofurtado_oficial,3,1,6382,99.98300183696057
abdiasfillho,3,1,6383,99.98358131979147
carolsouza_al30,3,1,6384,99.98416080262236
enfermeiracidaamaral,3,1,6385,99.98474028545324
oficialrosilenemartins,3,1,6386,99.98531976828413
pedroivorw,3,1,6387,99.98589925111501
pimentaliviane,3,1,6388,99.98647873394592
deputadorenan,3,1,6389,99.9870582167768
cafequesedani,3,1,6390,99.98763769960769
ajapadoarrocha,3,1,6391,99.98821718243858
ildinhoresende,3,1,6392,99.98879666526948
amandaganem.mg,3,1,6393,99.98937614810036
delegadojonatasdf,3,1,6394,99.98995563093125
silvio_nasciment0,3,1,6395,99.99053511376214
talesgariii,2,1,6396,99.9909214356494
jr_agenciaesportes,2,1,6397,99.99130775753666
ederferreira.rs,2,1,6398,99.99169407942392
jessicaambrosiorr,2,1,6399,99.99208040131117
coronelamericosp,2,1,6400,99.99246672319843
eduardodoblogoficial,2,1,6401,99.9928530450857
jonicorreiabr,2,1,6402,99.99323936697296
edwilsonnegreiros,2,1,6403,99.99362568886022
robsonferreirape,2,1,6404,99.99401201074747
juvenciofariasjunior,2,1,6405,99.99439833263473
kleybemorais,2,1,6406,99.994784654522
gilvan_da_silva_menezes,2,1,6407,99.99517097640926
romulobraz_13,2,1,6408,99.99555729829652
jaynascosta,2,1,6409,99.99594362018378
netopelopovo,2,1,6410,99.99632994207103
sandroalves.ofc,2,1,6411,99.99671626395829
juarezfialhooficial,1,1,6412,99.99690942490193
riicardocastroo,1,1,6413,99.99710258584555
unidadepopular,1,1,6414,99.99729574678918
pstu_oficial,1,1,6415,99.99748890773282
almeidinhajp,1,1,6416,99.99768206867644
victorruizpro,1,1,6417,99.99787522962008
marcussoaresmg,1,1,6418,99.9980683905637
talesgari,1,1,6419,99.99826155150733
fatimaa_fda,1,1,6420,99.99845471245096
enfermeirakarynadara,1,1,6421,99.99864787339459
alessoncav,1,1,6422,99.99884103433823
nicolaci.guaruja,1,1,6423,99.99903419528185
oengenheirodopovo,1,1,6424,99.99922735622548
edilaziojunior_,1,1,6425,99.99942051716911
ronaldo,1,1,6426,99.99961367811274
otaciliolins_adv,1,1,6427,99.99980683905638
roselimatos.oficial,1,1,6428,100.0
