id,grupo,collection_period,conta_usuario,topic,dominant_weight_share
28658766260385198,candidato,20260906-20260912,delegadanadine,topic_0,0.6600842858157696
842792135563656,candidato,20260906-20260912,penelopevfrosa,topic_4,0.46730068776684514
1413460797594134,candidato,20260823-20260905,celsosabinooficial,topic_7,0.47985597800508134
3543638539128898,candidato,20260906-20260912,renatofilhodopilar,topic_6,0.7855149217022676
919084087581983,veiculo_nacional,20260823-20260905,portalr7,topic_1,0.883442354830892
1819020969275150,candidato,20260823-20260905,juliocezaroficial01,topic_4,0.356978243745053
1605223087945203,candidato,20260823-20260905,paulogomes31rj,topic_2,0.8283779945636233
1391474232553178,candidato,20260906-20260912,cambemilgrau,topic_6,0.5732203734685974
1467131268585038,candidato,20260823-20260905,depmarrecafilho,topic_6,0.350787615916506
2610249726094615,candidato,20260823-20260905,kan.carlos,topic_2,0.48886386466925075
1097739519259316,candidato,20260823-20260905,fabioramalhopb,topic_0,0.4649651121048379
1075436272145112,candidato,20260823-20260905,carlinhosbnh,topic_4,0.6001442176382814
2933519937012141,candidato,20260823-20260905,14luizfranca,topic_4,0.5223359125634448
920478027321015,candidato,20260823-20260905,zoemartinez.sp,topic_7,0.5123942136065298
1554795432559070,candidato,20260815-20260822,gabrielporto,topic_2,0.35891586314676166
1025324327186964,candidato,20260823-20260905,lidianeaburad,topic_4,0.5467243656238745
1120829730269104,candidato,20260823-20260905,silvionavarrojornalista,topic_2,0.5221248273163367
925016613554709,candidato,20260823-20260905,valmarchiori,topic_3,0.9030474404893039
1518709130072404,candidato,20260906-20260912,deyvisondaacolhersaude,topic_1,0.572403832506526
1618626933222159,candidato,20260823-20260905,dougllasbritooficial,topic_0,0.6812699352860935
1841403513873789,candidato,20260815-20260822,delegado_marcus_vinicius,topic_4,0.5132343272592462
1427104902852250,candidato,20260906-20260912,leoloureiroal,topic_4,0.5101672501451109
1009125365515249,candidato,20260906-20260912,netocarletto,topic_0,0.6170246244463068
918705107631076,candidato,20260906-20260912,cinthia__ribeiro,topic_4,1.0
1085464610885914,candidato,20260823-20260905,rafaelsorrilhaoficial,topic_4,0.7566006355370876
1277594712109674,veiculo_nacional,20260906-20260912,diariodocentrodomundo,topic_5,0.528463594333934
1692683545135776,candidato,20260823-20260905,generalpazuello.oficial,topic_7,0.6173198058313932
1456734406503253,candidato,20260823-20260905,allinyserrao,topic_6,0.7458327789191991
4004511123187972,candidato,20260815-20260822,aureo.ribeiro,topic_6,0.4740295662445037
1396372028642864,candidato,20260906-20260912,bryanpeloamapa,topic_4,0.536443731336254
1802398370881667,veiculo_nacional,20260823-20260905,portalr7,topic_1,0.8427455480465967
1725209718754114,candidato,20260823-20260905,professorsivirino,topic_2,0.3691087265447485
2174395250088061,candidato,20260906-20260912,nathanmacenna,topic_4,0.5228671251750057
1414139190668269,candidato,20260815-20260822,kan.carlos,topic_4,0.571681777688485
1792895088565050,candidato,20260815-20260822,oficialraimundocosta,topic_1,0.3204165718357228
1740211340605355,candidato,20260823-20260905,heldersalomao,topic_6,0.44599822125860356
1992826891408211,candidato,20260906-20260912,tecioteles,topic_4,0.45746205768594705
1411155273677406,candidato,20260815-20260822,agenorsantospa,topic_6,0.5033261394800056
1636587621320572,partido,20260823-20260905,plnacional22,topic_7,0.7517853329259155
1636747354511429,candidato,20260823-20260905,dep_lucianopimentelse,topic_2,0.5535641655564518
1622206576034338,veiculo_regional,20260906-20260912,bahianoticias,topic_1,0.6191759638272556
1077226704905497,candidato,20260823-20260905,romeuzemaoficial,topic_7,0.41233179425817207
1048910038144232,veiculo_nacional,20260906-20260912,jornaloglobo,topic_5,0.8144746415327453
1810280833625209,candidato,20260823-20260905,walbervirgolino,topic_0,0.2915422058143338
1074124612247864,candidato,20260906-20260912,fatimadaudt,topic_4,0.5610851804308316
1388737566150175,candidato,20260823-20260905,majorvitorsantos,topic_2,0.8330568148367568
1118648360846253,candidato,20260823-20260905,pedro.uczai,topic_7,0.4707192988790929
2847274098990586,candidato,20260823-20260905,marcimeirelles,topic_1,0.3353234299605366
1383806660401088,candidato,20260906-20260912,marivaldopereiradf,topic_3,0.9392536760383389
1392660715727778,candidato,20260815-20260822,chicovigilanteoficial,topic_4,0.47952104076689
2280536019403986,candidato,20260906-20260912,deputadofranciscotenorio,topic_0,0.7623833014705537
2226687827902427,candidato,20260906-20260912,amiltonfilhooficial,topic_4,0.40167808135665267
1619005389591054,veiculo_nacional,20260906-20260912,jornalnacional,topic_1,0.9644968981214127
1080469727921900,candidato,20260823-20260905,oscarlteixeira,topic_2,0.7425320363515302
1087525687306400,candidato,20260815-20260822,peritomassuda,topic_2,0.45473290228477264
2085837355655714,veiculo_regional,20260906-20260912,tnh1oficial,topic_1,0.4505191273120001
3402654783233243,veiculo_nacional,20260815-20260822,uolnoticias,topic_2,0.4154511104310429
3038250826539718,candidato,20260823-20260905,betopretoparana,topic_2,0.6890523407332049
2163198734582159,candidato,20260906-20260912,wladimirgarotinho,topic_0,0.6433024505596149
1405000715071349,candidato,20260815-20260822,wellingtonbaptistarj,topic_4,0.6300293395509494
1875988436700434,candidato,20260906-20260912,lissauervieira,topic_6,0.6432770600485747
1107841565002103,candidato,20260823-20260905,johnatanmaravilha,topic_4,0.7238366345643792
1053749280627338,candidato,20260823-20260905,jarioliveiraoficial,topic_0,0.5306883053007936
2098054937472041,candidato,20260823-20260905,danielferreiradeprs,topic_3,1.0
1381480860261083,veiculo_regional,20260823-20260905,meionorte,topic_1,0.33669716135131805
1818980805763568,candidato,20260815-20260822,oescobar_oficial,topic_2,0.5689663912174249
1662532458796247,candidato,20260906-20260912,raposinha6513,topic_1,1.0
1065983159175332,candidato,20260823-20260905,vilsondafetaemg,topic_6,0.7256916500068153
2335293523891070,veiculo_regional,20260906-20260912,tvcidadeverde,topic_5,0.915221808076716
2164659600757511,candidato,20260815-20260822,ivetecaettano,topic_0,0.4899340598073715
1427619175976112,candidato,20260823-20260905,enfermeiravani.oficial,topic_6,0.7859674948246698
2051814082366770,veiculo_regional,20260906-20260912,tribunadonorte,topic_1,0.8338484109990127
2555959151553122,candidato,20260906-20260912,brunapessoama,topic_0,0.5323308160136548
2176949629528116,candidato,20260823-20260905,nattannoliveira,topic_4,0.8331638199818932
1054632480885349,veiculo_nacional,20260823-20260905,sbtnews,topic_1,0.9576528748409657
2195288858067932,veiculo_regional,20260823-20260905,gzhdigital,topic_1,0.5280846143470898
1736924874247724,candidato,20260815-20260822,pauloazioficial,topic_7,0.23984064045102818
1459044432709249,veiculo_regional,20260815-20260822,midiamax,topic_1,0.5719102983575514
1580260169673825,candidato,20260815-20260822,simoneandrade.sc,topic_2,0.4398819715850239
3538312149668916,candidato,20260815-20260822,marjorieferreiras,topic_3,0.4163521703450962
1103838412296183,candidato,20260823-20260905,coronelcarlosaugusto,topic_0,0.5103714467538296
1115346741156554,candidato,20260823-20260905,departhuroliveiramaia,topic_4,0.41752559023915764
3617090451801170,candidato,20260823-20260905,manualves.ce,topic_4,0.5297685991462311
1282950084904531,candidato,20260815-20260822,izadutrabr,topic_0,0.3409173368941514
1087685754238277,candidato,20260823-20260905,gustavoneivapi,topic_0,0.9898335629743241
1848581432780865,candidato,20260823-20260905,chicofrancaoficial,topic_7,0.8971760941341798
28229654280010984,candidato,20260823-20260905,kelmannvieira,topic_2,0.7932124990762259
934696763005601,veiculo_regional,20260823-20260905,folhavitoria,topic_1,0.4823904486014713
2985228761869590,veiculo_nacional,20260906-20260912,uolnoticias,topic_1,0.6197219129924465
2070390320536859,veiculo_nacional,20260815-20260822,metropoles,topic_7,0.5353007064420234
1049029208196025,candidato,20260906-20260912,fabiofigueiras.pa,topic_2,0.4977241886781793
1092115273393372,candidato,20260815-20260822,vivireispsol,topic_4,0.3858901205146112
1595878815606135,candidato,20260815-20260822,martinhabrandao_,topic_4,0.6577511400263022
1064774403015390,candidato,20260815-20260822,roniesilva15,topic_0,0.9209876251267968
976253975492230,veiculo_nacional,20260823-20260905,correio.braziliense,topic_3,0.2703943212301195
28130445733292451,candidato,20260815-20260822,claudianofilho,topic_0,0.931383012935334
2599502327174666,candidato,20260815-20260822,valmirdesergipe,topic_6,0.509078261898235
947649778378861,candidato,20260815-20260822,sandraalvesoficial,topic_4,0.5314758445825907
955113890294092,veiculo_nacional,20260823-20260905,poder360,topic_5,0.8274266445152241
1503503581811811,candidato,20260815-20260822,thiagolisboa.oficial,topic_4,0.57697353764397
1055272763766697,candidato,20260815-20260822,maxmacieldf,topic_0,0.38060713392178297
1674378817735435,candidato,20260815-20260822,drranierimarchioro,topic_3,0.6274621238248642
1083087960848488,candidato,20260815-20260822,andreiasiqueira,topic_0,0.5241342842858732
1404209307739328,candidato,20260823-20260905,luiz.eduardodf,topic_6,0.735680117959832
2047004836019671,candidato,20260815-20260822,ademirpereira.pp,topic_6,0.5152972964508555
1088465383728416,candidato,20260823-20260905,kakasantos_se,topic_0,0.9566204030646486
928436243239077,candidato,20260815-20260822,deputadothiagoaraujo,topic_0,0.6662670818566673
1699811021126673,candidato,20260815-20260822,ronaldomoreiracs,topic_4,0.49364267552984936
4602398710004997,candidato,20260906-20260912,adailtonfuria,topic_4,0.8192658111816349
1601526278371712,veiculo_regional,20260823-20260905,opovoonline,topic_1,0.5105893319576408
1359679179488210,candidato,20260823-20260905,paraibafeminina,topic_4,0.8277803721756127
1377685237232707,veiculo_regional,20260815-20260822,tribunaonline,topic_1,1.0
1770441734199067,veiculo_regional,20260823-20260905,gzhdigital,topic_4,0.4621520184515538
1522447939901577,veiculo_regional,20260823-20260905,grupo.metropole,topic_1,0.7270163727309703
1018413641207409,veiculo_regional,20260906-20260912,portaldoholanda,topic_1,0.521889788720619
1386185126968912,candidato,20260906-20260912,carlosviana,topic_3,0.9211856961595984
1327959712750117,candidato,20260815-20260822,jessicagpieri,topic_0,0.5544400541024914
3298004677050424,candidato,20260906-20260912,rafaelsatie,topic_6,0.45896532030017057
28158375310522870,candidato,20260906-20260912,profdorinha,topic_2,0.47820394892836215
1097794112759605,candidato,20260823-20260905,felipinhoravis,topic_0,0.5988889246259985
918518300838262,candidato,20260815-20260822,alinemariano.pe,topic_4,0.7580668730856225
944160935404323,candidato,20260823-20260905,lpbragancabr,topic_5,0.7442266169864706
3431928520321833,candidato,20260906-20260912,rudys.rodrigues,topic_2,0.5713809606685559
1406558844875566,veiculo_regional,20260823-20260905,olhardiretooficial,topic_1,0.5572879532357982
1825446598821025,candidato,20260823-20260905,chicovigilanteoficial,topic_4,0.6578878288037044
1053669580618321,candidato,20260823-20260905,draalessandrahaber,topic_6,0.5933673016329366
1034470102917779,candidato,20260823-20260905,manubim,topic_0,0.5040502299526365
1064920833057479,candidato,20260823-20260905,oliviamottapb,topic_4,0.4957787430738102
1929420208018873,candidato,20260815-20260822,mariliacampos.mg,topic_4,0.48942126798043273
4036972713103789,candidato,20260906-20260912,profeliseugabriel,topic_4,0.6394692943058643
907478018866352,candidato,20260906-20260912,clarianabarao,topic_4,0.6202916836892644
2476668132829739,candidato,20260815-20260822,deltandallagnol,topic_4,0.3404153250991568
1097304066106287,veiculo_nacional,20260823-20260905,correio.braziliense,topic_1,0.3961587535480193
28621445807492848,candidato,20260906-20260912,ricardoayres_to,topic_0,0.6776277449690657
1805763667091967,veiculo_regional,20260906-20260912,diariodepernambuco,topic_5,0.6671982112705044
1494341219120595,candidato,20260815-20260822,joaovictorfamilia,topic_6,0.50192689005537
3456274021207722,veiculo_nacional,20260823-20260905,poder360,topic_5,0.805568428689783
1765090474826478,candidato,20260815-20260822,guilherme.bismarck,topic_3,0.34768186166890835
29244491078480535,candidato,20260823-20260905,eduardomouratv,topic_0,0.5872334161740788
1056614507201052,candidato,20260823-20260905,loidegoncalvesoficial,topic_4,0.8258292596172
1702061864860636,candidato,20260823-20260905,kakasantos_se,topic_4,0.5305781627490713
1681436583399078,candidato,20260815-20260822,cappelli.ricardo,topic_6,0.5358774903248332
2155732702045923,candidato,20260823-20260905,sandro.avelar_,topic_2,0.5138254623691377
1639327194439000,candidato,20260906-20260912,yurydoparedao,topic_6,0.5137971576217966
1062378153361050,veiculo_nacional,20260823-20260905,gazetadopovo,topic_5,0.6017521122633395
2464252600890561,veiculo_regional,20260823-20260905,oliberal,topic_1,0.7872425239709004
1086757667553815,candidato,20260906-20260912,bolsonarodashopee.ofc,topic_7,0.5698286540813362
906330555661461,candidato,20260906-20260912,tiagoperettooficial,topic_6,0.8614009855006677
2101202387182067,candidato,20260815-20260822,rogeriocorreia_,topic_4,0.5143306191993176
1585436282888961,candidato,20260815-20260822,adailtoncruzac,topic_0,0.37121886152651073
1400490824837776,candidato,20260815-20260822,leoloureiroal,topic_0,0.9716056700560453
1499185015576148,veiculo_regional,20260906-20260912,contilnetnoticias,topic_1,0.8807106512764232
2282300239227236,candidato,20260823-20260905,zefernandobrito11,topic_0,0.31347386008525147
1055729690423421,veiculo_regional,20260815-20260822,portalinfonet,topic_1,0.6520973698562992
966502546471852,candidato,20260823-20260905,dr.furlan,topic_6,0.9280126035910954
1845492006614686,candidato,20260815-20260822,profrodolfosouza,topic_4,0.44793462483497315
1462589115932596,veiculo_nacional,20260823-20260905,metropoles,topic_1,0.4500593208539317
4619800424908460,candidato,20260906-20260912,analuciabarbosapaes,topic_4,0.7370437110957474
1412335750788728,candidato,20260815-20260822,jucadoguaranafilho.oficial,topic_1,0.8650350783739991
1134789219212973,veiculo_nacional,20260906-20260912,portalg1,topic_1,0.7601732180169953
1027086433693965,candidato,20260823-20260905,prsebastiaosantos,topic_6,0.5068275830435419
1460563219237823,candidato,20260906-20260912,denise_pessoa,topic_0,0.6560616066922574
4549405518714684,candidato,20260823-20260905,cristianocustodia,topic_4,0.9583496037388156
1576829037552539,candidato,20260823-20260905,pastordanieldecastro,topic_0,0.7657526903236588
4565197183723544,candidato,20260906-20260912,pedro.uczai,topic_4,0.6888441855235007
1728358135064140,candidato,20260815-20260822,valmirbraznena,topic_4,0.45550747697788496
3648674701956283,candidato,20260823-20260905,jusmarioficial,topic_4,0.6905989787018552
2295231604569153,candidato,20260823-20260905,robertocidadeam,topic_6,0.4193365371196367
28325483657103274,candidato,20260815-20260822,instrutordouglas,topic_2,0.7488513268516129
1607860030689037,candidato,20260823-20260905,marcio.alecio.ac,topic_6,0.923479181596318
1776140560369181,candidato,20260906-20260912,dr.kassioguimaraes_,topic_2,0.510672939903726
1457965306155296,candidato,20260823-20260905,delegadocharlespessoa,topic_2,0.5621316492510697
1603188254543745,candidato,20260823-20260905,willianbraga63,topic_0,0.717225122202544
3777329722418496,candidato,20260823-20260905,wanderleypedrosooficial,topic_6,0.45413252401411813
3023961351278175,candidato,20260906-20260912,reneclei.emergencia_1,topic_0,0.3861289973574416
1381430507386360,candidato,20260823-20260905,professoranizio,topic_3,0.8844515486147188
1835958041086890,candidato,20260823-20260905,delegadojacovos,topic_2,0.5475004478556675
1760743211897856,candidato,20260906-20260912,alexisfonteyne30,topic_3,0.30492819674087956
1620162809665587,candidato,20260823-20260905,vilsondafetaemg,topic_1,0.8887728954520434
2100752440546983,candidato,20260823-20260905,sargentotaniaguerreiro,topic_4,0.6156219039488107
1066016086418507,candidato,20260823-20260905,bordalopt,topic_0,0.8650671061092979
1057060850455114,veiculo_regional,20260815-20260822,tribunaonline,topic_1,1.0
2167990100766400,candidato,20260815-20260822,prof_mozart,topic_4,0.4560084301208395
2024619151522491,veiculo_regional,20260815-20260822,portalacritica,topic_1,0.5284871786147114
972165739236384,candidato,20260823-20260905,kenia.vanusse,topic_6,0.38803212516224544
1028006480289245,candidato,20260815-20260822,janainariva,topic_4,0.28412028041876414
1101206455700998,candidato,20260823-20260905,marciorobertopb,topic_0,0.6679746369170944
2108805543048705,candidato,20260823-20260905,vivianmendes.oficial,topic_4,0.4208373456034694
4077907005846774,veiculo_regional,20260823-20260905,oimparcial,topic_7,0.711189541281007
1662074248858083,candidato,20260823-20260905,paparicobacchi,topic_0,0.6555369985893034
4108978515904724,candidato,20260823-20260905,michelhenriquepb,topic_2,0.4229836879139179
2781078138973751,candidato,20260815-20260822,danilobalasoficial,topic_2,0.9895535177296827
1272879614879889,candidato,20260815-20260822,jaymevl,topic_2,0.4371565882372552
1109251611675643,veiculo_regional,20260906-20260912,d24am,topic_1,0.4339284837008444
1397192445854977,candidato,20260815-20260822,ebantle,topic_4,0.8216977127308334
1885666676150198,candidato,20260823-20260905,professorlemos,topic_2,0.3830038686418249
1724900215479553,candidato,20260823-20260905,isajanemarcondes,topic_4,0.37222504000046186
2117491156319397,candidato,20260906-20260912,caiovalace_oficial,topic_3,0.8349881738089082
2132572940938124,candidato,20260823-20260905,marciaabrahaomoura,topic_4,0.6126237904399684
1095196719518817,candidato,20260823-20260905,fabioruedaoficial,topic_6,0.5473766237785165
1762430021620605,candidato,20260815-20260822,fernandasouto.oficial,topic_3,0.5330565759025129
2862133847484948,candidato,20260815-20260822,cristinagraeml,topic_3,0.6991932536256453
1622298216257211,veiculo_nacional,20260823-20260905,jovempannews,topic_1,0.8659147489753001
1844475980333828,candidato,20260823-20260905,daviddurandoficial,topic_2,0.9774038708127866
1617484773165978,candidato,20260823-20260905,constanca_docelar,topic_4,0.8471310202203418
1639715030904391,candidato,20260906-20260912,williamparreiraduarte,topic_4,0.911575008827345
1778862483262381,candidato,20260823-20260905,josiasdasaude,topic_6,0.5152665654724825
1057541410448419,candidato,20260906-20260912,sergiosouzapr,topic_0,0.9169382516046837
1227273423812726,candidato,20260823-20260905,drrodrigosalomon,topic_4,0.6582178018318918
1779953983032073,candidato,20260815-20260822,pollyannapb,topic_6,0.35829463820569785
28183359174657778,candidato,20260823-20260905,gabyronalsa,topic_2,0.5098086696710352
27801234349554411,candidato,20260823-20260905,luizeduardo.rn,topic_0,0.7499685303711519
1747857263214381,candidato,20260823-20260905,jardelinacioam,topic_4,0.3212801885094362
2516547985507434,candidato,20260906-20260912,dr.patrickmedrado,topic_4,0.37462643510313226
1858632022183091,candidato,20260815-20260822,dr.dolirio,topic_2,0.6452070288157886
1101825788937116,candidato,20260815-20260822,marcelalexandre12,topic_4,0.5785041291755512
1044767965043484,candidato,20260823-20260905,otavianopivetta,topic_4,0.7223906361705468
1376627057403396,candidato,20260823-20260905,deputadomaurici,topic_7,0.5124853949096133
1545391390249243,candidato,20260823-20260905,tiagoismar,topic_4,0.6306915066058154
1077049968355294,candidato,20260906-20260912,delegadajannira,topic_0,0.5330052330724934
1087085197017476,candidato,20260823-20260905,euzebiolago,topic_0,0.6307696275054363
28082754808050029,candidato,20260823-20260905,vilsondafetaemg,topic_2,0.4105239844086875
1610095164036546,candidato,20260906-20260912,stelafariasrs,topic_4,0.7411692965725646
1723296402061710,candidato,20260815-20260822,dep.miguellombardi,topic_6,0.7437526966558509
28787152007564688,veiculo_nacional,20260823-20260905,metropoles,topic_4,0.40441718385445585
1807838177076381,candidato,20260815-20260822,rodolfo_fanganiello,topic_0,0.4207423319400295
1993986414499892,candidato,20260815-20260822,martinhabrandao_,topic_0,0.6413827415765266
1065683529638846,candidato,20260815-20260822,dep.joaogoncalves,topic_6,0.7974251322630167
2060689967971032,candidato,20260906-20260912,adrianogaldino1,topic_6,0.4097817505897603
1436042601710964,veiculo_regional,20260823-20260905,ndmais,topic_1,0.6861208826676343
889862584057834,candidato,20260823-20260905,josimar22ma,topic_6,0.7339793877152846
1816294136408769,veiculo_nacional,20260823-20260905,correio.braziliense,topic_7,0.4731285283882925
3340490122802685,veiculo_nacional,20260906-20260912,portalr7,topic_1,0.8255422978891801
1356008636605422,candidato,20260815-20260822,erikojacome,topic_2,0.6691428718517277
1739701460636898,veiculo_regional,20260815-20260822,obrasilienseoficial,topic_1,0.8068025628074861
2192352028277001,candidato,20260815-20260822,bispavanessalima,topic_4,0.7568595370600767
1833356927679056,candidato,20260906-20260912,huelmamedeiros,topic_0,0.8276679850213453
1049831497746022,candidato,20260815-20260822,julianunes_mulher,topic_6,0.47652721895844224
2303329087082067,candidato,20260823-20260905,andremerlooficial,topic_0,0.7348466049222597
1794469681975685,candidato,20260823-20260905,franciscosalesfilho,topic_4,0.9197649393065528
1424941613105526,candidato,20260815-20260822,luanagouvearj,topic_2,0.6394649935100749
1481383650496973,candidato,20260906-20260912,juliolamim,topic_2,0.9027605774200105
1118551867363233,candidato,20260823-20260905,alielmachado,topic_0,0.7797438101721764
1553167352751896,veiculo_regional,20260815-20260822,clickpb,topic_1,0.5443855715224527
1840081627352356,veiculo_regional,20260906-20260912,roraima1,topic_1,0.9516587754606026
1597500601845101,candidato,20260823-20260905,rhaizamatos,topic_4,0.6471275699972724
1133022462479767,candidato,20260823-20260905,maguinhamalta222,topic_4,0.5498764738604753
1635924154831965,candidato,20260823-20260905,helenaduailibe,topic_0,0.4511446391188855
1072561555525111,candidato,20260815-20260822,lucaskokapenteado,topic_2,0.4863339349718714
922384814279344,candidato,20260823-20260905,eu.lilianventura,topic_4,0.8527023219316774
2275300319950566,candidato,20260815-20260822,felipecarreras,topic_0,0.5523849896442783
1069444438822888,candidato,20260815-20260822,henriquedeoliveirasp,topic_2,0.8825593406848655
1339383138058302,veiculo_nacional,20260823-20260905,sbtnews,topic_7,0.5868615270551586
933954262633860,veiculo_regional,20260823-20260905,opovoonline,topic_1,0.9492763338267876
38576105268703390,candidato,20260815-20260822,mariamarighella,topic_4,0.5776126609719598
2473668616457188,candidato,20260823-20260905,williansouzasumare,topic_7,0.34665791062141843
1317767896927647,veiculo_nacional,20260823-20260905,metropoles,topic_5,0.9740431974532513
1792138331790932,candidato,20260906-20260912,ossesio.silva,topic_4,0.970905630946941
1314389890643822,candidato,20260906-20260912,belandradeoficial,topic_6,0.6091109280946551
1164040556297524,candidato,20260815-20260822,tonymedeirosam,topic_6,0.7995205753428785
819849114552126,veiculo_regional,20260815-20260822,afnoticias,topic_1,0.3986470782691859
1459923095947440,veiculo_nacional,20260823-20260905,correio.braziliense,topic_1,0.8357674046228606
2589659031493243,candidato,20260823-20260905,adrianasousapiaui,topic_4,0.45443732637638673
2537436606777441,candidato,20260906-20260912,kelmannvieira,topic_4,0.6765604834641197
1634432371393361,candidato,20260823-20260905,carlosdalvan,topic_2,0.46424580095843887
2836401906725705,candidato,20260823-20260905,wiliansdouglaas,topic_4,0.29500963951868325
1309405515593866,candidato,20260906-20260912,andreamedeiros.55,topic_4,0.3204884953943803
2688447231592683,candidato,20260906-20260912,hcwanderley,topic_0,0.9929688128781572
1811653973517940,candidato,20260906-20260912,fabiotrad,topic_6,0.6284705181020533
1849716486404246,candidato,20260906-20260912,silviawinterpsicanalista,topic_3,0.462116210419754
2501717097007265,candidato,20260906-20260912,higordiegosp,topic_6,0.6821743005491222
4549660678623728,veiculo_regional,20260823-20260905,eshoje,topic_4,0.31902790945483256
1092438653332212,candidato,20260906-20260912,brancodapenal,topic_4,0.9180216153801365
3235760336624374,candidato,20260906-20260912,agacielmaia,topic_2,0.5700298157881187
4246511118992122,veiculo_regional,20260823-20260905,doldiarioonline,topic_1,0.6777866296409376
1660879175616945,candidato,20260823-20260905,orlandopesoti,topic_2,0.4926504856455844
1468233032028913,veiculo_regional,20260906-20260912,doldiarioonline,topic_1,0.732596546565109
974054259070254,veiculo_regional,20260823-20260905,opovoonline,topic_4,0.3906803663582939
1590784146126581,candidato,20260823-20260905,deassisdiniz,topic_0,0.4027043007539924
1566916965451352,candidato,20260823-20260905,wagnermontesfilho,topic_1,0.5200028869390353
1627046942326894,candidato,20260906-20260912,rogeraguiar.ce,topic_3,0.4408604348287863
2641768479591718,candidato,20260906-20260912,okaioguimaraes,topic_0,0.6697601740122723
2107608799841796,veiculo_regional,20260815-20260822,sistemaodia,topic_1,0.34396696994812154
2080403052869211,veiculo_nacional,20260823-20260905,metropoles,topic_1,0.4752266105831494
1818594559155691,candidato,20260906-20260912,allinyserrao,topic_6,0.5737408465568777
1409378261160544,candidato,20260906-20260912,depcristianedantas,topic_0,0.594512129003722
1904035164335872,candidato,20260823-20260905,raquellyraoficial,topic_6,1.0
843159808824035,candidato,20260823-20260905,thiagovieirapm,topic_1,0.73222129667413
1851544259588131,candidato,20260815-20260822,eduardofilho.ef,topic_4,0.6021493096341132
1111709694619798,candidato,20260815-20260822,nossaninarn,topic_0,0.8380741220954839
1705549950512652,candidato,20260815-20260822,reporter_do_povao,topic_1,0.7260434094256824
2007883476582158,candidato,20260906-20260912,marcio.polones,topic_6,0.4221306193285413
1622859332705249,candidato,20260823-20260905,roseli_moraes23,topic_4,0.6266445589979043
2578141715963585,candidato,20260823-20260905,carloshenrique.mg,topic_4,0.6814127366002607
1601563381706854,candidato,20260906-20260912,folsterhenrique,topic_4,0.5358706239547408
3381484852030822,candidato,20260815-20260822,chicorodriguesrr,topic_3,0.5736948412762717
1593190402302850,veiculo_regional,20260906-20260912,jornalhojeemdia,topic_1,0.9022397660202702
1104767072206333,candidato,20260906-20260912,oficialfabiogarcia,topic_6,1.0
1783087246340380,candidato,20260823-20260905,ivoneidecaetanooficial,topic_3,0.5529331772713612
4602592460063318,candidato,20260906-20260912,coroneltadeu,topic_3,0.558010204070841
2193993471544527,candidato,20260906-20260912,marcosdiasoficial_,topic_4,0.5588275836016187
1773024603984123,veiculo_regional,20260906-20260912,blogdobg,topic_1,0.43562341021295803
1375204334238521,veiculo_regional,20260823-20260905,tribunaonline,topic_1,1.0
2141449709777981,candidato,20260823-20260905,dionehashioka,topic_4,0.5131616006259337
4549529668654674,veiculo_nacional,20260823-20260905,portalr7,topic_1,0.782380210288349
1126691666358483,candidato,20260823-20260905,karensantospoa,topic_6,0.4622826741123566
4536733409907175,candidato,20260906-20260912,marleipr,topic_7,0.4430938307249681
1435476061805966,candidato,20260906-20260912,vitorgabrielmt,topic_4,0.6694258293993752
2566699883796515,candidato,20260815-20260822,fabianocazeca,topic_2,0.4301897062033974
2261780611275557,veiculo_nacional,20260815-20260822,jornaloglobo,topic_1,0.572448322338538
994994273602271,veiculo_nacional,20260823-20260905,agenciapublica,topic_4,0.638917950220798
911286161776718,veiculo_regional,20260815-20260822,dm.com.br,topic_1,0.9193938764857643
1727597328526679,candidato,20260906-20260912,marcosmarinsrj,topic_0,0.547424329110707
1131754379178596,candidato,20260815-20260822,luizjunior.rj,topic_7,0.48591312289467875
1369518241581066,candidato,20260823-20260905,chicofrancaoficial,topic_7,0.5687202570527754
1597079232037109,veiculo_regional,20260823-20260905,ndmais,topic_5,0.9053662265066761
1121935033824341,candidato,20260823-20260905,eltonroberto.weber,topic_4,0.9717523462363217
3513949722120345,candidato,20260815-20260822,cambemilgrau,topic_0,0.5703165767922245
1641502934235278,candidato,20260906-20260912,renataseneoficial,topic_2,0.7388883189984461
1750682122821584,candidato,20260906-20260912,mariaconstantino.sp,topic_4,0.9738047312848159
2302585147225285,candidato,20260815-20260822,dep_ledasadala,topic_0,0.38404835205880944
1056758700526694,candidato,20260823-20260905,rejannybraga,topic_3,0.5964234756815423
1430457968956524,candidato,20260906-20260912,lucasribeiropb,topic_6,0.9678111746374586
1719950909296642,candidato,20260823-20260905,teixeira.docarvao,topic_0,0.8802451353299587
1390443019948144,candidato,20260815-20260822,darcio.bracarense,topic_6,0.41206262929727394
1456280919932038,candidato,20260906-20260912,fabiofigueiras.pa,topic_6,0.5369821041542024
2347506092449979,candidato,20260823-20260905,ivanmoraespe,topic_6,0.6268099568699049
1600009295160407,candidato,20260823-20260905,aracelilemos,topic_4,0.5023226834867053
3002806723444785,candidato,20260815-20260822,edisonfernandosp,topic_4,0.5513152112669968
2811106525928529,candidato,20260823-20260905,neusacadore,topic_2,0.3366511489228237
2097921401100372,candidato,20260823-20260905,dep.gustavoschmidt,topic_2,0.4002143770191561
2187109318895856,candidato,20260815-20260822,helenadaasatur,topic_0,0.5117782354230503
1578012730195972,candidato,20260906-20260912,erikavonsohsten,topic_4,0.9902322902168245
2488294858333646,candidato,20260823-20260905,elisadasaude,topic_0,0.6015252230967925
1568210248122687,candidato,20260823-20260905,luizcanoagem,topic_4,0.7776663374090536
1388356666303208,veiculo_regional,20260823-20260905,roraima1,topic_1,0.7381911438043863
1413590330874619,candidato,20260823-20260905,drazenaide,topic_4,0.5262431077500495
1370988641889026,candidato,20260815-20260822,joaocampos,topic_3,0.4720888834704733
1595005628773943,candidato,20260815-20260822,denis_grillo,topic_2,0.7454110236934667
1361341469102451,candidato,20260906-20260912,robertojustus,topic_3,0.4184616577093237
3443861615800495,veiculo_regional,20260823-20260905,portalscc10,topic_1,0.8273080854389881
2150646462155596,veiculo_nacional,20260906-20260912,agencia.brasil,topic_1,0.5606529920402227
1476436387863119,veiculo_regional,20260815-20260822,midiamax,topic_1,0.6727303489689171
2151373242403341,candidato,20260815-20260822,deputadojesselopes,topic_7,0.9936433847917719
3210105665862395,candidato,20260823-20260905,manueladavila,topic_0,0.7859844926946468
1976229553055957,candidato,20260906-20260912,joaodaluzvereador,topic_2,0.5833333609560163
28092401230388133,candidato,20260823-20260905,marciojerry,topic_0,0.6826783529791044
1810869013269071,veiculo_regional,20260823-20260905,topmidianews,topic_1,0.9467142169143351
3099238816942177,candidato,20260823-20260905,duarte_nogueira,topic_4,0.3618058501656378
1865407341111044,candidato,20260815-20260822,sargentoneri,topic_4,0.4860529797917078
2320501468690198,candidato,20260823-20260905,amandaganemsp,topic_1,0.4128714041767968
1045804648319706,veiculo_nacional,20260823-20260905,jovempannews,topic_7,0.6900800159932997
1063300296526111,candidato,20260815-20260822,leonardopinheiroce,topic_3,0.6201327477115074
1553182266564865,candidato,20260823-20260905,flaviodeberoi,topic_0,0.6873647479583654
1397832591792623,veiculo_regional,20260823-20260905,jornaldebrasilia.ofc,topic_5,0.6715803927517376
1611671343822240,candidato,20260815-20260822,camilavaladaopsol,topic_3,0.486132312947135
1592904909194574,candidato,20260823-20260905,romerosalesfilho,topic_0,0.9249756137474933
3526641927509030,candidato,20260823-20260905,depcarlossampaio,topic_7,0.6458417732000572
2034161293962133,candidato,20260823-20260905,acmneto,topic_6,0.6478997462758259
1621395692972561,candidato,20260815-20260822,gean_loureiro,topic_4,0.7634769014998293
1104142741964704,candidato,20260823-20260905,pedro.uczai,topic_2,0.5008698953132785
1642411620854323,candidato,20260823-20260905,veraaguiareng,topic_4,0.5792191105435974
1712632593184352,candidato,20260815-20260822,tingosoares,topic_6,0.5515633277171608
1403300151956851,veiculo_regional,20260823-20260905,opovoonline,topic_1,0.4010568528660873
1131732542622486,veiculo_nacional,20260823-20260905,metropoles,topic_5,0.983750699213161
1605678894330525,veiculo_regional,20260823-20260905,tvcidadeverde,topic_1,0.8142202305161156
1794213878664859,candidato,20260823-20260905,fernandaloubackrj,topic_6,0.865096973946261
1629972422126281,candidato,20260815-20260822,mirosanova,topic_4,0.4671257191957142
935881165784038,candidato,20260815-20260822,magalhaes.fernanda_,topic_0,0.8529960194905913
2287032202152098,veiculo_nacional,20260906-20260912,metropoles,topic_1,0.6132748030263714
1766680091026773,veiculo_nacional,20260823-20260905,jovempannews,topic_7,0.40689652250610037
1423929923201374,veiculo_nacional,20260823-20260905,poder360,topic_5,0.40908716808517015
2311388066346999,candidato,20260815-20260822,fatimaclaronunes,topic_2,0.24604583191693932
1093693946929406,candidato,20260906-20260912,erikaamorimce,topic_0,0.3331425647430582
1410064670999801,candidato,20260815-20260822,fernandaborges_amb,topic_4,0.7575268731892563
1370833491399025,candidato,20260823-20260905,silvionavarrojornalista,topic_7,0.9551885202859051
886142527706719,candidato,20260815-20260822,vd.viniciusdiniz,topic_0,0.3860169241067421
2046481192646046,candidato,20260823-20260905,sargentonovandir,topic_0,0.6328966121285028
3120767444795235,veiculo_nacional,20260823-20260905,metropoles,topic_1,0.7634828824382004
1437323871790492,candidato,20260823-20260905,heitorschuch,topic_4,0.6075362832254225
1503476831549284,candidato,20260815-20260822,leovieirafilhorj,topic_0,0.8850861583574033
1080114067746685,candidato,20260823-20260905,juliocesardopiaui,topic_7,0.5362267954750145
1901781940798906,candidato,20260823-20260905,brasilcomlula,topic_7,0.7062655034702
1099449635777935,candidato,20260823-20260905,edmilsonfonsecafilho,topic_2,0.6943584057328758
1615978093251952,veiculo_nacional,20260823-20260905,poder360,topic_2,0.298519836513671
1438486178193402,candidato,20260906-20260912,oalanmansur,topic_4,0.5340271257881274
1403869771133898,candidato,20260823-20260905,vivianalbernaznaves,topic_4,0.5624881175769492
2304260670322589,veiculo_regional,20260815-20260822,meionorte,topic_3,0.6155724040430595
1043224742042292,candidato,20260815-20260822,ditinhoavivip,topic_0,0.709652812635189
1285933360284186,candidato,20260906-20260912,jeffersoncezarolli,topic_3,0.466643416022606
1810651836620075,veiculo_regional,20260815-20260822,portalemtempooficial,topic_1,0.8698848736390664
1713276196451011,candidato,20260906-20260912,carlosbrittope,topic_4,0.6239028706423282
1057158733726053,candidato,20260815-20260822,gvgilberto.oficial,topic_4,0.8498456020475299
923659533637013,candidato,20260823-20260905,bohn_gass,topic_7,0.5473866129527578
2055268691759072,candidato,20260815-20260822,rudsonpaixaobh,topic_4,0.5213940777459596
912309071575922,candidato,20260823-20260905,vereadorjonasreis,topic_7,0.6695897706333801
1651689209622913,candidato,20260815-20260822,juliolossiooficial,topic_0,0.541825887764488
1071227555523700,candidato,20260823-20260905,bibonunes1,topic_7,0.3198146001253008
1337699601489512,candidato,20260823-20260905,deputadonicoletti,topic_6,0.5492864278742959
931517493366379,candidato,20260815-20260822,oscarlteixeira,topic_0,0.5973860487419693
1775374700465018,candidato,20260823-20260905,rosanavalleoficial,topic_7,0.7544636987936971
1749481796287813,candidato,20260906-20260912,paulosafederal,topic_4,0.7614474428427891
1057715777089291,veiculo_nacional,20260823-20260905,metropoles,topic_3,0.47583399133490656
1251161728087942,candidato,20260815-20260822,samuelenfermeiro,topic_2,0.7648197427606328
1135849979026564,partido,20260815-20260822,partidomissao,topic_7,0.739611264854774
1797426204722565,candidato,20260815-20260822,thiagofloresro,topic_2,0.4751886614217165
1414357440159284,veiculo_regional,20260815-20260822,gzhdigital,topic_1,0.8664606414701398
1099966816333869,candidato,20260823-20260905,vanessadarosajoinville,topic_7,0.7404822975234434
1035239046010723,candidato,20260815-20260822,vereadoraestelaalmagro,topic_2,0.6780241305400011
2005880184132694,candidato,20260823-20260905,pedroponciosp,topic_4,0.4033559119277549
1069847099175132,candidato,20260906-20260912,deputadamaracaseiro,topic_4,0.832295914018595
1637167431433328,candidato,20260823-20260905,teixeira.docarvao,topic_0,0.9353184724708615
1050023427846606,candidato,20260823-20260905,deputadofernandohugo,topic_0,0.4453254514280615
1599539351626579,candidato,20260906-20260912,tatianelopes___,topic_4,0.4123570748885382
3654070621433141,candidato,20260815-20260822,wilsondesousa_,topic_0,0.9686551209263295
1795801734942999,candidato,20260823-20260905,dayseamarilio,topic_6,0.5613037936027052
1599372064980395,candidato,20260815-20260822,omaraziz.am,topic_0,0.44928966630599526
1933335170933808,candidato,20260906-20260912,rodolfonogueirams,topic_7,0.6720577992735547
1631093445156126,veiculo_regional,20260823-20260905,ndmais,topic_1,0.6424600505697262
2261385281365810,candidato,20260815-20260822,lucasbarreto_ap,topic_6,0.8322338299292633
1097219313262258,candidato,20260815-20260822,fernandaleitew,topic_4,0.6098363271615658
1481328450498543,veiculo_regional,20260823-20260905,otempo,topic_1,0.5192589341055796
2142375656704225,candidato,20260906-20260912,depzarattini,topic_7,0.5513845554403886
946773304560410,candidato,20260906-20260912,mailza.acre,topic_4,0.7955550553934746
1337089591548721,candidato,20260815-20260822,deputadadilvandafaro,topic_4,0.6527883643074204
937943066058245,candidato,20260815-20260822,ranierypaulino,topic_0,0.868283800238868
1063673409605140,candidato,20260815-20260822,felipinhoravis,topic_2,0.475161068768899
1592617235875843,candidato,20260815-20260822,thiagolisboa.oficial,topic_4,0.706329706439412
2062003617841721,candidato,20260906-20260912,nathaliafreitasco,topic_4,0.5953724113533773
1397638185912544,veiculo_regional,20260906-20260912,ndmais,topic_1,0.5041570695807377
1989861085063325,candidato,20260823-20260905,hildorocha,topic_4,0.8557572754608911
1788817442460833,candidato,20260823-20260905,nisiatrindadelima,topic_0,0.4870888926739423
1119425477106966,veiculo_regional,20260815-20260822,oliberal,topic_1,0.8046567476820117
3042853116047659,candidato,20260823-20260905,drpitagoras,topic_6,0.5383338035472097
1409051940768645,candidato,20260815-20260822,cleiton.fossa,topic_4,0.46351272914978486
1950199323051630,veiculo_regional,20260823-20260905,jornalopcao,topic_7,0.6640412264671625
1600640018171541,candidato,20260823-20260905,freitas40_es,topic_0,0.5462854666143966
1034742789532070,candidato,20260823-20260905,deassisdiniz,topic_7,0.4315701803020796
1069565239319451,veiculo_nacional,20260823-20260905,jornaloglobo,topic_1,0.30313903160598465
1617673413409981,candidato,20260815-20260822,rafaelprudentedep,topic_6,0.4927709405525982
1415653220482133,candidato,20260906-20260912,pastoraleiapelaes,topic_4,0.6326515460385699
1408921588019636,candidato,20260823-20260905,levioliveirasergipe,topic_0,0.4992624576898734
2131666417416298,candidato,20260815-20260822,luciana_polati,topic_0,0.9893255062074713
1402878538716527,veiculo_regional,20260815-20260822,correio24horas,topic_1,0.9155819602751724
27357042807305179,veiculo_nacional,20260815-20260822,correio.braziliense,topic_1,0.48819999795702823
957745129943795,candidato,20260823-20260905,marleidecunharn,topic_4,0.5274457422668882
1729480571592034,candidato,20260823-20260905,socorroduarteribeiro,topic_0,0.49427030254077176
1068133462620843,candidato,20260815-20260822,sandro_maosquecuram,topic_4,0.650048105918718
1392502505836406,veiculo_regional,20260906-20260912,contilnetnoticias,topic_1,0.6822956007594055
2109084939647617,candidato,20260815-20260822,marceloqueiroga,topic_6,0.7792201292860589
1615679586590739,candidato,20260823-20260905,rogerioavelar_ls,topic_4,0.6223500279738594
2482974498849859,candidato,20260823-20260905,departhuroliveiramaia,topic_6,0.5145911148741075
4144163965876307,candidato,20260823-20260905,betoalbuquerque40,topic_4,0.6866067288310029
1005918709130614,candidato,20260823-20260905,luiz.eduardodf,topic_2,0.5635317504553982
4561945320739340,candidato,20260823-20260905,ninapassadore,topic_4,0.778915146732266
1370901131313865,candidato,20260823-20260905,canildocacador,topic_4,0.5565467024406985
2772408806493572,candidato,20260823-20260905,erickdenilm,topic_6,0.3963879786918657
1806529370368142,candidato,20260823-20260905,deplucianobispo,topic_0,1.0
29152687031035607,candidato,20260906-20260912,geraldoresendems,topic_4,0.5830333250242856
1684476263280222,candidato,20260906-20260912,marcellelucas.rio,topic_4,0.7376719200180685
1765361494515271,candidato,20260823-20260905,ismaelcrispinro,topic_0,0.3565669557755602
2274477090000611,candidato,20260906-20260912,delegadosperandio,topic_2,0.42235513289313376
4432264037013918,candidato,20260823-20260905,coronelbarbosa_,topic_4,0.993542382310836
1742261993679804,veiculo_nacional,20260815-20260822,bandnewstv,topic_5,0.8501876313230842
1358434500687955,veiculo_regional,20260823-20260905,diariodograndeabc,topic_1,0.6130740459547954
3271801426339099,veiculo_regional,20260823-20260905,midianews.oficial,topic_1,0.8951610505661287
1104523368678996,candidato,20260823-20260905,deltandallagnol,topic_7,0.4900623084241311
1613849303612537,candidato,20260815-20260822,alucianagarcia,topic_6,0.4434590700870298
1947088632636061,candidato,20260906-20260912,rubensbomtemporj,topic_2,0.3980944798510965
957569396617479,candidato,20260906-20260912,deputadorodrigomoraes,topic_2,0.41767414857046503
1083213637524451,candidato,20260906-20260912,vereadorjonasreis,topic_5,0.5443198997912033
1061429246659408,candidato,20260823-20260905,renata.fonseca.oficial,topic_2,0.5935307981960555
2918586578496050,candidato,20260815-20260822,fabioguedesgomes,topic_0,0.5344596978028858
943207598211520,candidato,20260823-20260905,franciscodopt,topic_4,0.35786887835059616
968651826236742,candidato,20260815-20260822,eduardomouratv,topic_0,0.6066341083390864
921171714023161,candidato,20260815-20260822,ibraindevalmir,topic_0,0.5943177945439666
2471309876712012,candidato,20260823-20260905,biabogossian,topic_6,0.6300421042418659
1043925988639922,candidato,20260906-20260912,delegada.mariacorsato,topic_1,0.4016598800060368
2620050861761154,veiculo_regional,20260823-20260905,grupo.metropole,topic_1,0.7524651083946855
1375210441470992,candidato,20260906-20260912,alessandralencar1,topic_4,0.5861093308046709
1786932285988933,veiculo_nacional,20260823-20260905,portalg1,topic_1,0.6657193823083765
1626456622435865,candidato,20260906-20260912,luanaribeiroto,topic_3,0.5740188482247365
1283472911519401,candidato,20260823-20260905,leonardopinheiroce,topic_4,0.7240213641108606
1117859407581689,candidato,20260823-20260905,lelinholopes,topic_6,0.8190721719487581
1098061196074977,candidato,20260906-20260912,andreazancko,topic_4,0.5598677594688894
1724388138676791,candidato,20260823-20260905,renancalheiros,topic_4,0.39217112874101856
1059148006875248,veiculo_regional,20260823-20260905,contilnetnoticias,topic_1,0.9700965770125918
28164453126554506,candidato,20260823-20260905,deisi_maranata,topic_4,0.6952882884128123
1108362278419617,veiculo_regional,20260815-20260822,portalemtempooficial,topic_1,0.862483418262913
1553719233156605,candidato,20260823-20260905,rejannybraga,topic_3,0.5502891057105193
1399567498799930,candidato,20260823-20260905,alinejuliete13,topic_4,0.5376971807817792
1772659737277194,veiculo_nacional,20260823-20260905,metropoles,topic_1,0.5744054546161727
1057495083569662,veiculo_regional,20260823-20260905,portalscc10,topic_1,0.9337243824260233
1434669118532527,veiculo_nacional,20260906-20260912,vejamais,topic_7,0.4660078785351127
1107507428396092,candidato,20260815-20260822,eduardopereiramg,topic_0,0.5529078098501885
984107474715264,candidato,20260823-20260905,arruda.df,topic_3,0.7487435342124047
1599353111767428,candidato,20260815-20260822,rafacastro_40,topic_4,0.4646319968198695
1328869222435240,candidato,20260823-20260905,fernandapsol,topic_6,0.44954614638178303
3858509960983456,candidato,20260823-20260905,ivanildosantos.oficial,topic_0,0.9994555792136184
1029010250142175,candidato,20260815-20260822,pataiello,topic_4,0.3007665676870046
1345982700676185,candidato,20260906-20260912,sidineicardoso,topic_0,0.48696539964557967
2314841732684540,candidato,20260823-20260905,delegadopiquet,topic_2,0.4643857833350028
2123440074932705,candidato,20260906-20260912,juniormendoncamt,topic_0,0.46433985908855424
2632700603837949,candidato,20260815-20260822,rodrigoschroder,topic_4,0.5174140798368125
946117008515264,candidato,20260823-20260905,venezianovitalpb,topic_7,0.5453053073911318
1460327472819363,candidato,20260815-20260822,carlosmonteiromc,topic_2,0.46772768134642767
1658154319645759,candidato,20260823-20260905,marconimsantana,topic_6,0.5734188869281625
1460776339154251,candidato,20260823-20260905,giordanaestrela_,topic_4,0.863399555847701
2160846354835361,candidato,20260815-20260822,ivorezende,topic_6,0.747111340522006
1387715503553871,candidato,20260823-20260905,brunafogacaoficial,topic_2,0.744750338436614
949051834305714,candidato,20260823-20260905,deputadoelmarnascimento,topic_0,0.4014075039103735
1850906599035588,veiculo_regional,20260815-20260822,atardeoficial,topic_1,0.5949956695571138
28227812753570808,candidato,20260823-20260905,moisesselerges,topic_3,0.5073971941816507
2312927522577658,candidato,20260906-20260912,dephenriquejr,topic_4,0.7526511146871063
2940602799611627,candidato,20260906-20260912,santinroveda,topic_4,0.5304846472258564
1693531546116029,candidato,20260815-20260822,renatoaraujorj,topic_0,0.7927592325444776
1740632337148012,candidato,20260906-20260912,pitombatorres,topic_0,0.4629282217004848
2465371350657028,veiculo_regional,20260906-20260912,jornaldocomercio,topic_1,0.47984225841333566
1298824255575174,candidato,20260823-20260905,arthurhenriquerr,topic_3,0.4302101654895286
1597748895265504,candidato,20260815-20260822,benesleocadiorn,topic_4,0.38743273816199936
1099021089381925,veiculo_regional,20260906-20260912,diariodepernambuco,topic_1,0.7747199162049756
1239468199259632,veiculo_regional,20260823-20260905,gazetadigital,topic_1,0.8559237291299907
1423993129674845,candidato,20260906-20260912,soldado_correa_80,topic_6,1.0
956779187488775,veiculo_nacional,20260906-20260912,portalr7,topic_1,0.6936115546205861
1612267743759464,candidato,20260815-20260822,valeriapradoo,topic_2,0.326110270372623
1635263925048816,candidato,20260815-20260822,rafaelahernandezreporter,topic_2,0.2953313476786297
1093976799679024,veiculo_regional,20260823-20260905,jc_pe,topic_1,0.47072524866308313
2024817121813762,candidato,20260823-20260905,joaomaresguia,topic_0,0.47994558010428034
1089203053484317,candidato,20260815-20260822,gilsondaniel.es,topic_4,0.49124259743207643
2804709483233448,veiculo_regional,20260815-20260822,portala8se,topic_1,0.9009704226163192
4035573853414029,candidato,20260815-20260822,arlei_romeiro,topic_4,0.4280607426196111
29166635342938708,candidato,20260823-20260905,pmandreiaandrade,topic_4,0.7171450668340243
2212370266326435,veiculo_regional,20260823-20260905,jornaldebrasilia.ofc,topic_7,0.4912904191863438
1731707167920200,candidato,20260823-20260905,dep.eliborges,topic_7,0.554233862699628
1090497416803124,candidato,20260823-20260905,diegoandrademg,topic_4,0.8251094416948331
1977071672980954,candidato,20260823-20260905,chicovigilanteoficial,topic_4,0.5829920293338091
4375830609397820,candidato,20260815-20260822,pretapraiana_,topic_4,0.656268072659855
1445730977426122,veiculo_regional,20260906-20260912,jc_pe,topic_1,0.8578932461172661
1381426217520167,veiculo_regional,20260815-20260822,meionorte,topic_1,0.5772265997591344
1341677794457616,veiculo_regional,20260823-20260905,diariodepernambuco,topic_1,0.5608230324960335
2472224413186760,candidato,20260815-20260822,julianamaciel_oficial,topic_4,0.8661299602717824
995991893448920,candidato,20260815-20260822,uglenoalves,topic_7,0.7286904106095363
1587326539546334,candidato,20260823-20260905,eduardobraga_am,topic_0,0.8376339851738741
1070934455801960,candidato,20260823-20260905,karlasarney_,topic_0,0.49657240076667614
3131757973685764,candidato,20260906-20260912,rodrigo__livramento,topic_5,0.5631999170960289
1089122013767246,veiculo_regional,20260906-20260912,opovoonline,topic_5,0.8958442633950962
963457110102902,candidato,20260823-20260905,augustocury,topic_4,0.4852095720476619
1099795822528628,veiculo_regional,20260906-20260912,blogdobg,topic_1,0.4454713195739761
1038511635671951,candidato,20260823-20260905,felipebarcellos.sc,topic_7,0.4120572776419309
1103327392244353,candidato,20260906-20260912,joaopaulodopt,topic_4,0.4650861114541533
1414372734121099,candidato,20260906-20260912,dr.adrianobarbosa.cirurgia,topic_4,0.25726876939734294
2254143115339900,veiculo_regional,20260906-20260912,tribunadonorte,topic_5,0.8464455057234725
1770066874443202,candidato,20260823-20260905,wesleymoreiramg,topic_4,0.5069126123035096
1558661409083549,candidato,20260823-20260905,adailtoncruzac,topic_0,0.9820844328268925
2112455229664863,veiculo_regional,20260815-20260822,brasiliacapital,topic_1,0.3512978109441211
1406466438099386,candidato,20260815-20260822,luogawaoficial,topic_6,0.821228494207194
2058910548091209,candidato,20260815-20260822,fabianavilarpl,topic_0,0.6646627893255864
2244954416297882,candidato,20260906-20260912,danielvilela15,topic_4,0.40159870677248405
1094044206883243,veiculo_nacional,20260906-20260912,correio.braziliense,topic_7,0.7722977437004783
1109356331617510,candidato,20260815-20260822,ricardoholzoficial,topic_3,0.5465192375494161
1419152643645965,candidato,20260823-20260905,rodrigomedeiros.oficial,topic_0,0.6676012248727446
4318818805047070,candidato,20260823-20260905,valtenirpereiraoficial,topic_7,0.3798147193965369
925404033585410,candidato,20260815-20260822,jeancarlosoficial_,topic_4,0.7871628938854636
1089189993456557,candidato,20260815-20260822,deputadafernandapessoa,topic_4,0.3126322677370999
2506599379836297,candidato,20260823-20260905,joaovictorfamilia,topic_6,0.9611945917612281
1377086417893349,candidato,20260823-20260905,franzepiaui,topic_2,0.44606851649560697
1461798495997236,candidato,20260906-20260912,carlo_cauti,topic_7,0.5189728314606161
1562720712218856,candidato,20260823-20260905,rowennabrito,topic_4,0.6762392785447358
1337918511502574,candidato,20260815-20260822,depmartacosta,topic_2,0.4913326194416924
1400953134796485,candidato,20260823-20260905,andre_fufuca,topic_6,0.7996997765929473
1055793470398534,veiculo_regional,20260823-20260905,tvcidadeverde,topic_1,0.5986011613745069
3233764556815226,candidato,20260823-20260905,zealexandrealmeida,topic_4,0.4208358403183049
1542137604331607,candidato,20260906-20260912,elianaestrelaoficial,topic_3,0.6268058404217198
1408998227868487,candidato,20260815-20260822,candissecarvalho,topic_6,0.4213377743963143
1632472831866022,candidato,20260823-20260905,monicacunhario,topic_4,0.6459249513053787
4420188888224164,candidato,20260906-20260912,orlandopesoti,topic_1,0.8085588971049457
1389099663350405,candidato,20260815-20260822,pimenta13br,topic_3,0.363224480731498
1489901273189510,candidato,20260906-20260912,paparicobacchi,topic_0,0.5277191394126062
1087232140412907,candidato,20260815-20260822,profleandroazevedo,topic_4,0.7137566168000273
1361149636004100,candidato,20260815-20260822,carlinhossobral15,topic_4,0.5263702189268775
4432462070347507,candidato,20260906-20260912,erikaamorimce,topic_1,0.46530874785236576
1563671065009156,candidato,20260815-20260822,jesualdopires11,topic_4,0.9214108851267573
1760746749089448,candidato,20260906-20260912,deltansenador26,topic_3,0.7950449537461285
1090281123686315,candidato,20260823-20260905,ulissesmaia,topic_6,0.7057868849509537
1422648353108171,candidato,20260823-20260905,sidineicardoso,topic_0,0.6247976519270583
2076837576271041,veiculo_regional,20260823-20260905,otempo,topic_1,0.685169307680176
1436280048376106,candidato,20260906-20260912,carloshbfavaro,topic_3,0.8749867271961765
971339979319770,veiculo_regional,20260815-20260822,oliberal,topic_6,0.5200770865728144
1758987325153207,candidato,20260906-20260912,jefersontimoteope,topic_4,0.5212498448425538
1419385583460157,candidato,20260823-20260905,vinicius.venades,topic_0,0.6457662004813595
928091577024035,candidato,20260823-20260905,sileno.guedes,topic_2,0.383218524547955
2049118829063780,candidato,20260823-20260905,drbernardorn,topic_6,0.9512613173620409
1062382876683312,veiculo_regional,20260823-20260905,contilnetnoticias,topic_1,0.8475918779839576
2784647118598096,candidato,20260823-20260905,emanuelpinheironeto,topic_4,0.9778984507613057
1403113047870252,candidato,20260815-20260822,hildebrandtmario,topic_2,0.6322578914867746
28237736325848436,candidato,20260823-20260905,sardinha,topic_4,0.5588584857267264
1092639526492773,candidato,20260823-20260905,luis.pereira.costa,topic_4,0.5481973134638947
1394208695651728,candidato,20260815-20260822,suelenfalcaoo,topic_4,0.8190897898645901
1763302678129569,veiculo_nacional,20260815-20260822,metropoles,topic_1,0.6330631322751057
1562790058187307,veiculo_nacional,20260823-20260905,gazetadopovo,topic_5,0.9379521070988561
1585688749866099,candidato,20260823-20260905,edilson.tavares.lima,topic_6,0.344696648777881
1102014265717239,candidato,20260906-20260912,drgeorgelins,topic_3,0.5963909758005698
2610663989346353,candidato,20260815-20260822,samarapsol,topic_6,0.4987333374863148
1801520754195769,candidato,20260815-20260822,oficialsimaopeixoto,topic_2,0.6003406999504953
1353242699907418,candidato,20260906-20260912,raphaelsebba,topic_1,0.25813987864023
1620995792707599,candidato,20260906-20260912,rebecaromerobr,topic_4,0.856084313219815
1569038571571407,candidato,20260815-20260822,diegoandrademg,topic_4,0.3307949669673852
2826159884437550,candidato,20260823-20260905,brunomarinioficial,topic_2,0.4544095359775854
2989476114748279,candidato,20260823-20260905,mariavictoriabb,topic_3,0.4065780221926823
1971260613564161,candidato,20260906-20260912,garigatobh,topic_2,0.4475520019151365
1585320906463158,candidato,20260815-20260822,deputadamaracaseiro,topic_6,0.6745598408564785
886837567693383,candidato,20260815-20260822,onetodobrasil,topic_4,0.5596995732799782
1044343108482309,candidato,20260823-20260905,cironogueira,topic_4,0.9868545220783401
2261423184429774,veiculo_regional,20260906-20260912,portaldoholanda,topic_1,0.700713749155797
3128728147323286,candidato,20260906-20260912,denninho_silva,topic_0,0.5180931682527485
3602415899923334,candidato,20260823-20260905,luizmarencodeputado,topic_4,0.6033036187369429
1677271103355651,candidato,20260815-20260822,professorwendel,topic_0,0.47292359605072076
878861618642663,candidato,20260823-20260905,mendoncafilhope,topic_0,0.3385312050352738
1024856203941592,veiculo_nacional,20260815-20260822,correio.braziliense,topic_1,0.6205248519019346
1727010645258142,candidato,20260823-20260905,pastorandersonsilvaorg,topic_4,0.6722438094463994
27637644579248320,veiculo_regional,20260906-20260912,jornalopcao,topic_2,0.4712001448719694
1498969848620452,candidato,20260823-20260905,gessivaldoisaias,topic_0,0.9968202305793697
1890194385693193,veiculo_nacional,20260906-20260912,metropoles,topic_1,0.5171077509818522
1088329463737533,candidato,20260823-20260905,jocavalcantipe,topic_4,0.8145050305800754
1739438270648505,veiculo_regional,20260815-20260822,ac24horas,topic_1,0.3502673527158535
1044938538575040,candidato,20260823-20260905,clarissatercio,topic_5,0.9479667312348253
2545376422629773,candidato,20260815-20260822,carlosgaguim,topic_0,1.0
935773102921153,veiculo_regional,20260815-20260822,imirante,topic_1,1.0
2576055132868198,candidato,20260906-20260912,mgustavoreis,topic_0,0.5193968246671675
905760548979018,candidato,20260823-20260905,depmartacosta,topic_0,0.4872705113058521
1710322180657687,candidato,20260906-20260912,adrianaalmeidastm,topic_4,0.814071430407303
1081655871211157,candidato,20260823-20260905,isnaldobulhoes,topic_0,0.7718511169787867
28849266737990295,candidato,20260815-20260822,gustinho1177,topic_4,0.5181695183072701
2970752703285890,candidato,20260906-20260912,julianadechaparral,topic_0,0.7166663783996466
2242118903252285,candidato,20260823-20260905,lidiaperesdf,topic_4,0.7447686407297563
2516955692148287,candidato,20260906-20260912,deputadojoaobacelar,topic_0,0.41925720441366515
1601950211342998,veiculo_regional,20260823-20260905,agazetadoacre,topic_1,0.5058191503624746
1747331253048581,candidato,20260906-20260912,delegadakarendf,topic_4,0.8312879084673053
1809946757101118,candidato,20260823-20260905,annecleyanne,topic_1,0.45561680070236177
1599755314882915,veiculo_regional,20260823-20260905,jornalextra,topic_1,0.9361307524957132
1101965405852366,candidato,20260815-20260822,teresasurita,topic_6,0.8933942136369913
1367300618440920,candidato,20260815-20260822,lucianobuligon,topic_0,0.8962278271689382
3399538913561058,veiculo_regional,20260815-20260822,topmidianews,topic_1,0.7225556745928541
1719353209123315,candidato,20260906-20260912,yurifaropt,topic_2,0.4509298732241622
1563494824768600,veiculo_regional,20260815-20260822,clickpb,topic_1,0.40457235263991603
2245956906348054,candidato,20260823-20260905,andreafim.ms,topic_4,0.67763797350005
1134083775617802,candidato,20260823-20260905,elmanofreitas,topic_3,0.9699568991190508
1091916477129526,candidato,20260906-20260912,maykyvilaca,topic_2,0.9798984810798058
2889180504792198,candidato,20260823-20260905,alessandra_dovalle,topic_4,0.8175132692730485
1709260306832759,candidato,20260823-20260905,cleitinhominasespuma,topic_4,0.5868160064565582
1629822602265753,candidato,20260906-20260912,reporter_do_povao,topic_1,0.5163919078764345
962364102837614,candidato,20260823-20260905,wladimirgarotinho,topic_0,0.5970477728065848
1109932211982483,candidato,20260815-20260822,jamesbelce,topic_0,0.6008172760189896
4403106230002205,candidato,20260815-20260822,allysonbezerra.rn,topic_3,0.8325199804397617
1978085619549261,candidato,20260823-20260905,deltansenador26,topic_3,0.42393437662134426
1019430684436326,candidato,20260823-20260905,marcusviniciusrgs,topic_4,0.5620733380450557
1085008987253521,candidato,20260815-20260822,zorrodecaxias,topic_2,0.6782538499724954
941996108891402,candidato,20260823-20260905,profsamuelsiebra,topic_6,0.7200821450911256
1706926840413679,candidato,20260906-20260912,flaviovalle.rio,topic_4,0.46971389450243256
1060960146354395,veiculo_nacional,20260815-20260822,uolnoticias,topic_1,0.7886116896214179
1658285622522764,candidato,20260823-20260905,thiagolisboa.oficial,topic_4,0.6904326953169225
1555097606303321,candidato,20260823-20260905,leongomesoficial,topic_0,0.4131269738978597
889394007589699,veiculo_regional,20260815-20260822,portalgp1,topic_1,1.0
1384601780513684,candidato,20260823-20260905,tiaomedeirospr,topic_4,0.5786292003888611
1283821743767804,candidato,20260815-20260822,ana.fidelis10,topic_0,0.3102786744755221
1355266846594981,candidato,20260823-20260905,fernandopasqualino,topic_3,0.5904274008217423
4405767729752522,candidato,20260823-20260905,annemarquesap,topic_4,0.8165427368057621
1353659216848859,candidato,20260823-20260905,depsergioaguiar,topic_0,0.554110387661011
1113966917978808,candidato,20260906-20260912,padreinaldo,topic_0,0.6849983624841472
1138028972570585,candidato,20260815-20260822,pedroribeiropdt,topic_2,0.4723751300750572
1398584449129829,candidato,20260906-20260912,alexandreoliver_01,topic_4,0.9857100371425117
1080411704730853,candidato,20260823-20260905,capitaocontar,topic_4,0.7725917168450372
941508152349659,veiculo_regional,20260823-20260905,diariodepernambuco,topic_1,0.555906583293857
1408752004715426,candidato,20260823-20260905,pauloteixeira13,topic_4,0.480915492468179
965052892515864,candidato,20260815-20260822,cristianosilveiramg,topic_0,0.5035003415702359
1739418390648042,candidato,20260906-20260912,jacquelinemoraes_es,topic_4,0.9681031174865031
1571635004556103,candidato,20260823-20260905,bohn_gass,topic_7,0.5467160420361082
1890165662394024,candidato,20260823-20260905,deputadojeovamota,topic_6,0.49722678231187145
1411256684439149,veiculo_nacional,20260906-20260912,sbtnews,topic_5,0.5864896550735814
1072610132020825,veiculo_regional,20260906-20260912,atardeoficial,topic_5,0.8150126031454318
4500548666869363,candidato,20260815-20260822,coronelfernandamt,topic_0,0.6260152667854316
885284284519350,candidato,20260815-20260822,claudio_abrantes,topic_6,0.6079149880373432
1699105251150297,candidato,20260815-20260822,valdeci13rs,topic_2,0.35484267463359676
3595990310560523,candidato,20260823-20260905,deputadoarmandoneto,topic_3,0.5354575645013246
955868490207429,candidato,20260823-20260905,cobrareporter,topic_3,0.5985606625349343
1385585819853012,candidato,20260823-20260905,rubensuchoa.oficial,topic_2,0.42549775882158325
1783820219602365,candidato,20260906-20260912,charlesfernandesoficial,topic_2,0.5180954885820502
1103855255331905,candidato,20260823-20260905,gabrielsouzars,topic_4,0.6284318619207512
1614757350437791,candidato,20260823-20260905,clecia.carvalho,topic_4,0.43787162350238107
1728832328187397,candidato,20260823-20260905,coronelbarbosa_,topic_0,0.7939313899516056
917120721072706,candidato,20260823-20260905,sirlangemanga,topic_0,0.4683098578476302
1432158925393383,candidato,20260823-20260905,lulaoficial,topic_3,0.8811397654284686
4101288520173443,veiculo_regional,20260906-20260912,maisgoias,topic_1,0.6498721489903617
1403280414551879,veiculo_regional,20260823-20260905,doldiarioonline,topic_1,0.630428253156616
1721132079114814,candidato,20260906-20260912,wilsondesousa_,topic_4,0.39932749627783365
1396168138690260,veiculo_regional,20260815-20260822,jornaldapb,topic_6,0.3352003196524348
1557956918874431,candidato,20260906-20260912,ricardoayres_to,topic_4,0.45352225712759875
1060514836689409,candidato,20260823-20260905,marciorosaparana,topic_4,0.837571858392644
2537699713376077,veiculo_nacional,20260823-20260905,correio.braziliense,topic_1,0.4706715268942475
1236186322919545,candidato,20260815-20260822,professoronaldo,topic_4,0.9183943844108817
1557460832256865,candidato,20260823-20260905,clarianabarao,topic_4,0.7892150887916627
4518665301783043,candidato,20260815-20260822,luizeduardo.rn,topic_0,0.5784359807085457
2127544248110897,veiculo_regional,20260815-20260822,meionorte,topic_1,0.749947124188942
1595849025644664,candidato,20260815-20260822,deyvidbacelar,topic_0,0.6011652895070537
2624777934610785,veiculo_regional,20260815-20260822,meionorte,topic_4,0.36121771762443783
1408868098103824,candidato,20260906-20260912,alinemunizrj,topic_4,0.833806399203086
1985869908769219,candidato,20260823-20260905,raphaelferris,topic_2,0.7406579378355469
2441790662897205,candidato,20260823-20260905,adrianodobaldyoficial,topic_2,0.47291208803312046
1107037694983411,candidato,20260823-20260905,weller_goncalves,topic_2,0.5710600978489863
968636492949939,candidato,20260906-20260912,estefanesampaio,topic_7,0.8204394329181895
1488942509733362,candidato,20260906-20260912,wildermorais,topic_4,0.45476154273686237
28203601049307279,candidato,20260823-20260905,hiagostockmorandi,topic_7,1.0
2292068431664594,candidato,20260815-20260822,marcioluis,topic_0,0.8418863116589221
1572434507163672,veiculo_nacional,20260823-20260905,gazetadopovo,topic_1,0.7834956310327861
2164924561097853,veiculo_regional,20260823-20260905,jornal_opopular,topic_1,0.5830745037887527
1357996126323981,candidato,20260823-20260905,prsebastiaosantos,topic_2,0.5433822329234866
2034715633947854,veiculo_regional,20260823-20260905,jornalhojeemdia,topic_1,0.7967633833585204
1991380984904470,candidato,20260823-20260905,wladimirgarotinho,topic_2,0.482132081783875
1732119808072410,candidato,20260906-20260912,elieltonlirastm,topic_4,0.42896780536875057
1536283015182812,candidato,20260815-20260822,rayfranbeiraoap,topic_0,0.49511059324144824
1655478539552096,candidato,20260823-20260905,dionisiolinsoficial,topic_6,0.5524338018333337
1507986247752099,candidato,20260906-20260912,carolgomes.pb,topic_6,0.5852591292488595
1560729655244173,candidato,20260823-20260905,rubensnascimentopr,topic_4,0.357177387679512
2210036739553629,candidato,20260823-20260905,ulissesmaia,topic_6,0.5942057595946919
1390535226595396,veiculo_regional,20260906-20260912,jornaldebrasilia.ofc,topic_7,0.3852159217119538
2153425542184685,candidato,20260823-20260905,depvalmir,topic_4,0.7665173302813709
2664235624008680,candidato,20260815-20260822,flaviogadelhafilho,topic_3,0.3504984961112382
4466603726952613,candidato,20260823-20260905,joelrodriguespi,topic_6,0.7138453837054426
1629895405154028,candidato,20260906-20260912,jaderfilho,topic_4,0.578250208224908
1096504362716129,candidato,20260815-20260822,rubensangioletti,topic_0,0.3874759746043242
1589097839525305,veiculo_nacional,20260823-20260905,estadao,topic_6,0.34625823499593733
1608540997381251,candidato,20260906-20260912,cobrareporter,topic_3,0.42140530683898036
1790920055386549,veiculo_regional,20260815-20260822,gazetadigital,topic_1,0.7551451604263448
1095316509904580,candidato,20260815-20260822,fconagib,topic_6,0.6124547353560377
1587937773040316,veiculo_regional,20260823-20260905,opovoonline,topic_1,0.8511728928650983
1616170466707721,candidato,20260823-20260905,tocomleonardo,topic_2,0.4809907836115048
1098747393047233,veiculo_regional,20260906-20260912,romanewsoficial,topic_1,0.9918851905298329
1074892988519689,candidato,20260823-20260905,jhcdopovo,topic_4,0.7215565737879158
2599501343855339,candidato,20260906-20260912,renatofilhodopilar,topic_4,0.6584935500127171
2468868983604864,candidato,20260815-20260822,rafaeleikferreira,topic_4,0.7110644731325568
1756832098774191,candidato,20260823-20260905,betinhogomes45,topic_6,0.6900589643747069
1385324299734759,veiculo_nacional,20260823-20260905,revistaoeste,topic_5,0.6782487542571852
1923528149032936,candidato,20260823-20260905,dep.eliborges,topic_0,0.7080615842415581
1343073477671419,candidato,20260815-20260822,josimar22ma,topic_2,0.5385322634108171
1102389288877836,candidato,20260906-20260912,matnoronha,topic_4,0.3263208056476247
2308188843340779,candidato,20260823-20260905,clinicadrrafaelbenoliel,topic_4,0.526864271191759
1395138698925786,candidato,20260815-20260822,gracinhamaosanta,topic_6,0.6090654647802078
1115974734278339,candidato,20260823-20260905,joaocampos,topic_3,0.8938195437788032
1776790846870770,candidato,20260823-20260905,joseneltooficial,topic_2,0.918791899599026
1106209798606511,veiculo_regional,20260823-20260905,folhavitoria,topic_1,0.6747912972146394
981477311631249,candidato,20260823-20260905,vereadordrviniciuspires,topic_6,0.5593383704406338
1764493541557380,veiculo_nacional,20260815-20260822,estadao,topic_7,0.7548608483086102
1611016450749574,candidato,20260815-20260822,filipebarrosoficial,topic_7,0.5118230607744565
1078232141252515,candidato,20260906-20260912,miguelsrossetto,topic_7,0.695702206213829
2335497267250863,candidato,20260906-20260912,chicorubenspaiva,topic_6,0.6687676873413076
1021390994261542,candidato,20260823-20260905,oliviasantana_oficial,topic_5,0.47667484084344036
3402303659948821,candidato,20260906-20260912,israelcosta.rs,topic_0,0.7605074509155637
28718306591115278,veiculo_nacional,20260906-20260912,vejamais,topic_1,0.7737627122821711
1434672748527593,candidato,20260823-20260905,allinyserrao,topic_4,0.7652781742302777
1975579503106639,candidato,20260823-20260905,sergiogm_serginho,topic_1,0.41932066374796007
953929254442262,veiculo_nacional,20260823-20260905,gazetadopovo,topic_5,0.8920905374634905
1796482808051436,candidato,20260815-20260822,davideraimundao,topic_0,0.7730090674950718
1085168704497266,candidato,20260815-20260822,elinaldooficial,topic_0,0.5185602334812778
29339346299000583,candidato,20260906-20260912,paulomartinspr,topic_2,0.48737486182965667
1090153267164302,candidato,20260815-20260822,marconimsantana,topic_0,0.6555006938992072
1466115748658045,candidato,20260815-20260822,fredlinharesbrasilia,topic_2,0.7852638828215076
1093936436355854,candidato,20260823-20260905,sf_moro,topic_7,0.49885471070341114
948092585010129,candidato,20260815-20260822,depsilascamara,topic_0,0.5061834475017097
1469327351697856,candidato,20260906-20260912,deliopinheirojornalista,topic_4,0.6184244756755459
1594268982380182,candidato,20260823-20260905,erickdenilm,topic_2,0.47341707966706637
1288509173307798,candidato,20260823-20260905,sergiodinizo,topic_0,0.891008210141355
1547209000512278,partido,20260906-20260912,plnacional22,topic_7,0.4211425311415836
2313649062374718,candidato,20260823-20260905,tatianaroma,topic_4,0.3280012167171179
4452119598334662,candidato,20260815-20260822,lucasdefreitasrs,topic_4,0.6057944177901223
2073306566891332,candidato,20260823-20260905,vandamilani_,topic_0,0.7698501583391092
4383221448608581,candidato,20260823-20260905,galdianasilva,topic_3,0.5251770119493246
1782249796924652,candidato,20260815-20260822,italotavio,topic_4,0.8556680565592528
1672334741155665,candidato,20260815-20260822,antoniodoido,topic_2,0.4959773242804953
1962474147776570,candidato,20260823-20260905,gersonpires,topic_2,0.6618822858520397
1816161613062299,candidato,20260823-20260905,giovaniculau,topic_4,0.6494093885315473
1092723099979762,candidato,20260823-20260905,alexbrazrio,topic_4,0.7759729027787686
2466599197155865,candidato,20260815-20260822,capitaosamuelof,topic_0,0.5817051398361713
1627392665767157,candidato,20260815-20260822,rebecaramagem,topic_4,0.432277023906312
1800637224461562,candidato,20260823-20260905,fabaovereador,topic_2,0.7497974242614264
28303663165921278,candidato,20260906-20260912,aureo.ribeiro,topic_6,0.5422347933491879
1563301381696761,candidato,20260906-20260912,jorgecarusooficial,topic_2,0.6264081783889075
2280181609481907,candidato,20260823-20260905,scdanisantanna,topic_0,0.36470707562290294
1593739709068779,candidato,20260815-20260822,charllesdetiringa,topic_6,0.8728175286370508
1088627480310012,candidato,20260823-20260905,joycecoelho_am,topic_4,0.9361086677325653
28286124904386333,candidato,20260823-20260905,mariamarighella,topic_4,0.5730615031993493
2943159372712402,candidato,20260823-20260905,leilafonsecapb,topic_4,0.9521840573836167
1342865930949617,candidato,20260815-20260822,adadantasboabaid,topic_3,0.3701145654515365
1979755696073581,candidato,20260823-20260905,juniormendoncamt,topic_4,0.6177492780612589
1598720621805172,candidato,20260823-20260905,deputadojerry,topic_4,0.48686062759743204
1251455060462461,candidato,20260815-20260822,professorrobertomartins,topic_6,0.588518804219289
1568903767586546,candidato,20260823-20260905,dep.missiasdias,topic_4,0.47718323409057467
3239637012893985,candidato,20260906-20260912,jorgealexandre.ja,topic_6,0.4492110231642838
934788636366706,candidato,20260906-20260912,mosesrodriguesoficial,topic_3,0.7309486397375068
27901057812899498,candidato,20260906-20260912,dra.merabemuniz,topic_4,0.46448540063567406
1813583320002996,candidato,20260815-20260822,waldemaroliveiraoficial,topic_1,0.8042592429393387
1752880329349629,candidato,20260815-20260822,wellingtonroberto.pb,topic_6,0.7960941426551789
1391593289141961,candidato,20260823-20260905,paulocesar.opc,topic_4,0.5157705587399003
2328317454369056,candidato,20260823-20260905,matheusvicentepsol,topic_3,0.5753113367096528
28091433237133893,candidato,20260823-20260905,ranallipf,topic_4,0.6558626361687642
2272375913595820,candidato,20260815-20260822,gilcutrim,topic_0,0.45108686350010785
4395961087358116,candidato,20260823-20260905,isoldadantaspt,topic_7,0.5028493067650085
909758555261084,veiculo_regional,20260815-20260822,oimparcial,topic_1,0.9572161234161686
1642787510567504,veiculo_regional,20260823-20260905,jornalhojeemdia,topic_1,0.8441714508273807
2208726426366271,candidato,20260815-20260822,virginiamendesoficial,topic_6,0.47798311819604566
1975553343101633,candidato,20260823-20260905,neibe_araujo,topic_0,0.7761416088141074
2097561817788674,candidato,20260815-20260822,marcelonaninioficial,topic_4,0.5049028031583161
1042699221929788,veiculo_regional,20260906-20260912,contilnetnoticias,topic_1,0.9834736022390926
1625760079125766,candidato,20260815-20260822,douglasruasrj,topic_4,0.40653667542004246
1069801199164968,candidato,20260906-20260912,leandropintobr,topic_4,0.8669018120869383
1858702795297204,candidato,20260815-20260822,lenielborel,topic_4,0.6656767464950233
1006556212436415,candidato,20260815-20260822,osnicardoso13,topic_6,0.6367412105449218
1063314873161539,candidato,20260823-20260905,rafaelsilvajroficial,topic_2,0.5814273094121915
3117165098487316,veiculo_regional,20260906-20260912,roraima1,topic_1,0.6508440854159054
1747774252933133,candidato,20260906-20260912,coronelcostaesilva,topic_3,0.4408405573237769
1727028818410279,candidato,20260906-20260912,raonefs,topic_7,0.7039086929013778
1085331827216096,candidato,20260823-20260905,neusacadore,topic_0,0.6683922107426014
1409474177997162,candidato,20260906-20260912,raphaelferris,topic_2,0.9746807985522954
1626896078836192,candidato,20260815-20260822,marcia.mmartins,topic_4,1.0
1086829967155821,candidato,20260823-20260905,depzarattini,topic_3,0.6061207910818852
1913880766254567,candidato,20260906-20260912,cironogueira,topic_3,0.5885714234206152
1724300128796135,candidato,20260823-20260905,patricia.delai,topic_4,0.7926267505591333
4581285575458487,candidato,20260906-20260912,joycecoelho_am,topic_4,0.5069085022429078
1610836490597433,candidato,20260823-20260905,prdinhosouza,topic_2,0.551050218413465
2931516020534283,candidato,20260815-20260822,depmarcialia,topic_4,0.5184265304502153
1083256081289338,candidato,20260906-20260912,pardinibtu,topic_2,0.6543480637103859
1081718897637725,veiculo_nacional,20260815-20260822,metropoles,topic_7,0.700861435886288
1331579336709238,candidato,20260823-20260905,ricardomarques_rm,topic_0,0.5054032628866263
920908564034401,candidato,20260815-20260822,suelaynegomess,topic_6,0.827074897044322
1088031440269158,partido,20260815-20260822,plnacional22,topic_6,0.5735259211852255
1375415937910070,candidato,20260906-20260912,meronneto,topic_4,0.8025923257845888
1747794426289710,candidato,20260906-20260912,flaviomatosoficiall,topic_4,0.6162162621417806
1092556496506926,candidato,20260823-20260905,eduardosmadruga,topic_0,1.0
1664963718088142,candidato,20260823-20260905,du.cazellato,topic_0,0.6069667657924223
1068893292224495,veiculo_regional,20260823-20260905,jc_pe,topic_4,0.2847574437200635
1446966327339584,candidato,20260906-20260912,joaopaulocunhaoficial,topic_7,0.6298854456278931
1934960680531852,candidato,20260823-20260905,niltotatto,topic_7,0.8264300035130043
1754217179057323,veiculo_nacional,20260906-20260912,estadao,topic_5,0.8349947031841918
1840188804020351,candidato,20260906-20260912,alvescatianne,topic_4,0.7904471146105726
976973385486105,veiculo_nacional,20260823-20260905,jovempannews,topic_1,0.9103162480145262
1066330796294350,candidato,20260906-20260912,florentinoverasneto,topic_0,0.5343198393915541
1595846155419727,candidato,20260815-20260822,queciareismbl,topic_6,0.3106993883703692
1027620623423063,candidato,20260823-20260905,depcarlossampaio,topic_0,0.6359432082770117
1109287728236410,candidato,20260906-20260912,evandroaraujodf,topic_7,0.5351690702516264
1684791675918190,candidato,20260906-20260912,barrosmunhoz,topic_0,0.5648445684628913
1615655386769807,candidato,20260815-20260822,joselaviola,topic_2,0.6326510701832914
4037382253058943,candidato,20260815-20260822,lenielborel,topic_2,0.6563287502727043
2955960024791315,candidato,20260906-20260912,coroneladailton,topic_3,0.5923112467991495
1322410119967528,veiculo_nacional,20260815-20260822,metropoles,topic_1,0.4505151538733593
1357813639769810,candidato,20260906-20260912,talitaoliveiraoficial,topic_7,0.6017060954101189
1941719476513838,veiculo_nacional,20260823-20260905,sbtnews,topic_5,0.6362972855776665
2526267647877361,candidato,20260906-20260912,betinhogomes45,topic_6,0.357821983414875
1435655605074446,candidato,20260823-20260905,paparicobacchi,topic_4,0.8660700402667327
1065690522917230,candidato,20260906-20260912,suboficial_carcara,topic_1,0.45725480596723445
1394355902809326,candidato,20260823-20260905,renanoliveirax,topic_2,0.9499115513438317
1644575197376473,candidato,20260823-20260905,marconiperillo,topic_6,0.7001844541204396
1584053946704195,candidato,20260823-20260905,val.ceasa,topic_2,0.5033946200633359
973881149107606,candidato,20260906-20260912,coronelcarlosaugusto,topic_0,0.5412637390044557
2296182264572357,candidato,20260906-20260912,sargentoreginauro,topic_4,0.5379553637829801
27614135941597671,veiculo_nacional,20260906-20260912,uolnoticias,topic_1,0.3066561047794751
1060686746803488,veiculo_regional,20260906-20260912,portalemtempooficial,topic_1,0.9454347521730896
1389186306613630,candidato,20260823-20260905,pedropagano,topic_6,0.9200560156634588
1568054431290434,veiculo_regional,20260815-20260822,ndmais,topic_7,0.4125865189392762
1107808548593819,candidato,20260823-20260905,opropriokogos,topic_2,0.7966977594174871
2271764520241747,candidato,20260823-20260905,deppaulofreire,topic_4,0.35135375614030545
1424970446244689,veiculo_regional,20260815-20260822,contilnetnoticias,topic_1,0.6580697538574889
1438387188355311,candidato,20260823-20260905,erickmusso,topic_0,0.5277520650124362
3030838597277559,veiculo_regional,20260906-20260912,opovoonline,topic_1,0.9736915139166629
1800257871327666,candidato,20260815-20260822,pedrotaques,topic_4,0.5315877772903882
1080104274769089,candidato,20260815-20260822,andersonmonteirocosta,topic_4,0.34588970773507555
2531272354016971,candidato,20260823-20260905,barbarakogos,topic_4,0.42789433346262185
1085760093851900,candidato,20260906-20260912,chamonzinho,topic_6,0.5817338279381753
1595047832415379,veiculo_regional,20260906-20260912,clickpb,topic_1,0.8698832876845228
1601622748097781,veiculo_regional,20260823-20260905,portaldoholanda,topic_5,0.6083483752374069
1619124266437647,candidato,20260815-20260822,joaorodriguessc,topic_4,0.46354011819785834
1057473913766816,candidato,20260823-20260905,osiresdamaso,topic_0,0.583015473688284
1615889860197716,candidato,20260906-20260912,franzecarneir,topic_3,0.5093065058517079
2589917314823051,candidato,20260906-20260912,ualidrabah,topic_2,0.5944534401234735
1076120738675973,candidato,20260906-20260912,aavasantiago,topic_6,0.6432847218133287
1482244057294397,veiculo_nacional,20260823-20260905,metropoles,topic_1,0.6421796852851787
1053897757555280,candidato,20260823-20260905,dreltonjr,topic_4,0.641499264501672
1676293027251602,veiculo_regional,20260823-20260905,opovoonline,topic_1,0.7324209993131195
1114506774251880,candidato,20260906-20260912,fabianocontarato,topic_6,0.43359876295640304
1247479214579689,veiculo_regional,20260815-20260822,diariodepernambuco,topic_1,0.35914022233388854
2059609255429590,candidato,20260823-20260905,marcofeliciano,topic_4,0.767167836356812
1421993673170754,candidato,20260823-20260905,sertanejoufc,topic_7,0.9359329489267549
1049069344759315,veiculo_nacional,20260823-20260905,metropoles,topic_1,0.8075900267473632
1095036949587189,candidato,20260823-20260905,naborwanderley,topic_4,0.761638153170636
1430835135869255,candidato,20260906-20260912,axelgrael,topic_4,0.8272088824223544
1085441901047737,veiculo_regional,20260906-20260912,bnews_oficial,topic_1,0.5796359133918988
1618780870039704,candidato,20260906-20260912,dhonatanpagani,topic_3,0.4818673054925191
27991651557157769,candidato,20260815-20260822,maurilioschiavo,topic_7,0.465903495623888
1428080942569965,candidato,20260906-20260912,eduardocuryoficial,topic_2,0.5594737583427511
1800866981050165,candidato,20260823-20260905,luisfabianooficial,topic_2,0.719945748596509
4508193876120452,candidato,20260815-20260822,carlosbrittope,topic_0,0.5523954747812008
1399078199081043,candidato,20260823-20260905,geraldoluistv,topic_2,0.5356366313395943
1038798462314215,candidato,20260906-20260912,ronaldocaiado,topic_3,0.9825129707055229
1676779584451442,candidato,20260823-20260905,davidvasconcelos22,topic_3,0.2687943419749079
2326835098057831,candidato,20260815-20260822,diogofaixaazul,topic_2,0.6335723046036119
2333014450785512,candidato,20260906-20260912,augustocoutinhope,topic_2,0.8233776271148249
3415904771927022,candidato,20260815-20260822,gustavo_henrique_povo,topic_3,0.5269555677842933
1870393427704836,veiculo_nacional,20260815-20260822,estadao,topic_5,0.4006998836046986
1939055480106921,candidato,20260815-20260822,solangealmeidaig,topic_0,0.38425081570548286
28200028206273526,candidato,20260823-20260905,drvictorlinhalis,topic_4,0.36190531585017655
2978009889210083,candidato,20260823-20260905,raffiedellon,topic_4,0.575035121970882
962937853514649,candidato,20260823-20260905,flaviomatosoficiall,topic_4,0.5158606089183276
919248744573788,candidato,20260823-20260905,jadsoncaetanooficial,topic_2,0.47893652225357686
1083264757548439,candidato,20260815-20260822,lulaoficial,topic_3,0.8089712537587533
2078334466378899,candidato,20260823-20260905,adriane_gr,topic_4,0.6694682053593862
1093580183144675,candidato,20260815-20260822,anaperugini,topic_0,0.8394817867824185
1106251211844924,candidato,20260823-20260905,marcelodinorj,topic_0,0.4266233264856099
993500633714369,candidato,20260815-20260822,andreiasiqueira,topic_6,0.3113536713048241
1389054120052260,candidato,20260823-20260905,letisampa,topic_4,0.5283343335185221
950042091479561,candidato,20260815-20260822,sirlangemanga,topic_0,0.4847718966466518
1125503276573270,candidato,20260823-20260905,drgeorgemorais,topic_3,0.4183593020708599
1057376467099999,candidato,20260823-20260905,delegadolessape,topic_4,0.7150466635745488
1739485683928995,candidato,20260906-20260912,victorjansendf,topic_2,0.9986516878382465
1406961840936164,veiculo_regional,20260906-20260912,jc_pe,topic_5,0.880330558423778
27971308195829340,candidato,20260823-20260905,arilsonchiorato,topic_4,0.4162382670942687
912980498281422,candidato,20260906-20260912,ivsongomesdecastro,topic_2,0.7915333158558275
1611291947056759,candidato,20260823-20260905,paulo.folletto,topic_2,0.49833594937308834
28503647795918482,candidato,20260823-20260905,eugenio_vilelaformiga,topic_2,0.47392534320792545
3200273643498300,veiculo_nacional,20260815-20260822,portalr7,topic_1,0.7889530654467588
1892456315050998,veiculo_regional,20260906-20260912,folhape,topic_5,0.9944611480698718
1807320356935487,candidato,20260823-20260905,jordavioramos,topic_0,0.8363068991442716
1714975336395682,candidato,20260823-20260905,rodrigodavila_30,topic_7,0.8512326151706165
3354571564930376,candidato,20260906-20260912,laurezmoreira,topic_4,0.3091036621213484
1533709671416957,candidato,20260823-20260905,carloshenrique.mg,topic_2,0.6184257266469322
1555843192958995,veiculo_regional,20260823-20260905,diariodograndeabc,topic_1,0.6673560044088712
1595849275567317,candidato,20260906-20260912,mauriciopicarellioficial,topic_3,0.33695029001442767
2079559649311381,veiculo_nacional,20260815-20260822,bandnewstv,topic_7,0.6203029669561231
1400240511503871,candidato,20260906-20260912,borgoeduardo,topic_0,0.4738524534079275
922948967165096,candidato,20260906-20260912,sousolangefreitas,topic_4,0.7510721391660385
1105374915244753,veiculo_regional,20260823-20260905,dm.com.br,topic_1,1.0
1056744207241582,veiculo_regional,20260815-20260822,ac24horas,topic_1,0.7246002974377973
1083086787974150,candidato,20260823-20260905,carlinhossobral15,topic_0,0.9468666325285686
1686773189087330,candidato,20260815-20260822,gabi.panazzolo,topic_0,0.534942084636762
1755280709039096,veiculo_regional,20260815-20260822,grupo.metropole,topic_1,0.6322850516362281
1541209274471874,candidato,20260815-20260822,w9coracaovalente,topic_4,0.7170799860129017
952464894579221,veiculo_nacional,20260823-20260905,portalr7,topic_1,0.7851763613961382
1618753409866165,veiculo_nacional,20260823-20260905,uolnoticias,topic_1,0.6390618055656925
1599669831691203,candidato,20260815-20260822,reporter_do_povao,topic_1,0.9981619590866029
1807544177257230,candidato,20260823-20260905,igormandacaru,topic_1,0.6793613835857126
1065014886443204,candidato,20260815-20260822,juliano_martinssc,topic_2,0.68706309598256
29142530945331074,candidato,20260906-20260912,pedrogamaitajuba,topic_6,0.42644026372198285
1400692148253858,candidato,20260906-20260912,jusmarioficial,topic_4,0.4394273628607898
898101126716599,candidato,20260823-20260905,adrianogaldino1,topic_4,0.44913868478178726
947338037834320,candidato,20260815-20260822,jonasrodriguesviamao,topic_2,0.6120730135785478
1645884500436969,candidato,20260906-20260912,opiauiense,topic_5,0.7915393325784508
1407934558109150,veiculo_regional,20260823-20260905,estadodeminas,topic_1,0.36220027521821285
1970089683682591,candidato,20260906-20260912,nicolaujunioroficial,topic_1,0.38659438273503705
1396681346854419,candidato,20260815-20260822,gabriellimambl,topic_7,0.4156189996530694
1302553255177734,candidato,20260823-20260905,edsonpiriquito,topic_6,0.6510644695178229
1369881101830150,candidato,20260906-20260912,drprcarloseduardo,topic_4,0.46865260053553576
1089206207180951,candidato,20260906-20260912,juscelinofilho,topic_0,0.8413406158661269
1360080062573160,veiculo_regional,20260823-20260905,clickpb,topic_1,1.0
1114701400971963,veiculo_regional,20260906-20260912,contilnetnoticias,topic_5,0.7197183052298552
2541713482989121,veiculo_regional,20260815-20260822,bnews_oficial,topic_1,0.6453877744963019
1638644327983806,veiculo_regional,20260906-20260912,meionorte,topic_7,0.7219598360656064
1796682374978203,candidato,20260906-20260912,ruy.carneiro,topic_6,0.8817801755928625
1584694250054264,candidato,20260815-20260822,dr.adriano.partidoliberal,topic_5,0.4684106721873363
2305025723681235,candidato,20260906-20260912,niltotatto,topic_2,0.4909287226404306
1072343161838479,candidato,20260823-20260905,weltonlemosoficial,topic_2,0.4726305916842948
1661149882099733,candidato,20260823-20260905,joycecoelho_am,topic_0,0.8788851512756762
1122394916781129,candidato,20260823-20260905,mariana.rosadf,topic_7,0.39997293832414144
2280665539378163,candidato,20260823-20260905,oengenheiroleo,topic_4,0.641821240213053
1781956152996699,candidato,20260823-20260905,danilojoan,topic_2,0.4480022497959531
1409717811039912,candidato,20260815-20260822,ulissesmaia,topic_6,0.3553157057483582
28518325097832774,candidato,20260823-20260905,pitombatorres,topic_0,0.7437038775129109
2069521983674958,veiculo_regional,20260815-20260822,folhape,topic_1,0.7777790504457713
1559099758820749,candidato,20260823-20260905,vini.protetordeanimais,topic_2,0.4497248217396159
29511316035133061,candidato,20260823-20260905,divinobethaniatocantins,topic_2,0.35660994798762224
1814050116398914,candidato,20260823-20260905,gustavolpsouza,topic_5,0.3551724861396376
1886806412677225,candidato,20260906-20260912,analuciabarbosapaes,topic_4,0.8394419978148454
1600105811671475,candidato,20260815-20260822,missionariamichelecollins,topic_4,0.7328464874638376
1626564595742423,candidato,20260815-20260822,sergiofernandesrio,topic_2,0.7185672836573093
39237060049218627,candidato,20260906-20260912,adailtoncruzac,topic_0,0.616799674462638
1083177477435662,candidato,20260823-20260905,jaymevl,topic_2,0.47796368343464374
887396554243790,candidato,20260815-20260822,perpetua_acre,topic_0,0.6990768620395258
1698114501272438,veiculo_nacional,20260823-20260905,metropoles,topic_7,0.531565097651418
1118576870521340,veiculo_nacional,20260906-20260912,metropoles,topic_5,0.7615163260581161
2312474036236786,candidato,20260906-20260912,cristiano.araujodf,topic_6,0.5924906367143007
27792916237054808,veiculo_regional,20260823-20260905,nsctotal,topic_1,0.6573338882899723
2040021243291869,candidato,20260823-20260905,leandrosoares.sp,topic_3,0.4486569431669803
961321759629967,candidato,20260906-20260912,carteiroreaca,topic_4,0.3254554121945879
1803641407308831,veiculo_regional,20260823-20260905,blogdobg,topic_1,0.7600770414163797
1471787354793788,candidato,20260823-20260905,dep.joaogoncalves,topic_6,0.5115431812066695
1829635548235653,candidato,20260823-20260905,tiberiolimeira,topic_4,0.5003335918406857
1662597772202466,candidato,20260815-20260822,julianocruz.oficial,topic_2,0.5720507274617102
1316974513712110,candidato,20260906-20260912,ricardoarruda.dep,topic_4,0.3498039766680159
1726927351757976,candidato,20260815-20260822,francisco.mello.oficial,topic_2,0.4624504539998178
1386174173603899,candidato,20260823-20260905,edianemariamtst,topic_1,0.5218864344070667
2091213424836003,candidato,20260815-20260822,rodrigolopes.mg,topic_2,0.5108467754670765
1570966824052610,candidato,20260906-20260912,patriciacrizanto,topic_0,0.5900490937153438
28123668073959646,candidato,20260815-20260822,eribertomedeirosfilho,topic_0,0.8665006393544358
1409979317124652,veiculo_nacional,20260823-20260905,uolnoticias,topic_2,0.4817196870156723
1024097550589766,candidato,20260823-20260905,drapatriciafeitosaadvogada,topic_4,0.5170115341087355
1662879432125716,candidato,20260823-20260905,padreinaldo,topic_4,0.5988390583007354
1375739278105701,candidato,20260823-20260905,gusgayer,topic_5,0.8460879329315958
1596392808691944,candidato,20260823-20260905,helenadaasatur,topic_3,0.7640157567975382
1045071228535924,candidato,20260823-20260905,carloskleberoficial,topic_4,0.40722913152383294
1732717427997816,candidato,20260815-20260822,ozielluizbatatinha,topic_4,0.93258990764122
28628053000214390,candidato,20260823-20260905,goura_nataraj,topic_4,0.5028544429546769
1068211265966954,candidato,20260815-20260822,alinesleutjes,topic_1,0.5799572325584613
2138111316919405,candidato,20260823-20260905,subtenente_bernardo,topic_2,0.7301619481953946
1519836536496305,candidato,20260815-20260822,wagnercoelho_oficial,topic_6,0.8827100890799124
1485957876745331,candidato,20260815-20260822,deputadoadaopretto,topic_7,0.4856153461038189
4538970126340345,candidato,20260823-20260905,waguinhocarneirooficial,topic_4,0.5388795940333717
1103976432574233,candidato,20260823-20260905,tadeuveneri,topic_4,0.6383319885296368
1713074913481667,candidato,20260823-20260905,_eusouloreny,topic_4,0.6504518077726518
1464123672404153,candidato,20260815-20260822,julianacardoso_pt,topic_2,0.2775888582331033
1843872753647786,candidato,20260823-20260905,joaofernandogxp,topic_2,0.7262348942375203
1864536397850740,candidato,20260823-20260905,diogopernocapoa,topic_0,0.6192811890696637
2082832532357449,candidato,20260823-20260905,silvionascimentodecaucaia,topic_0,0.9975472606071832
1747397933145884,candidato,20260815-20260822,dra.taniasena,topic_3,0.6693223119569477
2330824027663216,partido,20260823-20260905,ptbrasil,topic_7,0.4721978432696908
4549266745339548,candidato,20260815-20260822,aniellefranco,topic_6,0.35181798485326504
945075098095522,veiculo_regional,20260906-20260912,newsrondonia,topic_1,0.4649699846164028
4334149463468528,candidato,20260815-20260822,ednasampaiooficial,topic_4,0.7306606217380576
1373569828092568,candidato,20260906-20260912,crisdasfrutas,topic_3,0.4438477734545132
2969779630081617,candidato,20260815-20260822,tonynhosantos99,topic_2,0.6133006723584595
2158435308406786,veiculo_nacional,20260906-20260912,metropoles,topic_5,0.7131591440106254
1110274251336179,candidato,20260823-20260905,eusouvandynho,topic_2,0.5521244432964896
1042900975282893,veiculo_regional,20260823-20260905,tvcidadeverde,topic_1,0.8095949925517371
1346647410792528,candidato,20260823-20260905,carlosviana,topic_5,0.9579988466068111
1609939567510918,veiculo_nacional,20260823-20260905,correio.braziliense,topic_1,0.6511306761165878
1326902805957305,candidato,20260815-20260822,soudeboracarvalho,topic_0,0.579923127675728
1049713287764831,veiculo_nacional,20260823-20260905,poder360,topic_7,0.8100001688621941
1545807030084501,candidato,20260823-20260905,coronelroveri,topic_4,0.45728970489724563
1012141305205865,veiculo_regional,20260823-20260905,diariodepernambuco,topic_1,0.5366056545322919
3553255141488601,candidato,20260823-20260905,helenadaasatur,topic_3,0.5197042172499741
1530935305472596,veiculo_nacional,20260815-20260822,jovempannews,topic_1,0.7675708740952454
1801493537653881,veiculo_regional,20260906-20260912,folhavitoria,topic_4,0.5692200072454776
2547799682314294,veiculo_regional,20260815-20260822,portaldoholanda,topic_1,0.8448715566407152
1394982762043685,candidato,20260906-20260912,liberatocaldeira,topic_4,0.2874804040361186
2317395142364570,veiculo_regional,20260823-20260905,doldiarioonline,topic_1,0.3813935682411707
1114132177803892,candidato,20260823-20260905,aracelilemos,topic_4,0.9617615826455165
846905548448644,veiculo_regional,20260823-20260905,contilnetnoticias,topic_1,1.0
1394663752186398,candidato,20260823-20260905,amarildo_bomfim,topic_2,0.4264448884823906
1069220799301259,candidato,20260815-20260822,madeleinelacsko,topic_4,0.46215289957877276
1082443917521538,veiculo_nacional,20260823-20260905,portalr7,topic_1,0.6575858431524679
4327470730896285,candidato,20260815-20260822,herculanoborges,topic_4,0.6793256048915551
1603141897823692,candidato,20260823-20260905,marciodafarmacia_oficial,topic_4,0.9725307239952736
28799525402999467,veiculo_regional,20260823-20260905,rondoniaovivo,topic_1,1.0
1721138195852907,candidato,20260815-20260822,dep.antoniofernando,topic_4,0.48285186292307336
1087713406992902,candidato,20260815-20260822,dr.furlan,topic_6,0.9251481787050008
1791165458502950,candidato,20260823-20260905,cesarfilhopr,topic_2,0.6931737350156248
1811548529838559,veiculo_regional,20260823-20260905,midiamax,topic_5,0.957465914348513
2589306868212859,candidato,20260823-20260905,sirlangemanga,topic_4,0.4257954370805653
2078292929562226,veiculo_regional,20260815-20260822,portaldoholanda,topic_1,0.36908076168825543
1103173725490544,candidato,20260815-20260822,pedropagano,topic_6,0.6821146659251309
1970932686947215,candidato,20260823-20260905,renanjordybr,topic_7,0.47363285983678954
1068673905797768,candidato,20260815-20260822,hermeto.oficial,topic_6,0.49525931633053444
1398878275700795,veiculo_regional,20260823-20260905,jornal_opopular,topic_1,0.7954120617266519
2078984756037145,candidato,20260823-20260905,sardinha,topic_4,0.6548372324189932
2160603838199524,candidato,20260823-20260905,jussarafernandes,topic_4,0.46763842036778186
1062010833349001,veiculo_regional,20260823-20260905,romanewsoficial,topic_1,1.0
1076118508465118,candidato,20260815-20260822,joaosantosdosocial,topic_6,0.4131643301502971
1551658756445014,veiculo_regional,20260815-20260822,blogdobg,topic_1,0.31880911520924715
1393415292305908,veiculo_nacional,20260815-20260822,revistaoeste,topic_1,0.5197045432372582
2153697392214405,candidato,20260906-20260912,mendes__babi,topic_7,0.5266034822066537
1605044914655120,veiculo_regional,20260823-20260905,sulvinteum,topic_1,0.4364048544473623
1404894405042782,candidato,20260815-20260822,claudia.coutinhooficial,topic_0,0.5959273011978706
1433067478686162,candidato,20260823-20260905,ruialves10oficial,topic_2,0.5172531604177596
2308389096627031,candidato,20260815-20260822,capitaomartim,topic_6,0.39524299747994945
2064682914160903,candidato,20260906-20260912,altobelisilva,topic_2,0.96232651383065
28690401443904599,candidato,20260906-20260912,deputadowelter,topic_4,0.6274850413062243
2674721336282034,candidato,20260906-20260912,fabrizioferraz,topic_0,0.8570408064096375
1074834778258731,candidato,20260906-20260912,dep.eliborges,topic_0,0.5915503010210866
1281981565001390,candidato,20260815-20260822,odonjrrn,topic_6,0.5448814237787323
3619587064865103,candidato,20260823-20260905,matheusmarolla.sbc,topic_4,0.8253639262197949
29226381676958923,candidato,20260906-20260912,ivanilsonoliveirarn,topic_2,0.5281815576344654
1427982902580566,candidato,20260823-20260905,jocavalcantipe,topic_6,0.5749131765472887
1038109655928041,veiculo_nacional,20260815-20260822,brasil_247,topic_1,0.5900015465290757
1273874181467576,candidato,20260823-20260905,delegada.mariacorsato,topic_2,0.6474701989378928
2362067114603520,veiculo_regional,20260823-20260905,jornal_opopular,topic_1,1.0
4552420651697224,candidato,20260823-20260905,eduardodafonte,topic_0,0.34751593875071346
1329760545724762,candidato,20260815-20260822,aranhaadam,topic_4,0.593405874986479
1398009408523503,candidato,20260906-20260912,carlinhossobral15,topic_0,0.49951072234043126
823283724176689,candidato,20260823-20260905,danielbrsoares,topic_0,0.6728139474741095
2146849466259780,candidato,20260906-20260912,janineborgessoares,topic_6,0.5289822330746973
1219258287078353,candidato,20260815-20260822,drataissasousa,topic_0,0.4622921327233571
2940259353002651,candidato,20260815-20260822,suboliveiraoficial,topic_2,0.45725627834086735
1635489048294726,candidato,20260823-20260905,felipegomes50321,topic_2,0.38757986492016566
2899675857062578,candidato,20260823-20260905,tercilioturini,topic_4,0.3778794340596311
1437983578259393,candidato,20260906-20260912,rodrigodiasbsb,topic_4,0.3743136136457891
1088085184204430,veiculo_nacional,20260823-20260905,jovempannews,topic_1,0.6241733022070874
2581980402251607,candidato,20260906-20260912,juliocezaroficial01,topic_4,0.7739987160398406
1106545825210140,candidato,20260823-20260905,rosineyhoracio,topic_4,0.5689414022975262
1391245816287438,candidato,20260815-20260822,thiagolisboa.oficial,topic_4,0.5870979334817608
1756361705572054,veiculo_regional,20260906-20260912,otempo,topic_1,0.6995105424972182
988654434229415,veiculo_regional,20260823-20260905,portalinfonet,topic_2,0.26191219542896266
1766385694433405,candidato,20260823-20260905,fiorilopaulo,topic_7,0.40878680438143183
2163008967895932,veiculo_regional,20260815-20260822,oficialcn7,topic_1,0.864748877516398
1639265747819612,veiculo_regional,20260823-20260905,tribunahoje_,topic_1,0.7416785545411527
3310617202458482,candidato,20260823-20260905,depcarolcaram,topic_4,0.5446411255191194
2922926291418352,candidato,20260906-20260912,eduardomouratv,topic_0,0.501457302279034
2658060284652999,candidato,20260823-20260905,raimundosousa_11,topic_1,0.5026434241337301
1030932503112053,veiculo_nacional,20260815-20260822,portalg1,topic_7,0.5375209464015129
1648719156585093,candidato,20260823-20260905,fabiofelixdf,topic_4,0.6038363096745435
1739761270634886,veiculo_nacional,20260823-20260905,correio.braziliense,topic_1,0.7553939600506439
1641818737357497,candidato,20260906-20260912,albertinhomaluf,topic_6,0.4343655100380799
1607354210877954,veiculo_nacional,20260823-20260905,jornaloglobo,topic_7,0.5964991401090425
2076242016596384,candidato,20260815-20260822,tekadosanimais,topic_4,0.8120555446169797
2096078860999720,candidato,20260823-20260905,depivanabastos,topic_0,0.34883750039562283
28374523662181548,candidato,20260823-20260905,jairbittencourtoficial,topic_7,0.5521784767490879
1075077505109336,candidato,20260823-20260905,deputada_claudialelis,topic_6,0.6135497749816595
1484775190076606,candidato,20260815-20260822,andersoncfeitosa,topic_4,0.6259702329160179
1603203894807056,veiculo_nacional,20260823-20260905,correio.braziliense,topic_1,0.8024745140416853
4518324501759049,candidato,20260823-20260905,nilsonleitao,topic_4,0.6655983938381934
1414145140075990,candidato,20260823-20260905,deputadoricardoteobaldo,topic_0,0.7008688883213262
930459973468298,candidato,20260815-20260822,brunopeixotooficial,topic_2,0.4449876136671102
2282977588942698,candidato,20260815-20260822,mi_andrews,topic_7,0.8406665873139296
1402910958596311,veiculo_nacional,20260823-20260905,estadao,topic_3,0.3530000671093763
2001324780408438,candidato,20260906-20260912,charlesrandrade,topic_7,0.5374486438862168
3204711979712586,candidato,20260823-20260905,amastha2026,topic_4,0.7160999778520359
28943938618546958,candidato,20260815-20260822,dreduardonobrega,topic_4,0.40539152607884466
3730876887077058,veiculo_nacional,20260906-20260912,o_antagonista,topic_1,0.8156829887010884
1387597626884543,candidato,20260906-20260912,doutordanielsantos,topic_3,0.6195402208565834
1090759696877386,candidato,20260906-20260912,nenemalbuquerque,topic_0,0.692015653861352
2332296377520832,veiculo_regional,20260815-20260822,oliberal,topic_1,0.7015983151504581
2138236540444778,candidato,20260815-20260822,sueleigoncalves,topic_4,0.5002112683546961
1106954505009869,candidato,20260823-20260905,gustavommendanha,topic_4,0.718859921048458
1809088733845077,candidato,20260815-20260822,drvitorlouzada,topic_4,0.5661050332608775
1355981932982988,veiculo_nacional,20260815-20260822,portalr7,topic_1,0.7036489257783691
1401142602227914,candidato,20260906-20260912,drakellenguerradf,topic_0,0.6309539423546552
1121008153585518,veiculo_nacional,20260823-20260905,metropoles,topic_1,0.7418089147777763
1609897817587496,candidato,20260815-20260822,eduardocarneiropb,topic_0,0.6524512697994248
1125366020181175,veiculo_regional,20260823-20260905,oimparcial,topic_1,0.5294197320026026
1419115710146155,veiculo_nacional,20260823-20260905,o_antagonista,topic_3,0.3002113782086553
3410335305820051,candidato,20260823-20260905,cezarepastorello,topic_4,0.5665891856094539
1034902392860989,candidato,20260906-20260912,cesarramospe,topic_4,0.6563759862766836
2373702830039519,candidato,20260815-20260822,darlonalmeida,topic_4,0.7055631210335681
4071656926467164,candidato,20260906-20260912,coronel.linaldo,topic_0,0.4946274172220793
2257690711734426,candidato,20260823-20260905,renatotaroco,topic_2,0.5207806181931242
1429753912444650,veiculo_regional,20260823-20260905,ac24horas,topic_1,0.35184288377636447
1268714979667764,candidato,20260906-20260912,deboraguedesofc,topic_4,0.5904747207821975
1099038172589706,partido,20260823-20260905,uniaobrasil44,topic_4,0.7022768056718403
1102961152057771,veiculo_nacional,20260815-20260822,sbtnews,topic_7,0.7005468427077896
1792706932149195,candidato,20260815-20260822,dra_juliabruder,topic_6,0.48725611844428
2104879696785156,candidato,20260906-20260912,carlinhossobral15,topic_2,0.5473756289918227
1076547458650426,candidato,20260823-20260905,subtenentesergio,topic_0,0.3944272840268587
961208140351160,candidato,20260906-20260912,karin.camargo_,topic_4,0.9672264020662592
1029239163454709,candidato,20260823-20260905,deacastro_oficial,topic_4,0.6108587924247684
1070522992624340,candidato,20260815-20260822,nenolaje,topic_6,0.7459966699686388
1825971792188111,candidato,20260815-20260822,maedjacampos,topic_6,0.7214444707338833
2300786007126498,candidato,20260815-20260822,fabioxavierpi,topic_0,0.7520731308386329
4518070421797130,veiculo_regional,20260906-20260912,pbagora,topic_1,0.8199281239679567
1807289550554063,candidato,20260906-20260912,lucineide_araujo33,topic_4,0.7588763054002227
2155886284998192,candidato,20260823-20260905,coronelcarlosaugusto,topic_0,0.5692582636659416
1069021389353055,veiculo_regional,20260823-20260905,estadodeminas,topic_1,0.46913252503709885
904245069228045,candidato,20260906-20260912,edleusamesquita,topic_2,0.38721890103032386
38647604534855448,candidato,20260823-20260905,deputadajanaina,topic_0,0.5030885475776835
2283818155763434,veiculo_regional,20260823-20260905,blogdobg,topic_1,0.8479941993638992
2328996294503349,candidato,20260823-20260905,cinthiadeallyson,topic_6,0.48970492375143626
1094733619609935,candidato,20260906-20260912,odairtramontin,topic_4,0.8805341676182714
1562982378322238,candidato,20260823-20260905,maguinhamalta222,topic_0,0.3259746107416308
1633659324808259,veiculo_regional,20260823-20260905,diariodepernambuco,topic_1,0.647115856520158
1053570207298488,candidato,20260815-20260822,dianeperinazzo,topic_3,0.4785942748087563
2207927773101328,candidato,20260906-20260912,jussarafernandes,topic_3,0.704236130921267
1070394995889645,candidato,20260823-20260905,prof.washingtonms,topic_4,0.5191765797615621
2148869959390812,candidato,20260906-20260912,rjdouglasgomes,topic_0,0.39793549912905635
3426873864182369,candidato,20260906-20260912,dep.tiririca,topic_2,0.748851790450576
1106525181837716,candidato,20260906-20260912,rosenvergreis,topic_6,0.38990480825232265
1629794161821555,veiculo_nacional,20260906-20260912,jovempannews,topic_7,0.7642939222880657
2468930863592784,veiculo_nacional,20260823-20260905,folhadespaulo,topic_5,0.39364933659309503
1600320951674650,candidato,20260823-20260905,antoniodoido,topic_6,0.7970173325408775
4657797427877720,candidato,20260906-20260912,filipeddilha,topic_2,0.7706524067916977
2313572132736775,candidato,20260906-20260912,weibetapeba,topic_3,0.6938334008008094
1826671112008815,veiculo_nacional,20260823-20260905,poder360,topic_5,0.5332875359273214
1985321039091147,candidato,20260815-20260822,arthurgurgeladv,topic_4,0.9217546712174036
1716619329440736,veiculo_regional,20260823-20260905,seles_nafes,topic_2,0.3966064654168181
1432048052109386,candidato,20260823-20260905,deliopinheirojornalista,topic_0,1.0
1812890413238768,veiculo_regional,20260823-20260905,portaldoholanda,topic_1,0.8660242911214494
954147167077959,candidato,20260906-20260912,comandantdan,topic_4,0.49049549266548775
943017884968109,candidato,20260815-20260822,wildermorais,topic_4,0.6915968429663879
926162256841594,candidato,20260906-20260912,felipeshowap,topic_0,0.6508114134245961
2605190773276809,candidato,20260815-20260822,wesleycasaforte,topic_2,0.6756287038044066
1015956391449384,candidato,20260906-20260912,juniorsousainforma,topic_1,0.7288851055228927
1081034144298793,veiculo_nacional,20260906-20260912,jornaloglobo,topic_7,0.33535360018005805
1397047008598514,candidato,20260906-20260912,eusoujuliocesarcamararn,topic_0,0.6141052461479465
1393311576249524,candidato,20260906-20260912,sandrafreitasjornalista,topic_4,0.6924054745283498
4496605920628596,candidato,20260823-20260905,lidiamourac,topic_4,0.38840426790454335
2109825789645769,candidato,20260815-20260822,matos.vanice,topic_4,0.7105313512113127
2894890010910626,candidato,20260815-20260822,tiagozilli_,topic_4,0.5378551457845889
1077072038017552,candidato,20260815-20260822,marcoantoniovillaoficial,topic_2,0.7924988532935379
1068677825901623,candidato,20260823-20260905,joaodenadegi,topic_0,0.36397434206863427
1500460735240197,candidato,20260906-20260912,torinomarques,topic_2,0.4673468460187012
1759197328682244,candidato,20260823-20260905,carlosvinicios.oficial,topic_6,0.498080446595149
832104813293267,candidato,20260823-20260905,edivilsonbrum,topic_4,0.6291964249742816
1716473739435631,candidato,20260906-20260912,rosamst_,topic_3,0.5009251829203417
1380359534168559,candidato,20260906-20260912,deborahleitebr,topic_4,0.571152056387129
2550406975430416,candidato,20260815-20260822,andrezzaassisoficiala,topic_0,0.5015908872527257
3607571692741397,candidato,20260906-20260912,randolferodrigues,topic_6,0.9274121744797824
1815127099935800,candidato,20260823-20260905,gabrielaorttiz,topic_4,0.3908223304687355
2129158500973472,candidato,20260815-20260822,junacamara,topic_6,0.8887402373554932
1800809411269625,candidato,20260823-20260905,ivonetedomoiii,topic_4,0.6091919711436192
3008811099321542,candidato,20260906-20260912,jofariasm,topic_3,0.3534674079414748
1580363063530471,candidato,20260815-20260822,dr.aloisiobarbosafilho,topic_2,0.9667567523722368
1407535997990692,candidato,20260906-20260912,leninhamoc13,topic_5,0.3611844014376157
1374515731058238,veiculo_regional,20260815-20260822,diariodepernambuco,topic_1,0.6788288029072929
1066250439722374,candidato,20260906-20260912,frankaguiar,topic_2,0.4958078288933213
1400207998904803,veiculo_nacional,20260815-20260822,portalr7,topic_1,0.7710336481941336
2305159826901646,candidato,20260815-20260822,richardsonvereador,topic_4,0.745515083313888
962044166952140,candidato,20260823-20260905,dannilogodoy,topic_0,0.8611955551751104
1022455357513197,veiculo_nacional,20260906-20260912,metropoles,topic_1,0.37774006365809676
1561339279096547,veiculo_nacional,20260823-20260905,uolnoticias,topic_1,0.6638671700195907
2280538559018956,veiculo_regional,20260906-20260912,otempo,topic_1,0.7846983635391994
2592662384495761,candidato,20260823-20260905,boscosaraiva,topic_2,0.9014709939804771
2082534495958736,veiculo_regional,20260823-20260905,gazetaweb,topic_1,0.7124377279792464
4422045441399599,candidato,20260815-20260822,biavargas,topic_7,0.44930845409348674
1841134643917410,candidato,20260823-20260905,_heloisa_helena,topic_2,0.49716035582923496
4337180373248799,candidato,20260823-20260905,saviosouzacruz,topic_2,0.513306502158958
1049130064548992,candidato,20260823-20260905,juninhodopneu,topic_0,0.5081490968226132
1081585851085469,candidato,20260815-20260822,andersonhenriquetv,topic_4,0.42072255780461665
1586950199831312,candidato,20260815-20260822,socorropimenteloficial,topic_6,0.4069654773714073
28597033383316674,candidato,20260906-20260912,eduardobandeirademello,topic_0,0.3745670450354096
1396341671994540,candidato,20260906-20260912,dralidianelucena,topic_6,0.5419965189374493
1650788366766351,veiculo_regional,20260823-20260905,jornaldebrasilia.ofc,topic_5,0.8676049112412619
2202787943997994,candidato,20260823-20260905,marcelopoeta.ma,topic_4,0.6444378351079396
1047258471260168,candidato,20260823-20260905,faustopinato,topic_4,0.4462520383051777
1068020575627960,veiculo_regional,20260815-20260822,jornalopcao,topic_1,0.7220692264572824
2293827934736919,candidato,20260906-20260912,soumauriciocoelho,topic_4,0.36090457416646504
1523013646538063,candidato,20260906-20260912,zezinhosobralsergipe,topic_2,0.6487540482910611
3258339454362662,candidato,20260906-20260912,thaistakahashioficial,topic_4,0.5128091771639101
1083347510750928,candidato,20260823-20260905,nelioaguiarstm,topic_4,0.5931814630564991
1430212982539149,candidato,20260823-20260905,dep_paulocorreajr,topic_3,0.44666827525430663
1564573865403947,veiculo_regional,20260815-20260822,contilnetnoticias,topic_1,1.0
1580576153631197,candidato,20260906-20260912,stelafariasrs,topic_4,0.9292009852407801
1129894556363320,candidato,20260906-20260912,leasobral,topic_4,0.5007842769001644
3758422367642376,candidato,20260823-20260905,carlosgaguim,topic_2,0.4497149446767433
2301097307391673,veiculo_regional,20260815-20260822,portaldoholanda,topic_7,0.7515638793936469
859484097160490,candidato,20260823-20260905,alessandrodejesusofc,topic_4,0.9966639868701896
870178669395015,candidato,20260815-20260822,brunomarquescm,topic_0,0.529604861631593
2260707588117565,candidato,20260906-20260912,rafaelfcampelo,topic_7,0.26213144186043935
1790018388678785,candidato,20260815-20260822,eduardoloureiro12,topic_2,0.745369210040698
1939949016672574,candidato,20260906-20260912,aniellefranco,topic_4,0.5143454438837755
1484038260226088,candidato,20260823-20260905,juliaopuski,topic_4,0.8808510355097194
1080283577785082,candidato,20260815-20260822,romerorodriguespb,topic_2,0.7075249044270405
2150845442181622,veiculo_regional,20260815-20260822,odiaonline,topic_1,0.4822251150395903
901752846145591,candidato,20260823-20260905,drazenaide,topic_6,0.6194183616987943
2721530078359102,candidato,20260823-20260905,carloseduardomaninho,topic_2,0.4674165844931883
1396103192703521,candidato,20260823-20260905,nogueira.r,topic_2,0.2916445140486885
3159721044218847,veiculo_regional,20260823-20260905,jornalhojeemdia,topic_1,0.7040458264034667
955332720958462,candidato,20260823-20260905,clecia.carvalho,topic_6,0.4721636325939222
1392249049531969,candidato,20260815-20260822,jardelinacioam,topic_6,0.8770712721031106
1782749309521089,veiculo_regional,20260815-20260822,odiaonline,topic_1,0.7794056063554806
1575300231042536,candidato,20260906-20260912,elmanofreitas,topic_3,0.9199250694301839
1132114599327698,candidato,20260823-20260905,zequeirozoficial,topic_0,0.5711511671201632
1048526087974575,candidato,20260815-20260822,depprofessorcleiton,topic_0,0.5542222277489611
29524802860445927,candidato,20260815-20260822,janainariva,topic_4,0.6966313875700072
2540553116446620,candidato,20260906-20260912,deputado_antoniohenriquejr,topic_4,0.8302351482427323
1105479405483947,candidato,20260823-20260905,danilocampettisp,topic_2,0.6198136943689886
1774345543810961,candidato,20260815-20260822,bobotavares8,topic_6,0.3532340185501577
1410393961299312,veiculo_nacional,20260823-20260905,portalg1,topic_1,0.5952223219976573
5088400118052877,candidato,20260823-20260905,fabio_sphera,topic_4,0.7192763319096023
1694742174930813,veiculo_nacional,20260823-20260905,jovempannews,topic_1,0.7909479562726526
1414246090678392,candidato,20260906-20260912,ernestoteixeira,topic_4,0.5997582259612353
910445781710714,candidato,20260823-20260905,eduardobismarckce,topic_0,0.8064215588788328
1396209168507913,candidato,20260815-20260822,adrianamachado.gja,topic_4,0.6346455812477508
1618216909760908,veiculo_regional,20260815-20260822,jornal_opopular,topic_1,1.0
1458670156125585,candidato,20260823-20260905,elizeunascimentomt,topic_2,0.6772419215679828
1547478444061135,candidato,20260823-20260905,itamarleao45,topic_0,0.46000247821234447
28489949313991106,candidato,20260906-20260912,filhomarcio,topic_6,0.4433679723435619
2147724685783075,candidato,20260823-20260905,dep_vitorbonfim,topic_4,0.4767597317089232
1885392195761532,candidato,20260815-20260822,anaperugini,topic_4,0.8437065123320024
1120328420330541,candidato,20260823-20260905,fabiofayad,topic_0,0.5358367584277164
1412925850788249,candidato,20260823-20260905,eduardodafonte,topic_4,0.8212867758478813
2236597487125010,candidato,20260823-20260905,marcoantoniovillaoficial,topic_2,0.9103548744574249
1100998779552840,candidato,20260823-20260905,vinicius.farah,topic_0,0.5482546637405593
1136255222161106,candidato,20260906-20260912,carladicksonoficial,topic_1,0.3103940878513475
2042426986384439,veiculo_nacional,20260823-20260905,estadao,topic_2,0.41066132306331404
2430851121016896,veiculo_regional,20260823-20260905,meionorte,topic_1,0.7955688157714813
1134811695787494,candidato,20260906-20260912,venezianovitalpb,topic_0,0.8450422568855471
2162171711400270,veiculo_regional,20260906-20260912,agazetaes,topic_1,0.5997688634435918
1742740597019765,candidato,20260906-20260912,venezianovitalpb,topic_4,0.46495016944594414
4363047947358358,candidato,20260823-20260905,rodrigomarpt,topic_1,0.4923559612027651
1094106443139409,veiculo_nacional,20260815-20260822,portalr7,topic_1,1.0
1055728737456980,candidato,20260815-20260822,andersonribeiro.rj,topic_3,0.454838448943155
1242480531341916,candidato,20260823-20260905,katiadiasjf,topic_4,0.32518363945696643
1061839050159970,candidato,20260823-20260905,coronelmeiraoficial,topic_4,0.6466975253028322
4577168379225361,veiculo_nacional,20260906-20260912,metropoles,topic_1,0.5856027906737546
957764377337273,candidato,20260823-20260905,joaquim_passarinho,topic_2,0.2778853163763115
2607592036337167,veiculo_nacional,20260906-20260912,sbtnews,topic_1,1.0
2632841433841100,candidato,20260815-20260822,carlosmonteiromc,topic_7,0.49278302777025496
1054131170949660,candidato,20260823-20260905,marcaovalladao,topic_4,0.6088881803979936
1608038394101350,candidato,20260815-20260822,camilagodoisp,topic_4,0.8196309997220822
1052570147616339,candidato,20260823-20260905,igorloureiro.pe,topic_1,0.32375603005236087
1430046069090179,candidato,20260823-20260905,alinecaputi,topic_4,0.6960752367157452
2044287402923907,candidato,20260823-20260905,eduardotorresbrasil,topic_4,0.4856452306842482
1103814865379780,candidato,20260823-20260905,elielmirandaoficial,topic_4,0.6162753547108064
1457667429524469,candidato,20260823-20260905,delegada_patriciaaguiar,topic_4,0.346608879135756
1633130064895288,candidato,20260906-20260912,marjorieferreiras,topic_6,0.720576704679327
1398368019112099,candidato,20260906-20260912,zeluizvelloso,topic_7,0.6140236954861202
1757466088774627,candidato,20260815-20260822,marinadomst,topic_0,0.5402238330475108
3209691662753743,candidato,20260815-20260822,lucasbovesp,topic_6,0.3421206607663843
1437855721526238,veiculo_regional,20260906-20260912,correio24horas,topic_1,0.9977421614629025
1123253446810749,candidato,20260906-20260912,comandantevaladao,topic_4,0.49314860598780846
2941857116161161,veiculo_regional,20260906-20260912,otempo,topic_1,0.9397526645196307
914108421479840,candidato,20260823-20260905,nimbarrosoduarte,topic_2,0.3784384106907871
1411432007791272,candidato,20260815-20260822,goura_nataraj,topic_4,0.6958870761988342
1396065015302478,candidato,20260823-20260905,lourenco50100,topic_0,0.4764531077832727
1546561077243035,candidato,20260823-20260905,antoniorabeloma,topic_0,0.6777105320835074
1288511493286631,candidato,20260823-20260905,vereadorjonasreis,topic_7,0.451726078015115
1427848149277927,veiculo_nacional,20260823-20260905,diariodocentrodomundo,topic_5,0.9145930843431409
1402879891911208,candidato,20260815-20260822,sergiozagarino,topic_1,0.6571437692666681
1146148714403707,candidato,20260906-20260912,valdelinobarcelos,topic_0,0.7704362902739503
1553829422604928,candidato,20260823-20260905,rodrigoagostinho,topic_0,0.5035180805598352
1111987378429630,candidato,20260823-20260905,ricardoferraco,topic_4,0.7187284859318875
1956867721572735,candidato,20260823-20260905,camilocapiberibe,topic_0,0.7026172788324592
1624958739057502,candidato,20260815-20260822,orleansbrandaoma,topic_6,0.9416246561788009
1646866706852644,candidato,20260815-20260822,matheusdegeraldojunior,topic_0,0.6944954400997042
1014190384960260,candidato,20260815-20260822,cristianodangeloam,topic_0,0.6578009061592356
1846333473415433,candidato,20260906-20260912,ricardoferraco,topic_0,0.41261285737403536
3651010248400984,candidato,20260906-20260912,jpedrogoes,topic_6,1.0
902685382598270,veiculo_regional,20260823-20260905,jc_pe,topic_7,0.3876159768449941
2506623503151696,candidato,20260815-20260822,elizandrosabino,topic_2,0.541220229163181
28707813342158331,candidato,20260815-20260822,izadutrabr,topic_4,0.4697925918850937
1612996297081712,candidato,20260823-20260905,hanaghassan,topic_6,0.992475832513407
2003544036971937,candidato,20260823-20260905,carloshbfavaro,topic_3,0.8388695285879036
1104015735419163,candidato,20260823-20260905,leovieirafilhorj,topic_0,0.6743826710246305
1806412390800836,candidato,20260815-20260822,pedrocampospe,topic_6,0.9047980677851041
2149057155721135,candidato,20260906-20260912,pardinibtu,topic_2,0.6787131923134473
1037823975531888,veiculo_regional,20260823-20260905,jc_pe,topic_7,0.8595330164981694
1086386527333379,veiculo_regional,20260815-20260822,romanewsoficial,topic_1,0.8159434973450465
1716638386078290,veiculo_regional,20260906-20260912,jc_pe,topic_1,0.9487851028531055
1080469664621552,veiculo_regional,20260906-20260912,ac24horas,topic_1,0.3674716262386664
2864253777291371,candidato,20260815-20260822,buchiogier,topic_4,0.6767081173500215
1730375821410739,candidato,20260815-20260822,drabiancambahiense,topic_4,0.6815157481015572
1743015783447835,veiculo_nacional,20260823-20260905,poder360,topic_1,0.799390425721572
2071160320273177,candidato,20260823-20260905,netocarletto,topic_4,0.7497457072376633
1811468420109434,veiculo_regional,20260906-20260912,portalemtempooficial,topic_1,1.0
992452403416250,candidato,20260815-20260822,rogeriomarquesorocaba,topic_3,0.3454492809755003
933027199234609,candidato,20260815-20260822,honoratopvh,topic_4,0.722861209649687
1655490239423689,candidato,20260815-20260822,alessandro.japones,topic_4,0.752854236586158
1431432538859954,veiculo_nacional,20260906-20260912,estadao,topic_1,0.9481152445638132
38257550290526312,candidato,20260815-20260822,carolbioto,topic_1,0.5394978699390796
2184308298965407,candidato,20260815-20260822,fabiogov55,topic_6,0.7687220260282189
1098720609206094,candidato,20260906-20260912,mayradias,topic_0,0.42093360277005276
1067465639366236,candidato,20260906-20260912,adelcinolopo,topic_4,0.41073829658597566
1597312715076463,candidato,20260823-20260905,massamimiki,topic_4,0.5173069048971419
1140596995061577,candidato,20260906-20260912,zedirceuoficial,topic_4,0.6167733341682182
1083031517610859,candidato,20260815-20260822,generalpazuello.oficial,topic_6,0.48890846323965803
2976803279318344,candidato,20260906-20260912,gabriel_motarr,topic_4,0.4511897757150139
1798241698026357,candidato,20260823-20260905,marcelodinorj,topic_4,0.36456524741318647
1844922383161595,veiculo_nacional,20260906-20260912,metropoles,topic_1,0.5724156013084135
1301350958670690,candidato,20260823-20260905,elismar.prado,topic_4,0.5396102156078548
2042134989751003,candidato,20260815-20260822,pastorhenriquevieira,topic_3,0.4961731322689038
1819401329234488,candidato,20260906-20260912,flavia.prazeres,topic_4,0.8153773579544755
2537120483468148,candidato,20260815-20260822,depdaniloforte,topic_0,0.7766877464341527
27833052429711119,candidato,20260823-20260905,drandersonveterinario,topic_4,0.7943293683763885
28816151038008233,candidato,20260823-20260905,vini.protetordeanimais,topic_1,0.6269495331695294
28479023061728307,candidato,20260823-20260905,mirosanova,topic_4,0.7571873499529325
1850904462561796,candidato,20260906-20260912,tome_abduch,topic_2,0.33617389163426686
2275274759927235,veiculo_nacional,20260815-20260822,revistaforum,topic_1,0.8362002303223254
1392082746392010,veiculo_regional,20260823-20260905,meionorte,topic_1,0.84480334480958
1401667085391501,veiculo_regional,20260906-20260912,diariodograndeabc,topic_3,0.27419406350538367
1082325744251423,candidato,20260906-20260912,marciorosaparana,topic_2,0.39333934395106923
4093853270915978,candidato,20260906-20260912,alfredonascimentooficial,topic_7,0.5640890346153901
1608287754326808,candidato,20260823-20260905,delegadohumbertoteofilo,topic_2,0.5711689060099022
4444434289129744,candidato,20260815-20260822,adjutoafonso,topic_0,0.6795673338697475
2227389601137741,candidato,20260823-20260905,dep.roberiomonteiro,topic_3,0.5841337785119612
27935207149511609,candidato,20260906-20260912,10ronaldomartins,topic_2,0.569968493489652
1071713002514451,candidato,20260906-20260912,deputadofernandohugo,topic_2,0.5698005507138626
2913047862363089,candidato,20260823-20260905,doutorhely,topic_4,0.48870874704149403
1628961252290598,veiculo_nacional,20260815-20260822,brasildefato,topic_7,0.4135090044051868
1392004323087706,candidato,20260906-20260912,eduardocarneiropb,topic_0,0.6820549068421187
1079734424667848,candidato,20260815-20260822,prefeito_nelinhocosta,topic_4,0.5817400524882409
1029638729840736,veiculo_regional,20260815-20260822,agazetaes,topic_1,0.4066859771665297
4299503423695388,veiculo_nacional,20260815-20260822,correio.braziliense,topic_1,0.375317903429806
28018174341216560,candidato,20260823-20260905,rosanadasaude_,topic_0,0.9646929153701623
1804776004276222,veiculo_regional,20260815-20260822,portalbandab,topic_1,0.9517941039574749
1925464748669359,candidato,20260815-20260822,felipecostacamarao,topic_3,0.7505462803507006
2177665983100529,candidato,20260815-20260822,gracinhamaosanta,topic_3,0.42127486071990733
2150034162533498,candidato,20260906-20260912,betaopt,topic_7,0.5234426865225683
1637562297706715,veiculo_nacional,20260906-20260912,metropoles,topic_4,0.518085201246888
1958282204854523,candidato,20260823-20260905,val.ceasa,topic_5,0.48523876225288304
1121831213847452,candidato,20260906-20260912,rafael.angeli,topic_3,0.46600089856929316
1097811809311819,candidato,20260906-20260912,ivetecaettano,topic_3,0.4382870814116746
3247527345444962,candidato,20260823-20260905,rio.guilhermeschleder,topic_4,0.5530465689454921
1046379505068789,candidato,20260823-20260905,pedro.deyrot,topic_5,0.49270066858527695
947124634535495,candidato,20260906-20260912,rodolfosfvale,topic_4,0.6908720370104989
1518076520125774,candidato,20260823-20260905,michelhenriquepb,topic_0,0.5371986316913548
943831935442607,veiculo_nacional,20260906-20260912,portalr7,topic_1,0.7800754122984684
1367242394953283,candidato,20260815-20260822,carmeloneto,topic_7,0.6860699393942332
1388613872806025,candidato,20260815-20260822,elmanofreitas,topic_3,0.9766855890716015
2541296506370504,candidato,20260823-20260905,lelinholopes,topic_1,0.5073513096868153
2149132245953370,candidato,20260815-20260822,celiosilveiradeputado,topic_0,0.7974745432091622
1537097998184884,candidato,20260815-20260822,adrillesjorge,topic_6,0.49326144692885593
1198773772814122,candidato,20260815-20260822,fabioqaragao,topic_4,0.7060906987498502
1021723354234932,candidato,20260823-20260905,vanessadarosajoinville,topic_2,0.33038798607265757
1067806849322931,candidato,20260823-20260905,adrianobarbosafederal,topic_0,0.37738662825040287
1081777288147268,veiculo_regional,20260815-20260822,diariodepernambuco,topic_1,0.7008734335165759
1738522660690642,veiculo_regional,20260815-20260822,portalbandab,topic_1,0.9131780119079049
2229955207719640,candidato,20260906-20260912,eusoulorenanascimento,topic_0,0.38397262393601733
887564044288444,candidato,20260823-20260905,robinsonfaria,topic_2,0.6907443854182859
1329899169216952,candidato,20260823-20260905,arlei_romeiro,topic_4,0.8187848302816637
3208259402695017,candidato,20260815-20260822,jpdeputado,topic_0,0.979241574925719
2233144044288670,candidato,20260823-20260905,matheusdegeraldojunior,topic_2,0.5891213831188276
4846087485712369,candidato,20260906-20260912,rosangelarezendego,topic_2,0.331957484706613
1953471235289151,candidato,20260815-20260822,andreiasiqueira,topic_0,0.9387114964112052
4222185858079896,candidato,20260823-20260905,castronetopi,topic_6,0.6577467891031743
4605726653005725,candidato,20260815-20260822,viviane.n.trombini,topic_4,0.7432491283939103
1148867508094268,candidato,20260823-20260905,gildobaleia,topic_4,0.8523187309408922
1729262758304456,candidato,20260823-20260905,jessydayane,topic_6,0.9055361209691806
1673869430350556,candidato,20260823-20260905,dep.euclidesfernandes,topic_4,0.5575324740791064
1404877895182352,candidato,20260906-20260912,ozieloficiall,topic_4,0.5041208553707962
4651487471752777,candidato,20260823-20260905,ruisaldanhabr,topic_5,0.6082352310247798
1608688680947988,veiculo_nacional,20260906-20260912,estadao,topic_5,1.0
1766463494604125,veiculo_regional,20260906-20260912,atardeoficial,topic_5,0.5151594427849557
1545618817341274,candidato,20260823-20260905,juniormendoncamt,topic_3,0.5047881493385354
1401417741406406,candidato,20260815-20260822,clecioluis_,topic_4,0.7021740246365027
1583069006654019,candidato,20260815-20260822,coronelrosses,topic_0,0.44890505822887167
1018171121270879,candidato,20260906-20260912,professorlemos,topic_2,0.5676472026351478
2047438869306145,candidato,20260823-20260905,joaocampos,topic_4,0.26560196466508684
1262771376927319,candidato,20260906-20260912,alexandrebobadra,topic_7,0.5291864980094586
1620256353085756,candidato,20260906-20260912,pinheirinhomg,topic_0,0.9765824699340603
1617117309764436,candidato,20260906-20260912,elisasorriso1oficial,topic_0,0.7020605640235476
3003251646683192,candidato,20260823-20260905,prof.washingtonms,topic_4,0.4785069973858355
1720923199165486,candidato,20260815-20260822,willianvieiradatvoficial,topic_1,0.4601094521077868
1406501314940382,veiculo_regional,20260823-20260905,atardeoficial,topic_1,0.372669615586524
2791696194547585,candidato,20260823-20260905,deputadotallesbarreto,topic_4,0.8026352148690645
1742221097030320,candidato,20260906-20260912,mendes__babi,topic_7,0.5519773624497911
2121065895471895,candidato,20260823-20260905,drtedeschi,topic_2,0.591419371778906
1718291562721271,veiculo_regional,20260823-20260905,agazetaes,topic_1,0.9972269427627372
1847308479761869,candidato,20260823-20260905,rafaelparente,topic_4,0.3666497605847056
938684961894233,veiculo_nacional,20260815-20260822,uolnoticias,topic_1,0.8019059691705565
2961350404212289,candidato,20260815-20260822,marcellelucas.rio,topic_4,0.5533635740386179
1256904176593109,candidato,20260823-20260905,magalhaes.fernanda_,topic_3,0.4979110678922474
1103780338655910,candidato,20260823-20260905,ericoviniciusdonovo,topic_4,0.7204195134166576
933981533091399,veiculo_regional,20260823-20260905,portalinfonet,topic_1,0.8293676006534535
1411044610982185,veiculo_regional,20260823-20260905,jornalopcao,topic_1,0.7868252580196907
2116426905932508,candidato,20260823-20260905,marcio.alecio.ac,topic_0,0.31679655983404237
1421977173183656,candidato,20260815-20260822,gracinhacaiado,topic_6,0.7214300216812961
4500653320201176,veiculo_nacional,20260906-20260912,correio.braziliense,topic_1,0.7285505355160337
1409939131110095,veiculo_regional,20260906-20260912,topmidianews,topic_1,0.9951108176144912
1382195526955662,candidato,20260823-20260905,marcia.huculak,topic_4,0.9681302035701895
1615808333228878,candidato,20260906-20260912,juliocesarevoce,topic_1,0.4163423161440374
1552640576143951,candidato,20260823-20260905,faustopinato,topic_2,0.5686940847353944
1569980081571955,candidato,20260815-20260822,andre_fufuca,topic_4,0.7125642929924232
1330513835611418,candidato,20260815-20260822,deputadojoaocampos,topic_4,0.5083201680491541
2170963740487191,veiculo_regional,20260906-20260912,agazetaes,topic_5,0.9127619672691026
933231345876261,candidato,20260815-20260822,rafaelprudentedep,topic_6,0.684130158964784
3521652594670291,veiculo_regional,20260906-20260912,jornalopcao,topic_7,0.3831108557275598
1610151380762542,candidato,20260823-20260905,coronelmarchesiniba,topic_4,0.5994083236504445
1085162484226547,candidato,20260823-20260905,ricardoseidel,topic_6,0.5883663310964083
1051895184281186,candidato,20260823-20260905,mylenecosta,topic_0,0.6970944748484633
981140534998584,veiculo_regional,20260815-20260822,folhape,topic_1,0.5758266485843129
1808871293584218,candidato,20260906-20260912,adrianalmeidapt,topic_3,0.6722416957816693
2329784457776725,candidato,20260823-20260905,depdelantoniofurtado,topic_0,0.3370725261071775
1765514024656670,candidato,20260823-20260905,leandredalponte,topic_0,0.3345034019304095
1637246437830839,veiculo_regional,20260823-20260905,midiamax,topic_1,0.424802860563845
1630057748733346,candidato,20260823-20260905,karlasarney_,topic_4,0.7727865720785695
1071106302130169,candidato,20260823-20260905,gracinhacaiado,topic_0,0.44719750469485814
896578919977921,candidato,20260906-20260912,dra.merabemuniz,topic_4,0.6341993927625336
1113341344978885,candidato,20260815-20260822,diegoalbarj,topic_4,0.7148425673397947
1391603419189946,candidato,20260823-20260905,delegadajannira,topic_4,0.6121575538594491
1408946290755655,veiculo_regional,20260823-20260905,contilnetnoticias,topic_1,0.9909758364488955
28359551490320333,veiculo_regional,20260815-20260822,contilnetnoticias,topic_1,1.0
1088014893902520,candidato,20260815-20260822,dra_tatyanne_aguillera,topic_4,0.6191228785856786
1230941105873987,candidato,20260823-20260905,victorcoelhoes,topic_4,0.4718346456262611
1712469283313537,candidato,20260823-20260905,larissagaspar_oficial,topic_3,0.40959317237751547
1586995842968630,candidato,20260823-20260905,joanadalva.mentora,topic_6,0.46228147757541455
1384018677274049,candidato,20260823-20260905,pedrotaques,topic_4,0.5027539457986827
2259498351570513,candidato,20260823-20260905,iolandooficial,topic_2,0.3803622397848102
1303784245098640,candidato,20260823-20260905,dr.sandoval.ofc,topic_0,0.5815422355671556
1402678931197359,candidato,20260823-20260905,brancodapenal,topic_0,0.8460203991671574
1072706272396163,veiculo_nacional,20260906-20260912,folhadespaulo,topic_7,0.8105302741009662
932640863220811,candidato,20260823-20260905,drfranciscopiaui,topic_2,0.5827859838380851
1011289391968676,candidato,20260823-20260905,joaocurysp,topic_2,0.44137438178839217
28197193493297409,candidato,20260823-20260905,vereadorppcell,topic_4,0.4138055391834858
1644969213874563,veiculo_regional,20260823-20260905,eshoje,topic_1,0.37560656649782265
3560656804110856,candidato,20260906-20260912,relsoncardoso,topic_2,0.5180284161903492
1594744435356029,candidato,20260823-20260905,dudasanchesba,topic_4,0.5450294420181253
1815759759605048,candidato,20260906-20260912,delegadocostaesilva,topic_2,0.49762127173311194
1105106018626821,candidato,20260823-20260905,dep.ricardorodrigues,topic_1,0.36668506435641085
1063548619502991,candidato,20260815-20260822,cleonaodopovo_,topic_4,0.4113527951996129
1390329379953483,candidato,20260823-20260905,rogeriabolsonaro,topic_7,0.4141441288659671
1338347201465856,candidato,20260906-20260912,prsebastiaosantos,topic_0,0.3434283195955828
1091109990536046,veiculo_regional,20260823-20260905,folhavitoria,topic_1,0.6628126558101108
1057503240397926,candidato,20260823-20260905,tatilimaadv,topic_3,0.6023813192674987
2899814127060388,candidato,20260815-20260822,guto.resende,topic_0,0.4828794147222788
2968315736861404,candidato,20260815-20260822,depjorgesolla,topic_2,0.34905359413450016
1350151860481859,candidato,20260815-20260822,ruthvenceremos,topic_6,0.4265183665193765
1624997682668667,veiculo_regional,20260906-20260912,otempo,topic_1,0.5464822978298607
2465102034017112,candidato,20260906-20260912,lahesiobonfimoficial,topic_4,0.752200120758002
28739621345727837,veiculo_regional,20260823-20260905,atardeoficial,topic_1,0.8349942492781882
2023530192369878,candidato,20260823-20260905,mariliaarraes,topic_4,0.462971426659082
1455682143071065,veiculo_regional,20260815-20260822,meionorte,topic_1,0.543151578663098
1609070847615691,veiculo_nacional,20260823-20260905,metropoles,topic_1,0.6009709736192859
3852761131566578,candidato,20260823-20260905,ksarindep,topic_4,0.7571748012778099
1646189213777562,candidato,20260815-20260822,pauloteixeira13,topic_4,0.35074903471234953
29355051904085257,candidato,20260906-20260912,eduardocanutoec,topic_2,0.659088556417843
936611512298737,candidato,20260906-20260912,edermauropa,topic_7,0.590987546508414
1115973627519600,candidato,20260823-20260905,profalexandreprado,topic_4,0.4367491519959303
1086747264049813,candidato,20260823-20260905,do.carmooficial,topic_0,0.6688430457092579
1815865379829620,candidato,20260906-20260912,julinhodeputado,topic_0,0.5560047204527185
28211523205166792,veiculo_regional,20260823-20260905,itatiaiaoficial,topic_5,0.8201823402429631
1359123562877315,candidato,20260823-20260905,coroneltadeu,topic_3,0.5592101484134182
28823281327359273,veiculo_regional,20260906-20260912,contilnetnoticias,topic_1,1.0
1370462775289850,candidato,20260823-20260905,nunes13oficial,topic_6,0.6634701407327884
1094524026497018,veiculo_regional,20260815-20260822,tribunaonline,topic_1,1.0
930898562967565,candidato,20260815-20260822,lucaswgotardo,topic_2,0.49386926068423304
29351451511109053,candidato,20260815-20260822,torinomarques,topic_0,0.47559533377343377
1126862456362170,candidato,20260823-20260905,ricardoabraooficial,topic_2,0.7769031705053673
1102970792069166,candidato,20260815-20260822,maciel__saraiva,topic_2,0.44146146419433496
2109342280017614,candidato,20260823-20260905,ricardoquirino10,topic_0,0.8154241501701923
2702701503479211,veiculo_regional,20260906-20260912,jornaldebrasilia.ofc,topic_7,0.8000784925747724
1043014831870235,veiculo_nacional,20260823-20260905,jornaloglobo,topic_7,0.5214363433208988
1107104275512445,candidato,20260906-20260912,nadoguirra,topic_2,0.5501604207964609
2615862665539275,candidato,20260823-20260905,flavinha.mt,topic_2,0.263345123623321
901720919464060,candidato,20260815-20260822,vivianefacundesoficial,topic_0,0.956158031926645
929712369758134,candidato,20260823-20260905,thiagolisboa.oficial,topic_4,0.7162344232225899
2484456328713712,candidato,20260823-20260905,adrianojose,topic_0,0.8790966602382235
1033868849445864,veiculo_nacional,20260815-20260822,uolnoticias,topic_1,0.47404208223610705
2660943211023298,candidato,20260906-20260912,dr_thiago_duarte,topic_7,0.337809794841645
2129781707921048,candidato,20260815-20260822,davimunizpe,topic_0,0.6949340121989911
2871648653207906,candidato,20260906-20260912,carlise.pr,topic_0,0.5899827306757564
4543885475896818,candidato,20260823-20260905,paulocasefernandes,topic_0,0.4519405753249297
1062007236632268,candidato,20260823-20260905,eugenio.gadelha,topic_2,0.8883334409689374
2061600317802404,candidato,20260823-20260905,tiagovasconcelos,topic_6,0.8723267052192957
1973032180027630,candidato,20260906-20260912,edevaldonevesoficial,topic_0,0.2864048720760828
1086481273830071,veiculo_regional,20260823-20260905,blogdobg,topic_5,1.0
1722077105532526,candidato,20260823-20260905,murilogaldinopb,topic_6,0.5208093128293119
1464847595547718,candidato,20260815-20260822,adailtonfuria,topic_4,0.5310484147622324
1957572135199422,candidato,20260815-20260822,adrianojose,topic_0,0.5649778846741317
1319888683392891,candidato,20260823-20260905,cantoramaralima,topic_4,0.764855338299794
1113428754689716,candidato,20260815-20260822,celiostudart,topic_0,0.39377317601022366
1236376182009543,candidato,20260823-20260905,tatianaroma,topic_4,0.8413185686447574
1717402839367119,candidato,20260906-20260912,heldersalomao,topic_4,0.7608682438984109
816629531511873,candidato,20260823-20260905,luiziannelinsce,topic_3,0.7691240713531283
1632921695169084,candidato,20260823-20260905,cristinagraeml,topic_3,0.614002738524962
1436778314989964,candidato,20260823-20260905,tatilimaadv,topic_3,0.6679007031194082
2079453039341559,candidato,20260823-20260905,terciotinoco,topic_4,0.79253783935415
4367077766843266,candidato,20260823-20260905,rosalvo_oficial,topic_0,0.7468677399539941
1719739679573229,veiculo_regional,20260823-20260905,bnews_oficial,topic_1,0.5702668032854524
1554738249243976,candidato,20260906-20260912,depivanabastos,topic_4,0.3370348555072562
949308624889418,candidato,20260823-20260905,carlosjordy,topic_5,0.4505468865613674
28729419896643066,candidato,20260823-20260905,ivanmoraespe,topic_7,0.8453098052650182
1412881490934296,veiculo_nacional,20260823-20260905,metropoles,topic_1,0.5906815304758177
1059506386869223,candidato,20260815-20260822,eliana.bayer,topic_0,0.42098123123992554
1139754038376805,candidato,20260823-20260905,depdaniloforte,topic_0,0.5377487921589251
1085097834486205,candidato,20260823-20260905,manueladavila,topic_6,0.6047707923371706
1652859242940206,veiculo_regional,20260815-20260822,jc_pe,topic_1,0.8683404781892431
3361607584011374,candidato,20260906-20260912,nataliabonavides,topic_4,0.6795671967243049
1461079739196907,candidato,20260823-20260905,catanho13131,topic_4,0.48919777451789115
1093877806428027,candidato,20260823-20260905,marli_do_esporte,topic_4,0.7423688297776678
1086366214115712,veiculo_regional,20260906-20260912,ricportal,topic_5,0.8164688932245895
4321304418012938,veiculo_nacional,20260906-20260912,uolnoticias,topic_1,0.6295696211940327
1794788441660056,candidato,20260823-20260905,sofiacavedonoficial,topic_4,0.5637491090908965
2238360347018975,candidato,20260823-20260905,viniciusibrann,topic_4,0.7610791659882739
1865903044850312,candidato,20260815-20260822,dep.laertegomes,topic_3,0.37117150791600395
1105782362137450,candidato,20260815-20260822,rafaelribeirooficial,topic_0,0.6253437151466158
1374363664416251,veiculo_regional,20260906-20260912,ac24horas,topic_1,0.7539663052397021
999101923188203,candidato,20260823-20260905,depvalmir,topic_4,1.0
1646931430114049,candidato,20260823-20260905,diogoventura_rj,topic_0,0.35012826521869916
1595591815353787,candidato,20260823-20260905,cantorkalebe,topic_2,0.41551677235264234
1018922944538047,candidato,20260906-20260912,tiagozilli_,topic_4,0.5193081389818578
946429204420986,candidato,20260815-20260822,valeriapettersen,topic_4,0.73647601299309
1415175664014418,candidato,20260823-20260905,rafaelribeirooficial,topic_6,0.7976362650343609
1476688407627190,candidato,20260823-20260905,chamonzinho,topic_4,0.9039593648351916
1043913138375230,veiculo_nacional,20260815-20260822,diariodocentrodomundo,topic_1,0.9763794474428115
1521168900056042,candidato,20260823-20260905,alvarodiasrn,topic_6,0.7905916623795272
1103274565472296,veiculo_regional,20260906-20260912,portaldoholanda,topic_1,0.48187287989022065
899614779588316,candidato,20260823-20260905,acaroldartora,topic_3,0.5333395356655966
2428583627627557,candidato,20260823-20260905,baleia.rossi,topic_4,0.8941692146244313
2283939715759137,candidato,20260815-20260822,carlaoagoramg,topic_4,0.5748696204371514
2198094761132762,veiculo_regional,20260815-20260822,ac24horas,topic_1,0.693024766526109
2085094469037175,candidato,20260906-20260912,ricardinho.foz,topic_4,0.6146680983924013
28581609101464680,candidato,20260906-20260912,vereadorbeneditofurtado,topic_2,0.7492217239591145
2099768690625825,candidato,20260823-20260905,lucasbrasileiro.cl,topic_4,0.4029828327272763
2211443032739582,candidato,20260823-20260905,janad_valcari,topic_6,0.7096992417066642
1337844431758653,candidato,20260906-20260912,pedrofernandes.ro,topic_2,0.6283532394121408
2064659457755598,candidato,20260815-20260822,juniorlourenco2200,topic_0,0.5784481588536342
1063408822972913,candidato,20260906-20260912,andersonlima.mg,topic_2,0.5456795539623256
2341789876227537,veiculo_regional,20260823-20260905,diariodoamapa,topic_1,0.5780383004352929
1104585848918809,candidato,20260823-20260905,felipepedri,topic_7,0.875875945954967
2692421937826646,candidato,20260823-20260905,vanderloubet,topic_4,0.7041131915731627
1074544018500489,candidato,20260823-20260905,professorrogeriomartins,topic_4,0.6652999447381874
3545497685621166,candidato,20260906-20260912,secco.helio,topic_5,0.5800206516512004
2289602174911700,veiculo_regional,20260823-20260905,meionorte,topic_1,0.4200782439255656
1368956662069548,candidato,20260906-20260912,leosuricate,topic_3,0.5249807732998673
1796219761712449,candidato,20260815-20260822,lenirdeassis,topic_4,0.5033721221344698
1687346570061036,candidato,20260815-20260822,alvaro.jeronymo,topic_7,0.5429864615579194
2331129587632285,veiculo_regional,20260906-20260912,romanewsoficial,topic_1,0.9906506377172665
28666579466280977,candidato,20260815-20260822,ricardomarques_rm,topic_7,0.7512343996841518
1792631035196770,candidato,20260823-20260905,katiaoliveiraba,topic_6,0.5708266358137427
1066981782785041,veiculo_regional,20260823-20260905,portalcadamin,topic_1,0.7747570540405644
937236182782921,veiculo_regional,20260906-20260912,meionorte,topic_1,0.6776955595353265
4528539770791941,veiculo_regional,20260906-20260912,jornalopcao,topic_1,0.849346882328716
2102107437057675,veiculo_regional,20260823-20260905,topmidianews,topic_1,1.0
1524097216414049,candidato,20260823-20260905,caduprofessor,topic_2,0.6879281689566003
961093200361064,candidato,20260823-20260905,igorbaimapsol,topic_7,0.3676553470438902
2284071492387981,candidato,20260823-20260905,mendina_luciana,topic_4,0.519091612918919
906817448918738,candidato,20260815-20260822,manualves.ce,topic_3,0.5654190602162776
859630613904796,candidato,20260815-20260822,matheusdegeraldojunior,topic_0,0.9743470420182839
1650024673240483,candidato,20260906-20260912,joaogabrielprates,topic_4,0.7096571290948366
1405380105124302,veiculo_nacional,20260906-20260912,metropoles,topic_1,0.6053740344753522
28026613700372291,veiculo_nacional,20260906-20260912,jornaloglobo,topic_1,0.8725395216595261
1421493763272132,candidato,20260823-20260905,flavio_zanrosso,topic_0,0.8825311726483834
1617801826378626,candidato,20260823-20260905,jorginhoaraujo55,topic_6,0.9910683514635042
1641037740880685,candidato,20260906-20260912,ricardogalvaosp,topic_4,0.6605815739117075
1568758574259894,candidato,20260815-20260822,aniellefranco,topic_4,0.37157425484119344
1009935862101696,candidato,20260823-20260905,robertosilveira36,topic_4,0.48365606789364113
1508474671037313,veiculo_regional,20260815-20260822,oliberal,topic_1,0.49737393053085666
1776807360136339,candidato,20260815-20260822,mariofelippi,topic_4,0.5511789108587499
1471395888342886,candidato,20260906-20260912,joseildoramos,topic_3,0.6777255147694935
1072855248485443,candidato,20260823-20260905,taliriapetrone,topic_4,0.6437578346590623
1113697964943128,candidato,20260815-20260822,pastordanieldecastro,topic_0,0.7559491537996761
1575879614020187,candidato,20260823-20260905,drthiagogilleno,topic_1,0.7949978297334651
2817354455310900,candidato,20260815-20260822,pollyannapb,topic_4,0.43243084903926093
1394974708706134,candidato,20260823-20260905,diogomoraespsb,topic_0,0.572732366499609
1404683984625541,candidato,20260906-20260912,eduardosuplicy,topic_2,0.4630275002932365
1225597336399556,veiculo_nacional,20260823-20260905,jovempannews,topic_7,0.5459573892322378
1596335408540315,candidato,20260823-20260905,fernandapsol,topic_1,0.4704728615388628
1075523764970470,candidato,20260815-20260822,marcelvanhattem,topic_7,0.4602550145439861
2146854169245180,candidato,20260823-20260905,adriventurasp,topic_2,0.484604507143926
2291883614913639,candidato,20260823-20260905,jhcdopovo,topic_4,0.5737609246110197
1576139000957137,veiculo_regional,20260823-20260905,contilnetnoticias,topic_1,1.0
1394985528678342,candidato,20260823-20260905,talitaoliveiraoficial,topic_4,0.5116710023221778
1624481029090030,veiculo_regional,20260906-20260912,topmidianews,topic_1,0.9272782486520762
2462501057574960,candidato,20260823-20260905,delegadaliavalechi,topic_4,0.8168331764600139
1116558100939913,candidato,20260906-20260912,dhemaoficial,topic_4,0.5386384268542211
1386806696248682,veiculo_regional,20260823-20260905,agazetaes,topic_1,1.0
4761197170833195,partido,20260815-20260822,solidariedade_br,topic_4,0.35514465158958064
1088250593857766,candidato,20260823-20260905,drprcarloseduardo,topic_2,0.6054245802113347
906157079019342,veiculo_regional,20260906-20260912,correiodopovo,topic_1,1.0
1071281295651822,candidato,20260823-20260905,diogohutt,topic_6,0.48163633712750215
1053131740687299,candidato,20260815-20260822,evertonfelipe97,topic_4,0.7493145562171625
1600907388406539,candidato,20260823-20260905,vivianeluizams,topic_4,0.8323108774873824
2318548158973988,candidato,20260823-20260905,brunopedralvabh,topic_4,0.9781993436310239
1870686234338677,candidato,20260815-20260822,pastorpedrao,topic_4,0.415988587738255
2453959095097155,candidato,20260823-20260905,claucamargo.adv,topic_4,0.6479198028911601
1496172782537682,candidato,20260823-20260905,drisaeldomingues,topic_2,0.4049049116786656
882640131446179,candidato,20260823-20260905,meiresilvapt13,topic_4,0.7668952192636433
1065891659649589,candidato,20260906-20260912,esperidiaoamin,topic_5,0.8153007999425488
2521424328377966,candidato,20260815-20260822,bocalom.oficial,topic_4,0.45694955773410206
1629443205555332,candidato,20260823-20260905,eduardodotenis,topic_2,0.3992687586411697
1089343723615538,candidato,20260823-20260905,sirlangemanga,topic_0,0.32536595672847035
1792185481961398,candidato,20260906-20260912,camilavaladaopsol,topic_3,0.4254305747802706
4680946495470627,candidato,20260815-20260822,elicorreafilho,topic_6,0.4089048985759897
894311130172221,candidato,20260823-20260905,carlosverass,topic_4,0.47839142311099797
1585621283037982,candidato,20260815-20260822,jobsonalmeidaa,topic_0,0.6304893799236954
4457253591270440,veiculo_regional,20260823-20260905,jornaldebrasilia.ofc,topic_7,0.48183358801758763
1609570827282924,veiculo_nacional,20260906-20260912,portalg1,topic_5,1.0
1853384265626831,candidato,20260823-20260905,rowennabrito,topic_2,0.3425246572503496
1815811596107450,veiculo_regional,20260906-20260912,jornalopcao,topic_1,0.3848556073497957
2364540160948039,candidato,20260906-20260912,teovaldojoseoficial,topic_6,0.5731615211622768
1780304139969542,candidato,20260815-20260822,joaogabrielprates,topic_4,0.6324270230846039
1450528780317296,candidato,20260823-20260905,netodopecem,topic_2,0.5508267497374645
1029318470132780,veiculo_regional,20260906-20260912,opovoonline,topic_1,0.8919392148659154
27993919326971353,veiculo_regional,20260906-20260912,topmidianews,topic_1,0.9340668950761435
2473454999732052,candidato,20260906-20260912,deyvidbacelar,topic_0,0.5767305872897943
1117747877432156,candidato,20260906-20260912,patomaravilha,topic_4,0.6099025104243084
1381737340833388,veiculo_regional,20260906-20260912,midianews.oficial,topic_1,0.4226672522980344
945304531966864,veiculo_regional,20260815-20260822,clickpb,topic_1,0.6082809588374924
859107823859457,veiculo_nacional,20260815-20260822,diariodocentrodomundo,topic_1,0.940047019995663
4691141227879057,candidato,20260906-20260912,clecioluis_,topic_0,0.7878674463108029
4453340291592753,candidato,20260823-20260905,rafaelabarrospcd,topic_4,0.997464022199189
2847218035649219,candidato,20260906-20260912,gabrielporto,topic_0,0.8080496923997674
1951363705468879,candidato,20260823-20260905,iedachaves,topic_4,0.7676367879478334
1817799182911569,candidato,20260906-20260912,samuel90prefeito,topic_4,0.3549757571883933
1086284977243927,candidato,20260906-20260912,renanpaesoficial,topic_2,0.7269036399176232
964784715882117,candidato,20260815-20260822,delegadopalumbo,topic_2,0.49115742812110624
1092955049765446,candidato,20260906-20260912,marco.antonio.costa,topic_5,0.7043901088471729
1583797036666904,candidato,20260906-20260912,zedeirmateca,topic_0,0.863750260563106
1123519680240087,candidato,20260906-20260912,gilcardoso.ro,topic_4,0.7662069713814467
828079117029254,candidato,20260815-20260822,luizsergiooficiall,topic_2,0.6500146910144985
1075485498545857,candidato,20260815-20260822,gustavocamposgouveia,topic_0,0.6053625259071671
2986238695069914,candidato,20260823-20260905,professorabarbaraoficial,topic_2,0.3399236497981482
1415884543838549,candidato,20260906-20260912,ericgustavodf,topic_7,0.33383168453325335
1456889696494730,veiculo_regional,20260823-20260905,jornalcruzeiro,topic_1,1.0
2149768819217718,candidato,20260823-20260905,gilbertogg11,topic_4,0.46541166449745935
1043247961806805,candidato,20260823-20260905,jardelinacioam,topic_4,0.476170180576401
2185728915342560,candidato,20260906-20260912,cancaofamoso,topic_0,0.3695993767079624
2884998105182426,veiculo_nacional,20260815-20260822,metropoles,topic_1,0.31835145186578145
1817928306222497,candidato,20260906-20260912,fernandatorres.sp,topic_3,0.8134342689597466
2387214718353490,veiculo_regional,20260823-20260905,ndmais,topic_7,0.6895062360259959
2164549991126054,veiculo_regional,20260906-20260912,ac24horas,topic_1,0.3977963356389863
1433128935383078,candidato,20260823-20260905,aiacydagleidson,topic_2,0.9440194369504095
1623066296068212,candidato,20260823-20260905,lucasribeiropb,topic_6,0.6831262570279544
2279835216097402,candidato,20260815-20260822,marinadomst,topic_7,0.46012841137583194
1509963317844039,candidato,20260823-20260905,katiabacelar.oficial,topic_4,0.5028162690944883
2875133916182323,candidato,20260823-20260905,aurelinamedeirosoficial,topic_6,0.4461460634522052
1716363157163879,veiculo_regional,20260906-20260912,maisgoias,topic_1,0.5497134815651303
2826432704398953,veiculo_nacional,20260823-20260905,correio.braziliense,topic_1,0.7562810117709444
4488392521431692,candidato,20260823-20260905,pauladovolei,topic_0,0.7117045396034588
2626167454480932,candidato,20260823-20260905,tomemeuamigo,topic_2,0.4742786832205316
4581658668777274,candidato,20260823-20260905,ralphgracie,topic_0,0.901993537439366
1093352320075060,veiculo_nacional,20260815-20260822,jovempannews,topic_1,0.7863212739509705
1480835807214793,candidato,20260906-20260912,geraldoluistv,topic_6,0.7374506100173208
1874034490236141,candidato,20260815-20260822,crisdasfrutas,topic_3,0.6089831146673224
997793489998446,veiculo_regional,20260823-20260905,bemparana,topic_7,0.32905408311306034
1416978037283814,candidato,20260815-20260822,paulosoaresjornalista,topic_4,0.6823756474119288
1598616625062580,candidato,20260815-20260822,depivanabastos,topic_0,0.5784062738233807
2065144551059099,candidato,20260906-20260912,fabianocontarato,topic_4,0.5602764489319024
1106448481813250,veiculo_nacional,20260906-20260912,metropoles,topic_7,0.48504828011203033
1765776957771556,candidato,20260815-20260822,diegogarciaparana,topic_4,0.9570516486164519
1091588840012908,candidato,20260815-20260822,pelisooficial,topic_0,0.683039117903952
2636304486887628,veiculo_regional,20260815-20260822,romanewsoficial,topic_1,0.9516860887119271
28126300237019766,candidato,20260823-20260905,alessandrodocpp,topic_4,0.5731668912986806
1722938498973583,candidato,20260823-20260905,crismonteirosp,topic_1,0.5710193661787459
2299860124196916,candidato,20260906-20260912,stellacury3,topic_6,0.576842792381758
4638092123077915,candidato,20260815-20260822,lucianobuligon,topic_2,0.9346042906680424
1786877735925820,candidato,20260815-20260822,carolmarquez.100,topic_4,0.5752006310874059
1387376760147599,candidato,20260815-20260822,rodrigomarcialpr,topic_6,0.47077145249362495
1070771109266631,candidato,20260823-20260905,fernandosilva_ro,topic_3,0.7456919223512725
28507776085577322,candidato,20260815-20260822,davileitece,topic_0,0.4190361557473448
1158640249829045,veiculo_nacional,20260906-20260912,correio.braziliense,topic_1,0.38197614824433485
1000038183079776,candidato,20260815-20260822,paranhosoficialpr,topic_4,0.39130217509835596
1593540122215552,candidato,20260815-20260822,leasobral,topic_4,0.7572462797575421
28719510517673900,veiculo_regional,20260823-20260905,newsrondonia,topic_1,0.31981100301935245
1463433162273800,candidato,20260906-20260912,cantoramaralima,topic_0,0.528576976223077
924905690683778,candidato,20260823-20260905,willianvieiradatvoficial,topic_1,0.8479815845729674
28323023560659380,candidato,20260906-20260912,tiagozilli_,topic_4,0.6258950773551589
1956046375063076,veiculo_regional,20260823-20260905,jornalhojeemdia,topic_1,0.9676743051671106
922567583851020,candidato,20260815-20260822,iarahausmann.oficial,topic_4,0.40911463075190263
2086206805617734,candidato,20260823-20260905,wesleydias_ms,topic_0,0.7103079752867952
2274859093053686,veiculo_regional,20260815-20260822,afnoticias,topic_4,0.39123742863241606
880245858375302,veiculo_nacional,20260906-20260912,sbtnews,topic_1,0.7888169023096804
1599987118494408,candidato,20260815-20260822,cadorin.matheus,topic_4,0.5800789185921564
2109115196478177,veiculo_regional,20260823-20260905,itatiaiaoficial,topic_1,0.5648019660621888
1702016681401556,candidato,20260815-20260822,andre_fufuca,topic_4,0.5623206364006592
2411099976087474,candidato,20260823-20260905,peritomassuda,topic_2,0.6388938479758165
1047551081443081,veiculo_regional,20260815-20260822,romanewsoficial,topic_1,0.7736836080027103
1738708660739515,veiculo_nacional,20260815-20260822,portalg1,topic_1,0.5919399505898845
2291733865011642,candidato,20260906-20260912,depezequielrn,topic_4,0.7039301290349673
1499061875314147,candidato,20260823-20260905,doutorajanedf,topic_4,0.9031091342168245
1762350301359436,candidato,20260906-20260912,rogeriocarboni,topic_2,0.5074023076443329
1560612775202123,candidato,20260815-20260822,viniciusmarchese,topic_4,0.6225253292816582
4007196606250011,candidato,20260823-20260905,rogeriasantosoficial,topic_3,0.4457765989147532
1439367638054091,candidato,20260823-20260905,brendaagontijo,topic_4,0.7189666050815162
1526442219237501,candidato,20260815-20260822,luciano_cartaxo,topic_6,0.48647422247795896
1577323023842730,candidato,20260815-20260822,wellingtonroberto.pb,topic_0,0.6592625544489873
28524562357208541,veiculo_nacional,20260906-20260912,agencia.brasil,topic_7,0.3800504560643657
1334101671924089,candidato,20260823-20260905,zefernandobrito11,topic_0,0.5111069484967644
936760806175471,candidato,20260823-20260905,instrutordouglas,topic_2,0.5906195493373735
1406402068086727,candidato,20260815-20260822,marcospereira1010,topic_4,0.3543683584925657
1044389445106039,candidato,20260823-20260905,rinaldojuniorpe,topic_4,0.6435420669165135
1101471175674454,candidato,20260823-20260905,rosiane.politica,topic_4,0.5006606045718607
3528923207282919,candidato,20260815-20260822,magno_guajajara,topic_4,0.43652562532133915
1091614349954283,candidato,20260906-20260912,souemanoelpinheiro,topic_6,0.8247307546730651
1425900149498436,candidato,20260823-20260905,deputadoalba,topic_2,0.5537630932297585
1386620946400638,candidato,20260815-20260822,divinobethaniatocantins,topic_0,0.4882934240018738
3360650787455714,candidato,20260823-20260905,oficial_diegomiranda,topic_4,0.4044803533196298
3089568074583037,candidato,20260815-20260822,andresantos_as,topic_2,0.8243276249673737
2131108484951876,candidato,20260906-20260912,chicadoeskudlark,topic_4,0.36437773099894144
4417545135058696,candidato,20260823-20260905,advcorrea,topic_6,0.626084950418852
1399304858196706,candidato,20260823-20260905,alinesleutjes,topic_6,0.32041668188919836
2189397501626599,candidato,20260906-20260912,valdecydasaude,topic_4,0.745359356181117
1027128397009569,candidato,20260815-20260822,gutozacariasmbl,topic_7,0.27642845672822475
1400123605396548,candidato,20260815-20260822,vd.viniciusdiniz,topic_0,0.7025721458025391
1594605599346443,veiculo_regional,20260906-20260912,tnh1oficial,topic_7,0.5337544161131268
2677522562645885,candidato,20260815-20260822,clinicadrrafaelbenoliel,topic_4,0.7731234039731862
1123774250324093,candidato,20260823-20260905,aluiziosantos.ma,topic_4,0.3506390778996404
1022362597460180,candidato,20260815-20260822,michelysiqueira,topic_6,0.5957407365578941
1484160250205804,candidato,20260906-20260912,inacioarruda_,topic_2,0.4520173923022072
2135091870378812,veiculo_regional,20260906-20260912,tribunaonline,topic_1,0.4161212892565358
1763960041496356,candidato,20260823-20260905,elainemartinsoficial,topic_4,0.9642041568208511
926578200037426,candidato,20260815-20260822,luizfernandopt13,topic_3,0.6394323282674744
2900358207010262,candidato,20260823-20260905,michelly.alencarneves,topic_4,0.9233543503193579
1585781653014406,candidato,20260823-20260905,betinhogomes45,topic_6,0.6536584144930557
1113072087957959,veiculo_nacional,20260823-20260905,correio.braziliense,topic_1,1.0
1319010144626640,candidato,20260815-20260822,aknoploch,topic_7,0.466288127245051
1455604813296384,veiculo_regional,20260823-20260905,maisgoias,topic_1,0.7102442118613134
1062357603101012,candidato,20260823-20260905,nenolaje,topic_6,0.5271621802244709
2300345977384365,veiculo_regional,20260906-20260912,tribunahoje_,topic_1,0.7301809340095129
1590504522535070,candidato,20260906-20260912,rodrigolimamdh,topic_2,0.31162712474342313
953683090396880,candidato,20260906-20260912,julinhodeputado,topic_7,0.3993864629296751
2089700531640296,veiculo_nacional,20260906-20260912,correio.braziliense,topic_1,0.5242965776321385
2213434876264313,candidato,20260906-20260912,geraldoarufino,topic_4,0.6020932331038577
981654578278767,candidato,20260906-20260912,dr.bentovieira,topic_0,0.5183087414719513
1140966778600840,candidato,20260823-20260905,marciojerry,topic_4,0.6875555759678512
2054236078568994,veiculo_regional,20260906-20260912,agazetadoacre,topic_1,0.5831453964960438
1714298746493448,candidato,20260815-20260822,luiziannelinsce,topic_7,0.4358949142276488
1057510250599081,candidato,20260823-20260905,thayssintra,topic_6,0.8025385785599108
1651955913203104,veiculo_regional,20260823-20260905,eshoje,topic_1,0.5714736843289178
1435354738693680,candidato,20260906-20260912,fabioursooficial,topic_6,0.5204353829142895
2153573768868687,candidato,20260823-20260905,xandebarao.pe,topic_4,0.7441694184819664
967302629735579,candidato,20260823-20260905,enoscostaferreira,topic_2,0.6509712628902373
1548801913240552,veiculo_nacional,20260823-20260905,portalg1,topic_1,0.5784419053125704
1547794406558504,candidato,20260815-20260822,thadeurequiao,topic_4,0.8025605698594921
1441324354525734,candidato,20260815-20260822,professorrobertomartins,topic_4,0.8287907368233093
1495619552591011,veiculo_regional,20260815-20260822,roraima1,topic_1,0.8255284970987082
1939958956669254,candidato,20260815-20260822,lucasramospe,topic_6,0.33819827266015323
2558568471237198,candidato,20260823-20260905,acmneto,topic_7,0.44106895522623263
4372874196289488,candidato,20260906-20260912,delegadagabi,topic_2,0.3760920456498591
2176331859599314,veiculo_nacional,20260823-20260905,jovempannews,topic_7,0.6911212076243712
1096096029609828,candidato,20260906-20260912,kleitonandradeoficial,topic_2,0.4694730095835956
27716542771351236,candidato,20260823-20260905,nataliabonavides,topic_4,0.542632791474921
2574548129650157,candidato,20260823-20260905,bohn_gass,topic_0,0.41317116746018245
1094334186616208,candidato,20260823-20260905,anadelso_pereira,topic_4,0.38797066663353263
1392077665807218,candidato,20260823-20260905,reddogwalker,topic_2,0.6599450838759673
1975989156424228,candidato,20260823-20260905,faustopinato,topic_6,0.3789664478553369
1606851074211134,candidato,20260823-20260905,12caiovianna,topic_4,1.0
1050373977862835,veiculo_regional,20260815-20260822,tribunaonline,topic_3,0.47542142088519496
915377831396171,candidato,20260823-20260905,renatadaguiardf,topic_4,0.6132381382068914
2547848088961848,candidato,20260815-20260822,edleusamesquita,topic_4,0.7446447562336405
1442095101141117,veiculo_regional,20260815-20260822,tribunaonline,topic_1,1.0
2179578896295105,candidato,20260815-20260822,guerli.herzog,topic_4,0.4508461179704885
1809747963489847,candidato,20260815-20260822,eduardofortess,topic_3,0.39467893208815485
1748366386394811,candidato,20260906-20260912,senadorhumberto,topic_3,0.7498649691210569
887900874256559,candidato,20260823-20260905,drluisfernando44,topic_0,0.38054877863547737
3434766726702747,candidato,20260823-20260905,heitor_ferrer77,topic_3,0.43128344074515
1090909953396194,candidato,20260823-20260905,deputadomotta,topic_0,0.3577621342435436
1841660370133244,candidato,20260823-20260905,odemolidorsp,topic_3,0.5060691775165431
1415540270716387,candidato,20260823-20260905,cristianosilveiramg,topic_4,0.8074975071523125
1615753616724474,candidato,20260906-20260912,deputadofrancismar,topic_4,0.7336931461769433
1700478384389553,candidato,20260823-20260905,zeliomota,topic_0,0.715092431293609
1578152650424184,partido,20260823-20260905,plnacional22,topic_7,0.5285898963362776
1720655482324067,veiculo_nacional,20260823-20260905,poder360,topic_1,0.6140587739597474
2471430863368283,candidato,20260815-20260822,manuellamattoss,topic_4,0.6152716456201793
3061697934185140,candidato,20260906-20260912,tenente_coimbra,topic_7,0.43925746473312766
4518795098354998,veiculo_regional,20260815-20260822,bnews_oficial,topic_1,0.7795003240401388
1615577716662984,candidato,20260815-20260822,cabobonadiman,topic_0,0.504627513876167
1716515329403704,veiculo_regional,20260823-20260905,contilnetnoticias,topic_1,0.8165696884748954
1623192595866451,candidato,20260823-20260905,fabiogov55,topic_4,0.8265107127309955
1893621298284560,candidato,20260823-20260905,marcosfelipi.poa,topic_4,0.6231144648118931
1499621471924342,veiculo_nacional,20260823-20260905,correio.braziliense,topic_1,0.5838355710728488
2573053186477957,candidato,20260906-20260912,gustinho1177,topic_0,0.37803341856523914
2373079293463739,candidato,20260906-20260912,reginetebispo,topic_4,0.5837100879700516
28310110458642156,veiculo_regional,20260906-20260912,jornaldebrasilia,topic_1,0.7087009631278716
1782357919564088,candidato,20260906-20260912,amorimvivian,topic_4,0.7213635056468394
28436506722702548,candidato,20260823-20260905,igorpassosoficial,topic_4,0.8418788481457741
2631511510585371,candidato,20260906-20260912,profzenilton,topic_4,0.576564254507842
1581355746802081,candidato,20260906-20260912,avictoriagallo,topic_4,0.913124684538859
1620873892925084,candidato,20260823-20260905,elainemartinsoficial,topic_0,0.5629416727937795
1069686299218611,candidato,20260823-20260905,rodrigortavares,topic_2,0.4562825669752
1094367730010985,veiculo_nacional,20260823-20260905,jovempannews,topic_5,0.9141519324811074
1428074309254820,candidato,20260823-20260905,deputadoantoniomoraes,topic_7,0.29358049485910953
28475740748709108,veiculo_regional,20260815-20260822,tribunadonorte,topic_1,0.820263259895037
1357118209738402,candidato,20260823-20260905,rafaelparente,topic_0,0.35848127207804714
1527886789108675,candidato,20260823-20260905,joaoazevedolins,topic_6,0.7739781718529336
3327435090793455,veiculo_regional,20260823-20260905,jornal_opopular,topic_1,0.8782947505215489
2347979989068342,candidato,20260823-20260905,tico.kuzma,topic_4,0.4245577298628145
1570595070669492,veiculo_regional,20260815-20260822,nsctotal,topic_1,0.870797495505521
922716607164702,candidato,20260815-20260822,deldanigarcia,topic_0,0.9001920846994668
1099209816098297,veiculo_regional,20260815-20260822,folhavitoria,topic_1,0.4195342256347314
1056841513927081,candidato,20260823-20260905,thainarafaria13,topic_4,0.910464201087369
1051033641253782,veiculo_regional,20260823-20260905,tribunahoje_,topic_1,0.44098531854454315
2364738637605934,candidato,20260815-20260822,cicerocavalcante15,topic_1,0.4300391259594955
2857020911361147,candidato,20260823-20260905,anaaffonso13,topic_6,0.8034075089113772
901922752639247,candidato,20260815-20260822,leandrogentil,topic_7,0.45871221903073356
2668512660234288,candidato,20260823-20260905,danicunhario,topic_2,0.5248320559232984
1005620699218271,candidato,20260906-20260912,marceloaro,topic_6,0.6862259158498646
1585501459841171,candidato,20260823-20260905,erlanioxavier,topic_6,0.4535886508077745
1621268659524653,candidato,20260815-20260822,waguinhocarneirooficial,topic_4,0.5072676908803764
1635137751459100,candidato,20260823-20260905,guilhermer.lopes,topic_3,0.3648749208876617
3156399144550208,candidato,20260823-20260905,tekadosanimais,topic_4,0.7670859432621528
1570671874791474,candidato,20260815-20260822,mosesrodriguesoficial,topic_3,0.7527872580959247
1605377444583703,candidato,20260815-20260822,sofia.favero,topic_6,0.4312862631392969
1403053495265210,veiculo_regional,20260815-20260822,roraima1,topic_1,0.9876931361726213
1398033961768766,candidato,20260823-20260905,arthurgarciamt,topic_2,0.7714473547148898
1440811257950614,veiculo_regional,20260906-20260912,obrasilienseoficial,topic_5,0.9938020155167406
26240671265630131,veiculo_regional,20260815-20260822,topmidianews,topic_1,0.9272025992815999
1102862342283980,candidato,20260823-20260905,deniseribeiro.social,topic_0,0.9320719581967791
1131522946195857,veiculo_regional,20260815-20260822,otempo,topic_1,0.6655312527258717
1739226450456594,candidato,20260823-20260905,subtenentesergio,topic_4,0.4664562670599477
2144259359502235,veiculo_regional,20260906-20260912,tribunadonorte,topic_1,0.5404566429512034
2214820319086130,candidato,20260823-20260905,liagomesce,topic_3,0.7027133676502837
1547713433772387,veiculo_nacional,20260823-20260905,jovempannews,topic_1,0.9277628635517137
1543670504106787,veiculo_regional,20260823-20260905,agazetaes,topic_3,0.37883432464129546
1353379327009208,candidato,20260823-20260905,yuricorrea.adv,topic_6,0.43559703287184215
972372652565870,candidato,20260906-20260912,tenentepedromiranda,topic_0,0.49176903819966195
2098048200821043,candidato,20260823-20260905,deputadajanaina,topic_0,0.8973536831421701
2490467314774706,candidato,20260906-20260912,roseli_moraes23,topic_0,0.6953832292234823
1557612405671446,candidato,20260815-20260822,marcelalexandre12,topic_4,0.40779580186771597
930263380124613,candidato,20260815-20260822,cironogueira,topic_3,0.6362828703960509
941977438965579,candidato,20260823-20260905,leonelradde,topic_7,0.49517469112182566
2037646663597256,candidato,20260823-20260905,luciula_recanto,topic_0,0.7109249219190307
929886936412564,candidato,20260906-20260912,ludmillafiscina,topic_6,0.9775115653655406
1142565538198030,veiculo_regional,20260823-20260905,ac24horas,topic_3,0.2790000005706792
922446317207372,veiculo_regional,20260823-20260905,diariodepernambuco,topic_5,0.42546363546356347
1704398270628749,candidato,20260906-20260912,reginacorrochel,topic_4,0.701536954014587
1088541150232379,candidato,20260823-20260905,talaniaro,topic_4,0.8447357136546467
1390981475913694,candidato,20260823-20260905,marleipr,topic_7,0.5461743528363329
1044001001807227,candidato,20260815-20260822,manumirella_,topic_4,0.38046075686263203
28112492121755752,candidato,20260823-20260905,kleberrodrigues,topic_0,0.8219284601595936
1080705074748473,candidato,20260815-20260822,marcosgarcia.es,topic_4,0.3921701852113466
2509764056200998,candidato,20260823-20260905,ulissesmaia,topic_2,0.348296344039251
1253105956955866,candidato,20260823-20260905,claudianofilho,topic_4,0.9660286401336529
1822531628763036,candidato,20260823-20260905,drvitorlouzada,topic_4,0.6144387254287063
2883437172014265,candidato,20260906-20260912,tatianelopes___,topic_6,0.7359202269680358
2085143732096238,veiculo_nacional,20260906-20260912,jornaloglobo,topic_1,0.46113468869577867
1136628598884438,candidato,20260906-20260912,jerusadrummond,topic_2,0.632110532572633
1385675019612590,candidato,20260815-20260822,ricardomaia.dabahia,topic_0,0.921683910080696
1082477707606238,candidato,20260823-20260905,leticiamattos_sc,topic_7,0.8383101698223283
1330671378897783,candidato,20260815-20260822,marcimeirelles,topic_4,0.3941500372775526
2148943569312118,candidato,20260823-20260905,helderbarbalho,topic_0,0.39549405040981617
1603898068103359,veiculo_regional,20260823-20260905,blogdobg,topic_7,0.7162380183247317
1090150837321559,candidato,20260823-20260905,ninodeenoquepe,topic_2,0.5330143804241464
1125248343165959,candidato,20260823-20260905,annemouraam,topic_4,0.5303233202307401
1951022842241317,candidato,20260823-20260905,coelho_rodrigo,topic_0,0.7649811914934296
4572135233054055,candidato,20260823-20260905,marisazf,topic_4,0.8191996167482645
38540084498970939,veiculo_nacional,20260906-20260912,bandnewstv,topic_7,0.4347801082001992
2960766654270748,candidato,20260823-20260905,mariayvelonia,topic_6,0.7680984808241824
1711251776608870,candidato,20260823-20260905,andre_comaru,topic_6,0.5760386715035575
1442192041106205,candidato,20260815-20260822,cyrogarcia16,topic_1,0.3439540101577951
2068520077368972,veiculo_nacional,20260823-20260905,o_antagonista,topic_5,1.0
2343849309758631,candidato,20260815-20260822,gabrielcarraraoficial,topic_4,0.6569444670342891
1994374404551491,candidato,20260815-20260822,emilio.kerber,topic_4,0.7278329998608234
2307287966693872,candidato,20260906-20260912,professorlupercio,topic_4,0.5507707893438393
1499988748846071,candidato,20260906-20260912,meronneto,topic_0,0.2551543961637156
1609339590532664,candidato,20260823-20260905,cacaleao,topic_4,0.5268063682068821
1722724735891117,veiculo_regional,20260906-20260912,contilnetnoticias,topic_1,1.0
1593685098864054,candidato,20260906-20260912,torinomarques,topic_2,0.508454539014709
28377414718546105,veiculo_regional,20260906-20260912,diariodograndeabc,topic_6,0.48142479051318965
1568706004942694,veiculo_nacional,20260906-20260912,estadao,topic_1,0.38264644407397
2512393385921712,candidato,20260823-20260905,cristinamelreal,topic_6,0.44022002502472335
1659536539075967,candidato,20260823-20260905,lucasbovesp,topic_7,0.5621624418776754
1309094814503545,veiculo_regional,20260815-20260822,jc_pe,topic_1,0.6297934547042018
1041066585362201,candidato,20260815-20260822,josifloraoficial,topic_4,0.605065992548363
1283359883873838,candidato,20260815-20260822,felipegomes50321,topic_6,0.32037895596755844
1070400689121227,veiculo_regional,20260823-20260905,agorarn,topic_1,0.9496931187981072
1441526581230660,veiculo_regional,20260823-20260905,oliberal,topic_1,0.5621731078383452
1880455459368841,candidato,20260906-20260912,aliceportugal,topic_4,0.8338423442740166
1563512901464364,candidato,20260906-20260912,alvarodiasrn,topic_7,0.5576276914199598
1021464770701564,veiculo_regional,20260815-20260822,midianews.oficial,topic_1,0.8125674557776411
1656350486161622,candidato,20260823-20260905,capitaostyvensonsenador,topic_4,0.48859050611521143
1371680441801068,candidato,20260823-20260905,drjeanfreire,topic_7,0.7916641018363342
1076040318294606,candidato,20260823-20260905,gvgilberto.oficial,topic_4,0.45788248084584626
1093081713176963,candidato,20260823-20260905,bandeira.andre,topic_6,0.5428524076906863
1058940337033395,veiculo_regional,20260823-20260905,sistemaodia,topic_3,0.36009407491120154
28332931742983015,candidato,20260906-20260912,_iranlima,topic_4,0.4503306492901475
2133204553933121,candidato,20260823-20260905,lucasramospe,topic_6,0.6962906754180137
1737075510774442,candidato,20260815-20260822,humbertomartins.oficial,topic_2,0.5597343122869588
28684026424568259,veiculo_nacional,20260823-20260905,jornaloglobo,topic_7,0.8833627413308875
932852873210233,candidato,20260815-20260822,jussarafernandes,topic_0,0.48003589090931836
1025678313803518,candidato,20260823-20260905,luizcoutopt,topic_0,0.4741630246745944
1878698710205698,veiculo_regional,20260823-20260905,nsctotal,topic_1,0.997852041985173
1394698509304403,veiculo_regional,20260815-20260822,grupo.metropole,topic_1,0.6875949362343109
1419884653324478,candidato,20260815-20260822,marinaracosta,topic_0,0.6608597605420491
1281510940699773,candidato,20260815-20260822,janapereirasaude,topic_1,0.4643283654295764
1033672179435052,veiculo_regional,20260815-20260822,agazetaes,topic_1,0.8109443242031635
1966032054017079,candidato,20260815-20260822,profjosemarpsol,topic_2,0.6890575057478646
1031362093236616,veiculo_regional,20260823-20260905,ac24horas,topic_1,0.44571314140127194
1400747152027140,candidato,20260823-20260905,deputadarosangelagomes,topic_4,0.36206000088483353
1590561666075186,candidato,20260823-20260905,fredlinharesbrasilia,topic_4,0.6761416623453806
1063903949878449,veiculo_nacional,20260815-20260822,portalg1,topic_1,0.7209068518011272
1434462001885040,veiculo_nacional,20260823-20260905,revistaoeste,topic_1,0.4884257493521606
1457799539738796,candidato,20260823-20260905,larissa_dias_,topic_0,0.4915822518797313
1776878950115904,candidato,20260823-20260905,hanaghassan,topic_4,0.5617696602909549
1809232253841242,candidato,20260823-20260905,brunaperissinotto_,topic_6,0.4278144993333105
1674891326910953,candidato,20260823-20260905,jaquelinecassol,topic_2,0.3646556647093912
1607809750956460,veiculo_regional,20260815-20260822,grupo.metropole,topic_1,0.42024450858928075
2376796383128101,candidato,20260906-20260912,carlaandresa.oficial,topic_1,0.4835114689325787
28792565217014256,candidato,20260823-20260905,departhuroliveiramaia,topic_6,0.845593661487608
974638574957148,veiculo_regional,20260815-20260822,jornaldebrasilia,topic_4,0.4101438742673548
1041455028875489,candidato,20260823-20260905,rodrigodoagita,topic_1,0.2625906812560684
1473800594578418,candidato,20260906-20260912,jaqueswagner,topic_0,0.7028807245029063
918019811001144,candidato,20260906-20260912,dr_thiago_duarte,topic_4,0.6772264636627366
28349006958126083,candidato,20260823-20260905,tatianeguimaraes30go,topic_4,0.8178615448665612
2034921707211958,candidato,20260906-20260912,filipeddilha,topic_4,0.5184794865280445
1396447969132778,candidato,20260823-20260905,carlosportinho,topic_7,0.48391754156011063
2625628147876013,candidato,20260823-20260905,rogeriopiresamorim,topic_7,0.6348834992975256
1072466245505906,candidato,20260815-20260822,wagnermontesfilho,topic_1,0.7026681936735001
1576536957549484,candidato,20260906-20260912,aureo.ribeiro,topic_4,0.6149540953189078
1068390192583577,veiculo_nacional,20260823-20260905,sbtnews,topic_7,0.4814913494741654
1076787981566249,candidato,20260823-20260905,enfermeiralaryssa,topic_3,0.7390237203700523
1106381721890146,veiculo_regional,20260823-20260905,ndmais,topic_1,0.8565896190388809
1729611118296277,candidato,20260906-20260912,drandersoncoelho,topic_3,0.6304855427638579
918566270980235,candidato,20260906-20260912,alinecaputi,topic_4,0.814322206863963
2160457074891553,candidato,20260815-20260822,paraibafeminina,topic_7,0.3804856106626358
2003884833756816,candidato,20260815-20260822,alicepsol,topic_4,0.5174158884160919
4540348852958767,veiculo_nacional,20260815-20260822,bandnewstv,topic_7,0.24881142938101228
1803262847357763,candidato,20260906-20260912,drthalescoelho,topic_4,0.5794833136143529
1397334639278712,veiculo_regional,20260823-20260905,jornalopcao,topic_4,0.2973897233181928
1808032656874081,candidato,20260823-20260905,silviopitu,topic_4,0.5214405943004863
1959524868019422,veiculo_regional,20260823-20260905,ndmais,topic_1,0.48062633990221776
2286080188852370,candidato,20260823-20260905,lucasribeiropb,topic_6,0.9005935416372822
1601587758141491,candidato,20260823-20260905,_mariadorosario,topic_7,0.6290404079891628
1087916403725283,candidato,20260823-20260905,silvaneto.bahia,topic_0,0.7727102398039379
1712771003115642,veiculo_nacional,20260906-20260912,metropoles,topic_7,0.6180213115211078
1610291807394962,veiculo_nacional,20260815-20260822,metropoles,topic_1,0.5066088021971615
1104290555616565,candidato,20260823-20260905,cabodaciolo,topic_0,0.8877655481237992
2441369453023302,candidato,20260823-20260905,renatoloffi,topic_0,0.48965310856161565
1611330754003101,candidato,20260823-20260905,lucasreis13_,topic_6,0.6600802907445839
2620953088365151,candidato,20260823-20260905,lecinhobredaoficial,topic_2,0.5732721063202111
3608215706013383,veiculo_regional,20260823-20260905,d24am,topic_1,0.7794151612208716
28344177268537994,candidato,20260906-20260912,elizianegama,topic_3,0.9521594176092559
921182187243125,veiculo_nacional,20260823-20260905,jovempannews,topic_1,0.3091042924255279
29481510888105498,candidato,20260823-20260905,prefeitaceliasales,topic_0,0.8077019981306987
1894861661890257,candidato,20260823-20260905,neibe_araujo,topic_0,0.8312022421444164
2452369718586746,veiculo_regional,20260815-20260822,diariodograndeabc,topic_1,0.6235967388476503
1454379573171396,candidato,20260906-20260912,deputadoandersonmoraes,topic_2,0.5490563403576274
1818477872665950,candidato,20260823-20260905,taliriapetrone,topic_6,0.6333659624883313
1609443660715767,candidato,20260906-20260912,fabianocazeca,topic_2,0.3954344201370804
1058232130159466,candidato,20260823-20260905,sebastiaomadeiraitz,topic_2,0.8590710078598505
1026987847055208,candidato,20260823-20260905,cristianocustodia,topic_4,0.8309282886732227
1603463407940663,candidato,20260906-20260912,lismara_moreira,topic_4,0.6706073640666973
1774594523569370,candidato,20260906-20260912,capitaoalbertoneto,topic_7,0.797818733817947
1078878511178599,candidato,20260906-20260912,majcostaaraujo,topic_7,0.3680909698660378
2642775122851024,candidato,20260823-20260905,andremourase,topic_0,0.391885137125984
2190843791475804,candidato,20260823-20260905,defensor_steliodener,topic_0,0.5191206442846724
897235369830762,veiculo_nacional,20260823-20260905,portalr7,topic_5,0.5519951059990462
1374051154936989,candidato,20260815-20260822,charlesfernandesoficial,topic_0,0.6328113473331846
1093230966393645,candidato,20260823-20260905,euricotavaresam,topic_3,0.4292814233478525
1322761706393755,veiculo_regional,20260823-20260905,jornalhojeemdia,topic_5,0.8892171043857339
2192868218108763,candidato,20260815-20260822,marcelomaia.ofc,topic_4,1.0
1439930198059916,veiculo_regional,20260823-20260905,ricportal,topic_1,0.5413943573901764
2497503914050940,candidato,20260823-20260905,higordiegosp,topic_4,0.4590654926954779
1017511621312961,candidato,20260815-20260822,kleberribeiro00,topic_0,0.31592290866923317
1050239697842068,candidato,20260823-20260905,allysonbezerra.rn,topic_3,0.499721778101426
2616110475498776,veiculo_regional,20260906-20260912,blogdobg,topic_5,0.9165643288968264
2263487624448212,candidato,20260906-20260912,rodrigolorenzoni,topic_2,0.6753909689384893
1783332572712504,candidato,20260823-20260905,nayararochamg,topic_0,0.6104666000066847
1401317548080189,veiculo_regional,20260823-20260905,grupo.metropole,topic_7,0.4655254635577532
1582717959986895,candidato,20260906-20260912,yuriarruda,topic_0,0.4380769332586183
1638641577911941,candidato,20260823-20260905,guitodeschini,topic_5,0.7428731077506912
27926307227062548,veiculo_regional,20260815-20260822,oliberal,topic_1,0.41705600467572174
1122470903684834,candidato,20260823-20260905,mirosanova,topic_0,0.8980549348139912
2874950906197565,candidato,20260906-20260912,andersondezedascanas,topic_2,0.685425888896928
1083020067992180,veiculo_nacional,20260823-20260905,metropoles,topic_1,0.4098630602926066
946446407937213,candidato,20260823-20260905,paulomineiro30,topic_4,0.4060677135414783
1786896925838203,candidato,20260823-20260905,douglaswinter.rs,topic_6,0.7926631068438724
1101719362283360,candidato,20260823-20260905,leticiamattos_sc,topic_7,0.7486679656938284
3122745754740889,candidato,20260906-20260912,annemoraesvereadora,topic_4,0.6823819815194948
2283458419084439,veiculo_regional,20260815-20260822,bnews_oficial,topic_1,0.6554079087203939
1617183690071679,veiculo_regional,20260815-20260822,contilnetnoticias,topic_1,0.5576705382866044
1254690864402494,veiculo_regional,20260823-20260905,grupo.metropole,topic_1,0.6264644528147926
1753572072329033,candidato,20260823-20260905,matheus.biancardinemg,topic_6,0.5459412071876988
27981824064811657,candidato,20260823-20260905,depivanabastos,topic_2,0.4317973414195114
1055681460863825,candidato,20260823-20260905,crismouraoo,topic_5,0.44429327152758624
1413282577045092,candidato,20260823-20260905,wesleycezaroficial,topic_3,0.6438550912857678
1067752418994121,candidato,20260906-20260912,thiagoavilabrasil,topic_3,0.42619233695347497
28780804958228557,veiculo_regional,20260823-20260905,diariodonordeste,topic_1,0.8610613388171734
1441095101203009,candidato,20260823-20260905,flaviomantovani.oficial,topic_7,0.27927866962761083
1256568609924565,candidato,20260823-20260905,fatimacanuto,topic_6,0.443302512374708
1641546507552163,candidato,20260906-20260912,raquelgallinati,topic_2,0.4886254253263712
28083816674620210,candidato,20260823-20260905,angelo.vanhoni,topic_4,0.6560725664033632
1817171489454585,candidato,20260823-20260905,dudasanchesba,topic_0,0.4421209119041084
1541555087774179,candidato,20260906-20260912,delegadasheila,topic_2,0.4633698591986323
1581456346756033,candidato,20260815-20260822,gegemagalhaespinto,topic_4,0.566023132678478
2560422214397645,candidato,20260906-20260912,opiniaodapreta,topic_4,0.845304541054875
1005940539170800,candidato,20260823-20260905,vereadorraimundofilho,topic_0,0.49397450835912954
1714459746331649,candidato,20260815-20260822,charlles.evangelista,topic_2,0.5697405080924473
1788895359209525,candidato,20260823-20260905,pataiello,topic_1,0.36580210757408865
1714249209666667,veiculo_nacional,20260823-20260905,correio.braziliense,topic_1,0.6532699647262799
1603247514585307,candidato,20260906-20260912,delegadajannira,topic_4,0.8168374531899246
3259972261057008,candidato,20260906-20260912,danielalmeida,topic_4,0.37996313156035416
1453143636712767,candidato,20260823-20260905,rio.guilhermeschleder,topic_2,0.48951650013212544
1101101012430291,candidato,20260906-20260912,romerorodriguespb,topic_2,0.3612281436398884
1108551438500014,veiculo_regional,20260815-20260822,folhavitoria,topic_1,0.4451430144942652
2453705308368455,veiculo_regional,20260815-20260822,tvcidadeverde,topic_1,0.7390800612746014
1878749109958148,candidato,20260823-20260905,franzepiaui,topic_0,0.3472430672843852
1380655256877010,candidato,20260823-20260905,victorrattesdf,topic_6,0.3538553532595937
1410537293736566,veiculo_regional,20260823-20260905,contilnetnoticias,topic_1,0.9420702205750384
1571783540687724,candidato,20260823-20260905,willianveloso.go,topic_4,0.6228515934285782
1516886060483681,veiculo_regional,20260906-20260912,midiamax,topic_1,0.8705147846256732
1786080652617830,candidato,20260823-20260905,jesusalvesamazonas,topic_6,0.9314206141099873
1721369765615357,veiculo_regional,20260906-20260912,contilnetnoticias,topic_1,0.9339344139805742
4486748861563982,candidato,20260906-20260912,pedroluizdm,topic_6,0.488681512594325
2015170622843781,veiculo_nacional,20260906-20260912,jovempannews,topic_5,1.0
1755497762446330,candidato,20260906-20260912,chicovigilanteoficial,topic_4,0.6088999563857295
2141639303896393,candidato,20260823-20260905,valdelinobarcelos,topic_4,0.5353168143262306
2211035192797192,candidato,20260823-20260905,doutoralarafernandesoficial,topic_4,0.4697463513014919
1652210369580396,veiculo_regional,20260823-20260905,odiaonline,topic_6,0.504022619000208
1591798985721732,candidato,20260815-20260822,alessandro.japones,topic_4,0.784123385279067
2613083782484077,candidato,20260906-20260912,iracemavaleoficial,topic_4,0.7989476395922127
1615094227001213,veiculo_nacional,20260823-20260905,sbtnews,topic_7,0.5710642297140089
1773984488062471,candidato,20260815-20260822,professor.tatuado,topic_6,0.666494925173307
1091071030299661,candidato,20260823-20260905,lucianoguerreiro.oficial,topic_2,0.6135685889070671
2120627235546986,candidato,20260906-20260912,cabodaciolo,topic_0,0.37051415382491276
1954824561853623,candidato,20260906-20260912,dieymevasconcelos,topic_4,0.6685228243129168
1108864424957992,candidato,20260823-20260905,severo.eulalio,topic_0,0.3897748973622424
2304934137004507,candidato,20260906-20260912,eduardocarneiropb,topic_0,1.0
1351204210210457,candidato,20260906-20260912,ocampiol,topic_4,0.29120868377465253
1591319945699742,candidato,20260815-20260822,cicerolucena,topic_0,0.4488193299732298
1111945928031351,candidato,20260815-20260822,natiellegama,topic_2,0.3564525924768256
2618872978564327,partido,20260823-20260905,podemos20,topic_2,0.8672276162173574
1058919643710604,candidato,20260906-20260912,cricielle13,topic_3,0.5357371410294791
2396237917449859,candidato,20260823-20260905,sf_moro,topic_2,0.3154618264350438
939084298746873,candidato,20260823-20260905,minhacapital,topic_4,0.6863087026520486
2517993118694460,candidato,20260906-20260912,victordiaspa,topic_4,0.4134222270866125
1066357806106319,candidato,20260906-20260912,rosangelasp13,topic_7,0.6636658001410654
2234783623760854,veiculo_regional,20260823-20260905,ricportal,topic_1,0.7285777605934698
1977005392991951,candidato,20260906-20260912,marquinhodogayer,topic_5,0.9028094341899014
1611429010680947,candidato,20260823-20260905,prof.gilson.dias,topic_4,0.5602269325462482
2219137378959079,veiculo_regional,20260815-20260822,doldiarioonline,topic_1,0.5528856591065787
1653840456358513,candidato,20260815-20260822,fabiolamansuroficial,topic_6,0.3917758765728849
1784543949337925,candidato,20260823-20260905,andersonadauto,topic_0,0.6720756569102703
1742669830292131,candidato,20260815-20260822,maxrussi,topic_4,0.6700325588393821
1049387724379672,candidato,20260823-20260905,samanda,topic_3,0.5258249463072535
2226036757958027,candidato,20260815-20260822,eujoaocris,topic_1,0.37616380544770583
4557758864508349,veiculo_nacional,20260823-20260905,correio.braziliense,topic_1,0.7399557422347619
2435594953631632,candidato,20260823-20260905,claudio_vigilante,topic_4,0.43784805332306104
3534187473426642,veiculo_nacional,20260823-20260905,vejamais,topic_1,0.6107102320252534
905196879080108,candidato,20260815-20260822,boscosaraiva,topic_0,0.5672593713955032
1424027739882025,candidato,20260906-20260912,allan.garces,topic_2,0.487174659918621
1697592057977618,candidato,20260815-20260822,maedjacampos,topic_0,0.4406588009116189
1611719337344455,veiculo_regional,20260823-20260905,clickpb,topic_1,0.5240040793113007
1402820155079325,candidato,20260823-20260905,thiagolisboa.oficial,topic_4,0.7231857964484121
1094588163015792,candidato,20260815-20260822,romeualdiguerioficial,topic_0,0.9386206550053254
1724872498774151,veiculo_regional,20260815-20260822,gazetadigital,topic_1,0.853723103062833
1566297865531566,candidato,20260823-20260905,edersondeiro,topic_2,0.3489975695524467
1428088755887552,candidato,20260906-20260912,jesus_pontes_,topic_2,0.7608138905328568
3114469658887260,candidato,20260906-20260912,eduardohonorioo,topic_2,0.579121367553708
1072918908954136,candidato,20260823-20260905,deputadonicoletti,topic_3,0.49011110788562595
1663744348522963,candidato,20260906-20260912,coronel.ribeiro,topic_0,0.5259888179472624
2704150393350036,candidato,20260823-20260905,elizeunascimentomt,topic_0,0.9874798238784167
1536570968154740,veiculo_regional,20260815-20260822,jornaldebrasilia.ofc,topic_1,0.8779284369403935
28698385703183837,candidato,20260906-20260912,vaidonoliveira,topic_3,0.38762632485367843
1817850102734190,candidato,20260823-20260905,vereadortiagomenezes,topic_2,0.38050075861920335
1449696487064181,candidato,20260906-20260912,ademartraiano,topic_3,0.6866031718077302
1053568960769184,candidato,20260823-20260905,luladafonte,topic_4,0.7160561574611565
1087153317456583,candidato,20260906-20260912,raidoparaiso,topic_2,0.5395827544380195
1789933982050657,candidato,20260815-20260822,moarasaboia,topic_4,0.6552146536412751
1850943682732554,veiculo_regional,20260823-20260905,jornal_opopular,topic_1,0.9959381532702515
1029286616640734,candidato,20260815-20260822,coronelroveri,topic_0,0.6497881334885013
1599095191711375,candidato,20260815-20260822,danielnascimento.ita,topic_2,0.5617746070567051
1458404703008463,candidato,20260823-20260905,eduardocarneiropb,topic_4,0.6632164848885569
3334394620076129,candidato,20260906-20260912,edmilsonfonsecafilho,topic_2,0.87723708332386
3269695363419596,veiculo_regional,20260815-20260822,portalgp1,topic_1,1.0
1113303111376017,candidato,20260906-20260912,waldenor,topic_3,0.8101787277404349
2397806601027501,candidato,20260823-20260905,deputadowelter,topic_2,0.34408159941743194
2133597030559804,candidato,20260906-20260912,pastorsargentoisidorio,topic_4,0.42151879906959894
1634072214880924,candidato,20260906-20260912,leonardomascarenhasbr_,topic_4,0.45894647292651536
1559222871874870,veiculo_nacional,20260823-20260905,metropoles,topic_6,0.45244394610336913
2182500542644969,candidato,20260906-20260912,dorielbarrospe,topic_4,0.7938655379555126
2301194690691104,candidato,20260815-20260822,thiagolisboa.oficial,topic_4,0.7791802026589364
1114123791040488,candidato,20260906-20260912,marcoantoniocabral,topic_2,0.7282310259619247
1702661284144364,candidato,20260815-20260822,joaozinhotenorio,topic_6,0.8958497043489859
936705525662534,candidato,20260823-20260905,paulomelo_sa,topic_0,0.7781706306869536
1070649792499851,veiculo_regional,20260815-20260822,ac24horas,topic_1,0.29866034517734125
1822309919187863,candidato,20260823-20260905,deborapsol,topic_3,0.8276916223880891
923218300501428,candidato,20260906-20260912,eusoujuliocesarcamararn,topic_0,0.9338895254749652
1647805820339896,candidato,20260823-20260905,alvaro.jeronymo,topic_4,0.6842415027766662
1470773968159633,candidato,20260906-20260912,amigozesantana,topic_2,0.6165232627199315
2143283549732633,candidato,20260823-20260905,ritatonielo,topic_0,0.5702611197320866
1599664745282463,candidato,20260815-20260822,vivifernandestur,topic_6,0.4104140010206515
1559777098727237,veiculo_regional,20260906-20260912,midianews.oficial,topic_7,0.22362174946663319
4656810027972482,veiculo_regional,20260815-20260822,ac24horas,topic_1,0.6173261351724134
1772010583925277,candidato,20260823-20260905,vitoriojuniormg,topic_4,0.49809721471757956
1404315291908908,candidato,20260823-20260905,callegari_es,topic_4,0.4961303881293466
3129006073968907,candidato,20260823-20260905,henriquevilela,topic_2,0.4896117813418602
28059877067047785,candidato,20260906-20260912,rodrigodaaposentadoria,topic_0,0.8380541289868202
966858129820305,candidato,20260823-20260905,gutolopesrs,topic_3,0.38773570769074367
4572148463104069,candidato,20260823-20260905,drakellenguerradf,topic_0,0.4984924498005103
2597173644117094,candidato,20260906-20260912,hermeto.oficial,topic_4,0.7474947331227484
1610806124039136,candidato,20260815-20260822,zezinhobarbary,topic_0,0.8235931544316829
1539068794138029,candidato,20260823-20260905,betto.almeida,topic_1,0.7754428610036527
1416827380652350,candidato,20260906-20260912,deputadomarcon,topic_4,0.26782875304000353
1404396438332161,veiculo_nacional,20260823-20260905,cartacapital,topic_1,0.6268606545736088
1616355596791571,veiculo_regional,20260906-20260912,bnews_oficial,topic_1,0.5395151846587991
1010853518649116,candidato,20260823-20260905,jessicamacaxeira,topic_6,0.7246295198830698
28004708245890947,veiculo_regional,20260906-20260912,correio24horas,topic_5,0.6611726370242703
1705775067385908,candidato,20260815-20260822,delegadoruchester,topic_7,0.5197159329348149
1770604994076120,candidato,20260906-20260912,ronaldotannusmg,topic_4,0.5401027718082507
921945314068343,candidato,20260823-20260905,agnaldopiscopo,topic_2,0.6531929694782289
2177789706416490,candidato,20260906-20260912,silvionascimentodecaucaia,topic_0,0.5495806109162998
3644353235723432,candidato,20260815-20260822,andreiasiqueira,topic_0,0.7269419714200169
1406750170788008,candidato,20260823-20260905,osiresdamaso,topic_4,0.6054498798500992
1624805835676836,candidato,20260906-20260912,marcelocamposgouveia,topic_2,0.5296207692130926
1863987301475914,veiculo_nacional,20260815-20260822,metropoles,topic_1,0.43970036860492395
1938697470440549,candidato,20260906-20260912,elismar.goncalves,topic_4,0.9922093517861785
2390133278402436,candidato,20260906-20260912,gustavocamposgouveia,topic_0,0.3770000783113194
4500486196886939,candidato,20260823-20260905,deputadothiagoaraujo,topic_0,0.6299993490117137
943500608185832,candidato,20260815-20260822,soutitooficial,topic_0,0.5039721307001376
1610116963944914,candidato,20260906-20260912,cirogomes,topic_3,0.8080469018651305
2313965922768502,candidato,20260823-20260905,adrillesjorge,topic_7,0.7877227012220932
1708565020217047,candidato,20260906-20260912,arilsonchiorato,topic_3,0.37446428381559993
2133579854253776,veiculo_nacional,20260906-20260912,jovempannews,topic_5,0.8079881792619548
1134441659255618,candidato,20260906-20260912,coronel.menezes,topic_3,0.4219137770207451
1077371941347285,candidato,20260823-20260905,luladobemoficial,topic_4,0.3964920006591954
3012663435763493,veiculo_regional,20260815-20260822,tribunadonorte,topic_1,0.9646884339885764
2247022076087913,candidato,20260823-20260905,helenadaasatur,topic_3,0.5685153221230256
2963778367307663,candidato,20260815-20260822,josededjbuzios,topic_0,1.0
1128155042918539,candidato,20260906-20260912,luizfernandoita,topic_6,0.637162554134004
1600632591732478,candidato,20260815-20260822,macaeevaristo,topic_4,0.5914164813584231
1033463056190722,candidato,20260906-20260912,oficial_monicacalazans,topic_4,0.6371287320470607
1786071066039043,candidato,20260823-20260905,luizsergiooficiall,topic_2,0.7857411912054854
1041317398939129,candidato,20260906-20260912,brunomarinioficial,topic_0,0.6408901148636043
1033658209709961,candidato,20260823-20260905,miriapires_,topic_4,0.581928050294884
1077119468238309,candidato,20260823-20260905,matheusquintal,topic_7,0.5212862421345008
29361412093484016,candidato,20260815-20260822,andiara.ferreiraadv,topic_4,0.4850904621105152
1061045473183849,candidato,20260815-20260822,valdeci13rs,topic_7,0.5232701465985894
1814049596275555,candidato,20260815-20260822,_leandrobello,topic_0,0.5747011296323103
4605686076426070,candidato,20260823-20260905,rayfranbeiraoap,topic_2,0.6500266131559834
1567233487728250,candidato,20260823-20260905,jooliveirapb,topic_2,0.4300108018809048
1072404578490329,veiculo_regional,20260823-20260905,folhavitoria,topic_1,0.6991683330995067
1483745483589506,veiculo_regional,20260906-20260912,agazetaes,topic_0,0.6043035269321217
963563506764673,candidato,20260823-20260905,marcelinhocariocadf,topic_4,0.6068177705878309
2504236513405202,candidato,20260823-20260905,_ffalcon,topic_6,0.524830019212746
2287250065147192,candidato,20260823-20260905,juninho.pr_,topic_0,0.437352695192372
952144151266719,candidato,20260823-20260905,brunamarinoficial,topic_4,0.4266424887937829
1136396352678404,veiculo_nacional,20260823-20260905,poder360,topic_5,0.7043367969398386
2207168356869203,candidato,20260906-20260912,gilbertoribeiro.tv,topic_2,0.4599707325300335
2169757787284551,veiculo_regional,20260906-20260912,agazetaes,topic_1,0.8900318763617787
1518329820328280,candidato,20260815-20260822,drvictorlinhalis,topic_0,0.8237493114540184
1762848771671232,candidato,20260823-20260905,robertaroma.ba,topic_4,0.818051288051759
1417776553776882,candidato,20260906-20260912,dudusoares_pb,topic_0,0.2529753254745698
2175722089683527,candidato,20260906-20260912,camilajarams,topic_6,0.5713319385510244
1403146734722728,veiculo_regional,20260815-20260822,portalacritica,topic_7,0.2764374874794001
2341528923046137,candidato,20260823-20260905,cidoniogoncalves,topic_2,0.47996540071133675
2405131216562632,candidato,20260823-20260905,fabiohenrique.se,topic_0,0.7620177520693563
1453785606671556,partido,20260823-20260905,partidomissao,topic_7,0.7464523537865877
2114629056154488,candidato,20260815-20260822,helenadaasatur,topic_3,0.39740890334797074
934189472543080,candidato,20260823-20260905,danielbassioficial,topic_3,0.9756833729322707
1795624364923773,veiculo_regional,20260823-20260905,tribunaonline,topic_1,1.0
925896833910684,candidato,20260823-20260905,ribamarbandeirafilho,topic_4,0.5506321680899947
1785478929467932,candidato,20260815-20260822,chico.alencar,topic_5,0.6238934806931988
1575435887607428,candidato,20260823-20260905,adrianamachado.gja,topic_6,1.0
1772012570489655,veiculo_regional,20260815-20260822,afnoticias,topic_1,0.5645418069725624
1787307919285262,candidato,20260823-20260905,felipealecrim.oficial,topic_4,0.6367235801664868
1088153670517033,candidato,20260815-20260822,moniquevaqueira,topic_6,0.9584332901898788
1116096907647940,candidato,20260823-20260905,dramarciatapigliani,topic_3,0.3170926287968989
1084289237309717,candidato,20260906-20260912,tombafarias,topic_6,0.36432125145401906
1614170340286113,candidato,20260906-20260912,flaviobolsonaro,topic_4,0.6211461421629474
1713600619750773,veiculo_nacional,20260823-20260905,metropoles,topic_1,0.791112464735376
1586851746322901,candidato,20260823-20260905,gean_loureiro,topic_0,0.7188333658532913
1081401097951331,candidato,20260906-20260912,odrlucasrodrigues,topic_4,0.8679431502659128
1385076603273133,candidato,20260823-20260905,juniorlopes.33,topic_2,0.5038070872898281
1135371169052722,veiculo_regional,20260815-20260822,bahianoticias,topic_1,0.5022935577680129
1066083676296405,candidato,20260906-20260912,jooliveirapb,topic_4,0.3424357082301353
2328348577992703,candidato,20260823-20260905,dra.giselli.bianchini,topic_2,0.42434514185412
1418700293541480,candidato,20260823-20260905,sf_moro,topic_0,0.6028172321954494
1083009314322592,candidato,20260906-20260912,desembargadorsebastiaocoelho,topic_5,0.9076834526064445
2191664248062701,candidato,20260815-20260822,samarapsol,topic_1,0.89624933039
1732257378105900,candidato,20260823-20260905,pedrommatias13,topic_6,0.8629314698593135
1014498564955634,candidato,20260906-20260912,raffiedellon,topic_7,0.6128596866895026
28054768060860672,veiculo_regional,20260815-20260822,folhape,topic_1,0.47502054707432617
943203765518628,candidato,20260823-20260905,pastordanieldecastro,topic_0,0.8773705520501598
1496803169141214,candidato,20260906-20260912,dep.tiririca,topic_2,0.8954986632968407
813086308534470,veiculo_nacional,20260823-20260905,jornaloglobo,topic_7,0.5770411875603447
1451324846884344,candidato,20260823-20260905,joao.paulosegundo,topic_0,0.8003931653876889
1513248280530948,candidato,20260823-20260905,dramariliamello,topic_4,0.6467948981605104
1730894578026417,candidato,20260815-20260822,dephugoleal,topic_6,0.40335696364275325
1545163597342522,veiculo_nacional,20260823-20260905,jornaloglobo,topic_7,0.9397393609241377
1417968776964462,candidato,20260823-20260905,capitaosamuelof,topic_1,0.4001906215477435
3988007584834962,veiculo_nacional,20260815-20260822,metropoles,topic_7,0.524204632013744
1810602623711814,candidato,20260815-20260822,realrcoutinho,topic_7,0.4343508475370992
1118831530816438,veiculo_nacional,20260815-20260822,cartacapital,topic_5,0.5272033687102685
2169070360630485,candidato,20260815-20260822,acarequinhaoficial,topic_4,0.5215717046080599
1588822619413539,candidato,20260823-20260905,alessandra_korap,topic_3,0.41572645614295706
2110748486185001,candidato,20260906-20260912,resgatesdolaiola,topic_4,0.6582628228242212
1770038430909274,veiculo_regional,20260906-20260912,jornaldebrasilia.ofc,topic_1,0.9258445533100902
1793578835314648,candidato,20260823-20260905,gimondardo,topic_0,0.36506407220612447
1341870291357268,candidato,20260906-20260912,carteiroreaca,topic_5,0.44485664674191444
29782416091345782,candidato,20260906-20260912,rdnarede,topic_0,0.3395922655047671
931626079555380,candidato,20260823-20260905,hildonchaves_,topic_3,0.6774740798300946
1062818843015345,candidato,20260823-20260905,joaomarcelomissao,topic_7,0.6520856710254188
1524057536424951,candidato,20260906-20260912,paulabelmonteoficial,topic_0,0.3710591342747334
1775638777107909,candidato,20260815-20260822,vandinhodapadaria,topic_6,0.6050010988103576
1122343997117336,candidato,20260906-20260912,victorflorespe,topic_4,0.5520194645518375
1751549382723306,candidato,20260906-20260912,thiago.buhrer,topic_4,0.6143042847066196
1408575607920621,candidato,20260815-20260822,ruialves10oficial,topic_0,0.3713449077968076
2285409628966328,veiculo_regional,20260823-20260905,clickpb,topic_1,0.5108956688990014
2520334065135227,candidato,20260823-20260905,tiagozilli_,topic_0,0.8021619310988474
1129916379422795,veiculo_regional,20260815-20260822,seles_nafes,topic_1,0.6517955618046468
901234699535314,candidato,20260815-20260822,robertojustus,topic_4,0.7505279171220043
1409424954456571,candidato,20260815-20260822,paulasoarescaravelas,topic_4,0.7179854420283291
1619923339804949,candidato,20260823-20260905,soldadoarruda,topic_2,0.9313736984758885
4358681211010455,candidato,20260906-20260912,lucianogenesio,topic_3,0.3491863459005547
1395029639277115,candidato,20260823-20260905,pai_ricardo_oxum,topic_2,0.6786597034623776
2117635072472130,candidato,20260823-20260905,liliancynthia,topic_7,0.426190405800854
1731399901273464,veiculo_regional,20260906-20260912,maisgoias,topic_1,0.6174845996210484
2042408359796511,veiculo_regional,20260906-20260912,tvcidadeverde,topic_4,0.43888385960320914
1406264188300067,candidato,20260823-20260905,moronitorgan,topic_6,0.5093335959946711
1422671213057899,candidato,20260815-20260822,toninhowandscheer,topic_0,0.3925409670825968
1575954727410734,candidato,20260823-20260905,wesleycasaforte,topic_4,0.629655049636975
914519801730821,candidato,20260815-20260822,fran.bayer,topic_0,0.3400296200327622
1767650877644384,veiculo_regional,20260823-20260905,bnews_oficial,topic_1,0.44620729104754037
2181145145801485,candidato,20260823-20260905,helderbarbalho,topic_6,0.781992234233718
1866110888136489,candidato,20260823-20260905,enzosamuel.ofc,topic_0,0.6688442361310386
1117200077328527,candidato,20260906-20260912,jefersonmodestooficial,topic_4,0.6233038995729596
1616160086917164,candidato,20260906-20260912,delegadomarcelofreitas,topic_2,0.4227922879041282
2224876084746073,candidato,20260815-20260822,viniciusbimpt,topic_1,0.573946733545903
2613677785740983,candidato,20260823-20260905,aureobacelar,topic_1,0.762278896690574
2184071559199077,veiculo_regional,20260823-20260905,itatiaiaoficial,topic_5,0.8054959394508039
1645626377081505,candidato,20260815-20260822,lucianodaluz,topic_7,0.6767267620729608
1643438377368346,candidato,20260815-20260822,angelo.coronel,topic_0,0.5530842616395485
1553657453203332,candidato,20260823-20260905,del.brunolima,topic_1,0.6256713903398597
1713090423101077,candidato,20260815-20260822,joaosantosdosocial,topic_0,0.9458570446441646
1038000205905211,candidato,20260823-20260905,rafaelribeirooficial,topic_2,0.8499451555366684
1787700689214817,candidato,20260906-20260912,camilocapiberibe,topic_2,0.7096589363943645
2161449191456427,candidato,20260906-20260912,rodrigodiasbsb,topic_6,0.4024154528178811
1088285837144665,candidato,20260906-20260912,fabiohenrique.se,topic_0,0.5944792778040163
1097351269599419,veiculo_regional,20260815-20260822,contilnetnoticias,topic_1,0.9665059451550525
1735410994243238,candidato,20260906-20260912,lucianobuligon,topic_4,0.7053204340169057
1852850129018373,candidato,20260823-20260905,gleideangelo,topic_0,0.3439772187320973
3514549295362348,candidato,20260906-20260912,leonardofrancarj,topic_4,0.8547523378178937
1403684734428981,veiculo_regional,20260906-20260912,agazetaes,topic_1,1.0
1084144261207162,candidato,20260906-20260912,samilapmt,topic_6,0.4063902109553854
1402299388005265,candidato,20260823-20260905,douglascamargoo,topic_0,0.8537559821385146
1734829090910971,candidato,20260815-20260822,allanagoncalves,topic_4,0.7470246676916983
1635902688218646,candidato,20260906-20260912,engheltoncosta,topic_4,0.6034043963738777
2836101036767170,candidato,20260823-20260905,lianogueirams,topic_4,0.9305542538970027
2913889768975065,veiculo_regional,20260823-20260905,jc_pe,topic_1,0.6303628138610143
1603213274609383,candidato,20260906-20260912,fabiopagnozzidr,topic_4,0.2999260640888753
1056682430403121,candidato,20260823-20260905,sidineicardoso,topic_2,0.4581656385522198
1089506860715893,candidato,20260815-20260822,andre_fufuca,topic_6,0.7568389656289757
1017502161319785,veiculo_regional,20260823-20260905,ac24horas,topic_7,0.3754332119564102
1069913745629956,candidato,20260815-20260822,delegadakatarina,topic_2,0.5659403544783173
28051930901168569,candidato,20260823-20260905,jorgeoliveiraam,topic_0,0.48899530497827837
1679260887076587,candidato,20260906-20260912,adriana.rodriguesofcc,topic_0,0.7392636341999639
1630313371773957,candidato,20260815-20260822,jessicagpieri,topic_4,0.6050982168118497
1064150929762562,candidato,20260815-20260822,vereadorottorezende,topic_2,0.62605113652624
1735017117759410,candidato,20260823-20260905,vd.viniciusdiniz,topic_6,0.4698908349105471
1788736578989289,candidato,20260906-20260912,delegadanadine,topic_6,0.6392986856600731
3637699353045259,candidato,20260823-20260905,elcimaraloureiro,topic_4,0.8578233505092938
2338366606927650,candidato,20260823-20260905,prof.geovanii_vieira,topic_4,0.5507647781172011
1388811646765464,veiculo_regional,20260815-20260822,folhavitoria,topic_1,0.7122187870777833
1054888147170916,candidato,20260815-20260822,anderson.de.tuca,topic_2,0.5890749986336211
4011303265839304,veiculo_regional,20260823-20260905,contilnetnoticias,topic_1,0.9039119619648385
1481581807063581,veiculo_nacional,20260815-20260822,portalr7,topic_1,1.0
1755771132206274,candidato,20260815-20260822,fabiodalecio,topic_2,0.53505260029152
1607248154761961,candidato,20260815-20260822,helencabral13,topic_4,0.41349535120356196
1070256919265668,candidato,20260906-20260912,claudio_cirurgiao,topic_4,0.4361900117049231
1528580209026098,candidato,20260906-20260912,vantoilmartins,topic_2,0.6928945687452744
1584536340352886,candidato,20260823-20260905,marcoaurelioitz,topic_2,0.4607921396568449
1756035182370487,candidato,20260823-20260905,gleisihoffmann,topic_4,0.9797607898408174
1016362051405339,candidato,20260823-20260905,deputadobacelar,topic_0,0.6877066971253316
1588874866073321,candidato,20260906-20260912,aurelinamedeirosoficial,topic_0,0.7261961670115067
2476309249562519,veiculo_regional,20260815-20260822,agazetaes,topic_3,0.40051124215983014
960360427087743,candidato,20260815-20260822,adibeliasoficial,topic_0,0.47658097562324225
1600339378217571,veiculo_regional,20260823-20260905,odiaonline,topic_4,0.5485076042177989
2127350208127399,veiculo_nacional,20260815-20260822,brasildefato,topic_1,0.5228046390390757
1374824914818453,candidato,20260906-20260912,10ronaldomartins,topic_1,0.41701552799305514
1764341718219015,candidato,20260823-20260905,danieli.balbi,topic_4,0.4039689396849288
995897820209241,candidato,20260906-20260912,gracinhacaiado,topic_0,0.7647476805184397
1068535156098014,candidato,20260823-20260905,mabeldecarvalho.adv,topic_3,0.6141252274323936
3109176889277109,candidato,20260823-20260905,dimasgadelha13,topic_7,0.521721141119645
1056541060499499,candidato,20260823-20260905,fabrizioferraz,topic_0,0.5083960799794167
2146922052529660,veiculo_regional,20260823-20260905,ac24horas,topic_1,0.5135382302289614
1591559219361408,candidato,20260906-20260912,pastordanieldecastro,topic_0,0.6979302322298225
1431008158951498,candidato,20260823-20260905,cabo_senna,topic_4,0.6506761087432078
1776558167007607,candidato,20260823-20260905,gabrielcarraraoficial,topic_4,0.6139024546836798
1656159179360775,candidato,20260906-20260912,felipecostacamarao,topic_6,0.6556306259478822
1089679590220693,veiculo_regional,20260823-20260905,contilnetnoticias,topic_1,0.8948547125677576
1388369569550540,candidato,20260906-20260912,tenentepedromiranda,topic_4,0.599815636383176
28033130276314175,candidato,20260823-20260905,candissecarvalho,topic_0,0.5005379722621442
2192417808327461,candidato,20260823-20260905,eupetalaoficial,topic_2,0.45257884185435265
1440864098285563,candidato,20260823-20260905,lucasvergiliogo,topic_0,0.6066691637703167
28460941356874140,candidato,20260815-20260822,felipeboro.rio,topic_0,0.6427400195629793
1562434624929029,candidato,20260815-20260822,ricardomarques_rm,topic_4,0.9877696278794277
1728540551712615,veiculo_regional,20260823-20260905,pbagora,topic_1,0.3054354101012743
1621973309286725,candidato,20260815-20260822,delegado_felipecuri,topic_2,0.2912056632606585
1609345947293472,candidato,20260823-20260905,matheusdegeraldojunior,topic_6,0.9693052455589379
2553735738408381,candidato,20260823-20260905,ademartraiano,topic_2,0.9880449045107288
2781840425542543,candidato,20260815-20260822,aracelilemos,topic_4,0.8799940419322028
3841961445945990,veiculo_regional,20260823-20260905,odiaonline,topic_1,0.9646324565926543
2176226559979460,candidato,20260815-20260822,cezarleiteoficial,topic_4,0.8938043746752551
2883758218650101,candidato,20260823-20260905,rigonifelipe,topic_6,0.2728938875944249
1027485037008944,candidato,20260823-20260905,rogeriolucianopacheco,topic_4,0.6311516678138085
28764471009827380,candidato,20260906-20260912,carolbioto,topic_4,0.38893386119045154
1084262527281079,candidato,20260906-20260912,marianaazevedobassini,topic_4,0.7359348743147013
1088574604151896,candidato,20260823-20260905,allanferreiraes,topic_0,0.3878019838725445
1049067494425219,candidato,20260823-20260905,flavioserafini,topic_4,0.6007696619830555
1827094798319695,candidato,20260823-20260905,delegadamadeleine,topic_0,0.500601615820052
1996631771005114,candidato,20260823-20260905,marcionunesparana,topic_2,0.6904090219214148
2055819185055924,candidato,20260823-20260905,ulissesmaia,topic_4,0.48300013319980195
1147009460995387,veiculo_regional,20260906-20260912,eshoje,topic_6,0.3806361483595891
1452243733449889,candidato,20260906-20260912,delegada_olivia_fonseca,topic_4,0.7598033399659933
1836502154429251,candidato,20260823-20260905,jordaniasiqueira_,topic_6,0.43339982350187256
2343832836187322,candidato,20260823-20260905,lucianopereiraph,topic_0,0.6889326415176854
1061285543426082,candidato,20260815-20260822,weibetapeba,topic_3,0.5668120766308933
2229118201269390,candidato,20260823-20260905,drfernandoneuro,topic_2,0.9726872683755567
1395868849361214,veiculo_nacional,20260815-20260822,portalr7,topic_1,0.5117611270149665
2587874185068019,candidato,20260906-20260912,viniciusferrocastro,topic_0,0.8667884790662044
982786884826814,veiculo_nacional,20260823-20260905,cnnbrasil,topic_1,0.5400096786483377
1433711095393435,candidato,20260906-20260912,andregomes.pb,topic_4,0.5449253236386876
1732717227997862,candidato,20260823-20260905,orlandomorando,topic_4,0.45096847160181425
1657069339277313,candidato,20260815-20260822,alessandraferreiramt,topic_4,0.5383720995668548
1125229233502887,candidato,20260823-20260905,vicenzodf,topic_6,0.4133288487457882
1101960462190893,candidato,20260823-20260905,eduardobraide,topic_6,1.0
1736713334264554,veiculo_regional,20260815-20260822,jornalcruzeiro,topic_1,0.9601690332240622
1068152772741181,veiculo_regional,20260823-20260905,folhavitoria,topic_1,0.4090823076796985
1386026189833552,candidato,20260906-20260912,coronelpimenta.es,topic_0,0.4043203236356066
3188381478026250,veiculo_nacional,20260815-20260822,metropoles,topic_4,0.3405245947741798
1584986906450291,candidato,20260823-20260905,drjarques,topic_6,0.7783114124880632
1756932318858897,candidato,20260823-20260905,naracoutrim,topic_6,0.3427040018567101
1833819957785975,veiculo_nacional,20260815-20260822,portalg1,topic_1,0.7293537188651119
1620908226243579,veiculo_regional,20260815-20260822,portalbandab,topic_1,0.9342810264561368
1080792471322244,candidato,20260823-20260905,apostolamarileide,topic_4,0.485685904276813
1375636410917621,candidato,20260823-20260905,moisesselerges,topic_2,0.8161277731193817
1798296521366828,veiculo_regional,20260906-20260912,bemparana,topic_1,0.7659258020738995
1621052729567540,veiculo_regional,20260815-20260822,portaldoholanda,topic_1,0.30564894006560567
1601126728089062,candidato,20260823-20260905,leandredalponte,topic_4,0.4554122323194143
1480259004157029,candidato,20260815-20260822,julianadechaparral,topic_3,0.40532260543067766
935256266305383,veiculo_nacional,20260823-20260905,sbtnews,topic_5,0.6477517533951269
1416427497219647,candidato,20260815-20260822,lorenavasquess,topic_6,0.5500372620930611
2247374782719776,candidato,20260823-20260905,mariojunior.novo,topic_2,0.525554808871193
1070393699119732,candidato,20260906-20260912,chicomendespb,topic_0,0.6857394647152176
1101339996185022,veiculo_regional,20260906-20260912,ac24horas,topic_1,0.6122034435810405
1059113096890755,veiculo_regional,20260823-20260905,oliberal,topic_1,0.5755402921020666
1808734517150988,candidato,20260823-20260905,fatimagavioli1,topic_4,0.45763836552286447
1878514793117773,veiculo_regional,20260815-20260822,jornaldebrasilia.ofc,topic_1,0.7856728986681125
1171720128855137,candidato,20260906-20260912,leandroribeiroaps,topic_0,0.8753248673438351
28301253279524099,candidato,20260815-20260822,marcinhobelota,topic_6,0.5330090291156248
1823222838827123,candidato,20260823-20260905,forjazdiogo,topic_2,0.3528006269733318
1096098586708672,candidato,20260906-20260912,juniorsousainforma,topic_1,0.4580352104737715
1705234143872897,candidato,20260906-20260912,mauriciopicarellioficial,topic_2,0.3566500308301023
2030094164376597,veiculo_regional,20260815-20260822,ricportal,topic_7,0.519269068906356
1741372347134847,candidato,20260815-20260822,mariocesarfilhotv,topic_6,0.5630525281599775
1973276403340373,candidato,20260815-20260822,fabioramalhopb,topic_0,0.3960997995938061
1405294021666818,veiculo_regional,20260823-20260905,jc_pe,topic_5,0.6917667091781784
1720884088966012,candidato,20260823-20260905,raqueldosanimais,topic_4,0.7078155848644846
1052523077575997,candidato,20260823-20260905,filipemartinsto,topic_2,0.3650067236753846
1442775254388491,candidato,20260815-20260822,luanagouvearj,topic_4,0.6408394696025878
3207508556100895,candidato,20260906-20260912,drmarcusvkalume,topic_4,0.42641312226759676
2855149404861991,candidato,20260906-20260912,coroneltadeu,topic_3,0.5362497974487517
1819239739232325,veiculo_regional,20260815-20260822,itatiaiaoficial,topic_7,0.48895757649975363
1658701662504399,candidato,20260906-20260912,antoniodepaduacarnauba,topic_4,0.6556127840909713
1397625511747608,candidato,20260823-20260905,marcosmirandajr_,topic_4,0.5920989762875133
1045334371531225,candidato,20260815-20260822,silvionavarrojornalista,topic_2,0.42451097719423647
2162493524612203,candidato,20260815-20260822,juninhosaiarodada,topic_0,0.3384504669281471
1829779051338145,veiculo_nacional,20260823-20260905,cartacapital,topic_7,0.8157605214444711
1346675897676542,veiculo_regional,20260815-20260822,contilnetnoticias,topic_1,0.9286427120667385
1105662185752282,veiculo_nacional,20260906-20260912,metropoles,topic_7,0.26373647009802037
1071331055861798,veiculo_nacional,20260906-20260912,sbtnews,topic_1,0.7631886156927825
3508282612684497,candidato,20260906-20260912,paranhosoficialpr,topic_0,0.7221796046359487
1152134631096801,candidato,20260815-20260822,dhemaoficial,topic_4,0.5099012525777636
1678567573607999,veiculo_nacional,20260823-20260905,metropoles,topic_1,0.4208101091652436
1404329911812459,candidato,20260823-20260905,conceicaodarruda,topic_4,0.4405568381244732
1434334748546754,veiculo_regional,20260823-20260905,portalemtempooficial,topic_1,0.3219339834538904
3118045395055924,veiculo_regional,20260823-20260905,jornaldocomercio,topic_1,0.7195789703482185
2365056447633909,veiculo_regional,20260823-20260905,agorarn,topic_5,0.7969686194574577
1647390470137700,candidato,20260823-20260905,vitao.docachorrao,topic_2,0.592062717071607
1053730107276620,candidato,20260823-20260905,campos__oficial,topic_3,0.4601875169616658
1065919926413802,candidato,20260815-20260822,carlosbolsonaro,topic_7,0.9676634524101736
1964972867800327,candidato,20260906-20260912,fatimagavioli1,topic_4,0.6236719316462114
27590900433918232,candidato,20260823-20260905,sgtparra,topic_6,0.5290561940575719
1642072434002979,veiculo_nacional,20260906-20260912,metropoles,topic_1,0.8207308280741455
1105531001872267,candidato,20260823-20260905,adadantasboabaid,topic_4,0.8684434323941089
933143642554606,candidato,20260823-20260905,dani.acf,topic_4,0.8685669967672471
1975164200023222,candidato,20260906-20260912,sirlangemanga,topic_4,0.5695922392368359
1058643570355179,candidato,20260815-20260822,elmovazoficial,topic_2,0.6495749714443885
1315583418304515,candidato,20260823-20260905,deldanigarcia,topic_4,0.6695690903482868
28762227486800141,candidato,20260906-20260912,paparicobacchi,topic_4,0.4855348794202946
1783102152824742,veiculo_regional,20260815-20260822,tvcidadeverde,topic_1,0.553711602551565
4373135232831918,veiculo_regional,20260823-20260905,agazetaes,topic_1,0.9078226095910537
1090525636893010,candidato,20260823-20260905,eulivianoronha,topic_4,0.8229919469641689
27923353024010574,candidato,20260906-20260912,rubensbomtemporj,topic_4,0.4028491740877399
3589616344535018,candidato,20260906-20260912,jacquelineamaral_ap,topic_0,0.6154822321845067
1616235563436085,candidato,20260823-20260905,dr.paulosilvestredemoura,topic_4,0.5556498387406454
1704393004443681,candidato,20260823-20260905,tiagoperettooficial,topic_3,0.5738349194797262
1473149408195918,veiculo_regional,20260815-20260822,folhavitoria,topic_4,0.2713846839500335
2289464771850986,candidato,20260823-20260905,capitaomartim,topic_4,0.7193589278287593
1112007287887398,candidato,20260823-20260905,brunopeixotooficial,topic_2,0.5359864635673066
1083177768034816,veiculo_regional,20260815-20260822,portalcadamin,topic_2,0.2187063315396299
4597356473842867,veiculo_regional,20260823-20260905,ac24horas,topic_1,0.42574418860224084
2331789347633253,veiculo_regional,20260815-20260822,doldiarioonline,topic_1,0.688068522735079
1103239308905016,candidato,20260823-20260905,matheusdegeraldojunior,topic_0,0.5049859944792519
2344838526275308,candidato,20260906-20260912,rogeriodoclube,topic_0,0.3893044180041885
2030501670987577,veiculo_regional,20260906-20260912,blogdobg,topic_1,0.3018990046361383
2278286372802530,candidato,20260823-20260905,marioricardope,topic_1,0.40825298441651925
1815615122963135,candidato,20260823-20260905,ricardoarrudama,topic_4,0.4536932985760371
852945687807890,candidato,20260815-20260822,andrequintaopt,topic_7,0.5638627491933937
1407884184227656,veiculo_regional,20260906-20260912,itatiaiaoficial,topic_1,0.5380381397681893
1731111174847141,veiculo_regional,20260823-20260905,folhavitoria,topic_1,0.6148512134697462
2363644614372248,veiculo_regional,20260815-20260822,pbagora,topic_1,0.8881202231112244
1583804906732864,veiculo_regional,20260815-20260822,oliberal,topic_2,0.48124741752756484
1108309508208070,candidato,20260906-20260912,majcostaaraujo,topic_3,0.31722111225840804
1126731460044929,candidato,20260906-20260912,leodacostas,topic_4,0.5497361128572364
1833726064262720,candidato,20260815-20260822,dr.furlan,topic_6,0.39652110816930525
962555989487067,veiculo_regional,20260906-20260912,newsrondonia,topic_1,0.9449242679475148
1050022544459612,candidato,20260823-20260905,dreltonjr,topic_4,0.8135350094126916
1710474023585517,candidato,20260823-20260905,depzecarlospt,topic_3,0.43570341394200585
3094122340778866,veiculo_regional,20260823-20260905,diariodograndeabc,topic_1,0.8986736598820332
1746157843263148,candidato,20260815-20260822,edimarteixeira,topic_2,0.4553684200444723
1865562484824432,candidato,20260906-20260912,coronel__villa,topic_1,0.6344382227761377
2879698625729647,candidato,20260906-20260912,venezianovitalpb,topic_0,0.7205700040562031
4685478555034467,candidato,20260823-20260905,drprcarloseduardo,topic_4,0.7848712571787434
1582392676700781,candidato,20260906-20260912,oficialmarcostavares,topic_2,0.6583853069725879
1439629401358057,candidato,20260906-20260912,sergiokruke,topic_2,0.21951415711875355
1941495536808836,veiculo_regional,20260823-20260905,grupo.metropole,topic_1,0.4364140764442219
1931489504476039,candidato,20260823-20260905,depnininho,topic_4,0.7889072194502847
1507298757825401,candidato,20260906-20260912,larissa.pucca,topic_4,0.7008606678457678
1362357628999713,candidato,20260906-20260912,deputadomarcelobrum,topic_2,0.7198209688122186
1616459796559800,candidato,20260823-20260905,pr.zecarlosvieira,topic_0,0.5116257402274152
1632002748711838,veiculo_nacional,20260815-20260822,correio.braziliense,topic_1,0.594065894879198
1437137571640637,candidato,20260823-20260905,delegadakatarina,topic_6,0.6466828977408113
2003486513643969,candidato,20260823-20260905,deputadomarquinhoviana,topic_0,0.5709231703349672
1059902123311655,candidato,20260815-20260822,ludmillafiscina,topic_4,0.696404837851407
4755970288021275,candidato,20260823-20260905,sandrodovander,topic_4,0.7312771808883088
1448450917384336,candidato,20260823-20260905,carlosmonteiromc,topic_7,0.9718171930245992
1817815559375008,candidato,20260815-20260822,doutorajanedf,topic_4,0.661173463697022
1808999140286476,candidato,20260823-20260905,drflaviooficial,topic_2,0.5962106774067494
1791465201987094,veiculo_regional,20260823-20260905,contilnetnoticias,topic_1,0.9792082181234886
2129707634636749,veiculo_regional,20260815-20260822,imirante,topic_1,0.9319363979121775
1082960044091044,veiculo_regional,20260815-20260822,jornaldebrasilia,topic_1,0.8059792288167157
1590283013110378,candidato,20260823-20260905,rio.guilhermeschleder,topic_1,0.21799175772758156
1053508551073506,candidato,20260906-20260912,renatofilhodopilar,topic_4,0.5663637885095513
923834187042447,candidato,20260823-20260905,pastorleiberoficial,topic_4,0.8377464424989199
869599486117492,candidato,20260823-20260905,rosamst_,topic_3,0.5260289793788069
4139754892988511,candidato,20260823-20260905,romariopolicarpo,topic_2,0.3898580923560618
1505809978233445,veiculo_regional,20260906-20260912,portaldoholanda,topic_1,0.6776704173535043
1077025628377311,veiculo_nacional,20260823-20260905,uolnoticias,topic_5,0.9207840071869386
1087515713874425,candidato,20260823-20260905,sergioonofrepr,topic_2,0.8128889328378395
28501802072807542,candidato,20260906-20260912,betopretoparana,topic_4,0.7122841825759914
1597819025156852,candidato,20260815-20260822,lincolns,topic_3,0.6752140856997961
3774048919438578,candidato,20260823-20260905,fabianocontarato,topic_4,0.9543514397859074
1071756332216990,candidato,20260815-20260822,paolaabucater,topic_4,0.4533344960273858
1397365565701526,candidato,20260823-20260905,renatacoanc,topic_4,0.9418654385920849
1136773112017790,candidato,20260815-20260822,fabivenera,topic_1,0.4392992402610016
1813460476671174,veiculo_regional,20260906-20260912,midiamax,topic_1,0.3581145719324503
2264622017708499,candidato,20260906-20260912,dr_marcelo_emerenciano,topic_3,0.4250004118987257
1125846376444515,veiculo_regional,20260823-20260905,contilnetnoticias,topic_1,0.7833483853513004
1398935948367622,candidato,20260823-20260905,marconiperillo,topic_1,0.8521228505142765
1752794455946315,veiculo_regional,20260906-20260912,agazetaes,topic_7,0.6433932672911812
1876771179967669,candidato,20260906-20260912,brunogodinhosp,topic_2,0.8009807402390021
1619045186470038,veiculo_regional,20260823-20260905,jornaldocomercio,topic_1,0.6012931771081707
28140846305567838,candidato,20260906-20260912,janainna_marques,topic_0,0.8809101296313511
1077915814822112,candidato,20260823-20260905,marcelomm_oficial,topic_2,0.3514708754018683
1043238938743611,veiculo_nacional,20260906-20260912,jovempannews,topic_5,0.8962238823660262
1059110096761677,candidato,20260906-20260912,zericardoam,topic_2,0.6152756854037569
1115194204269603,candidato,20260823-20260905,thiagodejoaldo,topic_4,0.6764496437399857
993554040425688,candidato,20260815-20260822,edimarkapiche,topic_0,0.8974742934472366
2058309481518657,candidato,20260815-20260822,mazinhodosanjos,topic_0,0.6773276891107456
28017294094608910,candidato,20260815-20260822,eduardoazevedomg,topic_1,0.39143446303109686
1857166875448074,candidato,20260823-20260905,teovaldojoseoficial,topic_4,0.5184989629846588
2239874876794726,candidato,20260815-20260822,ministro_rodrigo,topic_4,0.4094409184633412
1399057552194299,candidato,20260823-20260905,netoandradec,topic_0,0.6398294489637792
1640041107778902,candidato,20260823-20260905,kelmannvieira,topic_2,0.6366492038848661
1609588220507368,candidato,20260906-20260912,fernandohaddadoficial,topic_4,0.7904096813321063
1811659643587445,candidato,20260815-20260822,depjeangrafia,topic_3,0.982610167943579
1752665866058693,candidato,20260823-20260905,irielsachet,topic_4,1.0
1593833529106655,veiculo_regional,20260815-20260822,contilnetnoticias,topic_1,0.9182801591652207
1640025037697647,candidato,20260906-20260912,draloisio_crato,topic_4,0.6118875612836499
1333604205306359,candidato,20260823-20260905,levioliveirasergipe,topic_0,0.5270918127956133
1647236487025456,candidato,20260823-20260905,jairbittencourtoficial,topic_7,0.5946806379705832
1653847686455876,candidato,20260815-20260822,garigatobh,topic_6,0.7193715606991359
1417588250479702,candidato,20260906-20260912,douglaswinter.rs,topic_6,0.43120536849265684
1981753265834896,candidato,20260823-20260905,felipeduarteestadual,topic_0,0.7385814143345658
4053525341449910,candidato,20260823-20260905,rafaelmottarn,topic_0,0.44513223591130213
2363413734190570,veiculo_regional,20260823-20260905,diariodepernambuco,topic_3,0.2457268155030084
3285706188297433,veiculo_regional,20260815-20260822,oliberal,topic_1,0.7967425141207869
3810263909124002,candidato,20260906-20260912,_brunopedrosa,topic_3,0.5046138864738373
1024213340595215,veiculo_regional,20260815-20260822,tribunaonline,topic_1,1.0
1471243271496726,candidato,20260815-20260822,jabaarruda,topic_4,0.8272000049744478
980193358441567,candidato,20260906-20260912,ismael.alexandrino,topic_4,0.3948343742102549
1632430878276310,candidato,20260815-20260822,cristianebrittooficial,topic_7,0.48929335502912
1689805865422631,candidato,20260815-20260822,passosjuvenilson,topic_0,0.495511944755888
916632304455455,candidato,20260823-20260905,ivoneidecaetanooficial,topic_0,0.5899116942054448
1069008125898085,veiculo_regional,20260815-20260822,correio24horas,topic_1,1.0
1108422141711887,candidato,20260815-20260822,prneia_oficial,topic_0,0.46197673091515357
1714677037328858,candidato,20260823-20260905,vozdaenfermagem,topic_4,0.7558249473853819
28727949050133092,candidato,20260815-20260822,dep.ricardorodrigues,topic_0,0.44996320662136574
1131246502653125,candidato,20260823-20260905,dep.joaogoncalves,topic_4,0.5775986642523205
1082864900863795,candidato,20260906-20260912,sandropimentelpsol,topic_3,0.46153406115056944
958532826563204,candidato,20260906-20260912,elikatakimoto,topic_3,0.34469446493998646
1728326978396730,candidato,20260906-20260912,xerifedoconsumidor,topic_2,0.6287290144474337
1761242308354269,candidato,20260823-20260905,raphamota,topic_4,0.9394285508103161
2184409259158639,candidato,20260906-20260912,carolformigoni.sc,topic_2,0.3254175392318334
2326849578093953,candidato,20260906-20260912,realrcoutinho,topic_0,0.7851494702274793
3507974259352681,veiculo_regional,20260823-20260905,jornalhojeemdia,topic_1,0.3897521521790433
829208500253014,candidato,20260823-20260905,lucasribeiropb,topic_6,0.7232094059782597
3296230270584539,veiculo_regional,20260823-20260905,clickpb,topic_1,0.4574750601645305
1753779422566385,candidato,20260823-20260905,deputado_antoniohenriquejr,topic_4,0.5398120992290687
1742036767089158,candidato,20260823-20260905,belandradeoficial,topic_4,0.3986475020065817
1042236382142115,veiculo_regional,20260906-20260912,ndmais,topic_1,0.9677256965274166
1015431681521945,veiculo_regional,20260815-20260822,meionorte,topic_1,0.7618078743035767
1080454491027472,candidato,20260823-20260905,delegadorodrigosa,topic_3,0.6170385696627613
1599179981662931,veiculo_regional,20260823-20260905,ac24horas,topic_1,0.3810126095339253
1626391969195988,candidato,20260906-20260912,fabriciokleinibing,topic_2,0.5125660651877982
4099868006811695,candidato,20260823-20260905,gustavolpsouza,topic_2,0.4242025471033815
26264235576606728,candidato,20260823-20260905,paulobengtson,topic_0,0.5480829868798756
1746683719786378,candidato,20260823-20260905,bertolucci_br,topic_4,0.7701581986588162
2458307384998053,candidato,20260823-20260905,renatoaraujorj,topic_0,0.5719018069714681
1366340633224247,candidato,20260815-20260822,manualves.ce,topic_4,0.7000337695848915
1407813171314093,veiculo_regional,20260815-20260822,portalgp1,topic_1,0.7767302409327529
2181587215732039,candidato,20260815-20260822,danielareinehr,topic_7,0.7050001063735742
2049078612440612,candidato,20260815-20260822,eduardofilho.ef,topic_0,0.5935969769599037
1566940165177260,candidato,20260823-20260905,dorielbarrospe,topic_0,0.49115997961106356
3316784878711020,candidato,20260823-20260905,carlosmurilooficial,topic_0,0.9241246274229606
1597496698621279,veiculo_regional,20260823-20260905,opovoonline,topic_5,0.8800471423432561
4073513926284527,candidato,20260815-20260822,dailvabasilio,topic_7,0.547160586851699
2052516679469905,veiculo_nacional,20260823-20260905,o_antagonista,topic_1,0.9411884800283193
1600854235010336,veiculo_regional,20260815-20260822,doldiarioonline,topic_1,0.8520418168794446
3153063941751438,candidato,20260823-20260905,rainhadofinanceiro,topic_6,0.7462050545448533
997674146621711,candidato,20260906-20260912,thiagolisboa.oficial,topic_4,0.8486233904623226
2012277422761575,candidato,20260823-20260905,manueladavila,topic_7,0.3702844514881886
4554932038119265,veiculo_nacional,20260823-20260905,metropoles,topic_1,0.8117987138254257
956849296787319,candidato,20260823-20260905,lincolntramontini,topic_4,0.39314388616562457
2395287284556630,candidato,20260815-20260822,depivanabastos,topic_7,0.29247776333122694
2149299539132176,candidato,20260906-20260912,drviniciusconejo,topic_4,0.5922804384694493
1097272889367277,veiculo_regional,20260823-20260905,grupo.metropole,topic_4,0.49803257455560207
2950271498642281,veiculo_regional,20260906-20260912,bahianoticias,topic_2,0.2817170406671843
1110135461366761,candidato,20260823-20260905,paulojunior.sc,topic_4,0.2839496682106544
1371373231687630,veiculo_regional,20260823-20260905,folhavitoria,topic_1,0.7670885984653326
1828961475219574,candidato,20260823-20260905,zeraimundovca,topic_2,0.3806373682220294
1090691673333437,candidato,20260823-20260905,depivanabastos,topic_0,0.35311776728435956
1841209433988375,candidato,20260906-20260912,fabiopereiravaz,topic_4,0.4105977694478381
3759378127533689,candidato,20260906-20260912,gessivaldoisaias,topic_4,0.5056123420516557
2234987537292988,veiculo_regional,20260823-20260905,blogdobg,topic_7,0.6098946953989614
2654862231612527,candidato,20260906-20260912,profrodolfosouza,topic_4,0.6906592843638447
1968827927091750,candidato,20260823-20260905,vicentinhojunior,topic_6,0.8468199936298103
1118616407304712,candidato,20260823-20260905,divinobethaniatocantins,topic_4,0.40485617854330946
1902525191198577,candidato,20260823-20260905,jandira_feghali,topic_7,0.5504822923556794
3511344355713561,candidato,20260823-20260905,sergiovidigaljr,topic_0,0.9942082141644186
2122664355290118,candidato,20260823-20260905,silvaneto.bahia,topic_0,1.0
2278009796300086,candidato,20260815-20260822,ana.fidelis10,topic_0,0.49530501424459994
2235134784024428,candidato,20260815-20260822,fabriciorosa,topic_4,0.3459170955184018
1592949392357115,candidato,20260906-20260912,carlaodafox,topic_0,0.3656564169771349
1859502338545474,candidato,20260823-20260905,carladicksonoficial,topic_4,0.5116607599728014
2285753352210850,veiculo_regional,20260823-20260905,contilnetnoticias,topic_1,0.7191583181539181
2290770028387983,candidato,20260823-20260905,jutaymeneses,topic_0,0.6170900731315343
1458548412753917,candidato,20260815-20260822,capitaomartim,topic_1,0.39680842290982304
1078222225071149,candidato,20260823-20260905,nelioaguiarstm,topic_0,0.9957562573470262
2167140080876125,candidato,20260823-20260905,marcimeirelles,topic_6,0.4790630805226532
1068492806001844,candidato,20260906-20260912,alipio.policarpo,topic_4,0.5895768472709777
1616605496600798,candidato,20260906-20260912,depleomonteiro,topic_7,0.5771727119344097
1702600917883245,candidato,20260815-20260822,cleusasilveiraoficial,topic_4,0.5719061834305295
1557465255381133,veiculo_regional,20260823-20260905,agazetadoacre,topic_1,0.39610258758059186
962868996112289,candidato,20260906-20260912,lizalopes.df,topic_2,0.25690059874357735
1406326274216713,candidato,20260815-20260822,dr.ilderson,topic_4,0.9425781929355183
1613458140166746,veiculo_nacional,20260906-20260912,poder360,topic_7,0.4750849210272537
1553269739446236,candidato,20260823-20260905,bispoalvess,topic_0,0.6053943460145886
1611343177026313,veiculo_nacional,20260906-20260912,poder360,topic_5,0.5961836975387015
2465003820973299,veiculo_nacional,20260823-20260905,correio.braziliense,topic_7,0.4335507506937284
4203024609990275,candidato,20260815-20260822,felipesouza.am,topic_6,0.49900559788369175
2849180482150018,veiculo_nacional,20260906-20260912,portalr7,topic_1,0.4559804948858832
1575379661035223,candidato,20260823-20260905,michellesantospe,topic_4,0.47549891166016234
1023327124053641,candidato,20260823-20260905,renata.fonseca.oficial,topic_7,0.44011588093113546
1060705773331157,candidato,20260823-20260905,opiniaodapreta,topic_4,0.5225969068591152
28196298996687885,candidato,20260906-20260912,adrianaalmeidastm,topic_4,0.6144536823248109
2299223020615934,candidato,20260906-20260912,lismara_moreira,topic_6,0.7096038510398893
1755299732403409,veiculo_regional,20260906-20260912,diariodograndeabc,topic_1,0.9360217691887175
1752053002544434,candidato,20260906-20260912,auriceliaarapiun,topic_4,0.5155408554744232
1760161748500388,candidato,20260815-20260822,ribamarbandeirafilho,topic_0,0.648709523211741
1027997550272824,candidato,20260823-20260905,arthurgarciamt,topic_2,0.5702460076970559
1345601194044525,candidato,20260823-20260905,gracinhamaosanta,topic_0,0.36291871170168044
1404642037663251,candidato,20260906-20260912,filipebarrosoficial,topic_7,0.6815669928336358
1405801840970497,candidato,20260906-20260912,reporter_do_povao,topic_1,0.810167807039198
28335160272747431,candidato,20260815-20260822,irmao.isma,topic_6,0.4754853649449703
1838875067107114,candidato,20260906-20260912,dradamarismoura,topic_2,0.4105987922242954
29461667926750571,veiculo_nacional,20260815-20260822,portalr7,topic_1,0.9447788683292833
1066670186156392,veiculo_nacional,20260906-20260912,jovempannews,topic_1,0.7759267680460507
1069019375984004,candidato,20260815-20260822,orlandomorando,topic_2,0.5610522932887938
1577715344092792,candidato,20260823-20260905,depdaniloforte,topic_4,0.8270247921465089
4618255111780114,candidato,20260815-20260822,dryurialesi,topic_4,0.47077901739487626
1080614637922865,candidato,20260906-20260912,joryoeiras,topic_0,0.48361368598900567
2915997522098701,candidato,20260823-20260905,wilsondesousa_,topic_4,0.3902050607565413
1076812052008516,candidato,20260823-20260905,rodrigodavila_30,topic_5,0.9869886049688028
1818912095910672,candidato,20260823-20260905,silvaneto.bahia,topic_4,0.6197280239654364
2305856263552304,candidato,20260906-20260912,lindabrasilse,topic_4,0.719661992664468
1077750748054062,candidato,20260815-20260822,thiagoauricchio_,topic_4,0.6732139054747979
2350929205706680,candidato,20260823-20260905,juliocmendesadv,topic_2,0.3912018716888749
1630833891736519,veiculo_regional,20260815-20260822,diariodepernambuco,topic_1,0.6870748215496015
1092761989839788,candidato,20260815-20260822,rosangelavidal.ma,topic_0,0.6800364931442601
4637784519776491,candidato,20260815-20260822,submesacbombeiro,topic_2,0.480349319226193
1108439881530617,candidato,20260906-20260912,viniciusibrann,topic_4,0.8390354255350897
1089477373608895,candidato,20260823-20260905,sandrocezarpt,topic_7,0.4104367803309925
4570813249865489,candidato,20260823-20260905,larissarodrigues.rs,topic_2,0.8531069901198866
1676845576750976,candidato,20260823-20260905,emidiodesouzaoficial,topic_7,0.5591270141357684
1357517449701502,candidato,20260823-20260905,hendersonpintooficial,topic_6,0.9125829789215846
1604694251194510,candidato,20260906-20260912,criciamartinsoficial,topic_0,0.38884012540949253
1043644335179316,candidato,20260906-20260912,marcelosilvacampinas,topic_4,0.5779696917442617
2284694675712191,candidato,20260823-20260905,marciolimadepaula,topic_0,0.6798988166773358
900870736292016,candidato,20260823-20260905,mayradias,topic_0,0.48785573214343314
2056120621767489,candidato,20260906-20260912,segundodomiciano,topic_0,0.4805934192349481
1693645008369771,candidato,20260823-20260905,mariliaarraes,topic_6,0.5387105223381677
3010934579261232,veiculo_nacional,20260906-20260912,metropoles,topic_1,0.8733280180259375
1836561573977764,candidato,20260815-20260822,carlaandresa.oficial,topic_4,0.6488570086587696
1048493787998369,candidato,20260823-20260905,lucianobuligon,topic_2,0.48395149013356864
1434304251945745,candidato,20260815-20260822,delegadajannira,topic_4,0.7087574310246654
1053834490981587,candidato,20260906-20260912,matheusschilling,topic_2,0.6008694621656006
1622413659512206,candidato,20260823-20260905,wilsonsantiagofilho,topic_0,1.0
1113370547693117,candidato,20260823-20260905,sgtparra,topic_2,0.4484562425397093
1595908428598524,candidato,20260823-20260905,giovaniculau,topic_7,0.4789901353365474
1797422251579638,veiculo_regional,20260815-20260822,maisgoias,topic_1,0.8937555958898024
1059479703542908,candidato,20260906-20260912,vereadordrviniciuspires,topic_1,0.3824000689127394
1601943814998026,candidato,20260823-20260905,marconiperillo,topic_6,0.6125090906745216
1392953382334411,candidato,20260823-20260905,soldadogerson,topic_4,0.499582158516233
1585765516666449,candidato,20260823-20260905,profpaulamarisa,topic_6,0.5345799660656007
1561408285081093,veiculo_nacional,20260823-20260905,correio.braziliense,topic_1,0.8211013051733514
1066514566008020,candidato,20260815-20260822,daviesmael,topic_2,0.45199185558138577
1772685103626025,candidato,20260906-20260912,dragiseleoficial,topic_0,0.9312985563770421
1709323883468572,veiculo_regional,20260823-20260905,correiodopovo,topic_5,0.72709658786001
1046998138388666,candidato,20260906-20260912,delegadoromualdo,topic_4,0.37311757731242795
806604149204224,veiculo_regional,20260823-20260905,ac24horas,topic_7,0.464665432867417
1071859712101498,candidato,20260815-20260822,andremourase,topic_7,0.38684896865333995
1915058666138312,candidato,20260823-20260905,oscarlteixeira,topic_0,0.5279668632966664
2136162147322462,candidato,20260815-20260822,marciofernandesms,topic_1,0.2763411261207958
28100984852905334,candidato,20260823-20260905,brunolorenzutti,topic_4,0.7518897501000643
2588642114985979,veiculo_regional,20260823-20260905,folhavitoria,topic_1,0.8207321569443399
1564559661532273,candidato,20260823-20260905,delegadatathiana,topic_2,0.9563668842643724
1815912206093698,candidato,20260815-20260822,fabioramalhopb,topic_0,0.37355771696117546
1818962475961029,candidato,20260815-20260822,jrfreitas_oficial,topic_6,0.4713337962385524
1310424472156743,candidato,20260906-20260912,depzesilva,topic_6,0.6725165055461085
2105548296742028,veiculo_regional,20260823-20260905,doldiarioonline,topic_1,0.6896777961658443
1547825750690718,veiculo_nacional,20260815-20260822,jovempannews,topic_1,0.9411196717870548
1421465676532091,candidato,20260823-20260905,fecurti13,topic_4,0.7483209399331769
1024910997240168,veiculo_regional,20260906-20260912,folhape,topic_1,0.7443238324610557
1594731252284662,candidato,20260823-20260905,expeditonetto,topic_7,0.6042595331738718
1044902291700577,candidato,20260906-20260912,luizgastaoce,topic_2,0.4732175044526474
1011831521877276,candidato,20260906-20260912,anahering,topic_7,0.5237568140768958
1750815022797817,candidato,20260906-20260912,queirozmfilho,topic_2,0.5977031475835758
1614848560076248,candidato,20260823-20260905,tarcisiomottapsol,topic_7,0.5598520221649368
1618522603264975,candidato,20260815-20260822,amigozesantana,topic_0,0.6538858038416315
1052128744337843,candidato,20260823-20260905,profalexandreprado,topic_2,0.5783998862896513
1222290256776270,candidato,20260906-20260912,pedrocampospe,topic_0,0.3366360529324194
1763173904834852,candidato,20260823-20260905,capitaocontar,topic_4,0.5490025752605929
1963358097675381,candidato,20260815-20260822,lidianedantasporminas,topic_2,0.7234034214472885
28330346539990189,candidato,20260906-20260912,dep.paulomagalhaes,topic_4,0.3744849913499707
1983863069236801,veiculo_nacional,20260815-20260822,estadao,topic_1,0.6998827218487564
1559856742488151,candidato,20260815-20260822,joaquim_passarinho,topic_0,1.0
1572119411330055,candidato,20260906-20260912,juhliasantost,topic_6,0.6849871290064565
1620121379509148,veiculo_regional,20260823-20260905,contilnetnoticias,topic_1,1.0
1104865545531591,candidato,20260823-20260905,freitas40_es,topic_0,0.6995571639651906
1063925696556474,candidato,20260815-20260822,luizfernandomachadooficial,topic_0,0.558804593798868
1800122827785682,candidato,20260823-20260905,daianemello.oficial,topic_4,0.5235007019044573
1884730962693684,candidato,20260906-20260912,florentinoverasneto,topic_0,0.6038792705824919
1446873853997144,candidato,20260815-20260822,katiatornellioficial,topic_4,0.789084877141768
978534091933923,candidato,20260815-20260822,dragurbana,topic_0,0.3834565265831269
1479132057409710,candidato,20260823-20260905,mendes__babi,topic_0,0.360834890833537
1102130415489257,veiculo_regional,20260823-20260905,itatiaiaoficial,topic_1,0.772059139476325
1747229419862603,candidato,20260823-20260905,sanquezdajm,topic_0,0.8049808513289413
2189086521966685,candidato,20260906-20260912,sergiosouzapr,topic_4,0.7882975658236199
1398787641772598,veiculo_regional,20260823-20260905,portalbandab,topic_1,0.8953518310797249
2299949350841580,candidato,20260823-20260905,comissario_alexferreira,topic_2,0.3325440345639776
1567699307868890,candidato,20260906-20260912,zehumbertodf,topic_4,0.7020793095875376
1389536863316172,candidato,20260823-20260905,lindberghfarias,topic_7,0.605493617729264
1808788193609505,candidato,20260906-20260912,lpbragancabr,topic_2,0.6099073038108626
1801856741154991,candidato,20260823-20260905,joaohenriquecatan,topic_0,0.5597780497838243
1394898692180759,candidato,20260823-20260905,pastorcleitoncollins,topic_1,0.39242833689268786
1437251591666737,candidato,20260823-20260905,oaceliocasagrande,topic_0,0.9898602266535129
1548769213184020,candidato,20260823-20260905,michelplatinidf,topic_6,0.6343731096483106
38557029360609760,veiculo_regional,20260906-20260912,tvcidadeverde,topic_1,0.809409946036601
892061543746435,candidato,20260823-20260905,deputadomarcon,topic_7,0.6620985624094962
1582973363580628,candidato,20260815-20260822,marcosrogeriooficial,topic_3,0.43045654651695925
1422511269988132,candidato,20260823-20260905,zequinhamarinhooficial,topic_6,0.45699353522363945
1379236864278344,veiculo_regional,20260906-20260912,odiaonline,topic_7,0.9099000135690261
1605672744271945,candidato,20260823-20260905,eduardobismarckce,topic_0,0.7512429219292851
1006354305793715,candidato,20260815-20260822,carolinedetoni,topic_7,0.8581897912501895
2382908682115599,candidato,20260823-20260905,depgetuliorego,topic_2,0.9787432408458072
1111332167933121,candidato,20260906-20260912,alexandreleprevost,topic_4,0.7556193806600409
5640882462803734,candidato,20260823-20260905,profpaulamarisa,topic_4,0.802218566748284
2031562930803638,candidato,20260906-20260912,_emersonsilveira,topic_4,0.5099351594494115
960493247082890,candidato,20260823-20260905,rinaldojuniorpe,topic_0,0.8497402041841405
1382557704084407,candidato,20260906-20260912,instadabene,topic_4,0.8205455451854086
1737781593942721,veiculo_nacional,20260823-20260905,metropoles,topic_1,0.5564716689775357
1734331160963342,candidato,20260906-20260912,coronel.ribeiro,topic_4,0.57043568991585
1616437356674109,candidato,20260815-20260822,rodrigovizeurj,topic_4,0.7030563035057987
1638993454317731,veiculo_nacional,20260823-20260905,metropoles,topic_1,0.6413806421857068
1359357283029002,candidato,20260906-20260912,coronelhemerson,topic_4,0.6189808537866995
1057618227095286,veiculo_regional,20260823-20260905,tribunaonline,topic_1,0.8275764686495838
4608593482696659,candidato,20260906-20260912,drjeanfreire,topic_0,0.39177157616656244
1785615899453253,candidato,20260823-20260905,gregodafundacao,topic_4,0.7073878290884946
1086721603749266,veiculo_regional,20260815-20260822,diariodonordeste,topic_1,0.7640621623070131
1643863080428858,candidato,20260906-20260912,coroneledsonraiado,topic_2,0.5719015344316442
2412150886220784,candidato,20260815-20260822,drgilsonandrade,topic_0,0.6013063261223095
1050994404384969,candidato,20260815-20260822,drmauriciooficial,topic_2,0.5469917727849575
2341448992929377,veiculo_regional,20260815-20260822,topmidianews,topic_1,0.8323069565356731
1605685454522508,candidato,20260815-20260822,lu.carminatti,topic_6,0.3890780358661713
4594414964176759,veiculo_nacional,20260823-20260905,bbcbrasil,topic_1,0.7230315194546035
1415341537199709,candidato,20260823-20260905,antoniorabeloma,topic_0,0.5987656182914235
1432603588971412,candidato,20260823-20260905,gerlane.baccarin,topic_7,0.36578733661425017
996310380085504,veiculo_nacional,20260823-20260905,metropoles,topic_1,0.8541795012162354
1385297556502068,candidato,20260815-20260822,wenceslau.jr,topic_4,0.449823669329723
3000427890127857,candidato,20260815-20260822,rubensbomtemporj,topic_4,0.4947214040377796
2146696956258610,candidato,20260815-20260822,fabiogov55,topic_4,0.7458511072532145
885470984647156,candidato,20260906-20260912,capitaomartim,topic_7,0.4284825101234963
1086161607164352,candidato,20260906-20260912,patrus_ananias,topic_3,0.6628536683786835
1320299576677831,candidato,20260823-20260905,delegadajulianunes,topic_2,0.5946056684245348
1096977789575442,candidato,20260815-20260822,rayfranbeiraoap,topic_2,0.5632143411296527
1779488646575534,veiculo_regional,20260823-20260905,nsctotal,topic_1,0.8395464849152887
1092857469900246,candidato,20260815-20260822,diolanrocha,topic_7,0.34735197840246507
1383648380080219,candidato,20260906-20260912,vittorio.medioli,topic_6,0.3796393974261857
1048040574500997,candidato,20260823-20260905,glauberbraga_oficial,topic_7,0.5655418243009499
1091108103253290,candidato,20260823-20260905,karlasarney_,topic_6,0.550159610014497
1571834614400245,candidato,20260823-20260905,venezianovitalpb,topic_4,0.4201575581046973
1091776150057314,candidato,20260906-20260912,claricechacon,topic_5,0.7387601529867867
1077255108232579,candidato,20260906-20260912,fernandasixelneves,topic_2,0.3789185347850882
1563655911624235,candidato,20260906-20260912,renatadaguiardf,topic_2,0.3178470669316312
1459360219364980,candidato,20260906-20260912,pedrocampospe,topic_3,0.6252287153729329
2302648177151232,candidato,20260823-20260905,anaperugini,topic_0,0.5498858871071002
1979524159422426,candidato,20260823-20260905,rafael.fonteles,topic_0,0.5782894010140803
1060105823502218,candidato,20260906-20260912,majorpalumbo,topic_1,0.445504213733851
943389808192168,candidato,20260823-20260905,giorgiaprates.mandata,topic_4,0.9385702692303574
28156844590653736,candidato,20260823-20260905,carlo_cauti,topic_2,0.6012842414150116
1710608986668376,candidato,20260823-20260905,rodrigo_jalloul,topic_2,0.52093319251555
1070781419261790,veiculo_regional,20260815-20260822,topmidianews,topic_1,0.9632733136710866
2046026876035019,candidato,20260823-20260905,duda_salabert,topic_3,0.7358779380307258
1835047390989031,candidato,20260823-20260905,deltandallagnol,topic_0,0.39986615996727803
1751941866158412,veiculo_nacional,20260815-20260822,metropoles,topic_7,0.32979017224235785
4463677013892039,candidato,20260823-20260905,fernandasixelneves,topic_4,0.7330255516060599
1334537755213946,candidato,20260823-20260905,soeditv,topic_2,0.7264080932761697
27951516614549778,candidato,20260906-20260912,joanadalva.mentora,topic_4,0.5419640710022126
1287745851094481,candidato,20260823-20260905,pedrommatias13,topic_6,0.4790753690052691
1616291360154594,candidato,20260815-20260822,coronelsergiopb,topic_3,0.5534667103443727
1822149452117539,candidato,20260906-20260912,fabioabreu.oficial,topic_4,0.35584708586882485
1755094039154750,veiculo_regional,20260906-20260912,sulvinteum,topic_1,0.5051666586886545
1450059693840141,veiculo_regional,20260823-20260905,midiamax,topic_4,0.407876051420474
1482121627086060,candidato,20260815-20260822,wellingtondocurso,topic_6,0.5752936706946171
2287899845278554,candidato,20260815-20260822,deputadaangelaaguida,topic_6,0.5812348422347269
1110679931631832,candidato,20260906-20260912,senadorhumberto,topic_3,0.77011262096075
1058616147077952,veiculo_nacional,20260823-20260905,portalr7,topic_1,0.4895583974451192
4038287999808055,candidato,20260823-20260905,oficialdanielmarques,topic_4,0.39319280032389325
1589664322661931,veiculo_regional,20260906-20260912,maisgoias,topic_1,0.74016826771197
2534428253644896,candidato,20260906-20260912,fecurti13,topic_1,0.5736398825639708
1612750053848603,candidato,20260823-20260905,tiaomedeirospr,topic_3,0.62790112764564
1067610296064984,veiculo_regional,20260823-20260905,portalscc10,topic_1,0.7527361437630338
2183034058941764,candidato,20260823-20260905,agenorsantospa,topic_0,0.47917945192115097
1628186088698482,candidato,20260815-20260822,andreamedeiros.55,topic_4,0.5024961756918376
1825993655415324,candidato,20260823-20260905,annemoraesvereadora,topic_6,0.6704925282487946
971849709288422,candidato,20260906-20260912,annemarquesap,topic_4,0.3912563611120794
1635804871269514,candidato,20260823-20260905,davileitece,topic_4,0.7567944495100972
1376369894216831,candidato,20260823-20260905,anaabrantespe,topic_4,0.4519696107206497
1758439818821583,candidato,20260906-20260912,deputadorobertocarlos,topic_0,0.4605798556136257
4515834735326693,candidato,20260823-20260905,diegoalbarj,topic_2,0.7472583777583288
1731690021473563,candidato,20260815-20260822,thiagolisboa.oficial,topic_4,0.702458360975297
2654092588381229,veiculo_regional,20260823-20260905,romanewsoficial,topic_1,0.8352039236986144
1063445116591589,candidato,20260815-20260822,beatrizborbasc,topic_0,0.48356941099523876
2128716048020461,candidato,20260823-20260905,prof.marcioladeira,topic_1,0.43840553496719675
1606409607788015,candidato,20260815-20260822,motivandocomseguranca_romulo,topic_4,0.5004718153332645
1077657624624118,veiculo_regional,20260906-20260912,jc_pe,topic_7,0.5081340600170577
38805132149099962,candidato,20260815-20260822,neiltondiogenes,topic_0,1.0
1739889120622287,veiculo_nacional,20260906-20260912,portalr7,topic_5,0.6998627437875978
1118051014126636,candidato,20260823-20260905,paulorobertofilho,topic_4,0.7513245600993887
2091245815107011,candidato,20260823-20260905,rjlauracarneiro,topic_3,0.3821287927890733
1632536881731601,candidato,20260823-20260905,val.negra,topic_4,0.9561484577623227
1449726913727828,candidato,20260815-20260822,gameirooficial,topic_2,0.8176595066966137
930068833057083,candidato,20260906-20260912,doutorleonidaspr,topic_0,0.8013956625775217
1728426125038453,candidato,20260906-20260912,gianni.nogueira,topic_4,0.7583301389758291
1560563831908755,candidato,20260906-20260912,brancasantosdc,topic_2,0.44359361907324263
29102203159382843,candidato,20260815-20260822,carmensilvamstc,topic_6,0.39342026667971036
1119577947418316,candidato,20260823-20260905,resgatesdolaiola,topic_4,0.5835891133515713
1581529069579875,candidato,20260906-20260912,vereadorjonasreis,topic_2,0.42330026729447207
1776145200181424,candidato,20260823-20260905,antidiolunelli,topic_3,0.6051794946846639
966832172342688,candidato,20260823-20260905,prefeitofredericojunior,topic_6,0.7650923937662963
1755017792213105,candidato,20260906-20260912,neiltondiogenes,topic_6,0.2864038222120398
2131680240753199,candidato,20260823-20260905,clesle.siqueira,topic_4,0.48260308125584345
1536216511646801,candidato,20260823-20260905,adriane_gr,topic_0,0.8590460370919611
3161876390679948,candidato,20260823-20260905,ruijorge_neto,topic_2,0.8457643365387209
1798734557928781,candidato,20260823-20260905,sgtparra,topic_0,0.4411316170363156
1069373942574873,candidato,20260906-20260912,rogeriabolsonaro,topic_7,0.3231232976625215
1830889198078757,candidato,20260823-20260905,allan_miranda__,topic_6,0.8188303199798198
1329535932398268,candidato,20260823-20260905,sancholoko_,topic_6,0.8339229426660612
2576522202844219,candidato,20260823-20260905,anapaulajunqueiraleao,topic_4,0.5883488416685593
1788567815679234,veiculo_regional,20260823-20260905,ndmais,topic_1,0.7988435137515635
2061557854462198,candidato,20260815-20260822,pedrofilhorn,topic_6,0.4352636576399104
2397479127662287,candidato,20260823-20260905,vaguinhoneguinho,topic_4,0.9122823601069722
2100324930837397,candidato,20260906-20260912,elizianegama,topic_4,0.4281499611832123
1087628716988792,candidato,20260815-20260822,fernandohaddadoficial,topic_7,0.42800749852470055
1372248847949239,candidato,20260815-20260822,fernandomtsantana,topic_7,0.440721476226244
918226481012268,candidato,20260815-20260822,brunolorenzutti,topic_4,0.5623807271900948
1447214837224627,candidato,20260815-20260822,laisjordy,topic_4,0.5510966426393722
2328041731355124,veiculo_regional,20260906-20260912,obrasilienseoficial,topic_1,0.7819460696625907
38615415421390171,candidato,20260815-20260822,clebiolopesjacare,topic_7,0.5946073856990346
2228210734391425,candidato,20260815-20260822,senadorrogerio,topic_2,0.3682834510531506
2449852128828814,candidato,20260823-20260905,marcosoliveira.se,topic_2,0.9942437263981995
1710311903369546,candidato,20260823-20260905,dreltonjr,topic_4,0.9005730260374798
1621878379284747,candidato,20260823-20260905,najaracosta_,topic_4,0.7983096753152439
1114097644510028,candidato,20260823-20260905,greyceelias,topic_4,0.5756417807872876
2405360253328779,candidato,20260815-20260822,zehumbertodf,topic_1,0.6499179860962744
1144201278271216,candidato,20260823-20260905,celia.xakriaba,topic_4,0.35099930318617034
1721340036662865,candidato,20260815-20260822,alinerisisantos,topic_4,0.8824482665410146
2516585248818569,candidato,20260823-20260905,aryvanazzi13,topic_2,0.33829852013641565
1056280057283781,candidato,20260815-20260822,orlandomorando,topic_1,0.3196734016977203
1391384679255094,candidato,20260815-20260822,alexandrejosesc,topic_0,0.3907278325208325
968518339598260,candidato,20260815-20260822,gcarvalhorn,topic_4,0.7166664580516385
1779478796431840,candidato,20260906-20260912,rafaelprudentedep,topic_4,0.9327467624587531
1574989370758296,veiculo_nacional,20260906-20260912,metropoles,topic_5,0.8532298358056526
1936138070694008,candidato,20260823-20260905,jarioliveiraoficial,topic_0,0.40855561616895975
1558009672298599,candidato,20260823-20260905,adilsonespindula,topic_0,0.2839889767628253
2179215465973704,candidato,20260906-20260912,santinroveda,topic_6,0.402614839472176
1889206582457361,candidato,20260815-20260822,mariapaulavv,topic_0,0.4733218353817669
1054286660817310,veiculo_regional,20260815-20260822,tribunaonline,topic_1,1.0
1101123579169451,candidato,20260823-20260905,crisnardesdf,topic_4,0.9660825498300396
1049573421048020,candidato,20260815-20260822,leiladovolei,topic_1,0.37502515709367135
955848213649174,candidato,20260823-20260905,leopindoba,topic_0,0.2689590395453905
1080387684609510,veiculo_regional,20260815-20260822,diariodepernambuco,topic_1,0.744653367054997
1396113582648803,candidato,20260823-20260905,diogopernocapoa,topic_4,0.6490196738228143
2623341928079999,candidato,20260815-20260822,deputadogiovaniratinho,topic_2,0.5166903029856856
891213067182070,veiculo_nacional,20260823-20260905,brasildefato,topic_7,0.5070339781943353
2257239831795906,candidato,20260823-20260905,divinobethaniatocantins,topic_1,0.7393787910374514
1542809363711761,candidato,20260815-20260822,ivoneidecaetanooficial,topic_6,0.7813060620728288
2824010994631939,candidato,20260823-20260905,joaocampos,topic_3,0.46774955183794215
2861737710856062,candidato,20260815-20260822,biakicis,topic_3,0.8066555488512234
1791301931861846,candidato,20260823-20260905,lulaoficial,topic_3,0.7768462028191431
1603032241530329,candidato,20260906-20260912,amandasouzadelegada,topic_4,0.8701341047570207
1636963547987884,candidato,20260823-20260905,gabrielazevedo,topic_4,0.4073564051309855
1012490211843364,partido,20260815-20260822,psdboficial,topic_3,0.30486811901494304
1342357504425007,candidato,20260823-20260905,eduardobraide,topic_6,0.4766727703397735
1120299077328368,candidato,20260906-20260912,tiagolutiani,topic_4,0.5953220644689564
2089275368347022,candidato,20260906-20260912,ivelizedobogo,topic_4,0.7660254041787494
1128783596243050,candidato,20260906-20260912,lucasjean.sc,topic_2,0.462180864937652
2332863577543936,candidato,20260823-20260905,ruicostaoficial,topic_6,0.42937097726859125
1632480188216447,candidato,20260815-20260822,andrebuenooficial,topic_6,0.4272139877242195
2103940690330285,candidato,20260823-20260905,deniseribeiro.social,topic_4,0.35744572497379773
1319095936776442,candidato,20260823-20260905,yurydoparedao,topic_0,0.6138152949494788
1892105478436840,candidato,20260823-20260905,coronelchagas,topic_3,0.6153941061022824
2015668686058926,candidato,20260823-20260905,deputadowellingtonjose,topic_6,0.5583168386433647
1832068447760053,candidato,20260823-20260905,pimenta13br,topic_3,0.6061730797472351
998331033268808,candidato,20260906-20260912,vanilsonbueno,topic_0,0.6962462783536966
1102058762297026,candidato,20260815-20260822,antoniocoelhope,topic_4,0.6586662300745376
1605687860961647,veiculo_regional,20260906-20260912,roraima1,topic_1,0.9723459508097044
1507918307760150,candidato,20260815-20260822,victorcoelhoes,topic_2,0.4188102731280745
943153672166453,veiculo_regional,20260906-20260912,tribunadonorte,topic_5,0.49027960486076316
1672932247694796,candidato,20260823-20260905,prflavioamaralofc,topic_4,0.41353507134806516
1074867375143861,candidato,20260823-20260905,dani.ribeiro_,topic_0,0.49269570151066866
4520587431538341,candidato,20260815-20260822,clovisvolpi,topic_4,0.6513429387807558
3000860430287664,candidato,20260815-20260822,fabiotrad,topic_4,0.6465548926917727
2526755414511081,candidato,20260823-20260905,depmartacosta,topic_3,0.3904285716531633
1572288971335745,veiculo_nacional,20260823-20260905,metropoles,topic_1,0.8009239353222364
1100265969208034,veiculo_regional,20260815-20260822,contilnetnoticias,topic_1,1.0
1615274753324361,candidato,20260815-20260822,dra.gabrielaoficial,topic_6,0.82686145993327
2614842702369065,candidato,20260815-20260822,elinaldooficial,topic_3,0.6595202550238836
988654627579024,veiculo_regional,20260906-20260912,diariodograndeabc,topic_1,0.6685733562532329
4613952662156330,candidato,20260823-20260905,makoyoficial,topic_3,0.7968538944780007
981056961689665,candidato,20260823-20260905,enfermeirogustavoarantes,topic_4,0.6563328179810756
38350845594558765,candidato,20260823-20260905,marcoantoniocabral,topic_4,0.4319574204376361
1844856653550878,veiculo_nacional,20260823-20260905,correio.braziliense,topic_7,0.4219284736142517
28449055788083952,candidato,20260823-20260905,pastordanieldecastro,topic_0,0.6848605163049533
4114114705548013,candidato,20260823-20260905,padresilvioandrei,topic_2,0.7736310086197477
900723636196749,candidato,20260823-20260905,vicentinho_pt,topic_3,0.6337449306459736
4416143548659298,candidato,20260823-20260905,neysantos_sp,topic_0,0.5922604678896842
1441581957834922,veiculo_regional,20260823-20260905,opovoonline,topic_1,0.8369304296673066
1445809754118474,candidato,20260823-20260905,viviliraa_,topic_0,0.43425038255394816
2934176293648968,candidato,20260823-20260905,carlosdalvan,topic_4,0.9014059343574828
1064024423105507,candidato,20260823-20260905,andiara.ferreiraadv,topic_7,0.40479747187629656
1080680711375086,veiculo_nacional,20260823-20260905,poder360,topic_1,0.7131906512303992
1088555307159630,candidato,20260906-20260912,alinesa_df,topic_0,0.5117658567065198
1060633359916214,veiculo_regional,20260815-20260822,jornaldapb,topic_1,0.5527484615713695
3726397147515366,veiculo_regional,20260823-20260905,portalcadamin,topic_1,0.68835249807959
1603833294571598,veiculo_regional,20260823-20260905,portalacritica,topic_1,0.4653771521241248
1576137020051981,candidato,20260823-20260905,zecadoptms,topic_6,0.46794401669219
1419008953475609,candidato,20260906-20260912,rubensotoni,topic_6,0.4622612464517757
997242893368813,candidato,20260815-20260822,neider.moreira,topic_1,0.47637555598176484
1060889629997200,candidato,20260823-20260905,luceliarodriguesoficial,topic_4,0.8721295392065911
28855160300748650,candidato,20260823-20260905,mariajalapaoofc,topic_4,0.623234025170291
1502509598587061,candidato,20260906-20260912,joao.ricardo.pa,topic_4,0.45410890204203047
1743558903599011,candidato,20260823-20260905,sargentobetania,topic_4,0.5003572609387408
4575662602710947,veiculo_regional,20260815-20260822,correio24horas,topic_1,1.0
947146887888150,candidato,20260823-20260905,rafaelnobre.rj,topic_0,0.4031193489844449
1740849960528890,candidato,20260906-20260912,drthalescoelho,topic_0,0.861540223352204
1427358075959662,candidato,20260815-20260822,thomazhenriquesjc,topic_0,0.43564566810531524
2315336222568924,candidato,20260823-20260905,ysanireal,topic_3,0.8920361120227678
1074271005533040,candidato,20260906-20260912,vanderlancardosooficial,topic_4,0.6947105231860772
1834827084596301,candidato,20260815-20260822,matheuspggomes,topic_4,0.8948845826555272
1563552794892883,veiculo_regional,20260815-20260822,romanewsoficial,topic_1,1.0
1823033678638050,candidato,20260906-20260912,jadyelalencar,topic_6,0.6389021597834693
1611324297319309,candidato,20260823-20260905,valmarchiori,topic_4,0.9557104251086366
2637720393352708,candidato,20260815-20260822,raimundosousa_11,topic_0,0.40906139673545333
4433068183647908,veiculo_regional,20260815-20260822,atardeoficial,topic_1,0.6781513052593162
2194612888066559,candidato,20260823-20260905,leovieirafilhorj,topic_0,0.47145973653473155
1800395920983479,candidato,20260823-20260905,detinhapl,topic_0,0.6183347570288353
1652245829883983,veiculo_regional,20260815-20260822,portalacritica,topic_1,0.4101286004806834
1105725729081742,veiculo_regional,20260906-20260912,correio24horas,topic_1,0.8940097113200853
1781228356543874,candidato,20260815-20260822,soujoaopaulorillo,topic_6,0.5226247415889864
1658554772294800,candidato,20260815-20260822,netocarletto,topic_4,0.5427672240425546
1989975671713113,candidato,20260906-20260912,adrianaalmeidastm,topic_4,1.0
1020233424454902,candidato,20260815-20260822,lohanna.franca,topic_6,0.6996283367169492
1099088016065125,candidato,20260823-20260905,inacioarruda_,topic_6,0.413545007694487
1079443584458276,veiculo_regional,20260823-20260905,topmidianews,topic_5,0.5948936903259279
4003413383295965,candidato,20260906-20260912,romariopolicarpo,topic_0,0.43466853300996566
1161220299922132,candidato,20260906-20260912,capitaoalbertoneto,topic_5,0.6654511932774851
1004349232651740,candidato,20260815-20260822,doutoraraissasoaresoficial,topic_3,0.308347634250922
1970653740560253,candidato,20260815-20260822,mendoncafilhope,topic_2,0.5436804679110752
2176450363270115,candidato,20260823-20260905,annemoraesvereadora,topic_4,0.6454452699748052
1073201188966720,veiculo_nacional,20260906-20260912,bandnewstv,topic_5,0.3894243173407506
27914978701537944,candidato,20260823-20260905,marceloaguiaroficial,topic_4,0.6300796090574519
1375246091363758,candidato,20260823-20260905,fredcostadep,topic_4,0.42589248842035826
1682002702871610,candidato,20260823-20260905,pastoraleiapelaes,topic_6,0.45616716022067605
1299555959907441,candidato,20260906-20260912,fernandapsol,topic_7,0.8720637121880229
1088830290748352,candidato,20260906-20260912,carla.ayres13,topic_7,0.4289228434252494
1805529184217361,candidato,20260906-20260912,pr_oseiasdemadureira,topic_4,0.48880852499001715
3478417748994512,veiculo_regional,20260823-20260905,tribunaonline,topic_1,1.0
1085603671077940,candidato,20260815-20260822,zeadrianoac,topic_4,0.6638599155306776
1015876034823777,candidato,20260823-20260905,reizinho.direita.social,topic_6,0.4156477004676562
1416702167055156,candidato,20260815-20260822,cironogueira,topic_3,0.43519354761262163
1590362175894347,veiculo_nacional,20260906-20260912,metropoles,topic_1,0.6326409921257523
1103386292250947,candidato,20260823-20260905,danidias.metropolitana,topic_4,0.32933271753128346
38477618495219929,candidato,20260823-20260905,rodrigolopes.mg,topic_2,0.4204544117073011
2602384360206419,candidato,20260823-20260905,yurydoparedao,topic_0,0.38466212709570674
1111691408193922,veiculo_regional,20260815-20260822,agazetadoacre,topic_1,0.9054559779312147
1921902622548178,veiculo_nacional,20260815-20260822,metropoles,topic_7,0.6543227183967903
910622028514444,veiculo_nacional,20260823-20260905,bandnewstv,topic_4,0.39191861393806066
1744692073426776,candidato,20260815-20260822,tiagoperettooficial,topic_3,0.4616599651718391
1362380405642954,candidato,20260823-20260905,eduardodotenis,topic_0,0.4561460266383809
1742553000190567,veiculo_regional,20260823-20260905,tvcidadeverde,topic_1,0.5555745859128376
2145096506399872,candidato,20260823-20260905,wanderleynogueira13,topic_3,0.42724864495844944
2545075672604801,candidato,20260823-20260905,agenorsantospa,topic_0,0.5604662306379777
1085695594418893,candidato,20260823-20260905,pardinibtu,topic_2,0.892283539403065
1578667643242820,candidato,20260823-20260905,deputadoniltinho,topic_0,0.9774392889404051
4207434786215060,candidato,20260815-20260822,luannasantos.13,topic_6,0.39125476166714546
2260176634837109,candidato,20260823-20260905,daniel.bordim,topic_6,0.24352569305463778
1369549481455154,candidato,20260815-20260822,ronaldofonseca.oficial,topic_6,0.4196146571190298
943218278069471,veiculo_nacional,20260823-20260905,metropoles,topic_1,0.7054567952874106
2485131321968970,candidato,20260906-20260912,moretifabiano,topic_4,0.4278521494255311
2499228097219722,candidato,20260815-20260822,fabiotyrone,topic_4,0.6742995798248251
1803122034214285,veiculo_regional,20260823-20260905,meionorte,topic_1,0.575223182554543
1070948832497587,partido,20260815-20260822,partidomissao,topic_4,0.49046004919989183
1737185240873545,candidato,20260906-20260912,chicaovianna,topic_4,0.7487757387618134
4408255726095030,candidato,20260823-20260905,marceloortegasp,topic_2,0.5097662609156869
1599329075271225,candidato,20260823-20260905,alexandreleprevost,topic_2,0.4931123804207955
1040847102112054,veiculo_regional,20260823-20260905,folhape,topic_1,0.8388914508820755
2853823954992147,veiculo_regional,20260823-20260905,agazetaes,topic_1,0.9134106738114556
1120938457267039,veiculo_nacional,20260815-20260822,folhadespaulo,topic_7,0.44020294286284695
1593987538765866,candidato,20260823-20260905,dep_padrejoao,topic_2,0.4964277041773234
1542184847590972,candidato,20260906-20260912,procuradormauro,topic_4,0.4863286152043194
1741901446857433,candidato,20260906-20260912,matheuslimabraga,topic_4,0.6354543375201944
2254557392066907,candidato,20260823-20260905,marcelosantosdeputado,topic_6,0.7149746635694662
1079942458083654,candidato,20260815-20260822,julinho.fuzari,topic_2,0.493084679635617
1066976815745146,candidato,20260906-20260912,renataseneoficial,topic_0,0.5269993907530682
2324452598092489,candidato,20260823-20260905,flavionogueirajunior,topic_3,0.32835504899159723
28426733523625761,candidato,20260823-20260905,oficialmarcostavares,topic_4,0.7643428331090002
936728748933061,candidato,20260906-20260912,tarcisiogdf,topic_4,0.5475024051919186
1435857835130843,candidato,20260823-20260905,pedrozo.pr,topic_2,0.6598269136868095
1754364209011600,candidato,20260823-20260905,marciusmachado,topic_4,0.4813182050102445
1004551542609048,candidato,20260815-20260822,andreiaxarao,topic_3,0.5404374191306808
1603633264753523,candidato,20260823-20260905,katiaoliveiraba,topic_0,0.5800531265774947
1637508761069809,candidato,20260823-20260905,simaopedrochiovetti,topic_6,0.9836337829887919
1802640154064347,candidato,20260823-20260905,sgt_jalyson,topic_4,0.3569470219316011
1752671219343600,candidato,20260906-20260912,depcristianedantas,topic_2,0.2551922688937248
1769277927550907,candidato,20260823-20260905,oproprio.evaristo,topic_4,0.29043661065382037
1954510271907916,candidato,20260815-20260822,filipefornari,topic_2,0.5305398483476051
2702305490171131,veiculo_regional,20260823-20260905,oimparcial,topic_1,0.7741038220912154
2995571887450426,veiculo_regional,20260815-20260822,oliberal,topic_1,0.5606572731426956
1427765449247146,candidato,20260906-20260912,rafaelsaraivasp,topic_4,0.4122543871944005
1107465491971363,candidato,20260906-20260912,samialeiza,topic_2,0.39003419433685366
1623599952724465,candidato,20260823-20260905,ailtonlopespsol,topic_3,0.8295617738821084
1101752792235529,candidato,20260906-20260912,eduardodafonte,topic_7,0.6264385689647608
1609665017449508,candidato,20260815-20260822,dr.furlan,topic_6,0.6145948316390099
1586144676521571,veiculo_regional,20260823-20260905,otempo,topic_1,0.9421732329937658
1097140676582154,candidato,20260906-20260912,professorrui.aplb,topic_2,0.6444408002444219
1797266151454806,candidato,20260815-20260822,manoelapimenta,topic_0,0.3604404858407964
2288250238589253,veiculo_regional,20260815-20260822,eshoje,topic_1,0.5547366452497628
2831631197291004,candidato,20260815-20260822,julianaprates.oficial,topic_4,0.5313913107225429
1563038488910080,candidato,20260815-20260822,andredopradosp,topic_0,0.6594632985317259
1799578394561566,candidato,20260823-20260905,kan.carlos,topic_2,0.541891253291416
3987260988244857,veiculo_regional,20260815-20260822,estadodeminas,topic_7,0.6108673512549702
1403770358517822,candidato,20260906-20260912,nimbarrosoduarte,topic_3,0.6094693663832966
1545392554058575,candidato,20260815-20260822,pmandreiaandrade,topic_4,0.6734085594001088
2925249844485178,candidato,20260906-20260912,catanho13131,topic_3,0.7591013374308381
1090561740091494,veiculo_regional,20260823-20260905,diariodonordeste,topic_1,0.391817845794315
2130248224534611,candidato,20260823-20260905,antoniocarlosarantes,topic_7,0.49091296745964075
1715245183109089,candidato,20260906-20260912,deputadalecibrandao,topic_4,0.6559039620902556
2304114280354538,candidato,20260823-20260905,dep_padrejoao,topic_7,0.9568886013987493
1078614747996919,candidato,20260823-20260905,depstefano,topic_0,0.5354393024278946
1431097232266834,candidato,20260815-20260822,tico.kuzma,topic_4,0.5131283367967965
1394528775585104,candidato,20260815-20260822,larucia.sa,topic_0,0.36806389527032113
2480781182434864,candidato,20260823-20260905,diego.gmoreno,topic_4,0.7166200102096657
1123605636990125,candidato,20260815-20260822,maxrussi,topic_3,0.3635836166174113
931514550001380,candidato,20260815-20260822,ellenmiziara,topic_7,0.774602132323863
1784656935908909,candidato,20260823-20260905,edvaldafarmacia,topic_2,0.6531604587101704
2104480430443355,candidato,20260906-20260912,delegadaione,topic_0,0.686753702503739
2146070923001310,veiculo_regional,20260815-20260822,estadodeminas,topic_1,0.5387436546538257
1382651973498678,candidato,20260823-20260905,felipe_francischini,topic_4,0.8688366738481681
1089340927299564,candidato,20260823-20260905,naborwanderley,topic_6,0.5383964766682997
1786739335694564,candidato,20260815-20260822,josifloraoficial,topic_4,0.649850273456556
1075001525252283,candidato,20260823-20260905,dep.ricardorodrigues,topic_1,0.43179445206436945
921936010475980,candidato,20260815-20260822,rogeriasantosoficial,topic_0,0.4023100532928109
1070655862247478,candidato,20260815-20260822,prof.elsonpereira,topic_4,0.6951998988782918
912272714994945,veiculo_regional,20260823-20260905,otempo,topic_5,0.5322129222846386
3060851640925404,candidato,20260823-20260905,lulaoficial,topic_3,0.8819481606204335
1544070686896574,candidato,20260815-20260822,coroneledvanio,topic_2,0.5930088257093327
1099481439692935,candidato,20260823-20260905,candissecarvalho,topic_1,0.27162722440440434
1949211142722397,candidato,20260823-20260905,mirianporto.rj,topic_4,0.6731390005757204
1571803964254502,candidato,20260823-20260905,glalbertcutrim_,topic_0,0.42914675912502204
1111085671588606,candidato,20260906-20260912,davirreis70,topic_4,0.7511307571551623
1050115727835608,candidato,20260815-20260822,sergiokruke,topic_4,0.43959282231273256
1437451078485129,candidato,20260906-20260912,marceloortegasp,topic_2,0.716987447321979
1384219720354809,candidato,20260906-20260912,murilogaldinopb,topic_0,0.9030978186799121
1270853761795859,candidato,20260906-20260912,marcos.beltrao,topic_0,0.9813840521658501
4486940594877610,candidato,20260815-20260822,euanapaulamendes,topic_6,0.4327136882159732
2526267491132817,candidato,20260906-20260912,jaqueswagner,topic_0,0.5431824985629428
1052282774470504,candidato,20260815-20260822,alcidesteixeiraneto,topic_6,0.42496059513616696
2028888250962102,candidato,20260906-20260912,brunopeixotooficial,topic_2,0.5741017984797727
1061842930165005,candidato,20260815-20260822,antoniopedrosooficial,topic_4,0.5261574260273338
1792946038555974,candidato,20260823-20260905,drabrunaituassu,topic_4,0.7566919565950477
1317177291482543,candidato,20260906-20260912,diegoandrademg,topic_2,0.3526861558870584
1839820004053991,veiculo_regional,20260823-20260905,midiamax,topic_1,0.6520138664618302
1359253529702746,candidato,20260823-20260905,sergiovidigaljr,topic_0,0.5609659384539158
3966927990113827,veiculo_regional,20260823-20260905,folhavitoria,topic_1,0.8088355014899993
1699535581105807,candidato,20260815-20260822,brunofariasmg,topic_4,0.2900887058704476
2357154951753947,candidato,20260815-20260822,natalia_rodriguescg,topic_4,0.6744268943008439
38548485561466280,veiculo_nacional,20260906-20260912,metropoles,topic_1,0.5641688508686385
4494599970758260,candidato,20260906-20260912,frankaguiar,topic_2,0.5547391745101847
1094954346401239,veiculo_regional,20260815-20260822,diariodoamapa,topic_7,0.5345086785618813
1094586990196398,candidato,20260823-20260905,leandroribeiroaps,topic_4,0.8940311118296875
4625981467631004,veiculo_nacional,20260823-20260905,portalr7,topic_1,0.9124875077441738
28689446717356276,candidato,20260823-20260905,joaopedrogrill,topic_6,0.6832533428674882
1068630272603365,veiculo_nacional,20260823-20260905,portalr7,topic_1,0.36358326214548725
1104559641992594,candidato,20260823-20260905,jairmiotto,topic_2,0.5404788523192425
1395281005444378,candidato,20260906-20260912,pedrocoutinhopb,topic_0,0.49424008615686094
1057466287132369,veiculo_nacional,20260823-20260905,poder360,topic_5,0.3780558107948869
1017585911332445,veiculo_regional,20260815-20260822,dm.com.br,topic_1,0.7538528518349303
1062731879799476,veiculo_regional,20260906-20260912,contilnetnoticias,topic_1,1.0
4464592483755527,candidato,20260823-20260905,leandro_pintoo,topic_0,0.40877965110412223
1056330150705656,veiculo_regional,20260823-20260905,agazetaes,topic_1,0.8799666609805004
1456233083137327,candidato,20260823-20260905,alexandre.lindenmeyer,topic_7,0.3531928401845064
1078328111727108,candidato,20260823-20260905,cristinagraeml,topic_3,0.7899795381241727
1255905446670987,candidato,20260823-20260905,carlinhossobral15,topic_2,0.4626205083704042
1011023731955944,candidato,20260823-20260905,tadeuveneri,topic_7,0.5237871370184688
1687434746278228,candidato,20260815-20260822,vereadormarcelowerner,topic_2,0.5423360718836326
28238184855876497,veiculo_regional,20260815-20260822,itatiaiaoficial,topic_7,0.36629226845945795
1074858754932155,candidato,20260815-20260822,olavokeesen,topic_2,0.3977518369575407
1413008704102129,candidato,20260823-20260905,barbararesendems,topic_4,0.7393862910838738
2065018710844354,veiculo_regional,20260823-20260905,agazetaes,topic_1,0.7521681458780558
1721005685671766,candidato,20260823-20260905,valdeci13rs,topic_2,0.3654865531394053
2197038994213054,candidato,20260823-20260905,luisfernandocavalheiropires,topic_0,0.5354364255445075
1397859495767349,candidato,20260823-20260905,robinsonfaria,topic_6,0.6228837793313954
1546497680087399,veiculo_regional,20260823-20260905,contilnetnoticias,topic_1,0.4943186807528537
1518814030264293,candidato,20260823-20260905,preta.biava,topic_4,0.6234205991718075
1415132460572391,candidato,20260823-20260905,drkerginaldo,topic_0,0.5095736167710752
1028395340244225,candidato,20260906-20260912,os_fuleras,topic_4,0.48091761445896264
2498306440648136,veiculo_regional,20260906-20260912,doldiarioonline,topic_1,0.8443557072736492
1725623771887404,veiculo_regional,20260906-20260912,bnews_oficial,topic_7,0.5318681453324823
1076210098797519,candidato,20260823-20260905,vini.protetordeanimais,topic_1,0.5779808353065388
1557131956097534,candidato,20260823-20260905,mazinhodosanjos,topic_6,0.32039603068829486
1070182475630042,candidato,20260823-20260905,bira.ubiratan_,topic_4,0.7311167036831612
1709802850133789,candidato,20260815-20260822,rogeriasantosoficial,topic_0,0.4407177492409636
1645585253937434,candidato,20260823-20260905,delegadajannira,topic_4,0.9449887708718359
3400713853449542,candidato,20260906-20260912,lenisedurao,topic_3,0.6686218221246963
953858533774847,veiculo_regional,20260823-20260905,jornalopcao,topic_1,0.8874512017107579
1126473767000004,candidato,20260823-20260905,thayssintra,topic_4,0.861426766064791
2538855566594007,candidato,20260906-20260912,alex.redano,topic_0,0.4504960685528836
3176989522500084,candidato,20260906-20260912,neusacadore,topic_4,0.8154515918784024
2965872917081654,candidato,20260823-20260905,renanferreirinha,topic_6,0.8990761459147949
2221926408591049,veiculo_regional,20260815-20260822,ac24horas,topic_1,0.44197206589046345
1072911715654944,candidato,20260815-20260822,magnojunior_sc,topic_4,0.8267159028533676
1040292535490840,candidato,20260815-20260822,dinei__corinthians__18,topic_0,0.5062892437207404
2072391606714912,candidato,20260815-20260822,wilsonsantiagofilho,topic_2,0.39083588520864443
1078952174842721,candidato,20260823-20260905,joelrodriguespi,topic_4,0.4609659746505752
4363792783950839,candidato,20260906-20260912,jeffreychiquini,topic_5,0.5992876483250545
1687129029640772,candidato,20260823-20260905,jairmiotto,topic_4,0.6155466377516352
1032649213104679,candidato,20260906-20260912,douglascavalcante_,topic_2,0.517058700331443
1589805495966784,candidato,20260823-20260905,cobrareporter,topic_3,0.3871391793753229
1510158777543840,veiculo_nacional,20260815-20260822,portalr7,topic_1,0.8633653131786951
2470963889980579,veiculo_nacional,20260823-20260905,vejamais,topic_1,0.8015023226179497
1618265243063920,veiculo_nacional,20260823-20260905,metropoles,topic_7,0.7748023170703799
925881703911377,candidato,20260823-20260905,elzuilac,topic_0,0.5856043521219525
1570631597549199,candidato,20260906-20260912,joaofariassp,topic_4,0.9977135557472832
2107024933241113,veiculo_regional,20260906-20260912,topmidianews,topic_7,0.5785793679144388
1818206579062547,candidato,20260906-20260912,ericgustavodf,topic_5,0.8086338045456831
1129330229763516,candidato,20260906-20260912,fabiopereiravaz,topic_2,0.43769583637117193
1105247662459908,veiculo_regional,20260823-20260905,contilnetnoticias,topic_1,0.7986611716166602
1789225469276350,candidato,20260823-20260905,eupetalaoficial,topic_6,0.4604327244276566
1087686960681832,candidato,20260823-20260905,wanderleynogueira13,topic_3,0.39824504962294444
1058444326889050,candidato,20260823-20260905,chico.alencar,topic_4,0.39806489765899344
1131727213135782,candidato,20260823-20260905,pastorjuniortercio,topic_6,0.30378357622349433
1604144377757354,candidato,20260823-20260905,betodoisaum,topic_0,0.48131266126891453
921312363995474,candidato,20260823-20260905,marli_do_esporte,topic_4,0.6066901583383415
1601483248363048,candidato,20260906-20260912,rogeraguiar.ce,topic_4,0.7147470525722966
1766001334675874,candidato,20260815-20260822,ricardosallesmma,topic_7,0.4551344970896122
2329429464534758,candidato,20260906-20260912,damiresrinarlly.adv,topic_0,1.0
1086341937274579,veiculo_nacional,20260823-20260905,portalr7,topic_5,0.7736683112926309
1084418297641792,candidato,20260815-20260822,gutojoseoficial,topic_0,0.6151265663784284
1762059725066862,candidato,20260906-20260912,dr.furlan,topic_0,0.45498282659562184
4431663527091723,candidato,20260823-20260905,malconmazzucatto,topic_6,0.6618670175118813
1778484916494643,veiculo_nacional,20260823-20260905,correio.braziliense,topic_5,0.49016677968939465
1821014478918247,candidato,20260906-20260912,allysonbezerra.rn,topic_3,0.364717055361005
1786314706026358,candidato,20260823-20260905,silviawinterpsicanalista,topic_4,0.8335226930173083
1117910704248008,veiculo_nacional,20260823-20260905,metropoles,topic_1,0.7375078283648949
4746489615496301,candidato,20260906-20260912,rebecaramagem,topic_7,0.5780157885435248
1468273135167905,candidato,20260823-20260905,sergiosouzapr,topic_0,0.7263716200429591
1987825115257412,candidato,20260815-20260822,silviacristina.ro,topic_4,0.5491352428099182
2642272526217075,candidato,20260823-20260905,silviopitu,topic_4,0.6167805868670455
2272598753591928,veiculo_nacional,20260906-20260912,estadao,topic_5,0.9501505142315525
1368995391965835,candidato,20260815-20260822,flaviowerneckm,topic_4,0.5486665698228206
2395518287889113,candidato,20260823-20260905,donnysilvadf,topic_6,0.4918202347841431
2024176231592028,candidato,20260823-20260905,marcusmarcelotocantins,topic_4,0.45952219023310786
909465605301229,candidato,20260815-20260822,doutorleonidaspr,topic_4,0.7541324960102581
1544917376920138,candidato,20260815-20260822,silvionavarrojornalista,topic_2,0.7014934288680345
1320001347862573,candidato,20260823-20260905,drsilmarregiscamarini,topic_4,0.9065550098713377
1833559221117950,candidato,20260823-20260905,euvaldeteferro,topic_0,0.40831502586850765
1123100533505191,veiculo_regional,20260823-20260905,oficialcn7,topic_2,0.3625731330353896
1559804645898400,candidato,20260906-20260912,brunopeixotooficial,topic_4,0.3829489702926473
1597278458848260,veiculo_regional,20260823-20260905,opovoonline,topic_1,0.8435882685966231
2814713472262405,candidato,20260823-20260905,netokarfanoficial,topic_0,0.8510545544919991
2142619190020215,veiculo_regional,20260906-20260912,portalinfonet,topic_1,0.8347864524085143
1544425904102083,veiculo_nacional,20260823-20260905,poder360,topic_1,0.5635202003373952
1995522624491310,candidato,20260906-20260912,aloisiovarejao,topic_4,0.707856277093792
1792621608526325,candidato,20260823-20260905,frankaguiar,topic_6,0.4420930028411556
1532701282217504,veiculo_regional,20260815-20260822,blogdobg,topic_1,0.30810674645085817
4184803338478433,veiculo_regional,20260815-20260822,ndmais,topic_1,0.693220963553532
2186192878999768,candidato,20260823-20260905,dr.eduardovelloso,topic_6,0.6306741164640312
27421897917484349,veiculo_regional,20260815-20260822,portalgp1,topic_1,0.9498933116885675
2548840448947584,candidato,20260823-20260905,cloarapinheiro,topic_4,0.6156901135063648
1049077911255844,candidato,20260906-20260912,thiagoauricchio_,topic_0,0.712316957575881
977448718707080,candidato,20260906-20260912,glaustindafokus,topic_4,0.7106023518725516
1584569489742052,veiculo_regional,20260815-20260822,tribunahoje_,topic_7,0.60956675947314
1426702916266651,candidato,20260815-20260822,rodrigomedeiros.oficial,topic_4,0.3909190789578933
1404715681621233,candidato,20260823-20260905,radiovaldo,topic_4,0.7775380315801431
3992886637673426,candidato,20260906-20260912,wilsonmartinspi,topic_0,0.8349424828186052
1619848686250404,candidato,20260823-20260905,raimundopimentel,topic_4,0.40713318545825733
952181254606357,candidato,20260823-20260905,luciovanderlinde,topic_0,0.7677744574962222
1440868577897479,candidato,20260815-20260822,marcosrogeriooficial,topic_3,0.5452711582701123
2065034564204514,candidato,20260906-20260912,eduardodafonte,topic_4,0.7484853017653879
1736172484280190,candidato,20260823-20260905,marcosfcombate,topic_6,0.7965184778923592
1136294579078945,candidato,20260823-20260905,drbrunoresende_,topic_4,0.3960581894166339
1618753906587620,veiculo_regional,20260823-20260905,tribunahoje_,topic_1,0.7551000631093612
1808034620551434,candidato,20260823-20260905,du.cazellato,topic_4,0.5738442888492141
1352985361231084,veiculo_regional,20260823-20260905,correio24horas,topic_1,0.9750711746815778
1466593931988715,candidato,20260823-20260905,juliocesarribeiro,topic_2,0.8222724462763704
1729760041813544,veiculo_regional,20260823-20260905,ac24horas,topic_1,0.5136058093717281
1990790314882859,candidato,20260823-20260905,depsergioaguiar,topic_0,0.34594215218754226
1396662358691979,candidato,20260815-20260822,deliopinheirojornalista,topic_0,0.46714323169505995
1385212809645771,candidato,20260823-20260905,anapaulasiqueiraoficial,topic_0,0.32969313982549864
1071033475576811,veiculo_nacional,20260823-20260905,jovempannews,topic_7,0.8029309607757308
1642274880844315,candidato,20260823-20260905,omaraziz.am,topic_4,0.8619117813927966
3676458992507614,candidato,20260823-20260905,dr.eduardovelloso,topic_7,0.354900580749135
1417228160513684,candidato,20260906-20260912,allysonbezerra.rn,topic_3,0.4993576923380933
1674095237836011,candidato,20260815-20260822,adelitamonteiro,topic_3,0.7661062310668464
1710231833418795,veiculo_regional,20260906-20260912,ndmais,topic_5,0.900553616555298
1060530213502496,veiculo_regional,20260906-20260912,portalemtempooficial,topic_1,0.9124287662126848
1097615776149864,veiculo_nacional,20260823-20260905,agencia.brasil,topic_1,0.37695822114400485
2540994019754781,veiculo_nacional,20260906-20260912,metropoles,topic_5,0.9904958360261835
1595591262363739,candidato,20260823-20260905,rogerioandrade8,topic_6,0.5287498699635179
1252458817021565,veiculo_regional,20260815-20260822,agazetaes,topic_1,0.8445368682229525
957502756710405,candidato,20260906-20260912,dimasgadelha13,topic_4,0.535918776716538
26553840440980841,candidato,20260815-20260822,diogomoraespsb,topic_4,0.5617312305743909
2342361716575200,candidato,20260823-20260905,professorasoniameire,topic_7,0.4068128486827919
1059663210175671,veiculo_regional,20260906-20260912,jornalopcao,topic_1,1.0
1578883686489210,candidato,20260823-20260905,renancalheiros,topic_0,0.6232821309458333
1024216063994822,candidato,20260906-20260912,rubensangioletti,topic_2,0.4032398377914709
1094081326780704,veiculo_regional,20260823-20260905,itatiaiaoficial,topic_1,0.5027437198151133
1106271725285438,veiculo_regional,20260815-20260822,oimparcial,topic_5,0.6641000905844965
952683954546000,candidato,20260823-20260905,eduardobraide,topic_0,0.834857967874238
937452796043210,candidato,20260823-20260905,cabobonadiman,topic_6,0.4724462261848996
957798050710245,veiculo_nacional,20260906-20260912,metropoles,topic_1,0.6480480640198969
1701054330957691,candidato,20260815-20260822,coelho_rodrigo,topic_2,0.8591091832823902
1121913390192760,candidato,20260823-20260905,marcionunesparana,topic_2,0.5972473531967886
4889220524658861,veiculo_regional,20260906-20260912,dm.com.br,topic_1,0.8400504739396205
1973583449973128,candidato,20260823-20260905,lucaswgotardo,topic_2,0.4245931946912387
1635796768251718,candidato,20260815-20260822,brenoalbuquerque28,topic_4,0.6710995042637725
38590929977188638,candidato,20260815-20260822,gracieledaartetrigo,topic_4,0.44252649446952946
1089724544022566,candidato,20260815-20260822,wistongomess,topic_0,0.5492961066433684
1812379236296129,candidato,20260815-20260822,willianvieiradatvoficial,topic_1,0.5627759026677994
1436008468424642,candidato,20260823-20260905,joeniawapichana,topic_3,0.6929023782014668
1458778456087512,candidato,20260906-20260912,isaacricalde,topic_2,0.5015892622346622
4374848279436711,candidato,20260823-20260905,dreltonjr,topic_4,0.5675561395777196
2532773410520172,candidato,20260906-20260912,laurezmoreira,topic_4,0.4489443251284496
1705556923891303,candidato,20260815-20260822,anaritatavaresoficial,topic_4,0.45753689559715005
2076801189644124,candidato,20260815-20260822,jocavalcantipe,topic_0,0.8460765529299733
1044872041928351,candidato,20260815-20260822,danieldoirineu,topic_4,0.613809419712166
1411939504236481,candidato,20260906-20260912,lyzaherzog,topic_4,0.6134566964006427
1364283592535503,candidato,20260823-20260905,drherykattwinkel,topic_2,0.5926073029453109
1447976057199346,candidato,20260823-20260905,claricechacon,topic_6,0.6330388001778686
1405395568460853,candidato,20260823-20260905,napoleaobernardes,topic_4,0.4505775229408912
1126152153080352,candidato,20260815-20260822,pretapraiana_,topic_4,0.47328580764422057
2100566017514172,candidato,20260815-20260822,izalourenca,topic_4,0.410015651117085
1623303622701767,candidato,20260815-20260822,robinsonfaria,topic_0,0.3751605059577104
4764818870467855,candidato,20260823-20260905,paulobrantoficial,topic_7,0.31711760396182426
952098794610205,candidato,20260815-20260822,drhiltongoncalo_,topic_0,0.5209826231921818
848179371717353,candidato,20260823-20260905,rjlauracarneiro,topic_3,0.46895070908806596
2309757146453146,candidato,20260823-20260905,delegada.mariacorsato,topic_4,0.6624811170155128
2641369486261068,veiculo_regional,20260815-20260822,ac24horas,topic_1,0.40976636112964276
1100729999195194,veiculo_nacional,20260906-20260912,metropoles,topic_1,0.4307468865816409
2232661027514078,candidato,20260823-20260905,juliomendonca.ma,topic_0,0.6190695605153637
922384747229867,candidato,20260906-20260912,fabinhoramalhomg,topic_2,0.6552582312987598
1739125117296304,candidato,20260906-20260912,danieldonizet,topic_4,0.6344783368388347
4833714426859765,veiculo_regional,20260815-20260822,jornalhojeemdia,topic_1,0.6617750400402734
1452289420125034,candidato,20260823-20260905,zedeirmateca,topic_1,0.5915443145370781
1378565657313168,candidato,20260906-20260912,adrianobarbosafederal,topic_2,0.43461162858546337
2141502810080071,candidato,20260815-20260822,depandrecorrea,topic_0,0.3429184520358662
1077237341563100,candidato,20260906-20260912,drmarcosadrianoo,topic_2,0.4419056753534695
1072539411825983,candidato,20260823-20260905,angelo.coronel,topic_6,0.38601893103013674
1239877651657127,candidato,20260815-20260822,miguelpatriota22,topic_7,0.6841508828618603
2274975439964823,candidato,20260906-20260912,cecelsantosvemai,topic_4,0.4823675021378399
1758792158671808,candidato,20260823-20260905,dep.antoniofernando,topic_3,0.3521364115633261
1998242591133680,veiculo_nacional,20260815-20260822,portalg1,topic_7,0.7974531798868144
1384331666666203,candidato,20260906-20260912,luizclaudiodaagricultura,topic_4,0.5455053450449252
1643357930794627,candidato,20260906-20260912,rachelsherazade,topic_4,0.44115479936246377
1773441517111926,candidato,20260906-20260912,capitaopmsouza,topic_4,0.6316170151397806
1782796662734361,veiculo_regional,20260815-20260822,ac24horas,topic_1,0.9083282686443543
1064790383123303,candidato,20260815-20260822,delegadoeduardoprado,topic_7,0.8641004537725455
3814477135359025,candidato,20260823-20260905,delegadoromani,topic_0,0.4981750003208466
937017656114082,candidato,20260823-20260905,tequilatleta,topic_2,0.6065472496182078
1067157326240247,candidato,20260815-20260822,ossesio.silva,topic_0,0.9792633251139412
1106965888652044,candidato,20260823-20260905,deniseribeiro.social,topic_4,0.9628915022300019
1089881440155818,veiculo_nacional,20260815-20260822,poder360,topic_1,0.5457436871107472
2320325612116247,candidato,20260823-20260905,fernandomonteirope,topic_0,0.6608277920725933
2594925377635797,veiculo_regional,20260823-20260905,grupo.metropole,topic_1,0.8037436066190695
2564886063923794,veiculo_regional,20260823-20260905,diariodograndeabc,topic_1,0.9012716704344602
1078361374897146,candidato,20260823-20260905,fredlinharesbrasilia,topic_6,0.844322115928748
1908395426805796,candidato,20260906-20260912,diegobarretooficial,topic_0,0.9092408649280178
1837216347641406,veiculo_regional,20260906-20260912,agazetadoacre,topic_1,0.8287198257818447
4352986741585246,candidato,20260823-20260905,bonekajaiba,topic_4,0.4457970812086407
1605458627961196,candidato,20260815-20260822,deputadomarcinhooliveira,topic_2,0.8030813253520348
929926663522249,candidato,20260906-20260912,pitmagrin,topic_4,0.8546994876265587
1400560284976293,candidato,20260823-20260905,joaopaulocostac,topic_0,0.6138243105075619
1271602125053602,candidato,20260823-20260905,euricotavaresam,topic_4,0.4293190201516913
1397805975798191,candidato,20260906-20260912,renatopellizzari,topic_4,0.6895584603144401
1542362150908406,candidato,20260823-20260905,meirannyreis,topic_2,0.5110623449181172
1565195774602616,veiculo_regional,20260906-20260912,tribunaonline,topic_1,1.0
1085559724441032,veiculo_regional,20260823-20260905,correio24horas,topic_1,0.9157781493401519
1372822694585981,candidato,20260906-20260912,rafamacris,topic_7,0.5456302691383034
28254057684259670,candidato,20260823-20260905,cacateixeira45,topic_2,0.4621236863199386
1386153037905676,candidato,20260823-20260905,euzebiolago,topic_4,0.7432616941612645
1073057228426873,candidato,20260823-20260905,samanthacavalca,topic_4,0.4388950735940174
1522569286303308,candidato,20260823-20260905,dr.furlan,topic_0,0.5762633346779361
1437141925149273,candidato,20260815-20260822,lucianaboiteux,topic_7,0.8269288691233766
2167426054195963,candidato,20260906-20260912,renatabuenoitaliabr,topic_4,0.5609406490350021
2333749747469117,candidato,20260823-20260905,instadabene,topic_7,0.5415666254665927
1083459911213003,candidato,20260906-20260912,fabioteruel,topic_0,0.7799226499290938
1104144432116510,candidato,20260815-20260822,sf_moro,topic_4,0.6991401516298728
1774017103918693,veiculo_regional,20260815-20260822,folhabv,topic_1,0.6519302709274035
1069893732316813,candidato,20260906-20260912,fernandasixelneves,topic_2,0.49322642072875456
1432149318794873,candidato,20260823-20260905,procuradormauro,topic_2,0.6755854989460912
1620032469774776,candidato,20260815-20260822,marcellelucas.rio,topic_4,0.5088266216598943
916619764559650,candidato,20260815-20260822,juliocesardopiaui,topic_0,0.5162898671578645
1570396088435532,veiculo_regional,20260815-20260822,bnews_oficial,topic_7,0.586676903205926
906215422316687,candidato,20260815-20260822,aluiziosantos.ma,topic_0,0.6876320088041521
1551507482961627,veiculo_regional,20260815-20260822,imirante,topic_1,0.9636261644031118
4344935978984281,veiculo_regional,20260823-20260905,diariodograndeabc,topic_1,0.6563957337185697
1963680734348964,candidato,20260815-20260822,deyvidbacelar,topic_7,0.5182808076907736
899135439622786,candidato,20260823-20260905,rafaelpreque,topic_4,0.6904676327928182
1069142212374683,candidato,20260823-20260905,deputadobarranco,topic_3,0.4299772781341833
1452783806680282,candidato,20260906-20260912,joaodejanjao,topic_0,0.888873871259634
1005923499135922,candidato,20260815-20260822,nanda.veigacabral,topic_0,0.8365580096462523
1397577355810699,candidato,20260823-20260905,irajalacerdaa,topic_0,0.3644440556165859
889058944140749,candidato,20260906-20260912,depwagnerneto,topic_4,0.7193181385778589
1094756263050101,candidato,20260823-20260905,oficialarthurlira,topic_4,0.9481142832561072
1081919124249524,candidato,20260823-20260905,oseiasvarao,topic_7,0.6041707495223892
1384895433710542,candidato,20260823-20260905,zericardoam,topic_4,0.5743465440218875
1658436852624436,candidato,20260823-20260905,atilajacomussi,topic_4,0.42059603687948727
3294944187374270,candidato,20260823-20260905,roninho.es,topic_6,0.6173441808590733
961122303702565,candidato,20260906-20260912,deputadorobinho,topic_2,0.7310345166711976
4530099903897018,candidato,20260906-20260912,richi.atila,topic_2,0.40348367561359505
1393006163047088,veiculo_nacional,20260823-20260905,metropoles,topic_5,0.6992941383632768
1822017392469373,candidato,20260823-20260905,draraquelferreirapsol,topic_6,0.6526998406388501
2675953752807848,partido,20260823-20260905,republicanos10,topic_4,0.6084937890570756
1615281296881238,candidato,20260823-20260905,jeffreychiquini,topic_7,0.8558659386111162
2594468497656519,veiculo_regional,20260906-20260912,ac24horas,topic_0,0.2702671999369954
940040728622529,candidato,20260815-20260822,renata.fonseca.oficial,topic_6,0.44909865930636395
2075235939755701,candidato,20260815-20260822,sargentoportugal,topic_4,0.5071620576425867
1074023151772459,veiculo_regional,20260815-20260822,tribunaonline,topic_1,1.0
1622281305920227,candidato,20260823-20260905,vivianefacundesoficial,topic_0,0.6297211649688313
1401757591908341,candidato,20260823-20260905,delegadotitobarichello,topic_1,0.5367962994934927
2656637808102676,veiculo_nacional,20260823-20260905,estadao,topic_1,0.3747943366704684
1374536751485917,candidato,20260906-20260912,rogeriozeraikabdalla,topic_7,0.7152035385652622
1411743261101978,candidato,20260815-20260822,nataliareisdf,topic_4,0.8874206950529442
1397444529269810,veiculo_nacional,20260823-20260905,revistaoeste,topic_5,0.5065269759141969
2613952519076596,candidato,20260906-20260912,gilberto.camargos,topic_4,0.7127447212729939
1567319684936826,candidato,20260823-20260905,tyagohoffmann,topic_0,0.7326992118504444
1708267836916786,candidato,20260815-20260822,leandrosoares.sp,topic_2,0.4032519658621982
986102467223046,candidato,20260823-20260905,rodrigovaladares_,topic_4,0.7055548023461417
1507960008040450,candidato,20260815-20260822,rosanadasaude_,topic_4,0.39771748849812694
2291670918347769,candidato,20260823-20260905,efraimfilhopb,topic_3,0.6348669997716895
1447089440568840,candidato,20260823-20260905,paulabelmonteoficial,topic_4,0.9734716187978677
4601393170137906,candidato,20260906-20260912,salmabahia,topic_4,0.9400153327546787
2112438569648147,candidato,20260823-20260905,dranatashamt,topic_4,0.59365534033081
1616446436939143,candidato,20260906-20260912,cibelemoura,topic_4,0.7337931858003721
1096977206090302,veiculo_regional,20260823-20260905,itatiaiaoficial,topic_7,0.7259339299862186
1471467771474233,candidato,20260906-20260912,elberbatalha,topic_0,0.4707829511196491
1839199740837822,veiculo_regional,20260823-20260905,tvcidadeverde,topic_1,0.5276632870583071
1060869956862742,candidato,20260823-20260905,tadeudesouza,topic_4,0.5506598828427443
1445522960914746,candidato,20260906-20260912,luizgamabsb,topic_4,0.8731825125160775
2090758661811100,candidato,20260823-20260905,alessandrodocpp,topic_4,0.5755715495942962
1879366600113428,candidato,20260815-20260822,patriciamelobrasil,topic_0,0.4672512749143416
1370672451336735,candidato,20260823-20260905,professorfrancelino,topic_4,0.5002674385374318
28391702330424781,candidato,20260815-20260822,fredcostadep,topic_2,0.48217444338240617
2167849547501475,candidato,20260906-20260912,gesiellessasg,topic_0,0.7798212122877661
1059718073609900,candidato,20260823-20260905,vivitobiasms,topic_4,0.5140805050578319
4310175135939980,veiculo_regional,20260815-20260822,estadodeminas,topic_1,0.7508127942647658
1052901464411724,candidato,20260823-20260905,carlinhosbnh,topic_2,0.5210297934841112
1454466793397983,candidato,20260823-20260905,peritatirotti,topic_6,0.44773822673202124
1800550968025033,veiculo_regional,20260823-20260905,contilnetnoticias,topic_1,0.8400287383821395
2929055110766359,candidato,20260906-20260912,departhuroliveiramaia,topic_6,0.862988473108591
1154957543524037,candidato,20260823-20260905,depvirmondes,topic_0,0.39017414071747897
939609391953685,candidato,20260823-20260905,marcovinholi,topic_3,0.40592119498747686
4545437945727906,veiculo_regional,20260823-20260905,diariodograndeabc,topic_1,0.8873619960202912
2368336553906265,candidato,20260823-20260905,antoniogomide,topic_0,0.4075730579477995
925074363584507,candidato,20260906-20260912,camilamondardo,topic_0,0.848275758633864
3195858173934004,candidato,20260815-20260822,marcelosilvacampinas,topic_2,0.42250497613303
4378437025752050,candidato,20260823-20260905,sejacaiocunha,topic_4,0.42479477455950954
4480620958932842,candidato,20260823-20260905,patrus_ananias,topic_3,0.5840689648244042
28943651191899337,candidato,20260906-20260912,tingosoares,topic_6,0.3593186726172559
1737440810645292,veiculo_nacional,20260823-20260905,agenciapublica,topic_7,0.42926849549080015
1055494407070425,candidato,20260823-20260905,wtonezi,topic_7,0.5786322731843044
2947232508973752,candidato,20260823-20260905,cesarramospe,topic_2,0.5171024687819055
1567867454818771,candidato,20260906-20260912,renanpaesoficial,topic_6,0.6473378772226501
1968527530512076,candidato,20260906-20260912,wellingtonluizdf,topic_4,0.5004540951574576
1453294243335080,candidato,20260815-20260822,joaquimlirape,topic_4,0.4003532628816708
1613345517193326,partido,20260906-20260912,plnacional22,topic_4,0.7413168271959282
1415678807179405,candidato,20260906-20260912,oficialfabiofreitas,topic_4,0.8175988577723251
1085095064336977,veiculo_regional,20260906-20260912,clickpb,topic_1,0.8466994891551969
1107371548308926,candidato,20260823-20260905,maurotramontereal,topic_6,0.7526520852257429
1602000798260471,candidato,20260815-20260822,dra.merabemuniz,topic_4,0.5372743733280473
1091605866584120,candidato,20260906-20260912,mazzei.victor,topic_0,0.581464748018408
1598446731912284,veiculo_regional,20260906-20260912,contilnetnoticias,topic_1,1.0
1521368513079941,veiculo_regional,20260906-20260912,portalscc10,topic_1,0.41272487198546354
1609301940609341,candidato,20260815-20260822,alefreitasdep,topic_2,0.3548327487509618
1623737002686015,veiculo_nacional,20260823-20260905,portalr7,topic_1,0.83866266153407
1372088328241310,veiculo_regional,20260906-20260912,oficialcn7,topic_1,0.9914292495704476
1522922723215263,veiculo_regional,20260815-20260822,contilnetnoticias,topic_1,0.9880157131485837
1387314039598988,candidato,20260823-20260905,profjocelino,topic_4,0.5944667184656858
1879081673501995,candidato,20260906-20260912,rodrigolopes.mg,topic_0,0.5230653649241777
1063196590013887,candidato,20260815-20260822,romerorodriguespb,topic_2,1.0
2167212820528442,candidato,20260823-20260905,marcionunesparana,topic_2,0.6988142123481337
1328618375758071,candidato,20260823-20260905,murilogaldinopb,topic_6,0.5949996745667928
1496274715660168,veiculo_regional,20260906-20260912,ac24horas,topic_1,0.788580215408795
1851508726268003,veiculo_nacional,20260906-20260912,jovempannews,topic_1,0.55909957639942
1377162107899293,candidato,20260815-20260822,ederferreira.rs,topic_2,0.7322938362691145
1617894526661687,candidato,20260823-20260905,dra.ismailidonassan,topic_6,0.5131728204359562
1456476469875931,candidato,20260906-20260912,rafaelabarrospcd,topic_4,0.9743648932881552
2183803125878912,candidato,20260906-20260912,marciasantos.protetora,topic_4,0.320711842179697
938129272675962,candidato,20260823-20260905,waguinhocarneirooficial,topic_4,0.4580757626530247
28335629819431522,candidato,20260906-20260912,hildonchaves_,topic_3,0.5946532757357993
1071630145779617,candidato,20260906-20260912,raposinha6513,topic_2,0.8635572282359862
1072180689119027,veiculo_regional,20260823-20260905,diariodograndeabc,topic_1,0.5388120006209202
1638839191092009,candidato,20260815-20260822,rodrigoashiuchi,topic_2,0.5462629738760076
2578644762556772,candidato,20260823-20260905,pauloserra.sp,topic_4,0.9176406170914634
1095410126372274,candidato,20260823-20260905,pancadinhaoficial,topic_0,0.8695070724590324
2284281852327546,candidato,20260823-20260905,arthurmonteiro.oficial,topic_0,0.4893352318604236
2329195441179108,candidato,20260823-20260905,profdorinha,topic_0,0.9612965124186605
1593651188869811,veiculo_nacional,20260906-20260912,jornalnacional,topic_1,0.8078892478448897
1701346341510623,candidato,20260906-20260912,drapatriciafeitosaadvogada,topic_4,0.7483835730381801
1897347031228805,candidato,20260823-20260905,depzesilva,topic_6,0.6228839123576149
1698891041191531,candidato,20260906-20260912,penelopevfrosa,topic_4,0.5657677777300197
1556797856218201,candidato,20260823-20260905,nanda.veigacabral,topic_0,1.0
1095519426198732,candidato,20260815-20260822,ananazare.adv,topic_4,0.49554517750214705
2200188587576681,candidato,20260823-20260905,deputadoantoniomoraes,topic_5,0.6445733717610825
1750864689465794,candidato,20260823-20260905,cassiofsoares,topic_2,0.4815733916983719
2038569480109981,candidato,20260906-20260912,alipio.policarpo,topic_4,0.8053649181638682
1044221868416980,veiculo_regional,20260815-20260822,agazetaes,topic_1,0.3683149569999792
4312624485702093,candidato,20260823-20260905,frankaguiar,topic_6,0.5984899528193622
1850375136322983,candidato,20260823-20260905,mariomottaoficial,topic_4,0.8565205775188204
1130725892849634,candidato,20260906-20260912,thiagolisboa.oficial,topic_4,0.6666384397222199
907494275771536,candidato,20260815-20260822,camilocapiberibe,topic_0,0.5787511733065085
1695160614877962,candidato,20260815-20260822,divaneidebasilio,topic_7,0.4526044025284556
1694990968266522,candidato,20260823-20260905,euisabelferreira,topic_0,0.7231552635999922
1554905106437079,candidato,20260823-20260905,robertaleitaooficial,topic_6,0.5402687123190386
1825685218786574,veiculo_regional,20260906-20260912,seles_nafes,topic_1,0.47245904529514227
1783209749773245,candidato,20260815-20260822,calegariofagner,topic_0,0.5507622174261873
1787399432268758,candidato,20260823-20260905,andersonferreira_ma,topic_4,0.5059170962611141
1820027552682182,veiculo_regional,20260823-20260905,gzhdigital,topic_4,0.5793256469323661
1741971123732765,veiculo_nacional,20260815-20260822,correio.braziliense,topic_1,0.6185966670553218
1493137919376252,candidato,20260823-20260905,davirochaoficial.02,topic_2,0.510134573649734
958375333276860,veiculo_regional,20260815-20260822,atardeoficial,topic_1,0.43215703471161027
1625778929260131,veiculo_regional,20260906-20260912,eshoje,topic_1,0.3967061896678625
1817406642768510,veiculo_regional,20260906-20260912,atardeoficial,topic_7,0.4032177414154901
1906640130672834,veiculo_regional,20260906-20260912,midiamax,topic_1,0.7866371942888035
1104378591941339,veiculo_regional,20260823-20260905,otempo,topic_1,0.9017601609761305
1602498794908158,veiculo_regional,20260823-20260905,itatiaiaoficial,topic_1,0.5667333728786441
1759276632070394,veiculo_regional,20260906-20260912,folhape,topic_1,0.6408167459314715
1250078633966657,candidato,20260906-20260912,drazenaide,topic_0,0.6258420061491321
1072030609079567,candidato,20260823-20260905,rubensangioletti,topic_3,0.30364690851905113
1344795427411787,candidato,20260823-20260905,lucianojuniorpalmares,topic_4,0.6003630776014979
2148752662663356,candidato,20260823-20260905,vereadorjonasreis,topic_2,0.4749436752696196
1621212356062011,candidato,20260823-20260905,dep.carlamachado,topic_4,0.3750976699354487
1746099249998836,candidato,20260906-20260912,gustavodapopular,topic_4,0.9251892426656493
922977100493844,veiculo_regional,20260906-20260912,ac24horas,topic_1,0.4793467402935654
914847004711440,veiculo_nacional,20260815-20260822,uolnoticias,topic_1,0.5834575883199099
1630650618678313,candidato,20260906-20260912,aiacydagleidson,topic_4,0.5332672117281944
1391379266459232,candidato,20260815-20260822,stellacury3,topic_6,0.5920294373480967
2310504896372129,candidato,20260823-20260905,elizianegama,topic_3,0.832788155696042
1086359173764838,candidato,20260823-20260905,depcamilatoscano,topic_4,0.5759774177382923
28898588023078797,candidato,20260823-20260905,jorgeviannadf,topic_4,0.5284532017641306
1719201705971407,veiculo_regional,20260823-20260905,obrasilienseoficial,topic_7,0.5299321673129377
1021211514210803,candidato,20260815-20260822,apostolamarileide,topic_2,0.44859390991546555
1577963873805545,candidato,20260815-20260822,samuelenfermeiro,topic_2,0.31333720367684953
1413806057621725,candidato,20260815-20260822,tedcontioficial,topic_2,0.48278777156745517
4508297426080872,candidato,20260815-20260822,talitacadeirante,topic_6,0.9599320566769307
4606060622942157,candidato,20260823-20260905,hipolito_h2,topic_0,0.9718060697676566
1981672002533487,candidato,20260815-20260822,gadyelgoncalves,topic_3,0.5909458393173478
2528627257656633,candidato,20260906-20260912,wilsonmartinspi,topic_0,0.7763016182962419
1100279236292118,candidato,20260906-20260912,danilojoan,topic_2,0.5230320979111568
1417993646849965,veiculo_nacional,20260823-20260905,jovempannews,topic_5,0.8585714241128721
1776806020292135,veiculo_regional,20260815-20260822,ac24horas,topic_1,0.775613216326587
3442127682627281,candidato,20260823-20260905,tutinho.rdp,topic_4,0.44558471520451126
1312026544241197,candidato,20260815-20260822,alex.redano,topic_4,0.45373441200980147
1127947889911528,candidato,20260823-20260905,tenentepedromiranda,topic_4,0.41790406963503285
957990800702218,veiculo_nacional,20260906-20260912,jornaloglobo,topic_5,0.9742269951210669
2509408926201844,candidato,20260906-20260912,silvadeycon,topic_2,0.6098336047296491
1845779180113031,candidato,20260823-20260905,paulojunior.sc,topic_0,1.0
1734229837694820,candidato,20260823-20260905,cristianosilveiramg,topic_7,0.45774342849673405
1410031554650604,candidato,20260815-20260822,rodrigovaladares_,topic_3,0.5148244314345668
1746368113354172,candidato,20260823-20260905,elizeunascimentomt,topic_2,0.49670738364839356
1094752523008145,candidato,20260906-20260912,raquellyraoficial,topic_6,0.5790737841469603
1573795541164766,candidato,20260823-20260905,pepedaliberdade,topic_4,0.9663797054860642
1096202276182676,veiculo_nacional,20260906-20260912,portalr7,topic_7,0.5077828939846339
1834040237753867,candidato,20260906-20260912,calegariofagner,topic_4,0.8968691396131759
1141326564902921,veiculo_regional,20260823-20260905,contilnetnoticias,topic_1,1.0
2271305983651086,veiculo_nacional,20260906-20260912,vejamais,topic_1,0.5883534911314675
2137612573820380,candidato,20260823-20260905,junacamara,topic_4,0.4855025235748115
1444910944163359,veiculo_regional,20260815-20260822,jornalopcao,topic_1,0.9651150450096686
943002102217625,candidato,20260906-20260912,vicentinho_pt,topic_4,0.5944932334302302
1111435784782903,veiculo_nacional,20260823-20260905,correio.braziliense,topic_5,0.9799681142556952
2241895366590599,candidato,20260906-20260912,charlesfernandesoficial,topic_0,0.45153118384952906
1460428199474962,candidato,20260823-20260905,crisnardesdf,topic_4,0.5676036966873321
911065675132698,candidato,20260823-20260905,cambemilgrau,topic_1,0.49856890917822044
1352625743319503,candidato,20260823-20260905,jorgeakruger_,topic_3,0.49358266491021785
1073942045413076,candidato,20260823-20260905,callaiandre,topic_0,0.4781251596727739
1066760562945716,candidato,20260823-20260905,augustocury,topic_6,0.6600166886029505
1030928343300260,candidato,20260823-20260905,timedoluxemburgo,topic_7,0.4767513802142517
2015879319109344,candidato,20260823-20260905,capitaocacciari,topic_4,0.638399718770091
4210256639118055,candidato,20260815-20260822,majormecca,topic_4,0.6058783858852285
1614439260235330,candidato,20260815-20260822,prheleno10,topic_0,0.6803402106871231
1381137496774859,candidato,20260823-20260905,raposinha6513,topic_7,0.7805731496655257
2601097383673273,candidato,20260823-20260905,fabianocontarato,topic_4,0.8983720968402692
2086406758905623,veiculo_nacional,20260823-20260905,folhadespaulo,topic_1,0.373246294291073
1035009392909044,candidato,20260906-20260912,efraimfilhopb,topic_6,0.4735781003510308
2381591795714678,candidato,20260906-20260912,pastordanieldecastro,topic_0,0.702825470380298
1417311346493709,partido,20260906-20260912,podemos20,topic_4,0.767803643355285
1158555666498693,candidato,20260823-20260905,rosiane.politica,topic_4,0.4621547330355093
1018603724558837,candidato,20260815-20260822,vandawitoto,topic_6,0.9321910407848328
1559541085328092,candidato,20260823-20260905,marcosduarteto,topic_6,0.38764664962108725
2376021206540602,candidato,20260823-20260905,jarioliveiraoficial,topic_2,0.5888442526809232
1423716323155875,candidato,20260815-20260822,drjeanfreire,topic_7,0.6576035865086239
1886491705655383,veiculo_regional,20260815-20260822,portalgp1,topic_1,0.8785299894166052
1803940167412714,veiculo_regional,20260823-20260905,contilnetnoticias,topic_1,0.8417906899469584
1725337025216107,veiculo_nacional,20260815-20260822,poder360,topic_1,0.4219790779126572
1350848698104266,candidato,20260823-20260905,fabiotrad,topic_6,0.7339499328037967
4294348277454219,candidato,20260823-20260905,jarbasfilho_,topic_4,0.5875746846250635
2906090353087404,candidato,20260815-20260822,dr.furlan,topic_6,0.5800072684441432
1590871569438403,candidato,20260823-20260905,katiatornellioficial,topic_4,0.5051176347259488
1433422838888752,candidato,20260815-20260822,marcelodinorj,topic_7,0.670069226552455
2195386764708338,candidato,20260823-20260905,magraodaradiovereador,topic_2,0.8695695473716555
1864701957833741,partido,20260823-20260905,solidariedade_br,topic_4,0.3371274825868945
2337676000302027,candidato,20260815-20260822,danielsoranz,topic_6,0.6322141526676794
2047051129267554,veiculo_regional,20260906-20260912,contilnetnoticias,topic_1,0.9907505337202446
1790624971949527,candidato,20260906-20260912,drjeanfreire,topic_0,0.5545338527589474
1412921496937850,candidato,20260906-20260912,jocavalcantipe,topic_5,0.6819832236647233
2294140027988355,candidato,20260906-20260912,viniciusibrann,topic_4,0.7326242609409249
1362178212730524,candidato,20260906-20260912,gabrielbiologia,topic_0,0.6174641691218536
1654808289399904,candidato,20260906-20260912,deyvidbacelar,topic_4,0.40204208684533566
4545984172356079,veiculo_regional,20260823-20260905,senoticias,topic_1,0.7996651461662841
4544757739171270,veiculo_nacional,20260906-20260912,uolnoticias,topic_1,0.4549036832011765
2169219557285683,veiculo_regional,20260823-20260905,diariodorio,topic_1,0.5929060318467199
1034014336124087,candidato,20260815-20260822,hermanofreitas,topic_0,0.3649919730933412
1071068759005311,candidato,20260823-20260905,wrdotapajos,topic_4,0.9259866735370595
1726537088992725,candidato,20260823-20260905,laisjordy,topic_3,0.3958023409571184
1083511837403569,candidato,20260906-20260912,alexandrekaliloficial,topic_4,0.8102677516726735
952165194613166,veiculo_regional,20260906-20260912,contilnetnoticias,topic_1,0.949704359812621
2094516378119154,veiculo_nacional,20260906-20260912,jovempannews,topic_7,0.367786587921618
1628888125510335,veiculo_regional,20260815-20260822,gazetadigital,topic_1,1.0
1073709698698376,candidato,20260823-20260905,gabrielmagno_13,topic_4,0.5965378804524606
955904563568064,veiculo_nacional,20260906-20260912,estadao,topic_1,0.7697268471627061
2650143085444054,candidato,20260823-20260905,generalpazuello.oficial,topic_4,0.5042594866852544
1084077600872144,candidato,20260906-20260912,maurilioschiavo,topic_2,0.34026496647920285
1405941825077547,candidato,20260823-20260905,marcelofreixo,topic_7,0.3073372373052239
1167568865933129,veiculo_regional,20260906-20260912,contilnetnoticias,topic_1,1.0
1062431663061671,candidato,20260823-20260905,pastorhenriquevieira,topic_4,0.35885100638383877
4481810452094542,candidato,20260906-20260912,lohanna.franca,topic_6,0.5492565710438515
27934052556217240,candidato,20260823-20260905,_ffalcon,topic_4,0.6942955910296534
4109680376001707,candidato,20260823-20260905,pauloalexandrebarbosa,topic_4,0.3641342940620718
2073565159943902,candidato,20260823-20260905,bolsonarovaleria,topic_5,0.6531268119395931
1642100993927589,candidato,20260906-20260912,bellagoncalves.oficial,topic_6,0.44818726286287514
1887760522387462,candidato,20260823-20260905,rosanadasaude_,topic_2,0.52484860195519
1766410751137377,candidato,20260906-20260912,lizianymedeiros,topic_0,0.28862885145125333
1892766782105294,candidato,20260823-20260905,leobarbosato,topic_0,0.8498701306807271
2100180160593245,candidato,20260906-20260912,prianteoficial,topic_0,0.44746845967444293
1601159691495968,veiculo_nacional,20260815-20260822,folhadespaulo,topic_1,0.6374393858227834
1746893393125251,candidato,20260815-20260822,sargentoalmeidaof,topic_4,0.3962904426615769
1054642794141547,candidato,20260906-20260912,wilde.cambao,topic_0,0.5690545994926999
2169640337242232,candidato,20260906-20260912,ademartraiano,topic_3,0.4593829794773453
1759389495102441,candidato,20260823-20260905,sandroritton11633,topic_2,0.4994310957569966
1006795092379241,veiculo_regional,20260823-20260905,midiamax,topic_1,0.709183923301343
1636059504861854,veiculo_regional,20260823-20260905,meionorte,topic_4,0.5446624832104106
1076683412005788,veiculo_regional,20260823-20260905,olhardiretooficial,topic_7,0.390213627732995
2254228502066049,candidato,20260823-20260905,jadyelalencar,topic_0,0.3143511284996098
1395724505458226,candidato,20260823-20260905,drmauricio,topic_4,0.7206205848259438
1719991792421767,candidato,20260823-20260905,joilsonbroedel_vereador,topic_0,0.5820380959921293
1404253625137325,candidato,20260815-20260822,kaioagro,topic_6,0.4242818691832751
1619623539536086,veiculo_regional,20260906-20260912,jornaldebrasilia,topic_1,0.5157976072049019
28335408656121404,candidato,20260823-20260905,marussa.boldrin,topic_6,0.7387689729129879
3669532876519334,candidato,20260906-20260912,lulaoficial,topic_3,0.6506403529814722
2506484083199001,candidato,20260815-20260822,lariagostini_,topic_4,0.8109582573053099
2090388388531527,candidato,20260815-20260822,soldadosampaiorr,topic_3,0.49570436203213014
1054685494041492,candidato,20260823-20260905,dep_vitorbonfim,topic_0,0.6089603278009188
1769591807462574,candidato,20260906-20260912,rafaeldajuventude,topic_0,0.5735576717839513
1797437051427499,candidato,20260823-20260905,gilcutrim,topic_0,0.7275631177052257
1589964509523526,candidato,20260823-20260905,anapaulalimapt,topic_4,0.5765924052195243
1658165592686437,candidato,20260823-20260905,eusouamom,topic_6,0.541822563483666
1699416537823608,candidato,20260823-20260905,gilcardoso.ro,topic_4,0.3784448856809968
1424024749691539,veiculo_nacional,20260815-20260822,correio.braziliense,topic_1,0.48513658397389664
1615413026973987,candidato,20260823-20260905,salma_santosmdb,topic_4,0.7627123400344065
1153141347576946,veiculo_nacional,20260823-20260905,metropoles,topic_5,0.42286423537945067
2353907338351134,candidato,20260815-20260822,prefeitofelipeaugusto,topic_4,0.6723077882536984
1086504714028285,candidato,20260906-20260912,muniquemarinhoof,topic_6,0.32910085938616546
2080093676208455,candidato,20260906-20260912,manato_es,topic_7,0.6188647708210057
1076319018207596,candidato,20260823-20260905,depmartacosta,topic_4,0.6199481428948447
1051552891052579,candidato,20260906-20260912,dragiseleoficial,topic_0,0.8074013868974231
1000549856341618,candidato,20260906-20260912,fabionuneznovo,topic_6,1.0
1079034178037165,candidato,20260815-20260822,mosesrodriguesoficial,topic_3,0.3723158452137442
1027876986916108,candidato,20260823-20260905,drasandra.marques,topic_4,0.3451233468064392
1602382564769207,candidato,20260823-20260905,deputadamaracaseiro,topic_6,0.8024849333372772
2607599716424052,candidato,20260815-20260822,heliofernandesicapui,topic_2,0.7169474179358671
2226069668173705,candidato,20260823-20260905,jorgevianaacre,topic_7,0.4996743635613718
1361163596186812,candidato,20260815-20260822,joseildoramos,topic_4,0.9369459143614232
1082680414319956,candidato,20260823-20260905,larissacostadp,topic_4,0.5331907612053824
2332509107577775,candidato,20260823-20260905,leandrolirabr,topic_1,0.4073604120467084
2879187385765255,candidato,20260815-20260822,oficialmarcostavares,topic_2,0.45494132270076154
2319192885514920,candidato,20260906-20260912,brunogodinhosp,topic_2,0.5266766866142985
2177860459444481,candidato,20260823-20260905,deputadofranciscotenorio,topic_0,0.8357816440693127
2006676513358427,candidato,20260906-20260912,alexdapiata,topic_7,0.42420302908674445
1112741464743404,candidato,20260823-20260905,hendersonpintooficial,topic_6,0.7606820014275648
2265853250870121,veiculo_regional,20260815-20260822,gazetaweb,topic_7,0.4667687944518484
1055275800622491,candidato,20260906-20260912,tingosoares,topic_6,0.640540127488673
1833855877791645,candidato,20260823-20260905,sabrinaleonel.es,topic_4,0.2985557610372157
4019855854813735,candidato,20260823-20260905,felipelucaslima,topic_2,0.43587598830256524
27875205342108178,veiculo_nacional,20260815-20260822,sbtnews,topic_1,0.4628361162863073
1117887157577631,veiculo_regional,20260815-20260822,meionorte,topic_1,0.7347904535067911
1801297801290477,veiculo_regional,20260823-20260905,oficialcn7,topic_1,0.875942367480886
28046024685064199,candidato,20260906-20260912,alinecastromg,topic_4,0.49738134561229624
1387717636226987,candidato,20260823-20260905,mariliacampos.mg,topic_3,0.5315103698125274
1023826567326346,candidato,20260815-20260822,kimkataguiri,topic_7,0.5896797642321537
1042017348681651,candidato,20260815-20260822,depdelantoniofurtado,topic_4,0.3992677226910339
997304783321906,candidato,20260823-20260905,joaopaulodopt,topic_4,0.7970587671524142
1420351500297614,candidato,20260906-20260912,valdirtrindade,topic_2,0.37239499479023846
1771737167303869,candidato,20260815-20260822,rafaminatosp,topic_7,0.9153976065765894
1102759672169898,candidato,20260815-20260822,julinhocasares,topic_6,0.6174322801724214
1109799958187818,candidato,20260906-20260912,angelo.coronel,topic_4,0.728030728447677
2333105287499070,candidato,20260906-20260912,anapaulaespina_,topic_2,0.45670280126362744
2035563037083775,candidato,20260815-20260822,cilenecouto,topic_4,0.6196539099570076
2942518976107859,candidato,20260823-20260905,diegogarciaparana,topic_0,0.4479470688596857
1392653133062605,candidato,20260906-20260912,dep.renatomachado,topic_0,0.5035978433384963
2038937763425463,candidato,20260815-20260822,eduardofortess,topic_3,0.5854307701880436
2123041468617812,candidato,20260823-20260905,joaozinhotenorio,topic_6,0.5475391715311655
4579811105641136,candidato,20260823-20260905,alessandro.japones,topic_4,0.6575155674606634
1402387692021065,candidato,20260823-20260905,otonidepaulaoficial,topic_2,0.7190867087555572
1606453994476522,candidato,20260823-20260905,dep.joaogoncalves,topic_0,0.7349227450452924
2343686829717990,candidato,20260815-20260822,zetrovaodeputado,topic_7,0.5058753244228857
1408034974124896,veiculo_regional,20260823-20260905,maisgoias,topic_1,0.9442848807663038
1795049178086475,candidato,20260823-20260905,deputadaclaudiadejesus,topic_0,0.8027630182405199
1422351509984901,candidato,20260906-20260912,adibeliasoficial,topic_6,0.5508113740102248
1419167136864807,veiculo_regional,20260823-20260905,gazetadigital,topic_1,0.8571633523485525
2272715973516775,veiculo_regional,20260815-20260822,jc_pe,topic_7,0.33005383650551223
1973633316637552,veiculo_regional,20260815-20260822,tvcidadeverde,topic_1,0.661060288069628
4685108995053029,candidato,20260815-20260822,carolkalil26,topic_4,0.8414947000844312
1483565173580227,candidato,20260823-20260905,w9coracaovalente,topic_4,0.4588943349867463
1319047150155676,candidato,20260815-20260822,antidiolunelli,topic_4,0.7986469666508281
1103240282165035,candidato,20260823-20260905,karloscabral,topic_2,0.4947956593997184
2189535234963099,candidato,20260906-20260912,carlosgiannazioficial,topic_2,0.6500972738993948
1110019401460666,candidato,20260815-20260822,karloscabral,topic_0,0.5591880523404644
1784134026065204,candidato,20260815-20260822,vicenzodf,topic_4,0.8046301019337626
1057964317044757,veiculo_regional,20260815-20260822,diariodoamapa,topic_7,0.653955048882206
2515527865597566,candidato,20260906-20260912,cleonice_back,topic_0,0.7183152663727324
1660200432120945,candidato,20260823-20260905,ricardomaia.dabahia,topic_0,0.6200929013332139
1600879718200590,veiculo_regional,20260823-20260905,itatiaiaoficial,topic_5,0.42222337454738934
1610735800437300,candidato,20260906-20260912,robsoncarvalhorn,topic_4,0.3473114276852653
1088864387129356,veiculo_nacional,20260823-20260905,portalg1,topic_5,0.9663225735869169
1700906558216004,candidato,20260815-20260822,edsongiriboni,topic_2,0.520791823876929
2919188475098864,veiculo_nacional,20260906-20260912,uolnoticias,topic_1,0.6227614923205743
1646469850523697,candidato,20260815-20260822,vandinho.leite,topic_2,0.5330573820163411
28212644821697422,veiculo_regional,20260823-20260905,newsrondonia,topic_1,0.6161554005403669
1825010415325518,candidato,20260823-20260905,juliana.valiati,topic_4,0.7591760603637926
1732660614654412,candidato,20260823-20260905,vandinho.leite,topic_2,0.6775338871571469
1085139703880346,veiculo_regional,20260906-20260912,jornaldebrasilia.ofc,topic_5,0.5030682563396955
2489957308168148,candidato,20260823-20260905,wirleyreisteko,topic_2,0.7671034780960074
28084750917833048,candidato,20260823-20260905,nataliabonavides,topic_6,0.9032640456028184
1551227096159495,candidato,20260823-20260905,fabiolacarneiroce,topic_0,0.7621212357895928
1061437356808282,candidato,20260815-20260822,guilhermesampaioce,topic_3,0.46916158237675853
1615505336774671,veiculo_regional,20260815-20260822,contilnetnoticias,topic_1,1.0
980274461760908,veiculo_regional,20260815-20260822,ndmais,topic_1,0.6410474831718749
1738912953891715,candidato,20260815-20260822,cinthyamaraba,topic_0,0.545201107205912
1631970988285934,veiculo_nacional,20260823-20260905,metropoles,topic_1,0.4694669790458885
4435300856709950,candidato,20260823-20260905,yas.hachem,topic_3,0.4700406041599853
1293390846075775,candidato,20260815-20260822,wilsonmartinspi,topic_0,1.0
1628773825628306,candidato,20260815-20260822,deppaulocamara,topic_2,0.6948799694424532
1778190809857659,candidato,20260823-20260905,ednalva_advogada,topic_4,0.6258914454299754
1773661120437975,candidato,20260815-20260822,zeailtoncrato,topic_3,0.6216584561825498
1541249554422935,candidato,20260823-20260905,cleonice_back,topic_0,0.7483374215659121
1042175648693090,candidato,20260815-20260822,prianteoficial,topic_0,1.0
1632771338448102,candidato,20260823-20260905,fabioabreu.oficial,topic_0,1.0
1609227657497346,candidato,20260906-20260912,leonelradde,topic_7,0.5564728304936012
1395866839402590,candidato,20260823-20260905,edisonfernandosp,topic_5,0.9345669333439531
4648405148751612,candidato,20260823-20260905,opiauiense,topic_1,0.4117627614224017
2829286820786194,veiculo_regional,20260906-20260912,bemparana,topic_1,0.9528077296572458
1858599785107453,candidato,20260823-20260905,ludmillafiscina,topic_6,0.7624887272938459
1088617190222494,candidato,20260906-20260912,leorondon13,topic_6,0.6803118398185768
1104461685387967,candidato,20260906-20260912,professorrui.aplb,topic_4,0.603464185878547
1559574338774453,candidato,20260823-20260905,victorflorespe,topic_2,0.8162607496791541
2961053064267584,candidato,20260906-20260912,raphaelamoraes9,topic_4,0.8644520482496677
28734188592877184,veiculo_regional,20260815-20260822,clickpb,topic_1,0.9793228967312271
1415434047185958,veiculo_regional,20260815-20260822,portalbandab,topic_1,1.0
2163178477966976,candidato,20260815-20260822,marcel.azevedo.enf,topic_4,0.6008352901140199
2157087715233053,candidato,20260906-20260912,drbrunoresende_,topic_4,0.42337822117844515
2343086369561134,candidato,20260815-20260822,celsosabinooficial,topic_4,0.4488257859960179
1770934667459278,candidato,20260823-20260905,deputadadrazeli,topic_4,0.8025889000231455
1812899856734276,veiculo_regional,20260906-20260912,opovoonline,topic_1,0.404011431877805
1092423193436353,candidato,20260906-20260912,anapaulajunqueiraleao,topic_4,0.9184345201207106
1065886136259447,candidato,20260823-20260905,flaviaberthier,topic_7,0.8866827813260363
2046704869383789,candidato,20260815-20260822,bhmouraoficial,topic_6,0.6999620685853378
2433132130508244,candidato,20260823-20260905,renataseneoficial,topic_4,0.6752507254272966
4070124026626162,candidato,20260906-20260912,lorenzopazolini,topic_4,0.28781273423369635
1062891173219540,candidato,20260815-20260822,guilhermesampaioce,topic_4,0.4280708140259108
1032761189804094,candidato,20260823-20260905,fernandapereiraaltoe,topic_3,0.5583958055448537
38029530423357666,candidato,20260823-20260905,capitarebecapb,topic_5,0.3500985494592652
1457089036282184,veiculo_regional,20260823-20260905,diariodograndeabc,topic_1,0.861842944340033
2250072165789527,candidato,20260823-20260905,israelcosta.rs,topic_4,0.5706294715922761
1746323366671693,veiculo_regional,20260823-20260905,imirante,topic_7,0.33041927674129584
2948016382239781,veiculo_regional,20260815-20260822,portalgp1,topic_1,0.4381055294422787
1067254379231835,candidato,20260823-20260905,reportercarlossantos,topic_4,0.44263125763029393
28211275558521401,candidato,20260823-20260905,marinadomst,topic_6,0.7273208199864778
1618650489610537,candidato,20260823-20260905,tuliofontesoficial,topic_4,0.3836126416946481
4367513773514758,candidato,20260823-20260905,rafacupertino,topic_4,0.37594961170816416
1972553216753131,candidato,20260906-20260912,juniormendoncamt,topic_3,0.4914893089412929
1387664493475823,candidato,20260906-20260912,dreduardonobrega,topic_6,0.5009160821791007
1605670811301027,veiculo_regional,20260815-20260822,opovoonline,topic_1,0.9083473931955567
1116806957701152,candidato,20260823-20260905,miguelsrossetto,topic_6,0.3788937724546835
3083365881855981,candidato,20260823-20260905,drfernandoneuro,topic_4,0.5795726656815285
1373123541693419,candidato,20260815-20260822,doutorluizinho,topic_0,0.3926197633439714
1764776738418619,veiculo_regional,20260823-20260905,jornaldocomercio,topic_1,0.5704122056588015
1151468777202718,candidato,20260906-20260912,matheusdegeraldojunior,topic_0,0.7767386685766177
1113274174462455,candidato,20260815-20260822,dep.ricardorodrigues,topic_2,0.36887267056982703
1407054314905356,candidato,20260906-20260912,raimundaooficial,topic_0,0.9992290441053715
4301689569963886,veiculo_nacional,20260823-20260905,portalr7,topic_1,0.4822325364593144
1404199031919850,veiculo_regional,20260823-20260905,jc_pe,topic_5,0.5460415147028871
1722042802184337,veiculo_regional,20260906-20260912,gazetaweb,topic_1,0.5503505554389607
1388657156055330,candidato,20260906-20260912,deputadowelter,topic_2,0.6001993965496291
1624387949073961,candidato,20260815-20260822,wesley_suspencar,topic_4,0.6067631552373534
1065799696063856,veiculo_regional,20260823-20260905,folhavitoria,topic_1,0.7206631344900414
1352620743707636,candidato,20260823-20260905,alanrickm,topic_3,0.4384203550372229
2873503269694758,candidato,20260906-20260912,wanderleypedrosooficial,topic_7,0.7661088487816238
1640084944300096,candidato,20260823-20260905,ailtondafarmacia,topic_4,0.7457500395303772
997327366654829,candidato,20260815-20260822,darcio.bracarense,topic_1,0.411901486090962
843534758785679,candidato,20260823-20260905,ana.fidelis10,topic_6,0.9591759607407647
903626135949404,candidato,20260906-20260912,waltinhofoguete,topic_1,0.44421787767227733
1750579822679901,veiculo_nacional,20260906-20260912,jornalnacional,topic_1,0.7713335217227478
2171689400437385,candidato,20260823-20260905,rafamacris,topic_7,0.6266760332951216
28343887835252399,candidato,20260906-20260912,deputadobarranco,topic_3,0.4147582092959601
1086308547191257,candidato,20260815-20260822,anyortiz,topic_3,0.2836534932230868
1860703365375943,candidato,20260815-20260822,fabiohenrique.se,topic_4,0.4677432331654204
966357796497964,candidato,20260823-20260905,deputadomarcelobrum,topic_2,0.5648507309853089
1601735438210932,veiculo_regional,20260823-20260905,midianews.oficial,topic_1,0.7199453826653631
28104517872504559,candidato,20260815-20260822,guto.resende,topic_2,0.43017828050754314
1717375379320700,candidato,20260815-20260822,janineborgessoares,topic_2,0.5428896891662831
1791333742060830,veiculo_regional,20260815-20260822,dm.com.br,topic_1,0.7901445067461068
1136697185596087,veiculo_regional,20260906-20260912,diariodepernambuco,topic_1,0.8760102669103261
2999437490448585,candidato,20260906-20260912,omaraziz.am,topic_6,0.5724555023085137
1644674897027826,candidato,20260823-20260905,gustavolpsouza,topic_4,0.5271403180037857
1110434471402033,candidato,20260906-20260912,mirianporto.rj,topic_4,0.7877217727009099
1736737410894362,candidato,20260815-20260822,renanpaesoficial,topic_7,0.43833931171689333
3298906406948168,candidato,20260906-20260912,lucascampelotocantins,topic_6,0.4194379821944528
2255020935393821,partido,20260815-20260822,psol50,topic_3,0.7160981084049108
1089151010155948,veiculo_nacional,20260823-20260905,jornaloglobo,topic_1,0.6678186698449886
1708037326959957,candidato,20260823-20260905,adilamariadf,topic_4,0.767851525036848
1094336812939381,candidato,20260823-20260905,victorruizsp,topic_2,0.7156703452556996
4431666937149325,candidato,20260823-20260905,marimazzon_,topic_4,0.5568010203195229
28282781041382830,candidato,20260823-20260905,gladsoncameli,topic_3,0.6563596511551033
1318761890221942,candidato,20260906-20260912,ruijorge_neto,topic_2,0.38887394624041494
1791528438526062,candidato,20260823-20260905,maguinhamalta222,topic_6,0.7030851050701047
1597211668568714,candidato,20260906-20260912,venezianovitalpb,topic_4,0.669192825171867
1631081378620799,veiculo_regional,20260815-20260822,ac24horas,topic_1,0.5321663024159605
1095352476183347,veiculo_regional,20260906-20260912,d24am,topic_1,0.5195628071978439
2922254561486880,veiculo_regional,20260823-20260905,folhavitoria,topic_1,0.5112216266123705
1453094239996530,candidato,20260823-20260905,rogeriofranco_sp,topic_3,0.6701955932556726
2143142529744941,candidato,20260906-20260912,altineucortesrj,topic_2,0.4918316587444559
1371621621837786,candidato,20260823-20260905,rafaelpreque,topic_4,0.8888622107921597
1357549919795400,candidato,20260823-20260905,deputadomarcosvieira,topic_4,0.7005622318877369
1433596061992685,candidato,20260815-20260822,giordanaestrela_,topic_4,0.8197988200990736
1774374020654987,veiculo_regional,20260823-20260905,oimparcial,topic_5,0.9281405159475014
1140411138312073,candidato,20260906-20260912,drisaeldomingues,topic_2,0.6845578265548599
1385533066444344,candidato,20260823-20260905,_brunopedrosa,topic_3,0.6042014160133514
2302182020317968,candidato,20260823-20260905,guilherme.delaroli,topic_4,0.7652406323153352
1442015314645721,candidato,20260823-20260905,ronaldofonseca.oficial,topic_7,0.5179291011253557
2874336102935750,candidato,20260823-20260905,betinhogomes45,topic_6,0.681048103837596
1819062265938973,candidato,20260823-20260905,fredericodavilaoficial,topic_4,0.5362410160728479
1612500730262618,candidato,20260815-20260822,lucianamoraisschettini,topic_6,0.6134598419907337
1065062069656191,candidato,20260823-20260905,betodoisaum,topic_6,0.49901455849308757
1665480891867156,candidato,20260823-20260905,juliaopuski,topic_4,0.8072526823593156
1982832872424061,candidato,20260823-20260905,carolmatos_ap,topic_7,0.5062549844909511
1390165373298740,candidato,20260815-20260822,patrus_ananias,topic_3,0.5768632881343964
1795733301424083,candidato,20260823-20260905,mariareginablumenau,topic_4,0.3673229462395054
969694306163751,veiculo_regional,20260823-20260905,d24am,topic_1,0.8607635305147268
1068134449180114,candidato,20260906-20260912,marcioluis,topic_0,0.7386685009871543
1407821098127900,candidato,20260823-20260905,muniquemarinhoof,topic_4,0.6686890188930585
1546593253884673,veiculo_regional,20260815-20260822,tvcidadeverde,topic_1,0.9074409564082372
1632298191673480,candidato,20260815-20260822,carteiroreaca,topic_7,0.33449481416931304
1565777958019394,candidato,20260823-20260905,danilo_lopesoficial,topic_2,0.8711726396558616
28682854178068019,candidato,20260815-20260822,drprcarloseduardo,topic_4,0.7845265137325267
1803061297495771,veiculo_nacional,20260823-20260905,cnnbrasil,topic_4,0.4737126944611947
1091433940038523,veiculo_regional,20260815-20260822,rondoniaovivo,topic_1,0.8913870231823403
1635044484648568,candidato,20260906-20260912,anaaffonso13,topic_4,0.7645322641856948
1086472287366552,candidato,20260906-20260912,fabriciorosa,topic_6,0.3242512170110957
1609944364048095,candidato,20260815-20260822,deputadorobertocarlos,topic_0,0.7901496463324801
1705903360512712,veiculo_regional,20260823-20260905,topmidianews,topic_1,0.7301944836486605
1089897896918732,candidato,20260823-20260905,marcelosantosdeputado,topic_4,0.6367369010800904
28781590011446617,candidato,20260823-20260905,carteiroreaca,topic_2,0.4349073831833477
3999592607014536,candidato,20260823-20260905,motivandocomseguranca_romulo,topic_3,0.41551316057596305
28209318598763107,veiculo_regional,20260906-20260912,diariodepernambuco,topic_2,0.27508502913703226
849671611491055,candidato,20260823-20260905,hissaabrahao,topic_4,0.7159594051633711
1730840554814197,candidato,20260815-20260822,mailza.acre,topic_6,0.4077691446199524
1775797140234494,candidato,20260823-20260905,francisco.mello.oficial,topic_6,0.500796237176431
2139592136973533,veiculo_regional,20260906-20260912,portalscc10,topic_1,0.7480671501616366
2162353171378918,candidato,20260815-20260822,eribertomedeirosfilho,topic_0,0.5665817061310888
1559402022155505,candidato,20260815-20260822,leovieirafilhorj,topic_0,0.7968783936913657
1509844677853329,candidato,20260823-20260905,torrinhotorres,topic_6,0.60011165883859
4654221958134821,candidato,20260823-20260905,susapeaugusto,topic_4,0.5790249948142893
2044151282951794,candidato,20260823-20260905,drapriscilafelix,topic_6,0.8243853710954854
1160060036576845,candidato,20260906-20260912,romanellipr,topic_4,0.5059036601098003
1100392425879051,candidato,20260815-20260822,carlosvinicios.oficial,topic_4,0.5621181588126226
1426679752608718,veiculo_regional,20260815-20260822,folhavitoria,topic_4,0.4123320767207461
2269344427191136,candidato,20260823-20260905,erminiofelix,topic_2,0.303908654570234
1045992734920491,veiculo_regional,20260823-20260905,contilnetnoticias,topic_1,1.0
1391570589120121,candidato,20260823-20260905,camiloporsergipe,topic_1,0.43233420894148333
2103780583553178,veiculo_regional,20260823-20260905,eshoje,topic_5,0.9492104579099572
1585200530011045,candidato,20260906-20260912,ozieloficiall,topic_4,0.6000413014411627
1385197890487049,veiculo_regional,20260823-20260905,ndmais,topic_1,0.3422691379502621
2038033916845762,veiculo_regional,20260823-20260905,sulvinteum,topic_1,0.9177751570262684
3630080177149717,candidato,20260815-20260822,alexandreguimaraes15,topic_6,0.8729334619634158
2508166566316929,candidato,20260906-20260912,pr_oseiasdemadureira,topic_4,0.5932813858134794
2011000959573283,candidato,20260906-20260912,deputadomarcossoares,topic_4,0.8365653468094219
2305236206913196,candidato,20260815-20260822,senadorstyvensonvalentim,topic_4,0.6147681216749012
4685481801726104,candidato,20260823-20260905,marcionakashima,topic_0,0.40725113091042436
1497801612402585,veiculo_regional,20260823-20260905,jornalopcao,topic_1,0.7608000052287703
1779717233251115,candidato,20260906-20260912,sucenacontadora,topic_4,0.4860658298424446
1705332187214367,veiculo_nacional,20260815-20260822,bandnewstv,topic_1,0.8035987342278702
1091667073209925,candidato,20260823-20260905,felipesantanapsd,topic_4,0.8408387949021707
2142973082954551,veiculo_nacional,20260823-20260905,metropoles,topic_1,0.6764727720972428
2144381229480258,candidato,20260823-20260905,juniorrodriguessp,topic_6,0.708462066668765
2279753122793356,veiculo_regional,20260823-20260905,ac24horas,topic_4,0.4191813579994353
1621200399683138,candidato,20260815-20260822,enescandido,topic_6,0.7784010475415396
3760671984090365,veiculo_regional,20260823-20260905,otempo,topic_1,0.8472079125873349
28370018459332328,candidato,20260823-20260905,joaorenato.br,topic_4,0.5870922032572763
1431433828803490,candidato,20260823-20260905,nesiofernandesjunior,topic_2,0.4641141628960138
1627896542038273,candidato,20260823-20260905,diogomoraespsb,topic_6,0.29162609232591574
1027523156987153,candidato,20260815-20260822,deputadoeniotatto,topic_2,0.48081698484301433
3498956070254727,veiculo_nacional,20260823-20260905,revistaforum,topic_1,0.5043139721601374
1814815663021140,candidato,20260823-20260905,sheyla_galba,topic_4,0.7097551089444203
2096984364243703,candidato,20260815-20260822,nenolaje,topic_4,0.8216179524471309
1835429637774008,candidato,20260823-20260905,lianacirne,topic_0,0.4628043603566544
2127232388172730,candidato,20260823-20260905,opiauiense,topic_7,0.5195825600588004
1040762122059864,candidato,20260823-20260905,romerorodriguespb,topic_0,0.727171445534797
1042290862010409,candidato,20260823-20260905,zecadoptms,topic_2,0.5018240560318205
1982996379054496,candidato,20260906-20260912,zetrovaodeputado,topic_5,0.4970708530562931
1111709898209687,candidato,20260823-20260905,gilcardoso.ro,topic_4,0.9870802936491138
1067088992846299,candidato,20260823-20260905,ellisreginaleal,topic_0,0.9262031873117863
1451108403747194,candidato,20260823-20260905,juhrios,topic_6,0.984859719684313
1631221195407343,veiculo_regional,20260906-20260912,romanewsoficial,topic_1,0.7688763496667317
2001102033936355,candidato,20260906-20260912,dep.eliborges,topic_5,0.38998869123310914
1650200853213623,veiculo_regional,20260815-20260822,folhavitoria,topic_1,0.7306136640823471
3300511803489596,candidato,20260823-20260905,netodopecem,topic_0,0.5326084390735881
2254530818660194,candidato,20260815-20260822,creonedafarmacia,topic_4,0.5753676062709657
1054912110693289,candidato,20260823-20260905,deputadooscargutz,topic_4,0.47340840748216967
1995723481114959,candidato,20260823-20260905,mairalessars,topic_4,0.6452895202344775
2465660870585664,candidato,20260823-20260905,eupetalaoficial,topic_0,0.8638118912332031
1766382884609496,candidato,20260815-20260822,reportercarlossantos,topic_0,0.6377337915647874
1585337343323377,candidato,20260815-20260822,natan.donadon,topic_3,0.5419781034113618
928803650295393,candidato,20260823-20260905,thyagomarinhoo,topic_2,0.5778407704655185
2013930229308441,candidato,20260906-20260912,tatuquarainfoco,topic_1,0.9181893074328557
1368410431945709,candidato,20260823-20260905,delegada_patriciaaguiar,topic_0,0.7341324796577303
2234347517123927,candidato,20260906-20260912,majorhugochristiani,topic_0,0.4574395888723876
2331984897555051,candidato,20260823-20260905,bispavanessalima,topic_4,0.5024899847805099
2519222171908578,candidato,20260823-20260905,depivanabastos,topic_4,0.42075838664683324
1632362678602641,veiculo_nacional,20260906-20260912,estadao,topic_1,0.4249249731850829
1689000335518185,candidato,20260815-20260822,drfranciscopiaui,topic_4,0.5438125246848594
1403908837761028,candidato,20260823-20260905,cironogueira,topic_4,0.739674551044759
2099508074267567,candidato,20260823-20260905,profjosemarpsol,topic_2,0.6785554751970687
2012916596054253,veiculo_regional,20260823-20260905,jornalcruzeiro,topic_1,0.7054274801368807
1388866513358595,candidato,20260823-20260905,heldersalomao,topic_0,0.553003140407394
1635139968065713,candidato,20260815-20260822,terezinhamaiarn,topic_0,0.45889248462274945
1879130236830739,veiculo_regional,20260815-20260822,meionorte,topic_1,0.6130460981081087
2007317423559962,candidato,20260823-20260905,osnicardoso13,topic_4,0.6581679125085849
1103260032150930,veiculo_regional,20260823-20260905,jornaldebrasilia.ofc,topic_1,0.7428868712853257
1062338236426368,candidato,20260906-20260912,doutorluizinho,topic_0,0.8368213041479352
1055486174073146,veiculo_nacional,20260823-20260905,estadao,topic_7,0.8161045968152913
1411779680404148,candidato,20260906-20260912,amanda.csi,topic_4,1.0
4573637242921805,veiculo_regional,20260823-20260905,folhavitoria,topic_4,0.5413685000184
2139110196640280,veiculo_regional,20260906-20260912,ndmais,topic_1,0.8416044159582514
2209537906491967,candidato,20260823-20260905,diogomoraespsb,topic_0,0.6078947380901281
919557914545508,candidato,20260823-20260905,serginhodabota,topic_2,0.4705396807098305
1048054381344759,candidato,20260823-20260905,irmao.isma,topic_2,0.3459444126880514
1057914263899071,candidato,20260823-20260905,rodolfo_fanganiello,topic_2,0.38989752880418677
1999364720764511,candidato,20260815-20260822,coronelmarchesiniba,topic_0,0.6361532804923756
1084007584370471,candidato,20260823-20260905,cantoramaralima,topic_0,0.5354902656384338
1622498506137957,veiculo_regional,20260823-20260905,agazetadoacre,topic_1,0.5261083221965215
923315607494194,candidato,20260823-20260905,ruy.carneiro,topic_4,0.7273831609579184
1409306203863252,veiculo_regional,20260906-20260912,ac24horas,topic_4,0.455962968320552
1618631836503386,candidato,20260815-20260822,cristinagraeml,topic_3,0.8174030577455713
2078509646128782,candidato,20260906-20260912,opiauiense,topic_1,0.5798121286990686
2724953561236341,candidato,20260815-20260822,luizfernandoita,topic_2,0.6569213454379401
2019251772099376,candidato,20260815-20260822,margarethbuzetti,topic_4,0.7200969465183356
1122311286789764,candidato,20260823-20260905,viviliraa_,topic_2,0.3202215341879369
1409089054528632,candidato,20260906-20260912,vandinho.leite,topic_0,0.7052952189731422
1422548660079680,candidato,20260906-20260912,cabo.vidal,topic_6,0.7268890733623317
1830822898370414,candidato,20260823-20260905,joaopaulodopt,topic_6,0.4238958833749419
1532188021926847,candidato,20260823-20260905,victorcoelhoes,topic_2,0.9453821381360734
2511103566061901,candidato,20260906-20260912,delegadatathiana,topic_7,0.3029198678257272
4808829419403340,candidato,20260823-20260905,georgia.mendonca,topic_6,0.30182057088009034
1743666343357822,candidato,20260906-20260912,delegadofabiocosta,topic_0,0.7622020591917446
3757540554384784,veiculo_nacional,20260823-20260905,uolnoticias,topic_5,0.7298861614665949
1598536182064781,candidato,20260815-20260822,professoradelliana,topic_4,0.5070299662617841
923179327139671,candidato,20260906-20260912,coronel.ribeiro,topic_0,0.6281496235043417
4684684605101225,veiculo_regional,20260823-20260905,itatiaiaoficial,topic_1,0.7115394805120169
1413693600730083,candidato,20260815-20260822,rosicostadf,topic_4,0.6732650219361149
1782758347189283,candidato,20260906-20260912,carteiroreaca,topic_4,0.3966916853888445
1046476924852515,candidato,20260815-20260822,miguelpatriota22,topic_7,0.5539590519323463
1074861531848241,candidato,20260823-20260905,ranielsousaoficial,topic_1,0.41898370133072516
3223936421128134,candidato,20260906-20260912,andredopremium,topic_0,0.7955132747548077
1039154395786827,veiculo_regional,20260823-20260905,ac24horas,topic_1,0.4045922514213777
832525789916590,candidato,20260906-20260912,tadala2026,topic_2,0.664154629344652
1597502335119800,candidato,20260815-20260822,samuelaragao_,topic_0,0.795160799616474
3270474309819717,candidato,20260823-20260905,carladicksonoficial,topic_6,0.6317475408244435
1573794627807147,candidato,20260906-20260912,professoragoreth,topic_6,0.7486098060096957
1391130419175832,candidato,20260823-20260905,lidiamourac,topic_4,0.8789934685312347
2341772306670525,veiculo_regional,20260815-20260822,jornaldebrasilia,topic_1,0.7330031747578291
2137839813776279,candidato,20260823-20260905,flaviomorenodafederal,topic_4,0.3870522284402141
1535189348413400,candidato,20260906-20260912,quinhoprefeito,topic_0,0.4931484448933152
3361878927355609,candidato,20260815-20260822,luanamaedecinco,topic_4,0.8692302823004011
1555298849185852,candidato,20260823-20260905,fabiofayad,topic_4,0.5806479132541006
1812259976617979,partido,20260823-20260905,cidadania23,topic_4,0.5172112096065111
1100807329314003,veiculo_regional,20260823-20260905,midianews.oficial,topic_1,0.5005099852593724
3063188770689971,candidato,20260815-20260822,amirellebueno,topic_1,0.35685288044583696
928168620354879,candidato,20260815-20260822,israeltrindadepvh,topic_0,0.7006286335399293
1410328851196635,candidato,20260906-20260912,prefeitadaysejuliana,topic_0,0.2565115344868829
2917966811915592,candidato,20260823-20260905,guilhermecolombosc,topic_4,0.35911066261812746
2096438494580662,candidato,20260823-20260905,daianelunarj,topic_6,0.36546109139850375
1124821176900268,candidato,20260815-20260822,drviniciusnascimentopi,topic_0,0.44268482826285327
1828325765194177,veiculo_regional,20260906-20260912,midiamax,topic_1,0.8489906142940616
1735673881044349,candidato,20260823-20260905,sargentoalmeidape,topic_4,0.40974321212047166
1795638474808663,candidato,20260823-20260905,celinaleao,topic_4,0.6104361204571137
1813898879767390,candidato,20260815-20260822,leandrolirabr,topic_4,0.7217141765046313
1633770368136229,candidato,20260823-20260905,capitaosamuelof,topic_0,0.5958849510193877
1019676760905760,candidato,20260823-20260905,ricardoferraco,topic_6,0.6550649353531816
1340614211592494,veiculo_regional,20260823-20260905,contilnetnoticias,topic_7,0.5816535511909132
2325929468152331,candidato,20260823-20260905,jones.manoel,topic_3,0.5883468827716152
1375200307522704,candidato,20260815-20260822,gilbertogg11,topic_2,0.3261117172425375
2508454829643190,candidato,20260815-20260822,luizeduardo.rn,topic_0,0.8280440524298203
1049744091389751,candidato,20260815-20260822,tagnercerqueira,topic_0,0.6110366760886666
1718977006132246,candidato,20260906-20260912,vivianefacundesoficial,topic_6,0.3703704364986517
1629293322328512,candidato,20260815-20260822,erikakokay,topic_3,0.8528769269558695
1441825658046609,veiculo_regional,20260906-20260912,diariodepernambuco,topic_4,0.5145076800485788
2154447608749407,candidato,20260823-20260905,nelioaguiarstm,topic_4,0.7329956141794356
2224023131724233,candidato,20260906-20260912,danymyler,topic_4,0.586034139429547
2021612811811464,candidato,20260823-20260905,elzuilac,topic_0,0.34167590486075017
4399977430263539,veiculo_regional,20260906-20260912,bnews_oficial,topic_1,0.5453830134423839
1400590914814386,candidato,20260906-20260912,tiaomedeirospr,topic_4,0.6567726780069579
1057857077135661,candidato,20260823-20260905,gabrielsouzars,topic_0,0.4847123817125758
1103664195693345,candidato,20260815-20260822,mateus.simoesmg,topic_6,0.44893865235513314
1620920883090996,candidato,20260823-20260905,manunosenado,topic_7,0.29952085016134977
1046102214872945,veiculo_nacional,20260815-20260822,bandnewstv,topic_7,0.6645347184609424
1038219639269046,candidato,20260823-20260905,brunafogacaoficial,topic_2,0.5701056045517552
1705433801227788,candidato,20260823-20260905,amandagentill,topic_6,0.9034121063050108
1966317854078213,candidato,20260815-20260822,elianaestrelaoficial,topic_3,0.6753936032776748
1093632659810161,candidato,20260823-20260905,netoevangelista,topic_6,0.7979145310518813
2243342316454940,candidato,20260906-20260912,matheusdegeraldojunior,topic_0,0.5238704696244862
1718285169287098,candidato,20260815-20260822,drmauriciooficial,topic_1,0.5935568626381216
1736738391787321,veiculo_regional,20260823-20260905,contilnetnoticias,topic_1,1.0
1646419210414732,candidato,20260906-20260912,clarianabarao,topic_4,0.7301598766876727
1073115912159012,candidato,20260823-20260905,jonesmourarj,topic_4,0.942047710136947
2330658714136726,candidato,20260906-20260912,biakicis,topic_7,0.6885978853762473
2497815880745161,candidato,20260823-20260905,matheusmarolla.sbc,topic_7,0.4078058738535923
1390511146548265,candidato,20260906-20260912,fernandasixelneves,topic_4,0.3003300942707838
1859206225044928,candidato,20260815-20260822,leandredalponte,topic_0,0.6613655157861342
1129821429708377,candidato,20260906-20260912,ednalva_advogada,topic_4,0.7869653511322577
2762998057429720,candidato,20260823-20260905,flaviamorais1515,topic_0,0.8463807178104478
1134321322421631,candidato,20260815-20260822,sheilathomaz.oficial,topic_4,0.9198756539827255
38425630443748690,candidato,20260906-20260912,fconagib,topic_0,0.7679599299916613
2281088689412147,candidato,20260823-20260905,deputadogiovaniratinho,topic_2,0.7767386979525152
1777713793489255,candidato,20260823-20260905,alexandrexambinhoes,topic_4,0.36225489489216883
1405630734322185,candidato,20260815-20260822,mseminaldo,topic_7,0.5040068944261443
1628833252193686,candidato,20260823-20260905,thiagoboava,topic_7,0.7069810992779076
1795159091507977,candidato,20260815-20260822,romariopolicarpo,topic_0,0.5569156745308061
1802157720908779,candidato,20260823-20260905,lulaoficial,topic_3,0.7263399617263799
910385262137830,candidato,20260815-20260822,sargentomellocasal,topic_7,0.7468641318416979
2160539584492488,veiculo_regional,20260823-20260905,topmidianews,topic_1,0.8456343071368069
2524719057997103,candidato,20260823-20260905,rosangelareis.mg,topic_6,0.4748100999187188
2860496881000916,candidato,20260815-20260822,luanagouvearj,topic_4,0.5150364761720776
3448949658608134,candidato,20260823-20260905,professorrenatofifiu,topic_4,0.6535928446249755
1044305401808932,candidato,20260815-20260822,alessandro.japones,topic_4,0.6197292984704046
1806850810446142,veiculo_regional,20260823-20260905,contilnetnoticias,topic_1,1.0
2401787200353643,candidato,20260815-20260822,renatofilhodopilar,topic_4,0.6015781193877524
1456874076504475,candidato,20260906-20260912,taguadadepre,topic_1,0.390241258373272
1068886755842310,candidato,20260823-20260905,fransilvasbc,topic_2,0.41116798741851257
1601419508063128,candidato,20260823-20260905,antoniocesarms,topic_2,0.5259649499884039
1422945659950808,candidato,20260815-20260822,pitherfreitas,topic_4,0.6300231001788409
930535186793040,candidato,20260823-20260905,charlles.evangelista,topic_4,0.5433120555383798
4451993961688242,candidato,20260823-20260905,missionariamichelecollins,topic_4,0.6040006190458227
1830822418360406,candidato,20260815-20260822,teresasurita,topic_4,0.5323710163096999
1748165253133101,veiculo_regional,20260815-20260822,meionorte,topic_1,0.2993210283112951
1437324574932977,candidato,20260823-20260905,ricardosallesmma,topic_4,0.9079569715908713
1604981037999571,candidato,20260815-20260822,wilsonlimaam,topic_4,0.626382660919087
1105667888584336,candidato,20260815-20260822,maranhao.arnaldo,topic_2,0.5909898695200667
2053163781972657,partido,20260815-20260822,partidomissao,topic_7,0.5806710002406994
1634277011622459,candidato,20260823-20260905,andresantos_as,topic_0,0.5065245152505997
2000168760681065,candidato,20260823-20260905,dougllasbritooficial,topic_4,0.6519051196162301
1959752161365303,candidato,20260815-20260822,a33lucas,topic_4,0.6945065931347857
2267700070687799,candidato,20260815-20260822,leninhamoc13,topic_6,0.41397403072922
1425646109448635,candidato,20260815-20260822,pauloazioficial,topic_4,0.5739696910092099
2995023874175990,candidato,20260815-20260822,luiziannelinsce,topic_3,0.8761028011110426
1080712018082290,candidato,20260906-20260912,apaulapreta50,topic_4,0.7569832744076358
1594239189103008,veiculo_regional,20260823-20260905,gzhdigital,topic_5,1.0
1064267583242567,candidato,20260815-20260822,doutora.fernandabarros,topic_0,0.882671682437766
1424458362943947,veiculo_regional,20260815-20260822,folhavitoria,topic_1,0.2924600931799165
1594079179398621,candidato,20260823-20260905,senadorhumberto,topic_3,0.7019670911499711
1122149533668438,candidato,20260823-20260905,andreamedeiros.55,topic_4,0.6224654471627001
985663341209602,candidato,20260823-20260905,delegadakatarina,topic_0,0.7948856555790592
1396710065896700,candidato,20260823-20260905,marinadomst,topic_3,0.34694484135930503
4008944926065762,candidato,20260906-20260912,tomemeuamigo,topic_2,0.4658433678378383
1051794400582092,candidato,20260815-20260822,sacraof,topic_6,0.3632408107680078
1829411028251021,candidato,20260906-20260912,oficialraimundocosta,topic_4,0.39294865691230085
28504379895848967,veiculo_regional,20260823-20260905,itatiaiaoficial,topic_1,0.5848746393850445
1583988806551035,candidato,20260823-20260905,juliocmendesadv,topic_4,0.3941449063128224
2599130560515800,candidato,20260815-20260822,maykyvilaca,topic_7,0.5430913930195935
1062251606612741,candidato,20260906-20260912,joaogabrielprates,topic_4,0.7261924228383683
1317237807000530,candidato,20260823-20260905,samarapsol,topic_3,0.40497580516041914
1054536556960206,veiculo_regional,20260823-20260905,blogdobg,topic_7,0.384625602657775
1647558590495180,candidato,20260906-20260912,caduxavier,topic_7,0.4788007515409049
28001780809524203,candidato,20260815-20260822,lucasribeiropb,topic_6,1.0
1707252157033762,candidato,20260823-20260905,mendoncafilhope,topic_4,0.28868692217025094
1576441581162312,candidato,20260823-20260905,enzosamuel.ofc,topic_0,0.9101386008369616
866411209773354,candidato,20260823-20260905,drrodrigosalomon,topic_4,0.3437318483327575
1121848577452591,candidato,20260906-20260912,romerolealferreira,topic_3,0.5374893357038137
2004640180252560,candidato,20260906-20260912,robertaleitaooficial,topic_7,0.6066515650679842
1663732088478868,candidato,20260823-20260905,tiagovasconcelos,topic_4,0.5396891714387391
1087724436957178,veiculo_nacional,20260823-20260905,uolnoticias,topic_5,0.6533321695994792
1747443279846585,candidato,20260815-20260822,prof.washingtonms,topic_3,0.44327468090841604
1059038430310357,partido,20260815-20260822,avante70,topic_3,0.612875284851474
2158810864747579,candidato,20260823-20260905,sebastiaomrezende,topic_0,0.39323414961454983
1382511883327657,candidato,20260815-20260822,tarcisiomottapsol,topic_7,0.3552023114207647
2155377808695839,candidato,20260906-20260912,lucasfolladoroficial,topic_0,0.4242449761356342
1099516805900822,candidato,20260906-20260912,flavionogueirajunior,topic_0,0.6119958491495927
1531325768761543,candidato,20260906-20260912,deputadomarcosvieira,topic_4,0.5234824645237668
940036791985429,candidato,20260823-20260905,marcelocrivella,topic_7,0.44806092485873067
1113584627995171,veiculo_nacional,20260815-20260822,metropoles,topic_5,0.319477783649233
1563867228809648,candidato,20260823-20260905,ubaldofernandesrn,topic_0,0.4828033548743308
2738617193198765,candidato,20260823-20260905,lucasreis13_,topic_7,0.4884071917027386
1063932699897747,veiculo_regional,20260815-20260822,pbagora,topic_7,0.661319459546963
1595507485654381,candidato,20260823-20260905,dr.furlan,topic_6,0.5821192982106168
1062275456412181,candidato,20260906-20260912,carlabaroni7,topic_0,0.44354278511084433
4438672393050536,veiculo_regional,20260823-20260905,bemparana,topic_1,0.7859167059854358
1261937732697127,veiculo_nacional,20260906-20260912,portalg1,topic_5,0.7933999726020435
1604340054636844,candidato,20260823-20260905,naborwanderley,topic_6,0.5862781135817818
2308788313191679,candidato,20260823-20260905,luizinhopatriota,topic_4,0.7827054421864013
1219043381303516,veiculo_nacional,20260815-20260822,vejamais,topic_1,0.5970232644820531
1087415950538269,candidato,20260823-20260905,natthaliapaccola,topic_4,0.4370833740759184
959043069874375,veiculo_regional,20260906-20260912,bahianoticias,topic_1,0.5383660518049229
1870802833867431,candidato,20260823-20260905,deputadajanaina,topic_0,0.5007404400543343
1103666728907817,veiculo_regional,20260823-20260905,jornaldebrasilia.ofc,topic_1,0.8903768856511641
2313276552776179,candidato,20260823-20260905,acacioambrosini,topic_6,0.8793220370531954
2896464214045230,veiculo_nacional,20260906-20260912,portalg1,topic_1,0.5003341252948064
2172296137496112,candidato,20260906-20260912,fiotecastanhas,topic_4,0.6981998321725482
1825366825140946,candidato,20260823-20260905,lucianamoraisschettini,topic_1,0.40298472456726275
1402343475362139,candidato,20260823-20260905,iarapimentel13,topic_2,0.4741478562213449
1625452329320070,veiculo_regional,20260906-20260912,ac24horas,topic_1,0.5600831552455159
2162847661277456,candidato,20260823-20260905,amigosdocapitao_,topic_4,0.7779469009279123
953595893818111,candidato,20260906-20260912,francofiorot,topic_6,0.959647242438309
1009812145392420,veiculo_nacional,20260815-20260822,metropoles,topic_1,0.7249711141564257
1639211334387536,candidato,20260906-20260912,oficialmarcostavares,topic_0,0.47348872352272714
1814214969579220,candidato,20260823-20260905,andrececiliano,topic_2,0.5300687805361226
2069997660275317,veiculo_regional,20260906-20260912,diariodograndeabc,topic_1,0.8960452004757281
1962815877739280,candidato,20260815-20260822,neiapavanni_,topic_4,0.5864193802618466
1052587774279115,candidato,20260823-20260905,adrianasouza.13,topic_3,0.6172669286689914
2337772927034701,candidato,20260823-20260905,drviniciusnascimentopi,topic_6,0.3826030601690688
1389083153431529,candidato,20260815-20260822,yuriarruda,topic_6,0.8620799794341241
1374687097490434,candidato,20260815-20260822,babarodrigooficial,topic_4,0.5921623032573742
4509506825986045,veiculo_nacional,20260823-20260905,portalg1,topic_1,0.7234930271646589
3270028226524910,veiculo_regional,20260823-20260905,nsctotal,topic_1,0.8935495202768541
1102048825498112,candidato,20260823-20260905,gessivaldoisaias,topic_0,0.5808268153277149
1100947135825642,candidato,20260906-20260912,vanessaguari,topic_4,0.8919673220248849
990157920150538,candidato,20260823-20260905,canildocacador,topic_4,0.5718843982648208
2011149476253575,candidato,20260823-20260905,daianemello.oficial,topic_2,0.5040300378648022
1600264958414512,candidato,20260823-20260905,dradrianosantos,topic_7,0.35518233799007864
2367978870678819,candidato,20260823-20260905,dratalita.barbosa,topic_6,0.6386579131352622
1814461892927995,candidato,20260815-20260822,alcidesteixeiraneto,topic_0,0.5876119742000856
1877316910317828,veiculo_regional,20260823-20260905,otempo,topic_6,0.4673640618827844
28710562888561109,candidato,20260823-20260905,giordannamano,topic_0,0.8482555724119162
1670637221347678,candidato,20260815-20260822,blogdazuleika,topic_4,0.3380586631527136
1380840697503581,candidato,20260823-20260905,kerexu_oficial,topic_4,0.6481696528297117
1917461595889571,candidato,20260906-20260912,dep.joaogoncalves,topic_6,0.4698152252256054
2053703268663377,veiculo_regional,20260823-20260905,diariodepernambuco,topic_1,0.5927813205299908
1806829003659983,candidato,20260823-20260905,eduardomagalhaesmt,topic_4,0.7040228750987282
1577243987512901,candidato,20260823-20260905,dep.chico_mozart,topic_0,0.63262177544389
1076900285117443,candidato,20260906-20260912,vereadorbeneditofurtado,topic_4,0.5894505081377536
1724958848766519,candidato,20260823-20260905,luiscesarbueno,topic_4,0.4657118641965361
2564869587308182,candidato,20260823-20260905,deputadogilsondesouza,topic_2,0.8160233204398173
4758485487716107,candidato,20260815-20260822,pretapraiana_,topic_0,0.31918890762821345
1127160806417407,veiculo_regional,20260906-20260912,roraima1,topic_1,0.6909997537231908
1609114217263040,candidato,20260823-20260905,vivitobiasms,topic_6,0.5223461880384329
1143625324989575,candidato,20260815-20260822,allinyserrao,topic_4,0.6287337307611306
1398171578449833,veiculo_regional,20260823-20260905,jornaldebrasilia,topic_4,0.4481135323799114
1803618480665681,candidato,20260906-20260912,delegadoromani,topic_2,0.36546693052398893
1594880362187052,candidato,20260815-20260822,ruy.carneiro,topic_0,0.7055620316532917
2500675700439551,candidato,20260906-20260912,luizgamabsb,topic_4,0.6738920261965546
1543101697856600,candidato,20260906-20260912,betinhogomes45,topic_6,0.6610986808388586
936541149018820,candidato,20260815-20260822,edsonvieirape,topic_6,0.512194743980608
27570057396000825,candidato,20260823-20260905,sergiosouzapr,topic_4,0.7332434135775385
2482117458955716,candidato,20260823-20260905,alessandra_dovalle,topic_4,0.3208361750490001
1096011422822035,candidato,20260815-20260822,depdimas,topic_7,0.29770523147739186
2367561680680681,candidato,20260815-20260822,ludmillafiscina,topic_4,0.5130201097532007
4506072416336571,candidato,20260823-20260905,sidineicardoso,topic_7,0.6264051323977436
1559368488399665,candidato,20260823-20260905,rjlauracarneiro,topic_3,0.43751658895168505
1078264861852456,candidato,20260823-20260905,gutozacariasmbl,topic_2,0.4089113027502046
1098237095981091,candidato,20260823-20260905,marinaracosta,topic_2,0.320428518116918
1074528935209743,veiculo_regional,20260906-20260912,contilnetnoticias,topic_1,0.9696382367567367
27966245323074218,veiculo_nacional,20260906-20260912,metropoles,topic_1,0.4910891452628667
1589383029395652,veiculo_regional,20260906-20260912,folhavitoria,topic_1,0.3645360948890004
1313862940681168,candidato,20260823-20260905,juniorvelosooo,topic_2,0.7672078954456595
1753658892347524,candidato,20260823-20260905,julinho.fuzari,topic_0,0.540916473196429
1809904087033986,veiculo_regional,20260823-20260905,sulvinteum,topic_1,0.48728913031008136
2103931671001849,candidato,20260906-20260912,dep.ricardomadalena,topic_0,0.5822527988234899
1387178493539959,candidato,20260823-20260905,felipecoutinho.10,topic_0,0.9618501362473368
2174685046427824,candidato,20260906-20260912,ronaldonogueirarnoficial,topic_0,0.6739373464925416
1110708094618062,candidato,20260823-20260905,manueladavila,topic_7,0.7888747398490581
1222219120194315,candidato,20260815-20260822,adrianodobaldyoficial,topic_3,0.41809153392165954
1382789750503903,candidato,20260815-20260822,sergiomajeski,topic_1,0.267095265225643
1450612443620195,candidato,20260823-20260905,lecinhobredaoficial,topic_2,0.4862567098601266
1686273669137390,veiculo_nacional,20260823-20260905,uolnoticias,topic_5,0.564278210453786
901526326155307,candidato,20260823-20260905,andre_fufuca,topic_6,0.7710631044797607
2917961261911766,candidato,20260815-20260822,katiadiasjf,topic_4,0.7563800226620381
1118693877481768,candidato,20260906-20260912,boscocarneiro,topic_0,0.4348571076781869
1163916612975042,candidato,20260906-20260912,dayseamarilio,topic_4,0.49513325404870306
1710812800212285,candidato,20260823-20260905,julianaprates.oficial,topic_4,0.605286195351828
2252906165505584,veiculo_regional,20260823-20260905,oimparcial,topic_1,0.9816476948346484
2940634229641364,candidato,20260906-20260912,cristianorcavalcante,topic_4,0.8410524017274018
1097772082728242,candidato,20260823-20260905,dep_sandro_regis,topic_2,0.3556724910129993
1763886911203047,candidato,20260823-20260905,jarioliveiraoficial,topic_4,0.4431764862970558
1052444630817760,candidato,20260815-20260822,eduardobritopb,topic_1,0.3349330419001503
917163417774250,candidato,20260815-20260822,drsantanadgn,topic_2,0.44260837167469264
1426481542946324,candidato,20260906-20260912,tenentepedromiranda,topic_4,0.5670163658660826
1460998712521582,candidato,20260815-20260822,muniquemarinhoof,topic_0,0.39379655660294643
2604694490046159,candidato,20260823-20260905,jocavalcantipe,topic_4,0.3499813004281006
1747649583158166,candidato,20260823-20260905,gilcutrim,topic_4,0.8132862898667227
1981357769193561,veiculo_nacional,20260823-20260905,metropoles,topic_7,0.7632317460340804
4493272720993379,candidato,20260906-20260912,themistoclesfilhopi,topic_4,0.6230083650118282
1448514340462469,candidato,20260815-20260822,drpitagoras,topic_4,0.8109676277137284
29047878748145344,candidato,20260815-20260822,pastorhenriquevieira,topic_3,0.5041897033204725
2018294858871972,candidato,20260815-20260822,professordofimdomundo,topic_4,0.6268444773366666
29321866907415524,candidato,20260906-20260912,arapiumtereza,topic_2,0.387257187782542
2057573008285532,veiculo_regional,20260815-20260822,otempo,topic_1,0.46238020523853096
1772664960493270,veiculo_regional,20260906-20260912,newsrondonia,topic_5,0.7754895536412254
1096235999654875,candidato,20260815-20260822,helviaparanagua,topic_3,0.5192057581969424
2288430161987900,candidato,20260823-20260905,wesleymoreiramg,topic_2,0.7164636097217949
1650427683169085,veiculo_regional,20260823-20260905,odiaonline,topic_1,0.7026373144487719
4571636836406574,candidato,20260906-20260912,coroneltadeu,topic_3,0.5231511277420394
1656183962538199,candidato,20260906-20260912,alielmachado,topic_1,0.476721849303875
29353653267555617,candidato,20260906-20260912,drmauronazif_,topic_4,0.9330810650954516
1105743248462870,candidato,20260823-20260905,manoelapimenta,topic_4,0.8030055511383329
1410585751023182,candidato,20260815-20260822,renatopuci_,topic_2,0.9655644879919324
27967021866330819,veiculo_regional,20260815-20260822,portaldoholanda,topic_1,0.6885555576895377
1646297850481539,candidato,20260906-20260912,doutordanielsantos,topic_3,0.6757726199095667
1051933727642718,candidato,20260823-20260905,guilhermesampaioce,topic_3,0.38062095023632914
1791714405406120,candidato,20260823-20260905,drfernando.santorio,topic_0,0.5165139260350988
1780537276431642,candidato,20260906-20260912,gustavo_henrique_povo,topic_6,0.3652953578774242
2105883496725004,candidato,20260823-20260905,subtenentegonzagamg,topic_0,0.7303169730033239
1061952816727987,veiculo_regional,20260823-20260905,agazetadoacre,topic_1,0.8857043486837017
1504675938085164,candidato,20260823-20260905,marcosnevesoficial,topic_0,0.4795920519328626
1113906834935169,candidato,20260815-20260822,omaraziz.am,topic_4,0.43511374321637575
1610222877142010,candidato,20260823-20260905,luindalecioo,topic_4,0.6435999256664044
1112582628009025,candidato,20260823-20260905,valdivinolt7,topic_1,0.35637044619339636
1662126188675925,candidato,20260823-20260905,flavioferrari_tv,topic_0,0.7253944910619003
1085786700983087,candidato,20260815-20260822,marciorobertopb,topic_4,0.3813597155735239
28356196727323699,candidato,20260906-20260912,danielalmeida,topic_0,0.9150311573908794
1619247593083227,candidato,20260823-20260905,charlesrandrade,topic_7,0.6098849709855225
2101843950458756,candidato,20260815-20260822,sandroalex,topic_6,0.5341465950473953
1589497316258955,candidato,20260815-20260822,rodrigomammute,topic_2,0.544316268527365
2313242866167513,veiculo_regional,20260823-20260905,maisgoias,topic_1,0.7592339508982952
1716453396479283,veiculo_nacional,20260823-20260905,folhadespaulo,topic_1,0.4809173131093324
966474149081914,candidato,20260823-20260905,brunolorenzutti,topic_0,0.579073711895047
1631191591692016,candidato,20260906-20260912,pauloalceuperfil,topic_4,0.49834728972744047
1278640348672574,candidato,20260823-20260905,mariareginablumenau,topic_4,0.5579015464776362
1811699020280455,candidato,20260823-20260905,luizaogoulart,topic_4,0.43760474472864136
1697084844721532,veiculo_nacional,20260815-20260822,poder360,topic_1,0.4808948665753831
1047580804810230,candidato,20260823-20260905,instadabene,topic_2,0.4020577751566304
28862831036656157,candidato,20260823-20260905,lucaslucenapb,topic_2,0.5554438021681479
2946931165690004,candidato,20260823-20260905,leonardomonjardim,topic_0,0.302888403627048
1458414426111226,candidato,20260906-20260912,tatianaroma,topic_0,0.5984239178952445
2913684049009740,candidato,20260823-20260905,elberbatalha,topic_1,0.31794351192332476
1989109798472905,candidato,20260823-20260905,davirreis70,topic_4,0.6952822140879452
1754817135737541,veiculo_nacional,20260906-20260912,theinterceptbrasil,topic_7,0.6540987902302989
1220594576935301,candidato,20260906-20260912,leandrograss,topic_3,0.9326520964951542
2080317909347978,candidato,20260823-20260905,lulaoficial,topic_3,0.8815820695674227
28158111037194526,veiculo_regional,20260823-20260905,diariodonordeste,topic_1,0.8165916908162525
1383636583483453,veiculo_regional,20260815-20260822,jornalopcao,topic_1,0.4674370061447531
1708774643539075,candidato,20260823-20260905,vivianealvesof,topic_6,0.8315289443667578
954182820388929,candidato,20260815-20260822,lucasmendes_bombeiro,topic_4,0.4133536173571268
1432718808741128,veiculo_regional,20260823-20260905,ndmais,topic_1,0.5626245175686692
1070777929191864,veiculo_nacional,20260823-20260905,metropoles,topic_1,0.6168750080156504
1030667419973403,candidato,20260823-20260905,marcosmarinsrj,topic_4,0.8254749714922386
1437097695009316,veiculo_nacional,20260823-20260905,correio.braziliense,topic_1,0.5164515023426814
1799727014371347,candidato,20260823-20260905,leo_de_neco,topic_4,0.7355220715529166
1393956859572942,veiculo_regional,20260815-20260822,sistemaodia,topic_1,0.48460536534781434
2115183979112874,veiculo_regional,20260823-20260905,odiaonline,topic_1,0.9659899775772955
2003120907061537,candidato,20260823-20260905,annemarquesap,topic_4,0.5644606598603452
1302488998527498,candidato,20260823-20260905,deputadojoaobacelar,topic_4,0.4426246263091696
1084516804185986,candidato,20260823-20260905,rosineyhoracio,topic_2,0.43628192311566777
893989273522325,candidato,20260823-20260905,profjeronimogalvao,topic_4,0.7289699517803729
866316236449370,candidato,20260815-20260822,dudusivinski,topic_2,0.5729064790060295
3683780688442144,candidato,20260823-20260905,yas.hachem,topic_3,0.9619836058767838
1869692267503607,candidato,20260823-20260905,murilogaldinopb,topic_4,0.7479851447089683
1774223450298605,candidato,20260823-20260905,joseneltooficial,topic_2,0.671467427621882
4523950891202750,veiculo_regional,20260823-20260905,bahianoticias,topic_1,0.5252406711408688
2278661462915398,candidato,20260815-20260822,marcionunesparana,topic_2,0.5349896115055889
1604170814697446,candidato,20260815-20260822,helenodohospital,topic_2,0.5025052220914599
1056674823662018,candidato,20260815-20260822,mariliaarraes,topic_7,0.396116253617226
1094117549961019,candidato,20260823-20260905,adrillesjorge,topic_7,0.945964906840256
5497995213674494,veiculo_regional,20260815-20260822,portaldoholanda,topic_1,0.6474256219025735
3643585852466134,candidato,20260906-20260912,majorvitorsantos,topic_0,0.5554826388614311
3678853875602019,candidato,20260823-20260905,kimkataguiri,topic_5,0.9588312930067028
1559164332250732,candidato,20260815-20260822,guilhermesampaioce,topic_4,0.47102686396061993
1713426683293918,veiculo_regional,20260815-20260822,sulvinteum,topic_1,0.691695874572423
1394917152835176,veiculo_nacional,20260823-20260905,correio.braziliense,topic_1,0.5773553860903814
1765397451275620,candidato,20260823-20260905,gaby.brasilia,topic_3,0.35298342391174253
1257368466467561,candidato,20260823-20260905,todandara,topic_4,0.5003720003280576
1408455601232906,veiculo_regional,20260815-20260822,jornaldebrasilia,topic_1,0.3708192730480992
1123606646848239,veiculo_regional,20260823-20260905,portaldoholanda,topic_1,0.8982917416035077
1869045264362629,candidato,20260815-20260822,celsosabinooficial,topic_7,0.6293682240783206
1079886811444664,candidato,20260823-20260905,marcosrogeriooficial,topic_3,0.39761992339884894
1071768262265068,candidato,20260823-20260905,magalhaes.fernanda_,topic_0,1.0
2181899739394587,candidato,20260906-20260912,deputadofernandohugo,topic_0,0.5000400304516573
1818779955970943,candidato,20260906-20260912,dep.roberiomonteiro,topic_0,0.3603801020037744
1330435175586478,candidato,20260823-20260905,1090adriel,topic_0,0.40453872240638084
1024183947278950,candidato,20260823-20260905,deputadomanuelrocha,topic_0,0.5626771296242462
2071318083523594,candidato,20260906-20260912,pablobarrozo,topic_0,0.5350179451419088
1822337435625013,candidato,20260906-20260912,vereadoredinhocarvalho,topic_2,0.720432025505252
894047603529231,candidato,20260823-20260905,vaidonoliveira,topic_3,0.47739385770248843
1608622264329144,candidato,20260823-20260905,caduprofessor,topic_2,0.5298776250061206
1077571307997181,candidato,20260823-20260905,lisandra_falcao_ribeiro,topic_4,0.8706808431510596
1065840309528294,veiculo_nacional,20260906-20260912,metropoles,topic_7,0.8260153665398772
1431396245530951,candidato,20260823-20260905,clovisvolpi,topic_4,0.670846844428224
1408598481232907,candidato,20260815-20260822,serraneto30,topic_2,0.35152427003805714
2312269019542794,candidato,20260823-20260905,matheus.sperry,topic_4,0.7305237310415572
1417857526959657,candidato,20260815-20260822,sonia_modena20.022,topic_4,0.43558692236956226
28639770105660745,candidato,20260906-20260912,zequeirozoficial,topic_0,0.5014299999811507
958983043915302,candidato,20260823-20260905,marcos.vanucci,topic_4,0.48569604911628317
1087378740912891,veiculo_nacional,20260823-20260905,portalg1,topic_7,0.6494811803448463
2956169464747876,candidato,20260815-20260822,claudioapolinario,topic_2,0.3578231535052828
4590167857881845,candidato,20260906-20260912,johnysantos.sp,topic_2,0.5860697322055476
1386077090405594,veiculo_regional,20260815-20260822,topmidianews,topic_7,0.7312586007394228
2568986320280521,candidato,20260823-20260905,juniormendoncamt,topic_3,0.49555317893623696
2413007082851418,candidato,20260815-20260822,cesaroliveira.oficial,topic_4,0.522762141350795
1075946871956281,candidato,20260823-20260905,ravenna_da_inclusao,topic_4,0.8210020093577188
1367503005124646,candidato,20260906-20260912,coronelmarchesiniba,topic_4,0.5987387236955637
1731223404750376,candidato,20260815-20260822,leiladovolei,topic_4,0.5039549101772656
1651637476603316,candidato,20260823-20260905,lindberghfarias,topic_4,0.5421159844279833
28852659014341922,candidato,20260823-20260905,maxrussi,topic_0,0.7834661412077852
28782492634708167,partido,20260823-20260905,progressistas,topic_4,0.298249839721983
1144433144585823,candidato,20260823-20260905,eduardoamorimse,topic_4,0.40925538582845167
2137877293812971,candidato,20260815-20260822,paulinhodochurrasquinho,topic_0,0.6783892668396021
2090044165235874,candidato,20260823-20260905,messiasdonato,topic_2,0.5824868476879883
1106511075241165,candidato,20260906-20260912,vereadorjonasreis,topic_2,0.8415523344350262
1403402311999926,veiculo_nacional,20260823-20260905,portalr7,topic_4,0.4289078443755873
1287760960014006,candidato,20260815-20260822,ederbublitz,topic_4,0.7203102402223052
1857400015248017,candidato,20260906-20260912,thiagolisboa.oficial,topic_4,0.6856299060957195
1074303878803454,candidato,20260823-20260905,mendes__babi,topic_4,0.5157154616485126
28690927793927240,candidato,20260906-20260912,bocalom.oficial,topic_0,0.3064629172634435
2191069624814586,veiculo_regional,20260815-20260822,opovoonline,topic_1,0.8346945737007261
1393305896245011,veiculo_regional,20260906-20260912,bahianoticias,topic_5,0.6660567724510742
1988071568577008,candidato,20260815-20260822,leaolais,topic_6,0.5056106068638783
1406910927504205,candidato,20260906-20260912,doutordanielsantos,topic_3,0.6404302321963347
28856580710613144,candidato,20260906-20260912,pretapraiana_,topic_4,0.951165583601622
1095962676309926,candidato,20260815-20260822,alcantarofilho,topic_4,0.5363507154562174
2142166436511928,candidato,20260815-20260822,cinthiadeallyson,topic_6,0.5431525637966649
1642769923881312,candidato,20260823-20260905,mirosanova,topic_2,0.5171818160493015
1633704565052211,candidato,20260815-20260822,julianunes_mulher,topic_6,0.4912146354455804
1520064449878535,candidato,20260815-20260822,naborwanderley,topic_6,0.5035160878968434
1407732051507803,candidato,20260823-20260905,fernandohenriquefhp,topic_0,0.7423867788093538
2538065326634522,candidato,20260906-20260912,reporter.sergioguimaraes,topic_4,0.7493383712902268
1090094590207119,veiculo_nacional,20260815-20260822,brasildefato,topic_1,0.4755460203961832
1247470828457438,candidato,20260815-20260822,marciocanellarj,topic_2,0.4826656835923905
1576645603945009,candidato,20260823-20260905,ruicostaoficial,topic_7,0.4387740165561601
28098704433147809,candidato,20260815-20260822,nesiofernandesjunior,topic_2,0.41786412119856137
4399698136946133,candidato,20260906-20260912,juniorsantosrosa,topic_2,0.38897492691827534
1399632794918836,candidato,20260815-20260822,jairsoutoo,topic_4,0.8355222252674003
1625828222887991,veiculo_nacional,20260823-20260905,poder360,topic_7,0.4031739499264096
2172073336690923,candidato,20260815-20260822,souemanoelpinheiro,topic_6,0.47244797940805827
1064250216392271,candidato,20260823-20260905,professorvitorinopoa,topic_0,0.4140371042586454
1105060485414421,candidato,20260906-20260912,othelinoneto,topic_4,0.5190879617677419
2153291542282035,candidato,20260823-20260905,costanetodf,topic_6,0.4378740381842107
870678419309941,candidato,20260815-20260822,josededjbuzios,topic_6,0.5104579945441138
1620193686350081,candidato,20260823-20260905,maxrussi,topic_4,0.33127919808444645
1415324953908758,candidato,20260823-20260905,wilsinhodatabu,topic_4,0.3682604177722074
1006541409099198,veiculo_nacional,20260823-20260905,bandnewstv,topic_7,0.8825313055789888
3118633194997522,candidato,20260815-20260822,rosangelawmoro,topic_4,0.9465497839074721
38758952530384662,candidato,20260823-20260905,peritomassuda,topic_4,0.41354589878279785
4421365638192166,candidato,20260815-20260822,ricardomaia.dabahia,topic_0,0.7206044026861427
1850081336400255,candidato,20260823-20260905,jaderomero,topic_3,0.7182273303921444
1410660383766657,veiculo_regional,20260815-20260822,grupo.metropole,topic_1,0.7963800947806932
1729201895006542,candidato,20260906-20260912,emersonsteinpb,topic_4,0.9956953627206694
4527850137490428,candidato,20260823-20260905,depvirmondes,topic_6,0.8111822629378035
1123244730656509,candidato,20260823-20260905,criciamartinsoficial,topic_4,0.7880559500719453
1318611653484703,candidato,20260823-20260905,salvino.oliveira,topic_2,0.6397040815860285
1106629711792265,candidato,20260906-20260912,clicinhavictori,topic_4,0.7223684911706155
1018194717932153,candidato,20260823-20260905,rosamst_,topic_7,0.4857292363059464
1056843703729394,veiculo_regional,20260815-20260822,afnoticias,topic_1,0.34871617711954567
2310802866403131,candidato,20260815-20260822,gilsonmachado22,topic_4,0.6442366227901384
1631159775277694,candidato,20260906-20260912,drtedeschi,topic_2,0.5070698715381438
3264159373792295,candidato,20260815-20260822,roseanasarney,topic_6,0.4208541017152577
2155140378761049,candidato,20260823-20260905,onetodobrasil,topic_4,0.6679550460475797
2129273398475150,candidato,20260906-20260912,betinhogomes45,topic_6,0.8004876675589749
1098499806037271,candidato,20260823-20260905,lianogueirams,topic_3,0.41706176503027376
4365366183793584,candidato,20260823-20260905,subtenente_mota,topic_4,0.6020053364697769
1770269894023215,candidato,20260823-20260905,viviliraa_,topic_0,0.6498267439945766
3107725059432430,candidato,20260823-20260905,pastordanieldecastro,topic_0,0.5471128662549538
1449228677049719,veiculo_regional,20260823-20260905,tribunadonorte,topic_1,0.8845547877117372
2599315520540485,candidato,20260823-20260905,reddogwalker,topic_1,0.5377648480506332
1637235698113708,veiculo_regional,20260823-20260905,agazetaes,topic_1,0.2797385266275364
2817204665317317,veiculo_regional,20260815-20260822,diariodograndeabc,topic_1,0.812473273657955
2049617895916963,candidato,20260906-20260912,vozdaenfermagem,topic_6,0.4483991554903384
1613741797012365,veiculo_regional,20260823-20260905,romanewsoficial,topic_1,1.0
1391669656504300,candidato,20260823-20260905,cristianodangeloam,topic_0,0.4187953160484224
1074487818804652,candidato,20260906-20260912,joeniawapichana,topic_3,0.7180550644773309
1696559208076178,candidato,20260823-20260905,dep.eliborges,topic_7,0.4602297670616741
2589610621862885,candidato,20260823-20260905,dr.eziziobarbosa,topic_2,0.37311945466100527
1057288683857943,veiculo_regional,20260823-20260905,topmidianews,topic_1,0.9812865648068206
2162804327915174,candidato,20260906-20260912,lorenammoura,topic_4,0.38423588767541084
1763463371474563,candidato,20260823-20260905,annylopescantora,topic_6,0.4654789593312382
926685940500396,candidato,20260815-20260822,geraldoluistv,topic_2,0.3178424121213432
1090572190095265,candidato,20260823-20260905,capitao_alden,topic_1,0.3969877108698008
1118561153927798,candidato,20260823-20260905,nenolaje,topic_2,0.48616902559016384
1409018347986522,candidato,20260823-20260905,coronelcarlosaugusto,topic_2,0.552640135382738
2492229331259948,candidato,20260815-20260822,marisol_santos,topic_6,0.7814258277666696
2038692923496822,candidato,20260823-20260905,diegobraytnner.pb,topic_0,0.7667249718022667
1596539245536366,candidato,20260906-20260912,wenceslau.jr,topic_0,0.6176676768405519
2280701866046169,candidato,20260823-20260905,comandantdan,topic_4,0.7096740593739855
1991900264793063,veiculo_regional,20260823-20260905,opovoonline,topic_1,0.8448557260016626
1844666019864201,veiculo_regional,20260815-20260822,nsctotal,topic_1,0.9885962130897277
1628096732277956,candidato,20260823-20260905,mariano.shiroma,topic_5,0.5263462475499266
28585833451051373,candidato,20260906-20260912,delegadoeduardoprado,topic_0,0.41111961496887756
38104985159148492,candidato,20260823-20260905,noraldinojr,topic_4,0.44429792240624194
1114637677730879,candidato,20260815-20260822,gustavodapopular,topic_4,0.4658875705325247
949332704092841,candidato,20260823-20260905,jaquelinecassol,topic_4,0.4713660223922402
1836614144376224,candidato,20260906-20260912,freddally,topic_2,0.5226961967452752
1658260595724743,candidato,20260823-20260905,depparafigueiredo,topic_0,0.6009741322086205
1069023162506696,candidato,20260823-20260905,hebersantanaoficial,topic_4,0.31696005812044575
1022434507498075,candidato,20260823-20260905,zequinhamarinhooficial,topic_0,0.5816567484163974
3368604263340991,candidato,20260815-20260822,divinobethaniatocantins,topic_4,0.4449304495276506
1396528069341888,veiculo_regional,20260823-20260905,ac24horas,topic_1,0.7761838745314023
1993725204658272,candidato,20260823-20260905,eltonroberto.weber,topic_0,0.48714994774120846
1088570320531454,candidato,20260815-20260822,davidbusarello,topic_2,0.37689174633158784
2174285703454216,candidato,20260823-20260905,robertaroma.ba,topic_4,0.609141727111416
2613908652399888,candidato,20260823-20260905,luizfernandopt13,topic_3,0.6399461863667288
1748808226397815,candidato,20260906-20260912,capitaowagnersousa,topic_4,0.7479496184983007
1023882407134994,veiculo_nacional,20260823-20260905,portalg1,topic_7,0.5671926028252687
926602400130541,candidato,20260823-20260905,dep.ricardorodrigues,topic_0,0.5934587914657735
1105273295486742,veiculo_regional,20260823-20260905,bnews_oficial,topic_1,0.8035142095178428
927903740370735,candidato,20260823-20260905,malafaiadorinaldo,topic_6,0.6389414359514011
1442647121109239,veiculo_regional,20260906-20260912,blogdobg,topic_5,0.8630747757009051
2513169229088641,candidato,20260823-20260905,deputado.eric,topic_0,0.4117273070509448
1101208179544110,candidato,20260906-20260912,andersonbravobr,topic_2,0.539551907692069
4568521500103964,candidato,20260823-20260905,wilsonmartinspi,topic_0,0.9332044292819057
1108430681576856,candidato,20260823-20260905,deltandallagnol,topic_5,0.8157158632216035
1396610128490520,candidato,20260906-20260912,armandinhoferreiro,topic_1,0.3772395418985799
1795870708394358,candidato,20260823-20260905,gracinhacaiado,topic_0,0.7667382729009551
2256342888542263,candidato,20260823-20260905,drasandra.marques,topic_4,0.5990662633836573
1815210189653643,candidato,20260815-20260822,deassisdiniz,topic_0,0.41195515935600124
1573081633774868,candidato,20260906-20260912,dr.gutemberg,topic_4,0.8348384774041202
1924130645213761,candidato,20260823-20260905,carlosalbertosousa_oficial,topic_4,0.6092891798566309
1405901210866134,veiculo_regional,20260815-20260822,oliberal,topic_3,0.3143382673050037
888299647551873,candidato,20260906-20260912,luizeduardo.rn,topic_0,0.42944013052226804
1787521272268946,veiculo_nacional,20260906-20260912,revistaoeste,topic_5,0.9449670416671176
1531997398971694,candidato,20260906-20260912,eltoncristo.oficial,topic_2,0.5445192653796525
1096080236189507,candidato,20260823-20260905,oficialmarcostavares,topic_4,0.45564298346353016
1369983851787187,candidato,20260906-20260912,dranatashamt,topic_4,0.5269998393868409
1668993790861120,veiculo_regional,20260815-20260822,agazetaes,topic_1,0.766327123156718
1808178173946656,candidato,20260823-20260905,naborwanderley,topic_4,0.9722122071877318
1448518197147491,veiculo_regional,20260823-20260905,topmidianews,topic_1,0.9722094544023486
1406645244250819,candidato,20260906-20260912,ruymuniz,topic_4,0.76187997223998
1107848318429387,candidato,20260906-20260912,andrenunescosta,topic_2,0.5220176302406175
1632609811805804,candidato,20260906-20260912,fabioabreu.oficial,topic_2,0.3897387710415693
1368905131623138,candidato,20260823-20260905,pimenta13br,topic_3,0.44541680857522986
1576590687246799,candidato,20260815-20260822,drmarceloreissc,topic_4,0.63977808368045
1110028724835129,candidato,20260823-20260905,dr_samiyassine,topic_2,0.386890648522894
1041596678752171,candidato,20260906-20260912,todandara,topic_4,0.48990269938131165
1099719132714464,candidato,20260823-20260905,coronelmeiraoficial,topic_2,0.6050973218446735
2004600783830094,veiculo_regional,20260823-20260905,jornalhojeemdia,topic_1,0.7389784492056755
28520424350886735,candidato,20260815-20260822,igoraraujo.osocial_,topic_2,0.4608223188076301
1107942178297324,veiculo_nacional,20260906-20260912,metropoles,topic_4,0.4371614269868863
1093298993449913,candidato,20260823-20260905,renataabreu.2020,topic_6,0.6677172152690399
1138311732207917,candidato,20260823-20260905,rafaeltiradentesmdb,topic_4,0.8802342509141625
3331431270376564,candidato,20260823-20260905,paulabelmonteoficial,topic_4,0.943819456056132
2478106129379433,candidato,20260906-20260912,cabogregoriocruzazul,topic_0,0.5676667373792511
2096970524523312,candidato,20260906-20260912,doutorhely,topic_0,0.42532687071369
1779262189749956,candidato,20260906-20260912,alanrickm,topic_3,0.630294418187654
1769163864126018,candidato,20260823-20260905,carolinamoraesestrela,topic_4,0.6711586793414397
2320015608834450,candidato,20260815-20260822,claudeciluartoficial,topic_4,0.6520717195957563
2129451594650727,candidato,20260815-20260822,juliana.valiati,topic_4,0.36726059248567855
1076711731407333,veiculo_regional,20260906-20260912,gazetadigital,topic_1,0.9328440491851873
1607805031007931,veiculo_regional,20260823-20260905,folhabv,topic_1,0.6720551733102675
2092488384991826,candidato,20260815-20260822,queirozdopovo,topic_4,0.4556151287104804
27659582040378226,veiculo_regional,20260815-20260822,tribunaonline,topic_1,1.0
28549981664597555,candidato,20260906-20260912,bublitz.alexandre,topic_4,0.32747620129385385
1477556950874170,candidato,20260823-20260905,divaldo.lara,topic_2,0.7208573952695273
2093714641242443,candidato,20260823-20260905,depniltonfranco,topic_4,0.48956664920950355
2457445128078153,veiculo_regional,20260823-20260905,meionorte,topic_1,0.9354523118624029
2086169441994044,candidato,20260906-20260912,thiagotdallagnol,topic_0,0.6370476215703595
1091055657053197,veiculo_regional,20260906-20260912,portalacritica,topic_1,0.6784452191109167
1301861721911946,candidato,20260823-20260905,depsergioaguiar,topic_3,0.4737002944968691
2239594550215642,candidato,20260815-20260822,wellingtondocurso,topic_0,0.3620783757704212
2778622535872717,candidato,20260815-20260822,lararcavalcanti,topic_4,0.6279979792312499
1370451745069398,candidato,20260815-20260822,felipebarcellos.sc,topic_6,0.8558667971548998
1918238902470233,candidato,20260906-20260912,carlabaroni7,topic_0,0.7019192531517165
1562083749264677,candidato,20260823-20260905,therezinharuiz,topic_3,0.5278235063764627
28604139992515297,candidato,20260823-20260905,perpetua_acre,topic_4,0.709612410547042
841205005680552,candidato,20260823-20260905,magalhaes.fernanda_,topic_4,0.6086523526919712
1345359487425118,candidato,20260906-20260912,aryvanazzi13,topic_7,0.4610842670958518
1039596632409488,candidato,20260823-20260905,joaocampos,topic_3,0.8420371980180179
1162451402778020,candidato,20260906-20260912,gilbertogg11,topic_4,0.5005620761863333
2488990888280602,veiculo_regional,20260823-20260905,otempo,topic_1,0.4802670773409055
1711121270171810,candidato,20260823-20260905,izaarrudape,topic_0,0.6244481965512501
1591432939351725,candidato,20260815-20260822,cironogueirapiaui,topic_3,0.6794744486558001
1845610829931014,veiculo_regional,20260815-20260822,contilnetnoticias,topic_1,0.6398311392435603
1074280805098927,veiculo_nacional,20260823-20260905,poder360,topic_7,0.7653340966177691
1562947524877147,candidato,20260906-20260912,samanda,topic_7,0.4604299803955469
1080392414582466,veiculo_regional,20260823-20260905,blogdobg,topic_7,0.8289116377181662
1953799745307590,candidato,20260823-20260905,guilhermepiai,topic_7,0.6151839884382042
2140490893203994,candidato,20260823-20260905,betinhogomes45,topic_6,0.6058101848704232
1722582905525034,partido,20260823-20260905,pco.29,topic_7,0.3848392381456365
2289201625180224,candidato,20260823-20260905,aniellefranco,topic_4,0.4156425367983
1560408658644972,candidato,20260906-20260912,drandersoncoelho,topic_3,0.8121606678777262
1396248682007782,candidato,20260815-20260822,charlenebortoleto,topic_6,0.5103884576619429
1358331743083557,candidato,20260815-20260822,geraldoresendems,topic_0,0.5720219482638318
1730037581630230,candidato,20260823-20260905,katiadiasjf,topic_0,0.45316994345201417
1760655291810167,candidato,20260906-20260912,bhmouraoficial,topic_6,0.6149790445038705
1816499406025795,candidato,20260823-20260905,luceliarodriguesoficial,topic_4,0.3593491409512163
1548052359865969,candidato,20260823-20260905,geraldostocco,topic_0,0.7481282584764896
1995123231187526,candidato,20260823-20260905,val.negra,topic_6,0.7835804343775027
2140223503232606,candidato,20260906-20260912,robertocidadeam,topic_6,0.6372649543780534
1116010680850344,veiculo_regional,20260823-20260905,maisgoias,topic_4,0.5781419379865034
1073465985663832,veiculo_nacional,20260906-20260912,folhadespaulo,topic_1,0.770914187559859
1090353987015104,candidato,20260815-20260822,rodrigocunha.pa,topic_0,0.4832491060987677
1398454564963079,candidato,20260906-20260912,julianlemosdeputadofederalpb,topic_7,0.8272069500402643
2100597347202326,veiculo_nacional,20260823-20260905,sbtnews,topic_7,0.5636966884241169
1049778367766827,candidato,20260823-20260905,ruicostaoficial,topic_6,0.370414454084904
1322853346438214,candidato,20260823-20260905,peritomassuda,topic_4,0.8848320801276799
1759742388401173,veiculo_regional,20260823-20260905,itatiaiaoficial,topic_3,0.41561925148539647
1385803966356415,candidato,20260815-20260822,alanrickm,topic_4,0.3517026925624654
1762358744887412,candidato,20260823-20260905,memullergarcia,topic_4,0.7771806988982982
1064503019713191,candidato,20260823-20260905,joelrodriguespi,topic_7,0.43604619499194053
1821033049264575,veiculo_nacional,20260823-20260905,bbcbrasil,topic_7,0.6904868638247725
1610042080563681,candidato,20260823-20260905,prof_juniorgeo,topic_6,0.47438497769376836
1665024908410508,candidato,20260823-20260905,taliriapetrone,topic_4,0.45375039299917075
1979857299342377,candidato,20260815-20260822,iracemavaleoficial,topic_4,0.41651500201930286
1665326648636639,candidato,20260823-20260905,jamesbelce,topic_0,0.49755484937143446
1766082348034535,candidato,20260823-20260905,eduandradebr,topic_2,0.7831738779271918
28586650874263512,candidato,20260823-20260905,renanpaesoficial,topic_7,0.4733078229480126
1377054617882612,candidato,20260823-20260905,nataliabonavides,topic_4,0.2847452793384073
1411625677829942,candidato,20260906-20260912,paraibafeminina,topic_3,0.571020427053615
3268640043329372,candidato,20260906-20260912,professorjoziel,topic_2,0.570901864733415
1701720178259187,candidato,20260906-20260912,deputadoandrevale.ac,topic_6,0.41361480053960276
2045924032721452,veiculo_regional,20260906-20260912,tribunahoje_,topic_1,0.9159544032152039
1858609255147033,candidato,20260906-20260912,iedachaves,topic_4,1.0
1124495060255189,veiculo_regional,20260823-20260905,agazetadoacre,topic_1,0.8000645125436304
1761621208316080,candidato,20260815-20260822,gauchodaneve2,topic_4,0.4261064359192356
1380613940919904,veiculo_regional,20260906-20260912,olhardiretooficial,topic_7,0.32357223944028907
1789971392056349,candidato,20260815-20260822,eduardopereiramg,topic_0,0.7147609040467375
2504671796697753,candidato,20260815-20260822,niltotatto,topic_7,0.33239028779874136
1467257768552998,candidato,20260906-20260912,enfermeiraanapaula,topic_3,0.5838572082333598
1096748316421502,candidato,20260815-20260822,deputadomarcon,topic_0,0.5101423584959107
1069409782741017,veiculo_nacional,20260906-20260912,cartacapital,topic_2,0.4299985590109662
1715714022991835,candidato,20260823-20260905,danielbassioficial,topic_3,0.563848073177706
1097142349428503,candidato,20260815-20260822,evandroepifaniolezzaooficial,topic_4,0.47241551572093843
1075902678374859,candidato,20260906-20260912,carloshbfavaro,topic_3,0.8606003714406875
1397558008497776,candidato,20260906-20260912,fabioqaragao,topic_6,0.6972628909936676
1083254220823256,candidato,20260815-20260822,helensoarespv,topic_3,0.8014959674322116
965749849137160,veiculo_regional,20260823-20260905,folhape,topic_1,0.6469626639525131
1073740545251174,candidato,20260906-20260912,airton.artus,topic_1,0.25893724906859944
1775063080181739,candidato,20260815-20260822,dr.rafaelpelosi,topic_4,0.7124546743161607
1620206996447037,candidato,20260823-20260905,zeeduardomiranda,topic_6,0.6462287040948169
1065905699582751,candidato,20260906-20260912,ivonechagas_m,topic_0,0.8000668129831726
1412304137672831,candidato,20260815-20260822,enescandido,topic_6,0.7108959995784243
2557555218096652,candidato,20260815-20260822,marinaabernardes,topic_4,0.8175806508369234
1349415813878242,candidato,20260823-20260905,renebutekus,topic_4,0.7054100702530923
2622675708247606,candidato,20260906-20260912,fabrizioferraz,topic_0,0.48764596044575476
2503617916811081,candidato,20260823-20260905,adrianodobaldyoficial,topic_2,0.5985101566456774
1639472101018897,veiculo_nacional,20260823-20260905,revistaforum,topic_1,0.8660912189226692
1893631568709553,veiculo_nacional,20260906-20260912,estadao,topic_1,0.4797775753848414
1771208257245462,veiculo_regional,20260906-20260912,midianews.oficial,topic_1,0.48916457325034224
1550329049560371,veiculo_regional,20260823-20260905,ac24horas,topic_1,0.4468577558973266
1603473578087293,veiculo_regional,20260823-20260905,agazetaes,topic_1,0.42262200556896307
1773671390342755,candidato,20260823-20260905,dr.furlan,topic_0,0.794299788274044
1959297568360126,candidato,20260823-20260905,vitorribeirof,topic_4,0.7090646796248734
1688812865522628,candidato,20260815-20260822,cristianosilveiramg,topic_0,0.45175337998557225
1718391365886978,veiculo_nacional,20260823-20260905,estadao,topic_1,0.3531379858538228
1608177667704764,candidato,20260815-20260822,thiagobagatin,topic_4,0.5800015064222722
1434377751895131,candidato,20260906-20260912,omarquinhodopovo,topic_3,0.44548541118769036
28478759871735452,candidato,20260823-20260905,dimasdosreisribeiro,topic_2,0.4261240242615817
1958794714811427,veiculo_regional,20260823-20260905,opovoonline,topic_1,0.8873860021053496
1563586591759111,candidato,20260815-20260822,dra.grazi_costa,topic_2,0.5282934600227297
1471010671521801,candidato,20260815-20260822,juliolossiooficial,topic_4,0.544515841195973
1881924323173157,candidato,20260906-20260912,diegodovallecp,topic_0,0.4958337369794517
1765436268028271,candidato,20260906-20260912,engheltoncosta,topic_4,0.6113529452092881
1135297822384655,veiculo_nacional,20260823-20260905,metropoles,topic_1,0.5063236288941638
2239924636803016,candidato,20260815-20260822,monicavallone,topic_0,0.32342497026754113
1590308962749664,candidato,20260815-20260822,miguelcoelhope,topic_0,0.49407363709060537
3353265261548404,candidato,20260815-20260822,professorrui.aplb,topic_4,0.6446353963535318
1079906224766509,candidato,20260823-20260905,danieldonizet,topic_2,0.5633764416102429
916225201229891,veiculo_regional,20260823-20260905,opovoonline,topic_1,0.8654994020631509
1253445974523322,candidato,20260823-20260905,ricardomaia.oficial,topic_4,0.8546098548722614
1767615617716860,partido,20260815-20260822,psdnacional55,topic_4,0.8743798771026698
1830949471424473,candidato,20260906-20260912,marcelopoeta.ma,topic_4,0.5763393622455617
1711737509904408,candidato,20260823-20260905,andreazancko,topic_4,0.3894870053088889
1549590663011009,candidato,20260815-20260822,edvaldonogueira,topic_0,0.4163712983928976
1856098068852146,candidato,20260906-20260912,raquellyraoficial,topic_6,0.5957846835981471
26466575036373961,candidato,20260823-20260905,pompeodemattospdt,topic_0,0.4553668775348641
986434570521919,candidato,20260823-20260905,tequinhabrito_,topic_2,0.3725396700255621
1771260447297519,candidato,20260906-20260912,danicunhario,topic_4,0.6767232750645438
1090849426771189,candidato,20260906-20260912,felipeleitaopb,topic_0,0.8493347897367901
1780219116627361,candidato,20260823-20260905,adrianogaldino1,topic_6,0.7592531466263868
1589681682859455,candidato,20260906-20260912,gilsonamorimnl,topic_4,0.6268814789762496
1068955419249597,candidato,20260823-20260905,deputadarosangelagomes,topic_4,0.5172807731892329
2343151396221053,candidato,20260823-20260905,dradamarismoura,topic_4,0.5186983266395497
28429676473338398,veiculo_nacional,20260906-20260912,jovempannews,topic_1,0.577237633646642
1080665137788317,candidato,20260815-20260822,ozielluizbatatinha,topic_0,0.8201364712738922
1875298523915048,candidato,20260815-20260822,sargentoreginauro,topic_4,0.9804566279884928
1403667701908052,veiculo_nacional,20260906-20260912,jornalnacional,topic_5,0.6533908256519247
1833918034712178,veiculo_regional,20260815-20260822,bahianoticias,topic_5,0.745693970274795
1644735543933515,candidato,20260823-20260905,luladealagoas,topic_0,0.5007475948290597
1602236388010373,candidato,20260815-20260822,marconimsantana,topic_0,0.9408976509829113
2126548924599193,veiculo_regional,20260823-20260905,ndmais,topic_1,0.38172553771887563
1138872415133650,veiculo_regional,20260906-20260912,atardeoficial,topic_1,0.7576401887923628
1420269583391927,candidato,20260815-20260822,denisebmenezes,topic_4,0.8562395594712648
1565904761492965,candidato,20260906-20260912,gizellefreitaspsol,topic_4,0.2978073899982313
930087670176998,candidato,20260823-20260905,darlondutra,topic_4,0.7031363296912831
1413826440708544,candidato,20260823-20260905,ibraindevalmir,topic_4,0.43043948706712426
993501663751469,candidato,20260906-20260912,filipebarrosoficial,topic_7,0.8485302456579894
2205999653310858,candidato,20260906-20260912,biacavassa,topic_4,0.8849582399937702
2510688969344814,candidato,20260823-20260905,enf_michelegalvao,topic_6,0.7892579370009709
1301593625261594,candidato,20260906-20260912,delegadofeliciolaterca,topic_5,0.8996589317439465
1995655704443714,candidato,20260906-20260912,arthurhenriquerr,topic_6,0.854492828748332
2109569376356353,candidato,20260815-20260822,thiagolisboa.oficial,topic_4,0.70521452021384
987574557690089,veiculo_regional,20260823-20260905,contilnetnoticias,topic_1,1.0
1450108953748553,candidato,20260823-20260905,capitaomosart,topic_7,0.34047397178529804
1657106006039379,candidato,20260823-20260905,sileno.guedes,topic_6,0.6434548446670032
1415335623908666,candidato,20260906-20260912,alvaroportope,topic_6,0.83572872521977
1648010077044253,candidato,20260906-20260912,tombafarias,topic_0,0.749656750895017
1073280672126340,candidato,20260823-20260905,tiagoperettooficial,topic_6,0.6561065937804046
1788919372125719,veiculo_regional,20260823-20260905,meionorte,topic_1,0.9027310477442716
1384495287185960,candidato,20260823-20260905,professora_gilmara,topic_0,0.8983943208296772
1477900544396427,candidato,20260906-20260912,daianeburgos,topic_0,0.5409323391360268
1451065123623263,candidato,20260815-20260822,brenadianna,topic_0,0.4449925070070023
28324205110572794,candidato,20260815-20260822,cibeledeteobaldo,topic_6,0.7947167163861195
1396253041944437,candidato,20260815-20260822,joaoromaneto,topic_6,0.465081258941341
1379520853715982,candidato,20260815-20260822,diegoandrademg,topic_0,0.49375517851206263
4403584683227636,veiculo_nacional,20260906-20260912,metropoles,topic_1,0.5470252436012432
1732321558058763,candidato,20260823-20260905,sikerajr,topic_3,0.903960236872223
2101786417089063,candidato,20260906-20260912,professoradayanepimentel,topic_4,0.7177733438038923
1787893388904494,candidato,20260815-20260822,marcelo_pitol,topic_4,1.0
1744196186726510,candidato,20260815-20260822,aliceportugal,topic_4,0.6541211442044386
1848036259524137,candidato,20260906-20260912,kleberrodrigues,topic_0,0.6143147661875414
28082664261361642,candidato,20260823-20260905,robinson_almeida,topic_4,0.5123736453219441
1157621916691343,candidato,20260823-20260905,10ronaldomartins,topic_2,0.3686756270771764
1079228055107192,candidato,20260823-20260905,daniloviscontioficial,topic_6,0.6963934341306057
3509116792595041,candidato,20260815-20260822,andre_fufuca,topic_2,0.5187321569350525
1738773724090979,candidato,20260906-20260912,francisco.mello.oficial,topic_7,0.7579107846751039
2578281662676450,candidato,20260823-20260905,joaomartinsbrusque,topic_6,0.34012012921025225
1748594609740170,candidato,20260815-20260822,ralphgracie,topic_4,0.8737995402800158
1385385943167705,candidato,20260823-20260905,gleisihoffmann,topic_0,0.47187377009767545
2089757341930456,candidato,20260906-20260912,delegadotitobarichello,topic_2,0.9668141039783656
1592318482341967,candidato,20260815-20260822,delegadomarcelofreitas,topic_4,0.35390793535349563
1130687979288014,candidato,20260823-20260905,crisnardesdf,topic_7,0.7097975200913084
2007201903315512,candidato,20260815-20260822,douglaswinter.rs,topic_4,0.4983837147643476
1882709173087260,candidato,20260823-20260905,cinthiadeallyson,topic_6,0.4635959879108833
1809860450001558,candidato,20260823-20260905,deputadowelter,topic_4,0.48557977761972787
1119703563715778,candidato,20260906-20260912,dreduardonobrega,topic_0,0.6133757127254985
1332628615613968,veiculo_nacional,20260906-20260912,folhadespaulo,topic_5,0.9950944192809035
1604005524607344,candidato,20260906-20260912,fabiotyrone,topic_0,0.677219080119486
28024759197223153,candidato,20260823-20260905,jaldicenunes,topic_0,0.6541566546181549
2594779067636190,veiculo_nacional,20260823-20260905,revistaoeste,topic_5,0.950916134824117
1094861863231082,candidato,20260823-20260905,luciarosimbispa,topic_0,0.572882927202296
1553955515917088,candidato,20260906-20260912,sargentowellingtoncobra,topic_4,0.6176934014921139
1510957724385492,veiculo_nacional,20260823-20260905,agencia.brasil,topic_1,0.8260723250931619
28356705003956147,candidato,20260906-20260912,glaubersonrocha,topic_7,0.7882502639484186
1397294165848879,candidato,20260823-20260905,thiagovirgiliorj,topic_0,1.0
2152099195722150,candidato,20260823-20260905,thiagolisboa.oficial,topic_4,0.6025660030097801
3069808059894201,candidato,20260815-20260822,ricardomaia.dabahia,topic_0,0.9161413890060132
1373036144817880,candidato,20260815-20260822,rayssacfurlan,topic_2,0.4981554381782496
1461625559134655,candidato,20260823-20260905,drviniciusnascimentopi,topic_0,1.0
1099642859415319,candidato,20260815-20260822,eloipietaoficial,topic_4,0.4854328295043516
1041548748784467,candidato,20260823-20260905,fredlinharesbrasilia,topic_4,0.8401634443828614
1093706169799130,veiculo_regional,20260815-20260822,estadodeminas,topic_1,0.855217819869865
1135245622499968,veiculo_regional,20260815-20260822,doldiarioonline,topic_7,0.7956293735861856
1388736073329199,candidato,20260815-20260822,dr.alanqueiroz,topic_1,0.531786274493936
28381398761499541,candidato,20260823-20260905,souwanderleymoraes,topic_0,0.9574988724531537
1071809792127234,veiculo_regional,20260906-20260912,ac24horas,topic_1,0.5875244428567612
1218037737194499,candidato,20260823-20260905,boracommarcel,topic_6,0.6219143651824084
2293299964755751,candidato,20260815-20260822,alicepsol,topic_4,0.7710518635548549
1775119250167425,candidato,20260815-20260822,overissimo1,topic_2,0.8032718033105178
4542104102700699,veiculo_regional,20260823-20260905,jornalhojeemdia,topic_7,0.7873477285563837
1075146608768063,veiculo_nacional,20260906-20260912,o_antagonista,topic_7,0.5331798026053242
2838232179910194,candidato,20260823-20260905,danilodopostosaude,topic_2,0.5660501693758652
1374232971485347,candidato,20260815-20260822,faynaramerege,topic_1,0.6947547083593432
1349654210490916,veiculo_regional,20260823-20260905,estadodeminas,topic_5,1.0
1099517629250619,candidato,20260815-20260822,tabataamaralsp,topic_4,0.5957248116737094
1780173546648996,candidato,20260906-20260912,andersonribeiro.rj,topic_3,0.4940800702408756
1544002953690101,candidato,20260815-20260822,majorfabianadepfed,topic_7,0.7148463305978693
1093954236619991,candidato,20260815-20260822,airtonportooficial,topic_4,0.9263814942886996
1076443358102645,candidato,20260823-20260905,rodrigoestacho,topic_2,0.7360003986061712
4597719933838419,candidato,20260815-20260822,joaoditooficial,topic_6,0.7765624358019628
1117990294023706,candidato,20260815-20260822,prefeitofelipeaugusto,topic_4,0.8840716172656217
1858416245324322,candidato,20260906-20260912,marlenefengler,topic_6,0.6100834018705713
1616337223623039,candidato,20260815-20260822,mariaclaramarramg,topic_4,0.6414945567443426
1067079362702547,candidato,20260906-20260912,caiomatheus_bertioga,topic_4,0.5964697502175672
932875513206310,candidato,20260906-20260912,gleisihoffmann,topic_4,0.5896120349688698
2295916177832198,candidato,20260906-20260912,anapaulamarra,topic_4,0.5466679087086268
1124080063470128,candidato,20260906-20260912,jobsonalmeidaa,topic_2,0.6259980336581674
1066032466209064,veiculo_regional,20260823-20260905,jc_pe,topic_4,0.4101921652807718
1271739198376571,veiculo_regional,20260823-20260905,newsrondonia,topic_1,0.35034781899973166
3477721625733238,candidato,20260823-20260905,matheusserafimmma,topic_0,0.9584237106616549
1091526653288668,candidato,20260823-20260905,monicavallone,topic_4,0.45425444920806374
1094759923012757,candidato,20260823-20260905,delegadorodrigosa,topic_3,0.4797975352388878
1697971674601316,candidato,20260823-20260905,eraldo.cb,topic_3,0.38527949640507825
1780016173260844,candidato,20260823-20260905,yvesribeirope,topic_0,0.5433337035992675
2288305861921329,veiculo_nacional,20260823-20260905,metropoles,topic_1,0.4729593131835602
1742398060399087,candidato,20260815-20260822,deputadojeovamota,topic_0,0.9689626897081403
1386835219605937,candidato,20260815-20260822,gleice_schott,topic_1,0.3440882552811718
1769860484326744,veiculo_nacional,20260815-20260822,cartacapital,topic_6,0.2990574466680669
2594506514382378,veiculo_regional,20260815-20260822,portalgp1,topic_7,0.626623837445361
1022880120741038,candidato,20260823-20260905,fernandojordaooficial,topic_0,0.5625580927967405
930205899712705,candidato,20260906-20260912,joanadarcam,topic_1,0.3576348642464192
2989513994723001,veiculo_regional,20260823-20260905,olhardiretooficial,topic_1,0.8902671363269177
1305965261476351,veiculo_nacional,20260815-20260822,uolnoticias,topic_7,0.8177023206422849
1765705107966718,candidato,20260815-20260822,joaopaulo_janjao,topic_0,0.3866687918056216
1091801777145540,veiculo_regional,20260815-20260822,jornalopcao,topic_1,0.6286676262274663
1765988864644611,candidato,20260823-20260905,fernandopasqualino,topic_6,0.6805821064608288
1050114584689559,candidato,20260823-20260905,prof.geovanii_vieira,topic_0,0.6112548769443931
1095836736673884,candidato,20260823-20260905,joaomadison,topic_6,0.6117056207233329
1571413334781637,candidato,20260823-20260905,suedcarvalhoup,topic_2,0.4402905283002344
1385840852972119,veiculo_regional,20260823-20260905,agazetadoacre,topic_1,0.49392621427382627
1834692097527786,candidato,20260815-20260822,pelizerdm,topic_0,0.3843251706699761
1073128962365358,candidato,20260906-20260912,sergiofrederico,topic_4,0.6669203309577888
1584132703453335,candidato,20260906-20260912,leandrosorgatto,topic_7,0.7144861726804884
28660526370249665,candidato,20260815-20260822,janineborgessoares,topic_4,0.45983017158233536
1594636465503602,veiculo_nacional,20260815-20260822,portalg1,topic_1,0.40991762705077484
1881626452823038,candidato,20260823-20260905,iolandooficial,topic_0,0.351398411579018
2147621376111479,candidato,20260823-20260905,wagner.coe,topic_4,0.816986381740931
2299605190812757,candidato,20260823-20260905,dr.furlan,topic_6,0.6850111599542544
1559547759258250,candidato,20260823-20260905,alfredinho.pt,topic_4,0.29591225635719304
2182853385627018,candidato,20260823-20260905,doutorluizinho,topic_2,0.5166924043680649
1593433945711460,candidato,20260823-20260905,cassianacrispim,topic_4,0.8238560162652542
1703589547394098,candidato,20260823-20260905,danielvalencapt,topic_5,0.7507360295840496
1078685821431800,veiculo_regional,20260823-20260905,diariodepernambuco,topic_4,0.2580478180763635
1375411964712250,candidato,20260823-20260905,carolkalil26,topic_4,0.8779026362202842
1106174928504745,candidato,20260815-20260822,cicerolucena,topic_4,0.8850429337946809
1063781976502585,veiculo_regional,20260823-20260905,sistemaodia,topic_1,0.8173582822052464
4496620417245314,candidato,20260815-20260822,odonjrrn,topic_0,0.7773003805464278
974722012326819,candidato,20260906-20260912,rhaizamatos,topic_0,0.5107892736307833
1627573355407736,candidato,20260906-20260912,chamonzinho,topic_0,0.7705906985359512
1076429124975196,candidato,20260906-20260912,priscila.cavalcante_,topic_2,0.8245361552401242
1438204741542417,candidato,20260815-20260822,profdorinha,topic_4,0.5608510291208838
1990980024942942,candidato,20260815-20260822,ritapassos,topic_3,0.6269078313845796
1756415078882341,candidato,20260823-20260905,zealexandrealmeida,topic_4,0.6652539303779609
1095928920043853,candidato,20260815-20260822,rodrigomarpt,topic_0,0.4147333845715374
1360996619481077,candidato,20260823-20260905,borgoeduardo,topic_3,0.39149226960057104
1811616893621743,candidato,20260823-20260905,paulinhabragaveras,topic_3,0.4511150539678575
2328609417913274,candidato,20260815-20260822,wesleysousa.ma,topic_4,0.42134117322659287
1071096388995866,veiculo_regional,20260815-20260822,imirante,topic_1,0.987486140652321
1628235815402218,candidato,20260823-20260905,andersonlima.mg,topic_5,0.7762435173606019
1399597685662659,candidato,20260823-20260905,coronelmedeiros,topic_4,0.5157230599461861
1759529011936630,candidato,20260906-20260912,delegado.diogenes,topic_6,0.5398728621815957
885331584444824,candidato,20260815-20260822,profrodolfosouza,topic_2,0.5343065198046086
975872032198366,veiculo_regional,20260906-20260912,doldiarioonline,topic_1,0.8687379389403868
2357262821679332,veiculo_nacional,20260823-20260905,metropoles,topic_7,0.9125834428656248
2484755315348388,candidato,20260823-20260905,advdiegotavares,topic_4,0.5043213099243851
1567739414625735,candidato,20260823-20260905,carolinedetoni,topic_4,0.7739532389580845
1226934966296793,veiculo_regional,20260823-20260905,rondoniaovivo,topic_1,1.0
1057549307178625,candidato,20260906-20260912,danielalmeida,topic_0,0.3685805756642865
1434047311921581,candidato,20260815-20260822,professoramyrellemirtis,topic_4,0.5749905637943747
1421245583245618,candidato,20260815-20260822,manato_es,topic_7,0.7475732939514985
1091122686767364,candidato,20260906-20260912,alisson_madeiro,topic_2,0.47198667615281764
930688846495934,candidato,20260823-20260905,ricardoholzoficial,topic_3,0.6197959007362436
1128562086358070,candidato,20260906-20260912,dra.giselli.bianchini,topic_4,0.4466468800732783
2060181497956206,candidato,20260823-20260905,marceloqueiroga,topic_4,0.5545726472733608
1620578452958289,candidato,20260823-20260905,depivanabastos,topic_2,0.3065857841560993
2946085335727586,candidato,20260906-20260912,guilhermelivoti,topic_2,0.7563889404363168
2164947907423500,candidato,20260906-20260912,paulocasefernandes,topic_0,0.4699176167446275
2689020678181676,candidato,20260823-20260905,hugomottapb,topic_4,0.6865235284637291
2954859884851627,candidato,20260823-20260905,flavinha.mt,topic_0,0.6208669992810181
2327294471349335,candidato,20260815-20260822,jaimegazola,topic_2,0.33306154201744964
1094233106905139,candidato,20260823-20260905,elzuilac,topic_6,0.38589048766051276
2127350201992234,veiculo_regional,20260815-20260822,senoticias,topic_1,1.0
1092102926671821,candidato,20260823-20260905,deputadomauromoraes,topic_0,0.39205583253469084
1099941399120084,veiculo_regional,20260823-20260905,ndmais,topic_1,0.5349571630635089
2170516830549503,candidato,20260823-20260905,davisacer,topic_6,0.692022253765716
27663801276631179,veiculo_regional,20260815-20260822,diariodepernambuco,topic_7,0.3128210414090769
1613226003517033,candidato,20260906-20260912,arilsonchiorato,topic_2,0.4614656477074014
2295009097931709,candidato,20260823-20260905,coronelviniciusalmeida,topic_0,0.6992159358822618
2950759825270453,candidato,20260823-20260905,professoranizio,topic_3,0.8583475148780716
949450884389865,candidato,20260815-20260822,jarirpereirapsol,topic_3,0.5578406991934833
1433008735411309,candidato,20260823-20260905,cassiofsoares,topic_4,0.8711012735554938
1624043989313735,candidato,20260823-20260905,reisptsp,topic_6,0.2855275743263491
1067904602281130,candidato,20260823-20260905,erickmusso,topic_1,0.44181487503818184
1369743082039046,candidato,20260815-20260822,rafael.fonteles,topic_7,0.3201015180232905
1628439142320204,candidato,20260906-20260912,leandrosorgatto,topic_7,0.6275066199495875
3365874776907055,veiculo_regional,20260823-20260905,ndmais,topic_1,0.45404852069824897
1108560904874744,candidato,20260906-20260912,zezinhobarbary,topic_6,0.7088678323393498
1796036598199215,veiculo_nacional,20260823-20260905,metropoles,topic_1,0.4629870550667741
1096594919412671,veiculo_regional,20260906-20260912,blogdobg,topic_7,0.44435396083218504
4518830995058372,candidato,20260906-20260912,vivifernandestur,topic_4,0.7194954261273162
3555864557896502,candidato,20260823-20260905,lucinha.mota,topic_6,0.5807171030535245
1085951070491164,candidato,20260906-20260912,instadabene,topic_3,0.8316455756937008
1082031457546754,candidato,20260906-20260912,criciamartinsoficial,topic_0,0.394354543746226
1787790115564254,candidato,20260906-20260912,raquellyraoficial,topic_0,0.5284889488914603
1272687265934493,candidato,20260823-20260905,juliazardo.rs,topic_6,0.612767660202591
3984232665219251,candidato,20260823-20260905,henrique.chicao,topic_6,0.4594240753588074
1615818606869470,candidato,20260823-20260905,zecadirceu,topic_4,0.669364923569217
1419389270155398,candidato,20260815-20260822,alexmanente,topic_3,0.3382672850435678
1742467460412759,candidato,20260823-20260905,galdianasilva,topic_3,0.5294098338323353
2974710766228839,candidato,20260823-20260905,fabianavilarpl,topic_6,0.6896993927953873
4115101062123707,candidato,20260815-20260822,alvarodiasrn,topic_2,0.5184216997088872
2300990130686756,candidato,20260906-20260912,anacarolinaoliveira_oficial,topic_2,0.5383407840787271
1799906074766749,candidato,20260815-20260822,ceualbuquerquepe,topic_7,0.6333234755705385
964609653341765,candidato,20260823-20260905,romulotrovao,topic_6,0.5637086027915209
1612636127241085,candidato,20260823-20260905,eltoncristo.oficial,topic_2,0.4629742668876882
1611871307245446,candidato,20260823-20260905,rosenvergreis,topic_2,0.6887579774174003
1891010848923363,candidato,20260823-20260905,chicaodopara,topic_6,0.3626920062537239
1416397677038720,candidato,20260823-20260905,dagobertonogueirams,topic_6,0.5732067158011424
1398323255076809,candidato,20260906-20260912,manos_beer,topic_4,0.645191156506689
1652842519507396,veiculo_nacional,20260823-20260905,brasildefato,topic_7,0.3410355715374001
1345244137429229,candidato,20260823-20260905,mararochaacre,topic_4,0.42054635633516935
1407371391574642,candidato,20260906-20260912,cambemilgrau,topic_1,0.5476374308138697
1498807528675281,candidato,20260815-20260822,cacildabarbosa.ac,topic_1,0.5530332667827781
1761365728227993,candidato,20260823-20260905,deputadorobinho,topic_2,0.41488665344759224
1046174534693790,candidato,20260815-20260822,atevaldoleitaoo,topic_4,0.5591880595836258
1421879263140934,veiculo_regional,20260815-20260822,ac24horas,topic_1,0.42434799866733236
1058706417003655,candidato,20260815-20260822,lucasmendes_bombeiro,topic_2,0.4623253011866297
2616223248827586,candidato,20260815-20260822,gardelrolim,topic_0,0.6612881357065333
1609632483878599,candidato,20260906-20260912,ranielsousaoficial,topic_4,0.6413038915894282
1109769018669101,candidato,20260823-20260905,vini.protetordeanimais,topic_4,0.606580095668325
831677233301511,candidato,20260823-20260905,coroneltadeu,topic_3,0.6128108019680691
3715802028573755,candidato,20260823-20260905,elizianegama,topic_3,0.7918885925100424
1744638857661800,candidato,20260823-20260905,joizepmarques,topic_4,0.7768563263423978
1495537762553840,veiculo_regional,20260906-20260912,portalbandab,topic_1,0.9366576642642621
2724958834587620,veiculo_regional,20260815-20260822,jornaldebrasilia.ofc,topic_1,0.9854468356183405
1868921414243103,veiculo_nacional,20260906-20260912,bandnewstv,topic_1,0.7533650751139925
1545179743602384,candidato,20260823-20260905,lincolntramontini,topic_6,0.7513464543392518
1047692094925265,veiculo_regional,20260815-20260822,tvcidadeverde,topic_1,0.4622709675359842
2111272266144453,candidato,20260906-20260912,maxrussi,topic_0,0.4422329067642081
1117016444322060,candidato,20260906-20260912,rosangelapessoaoficial,topic_0,0.8887454862669509
1845917126568027,candidato,20260906-20260912,pelaes.vitoria,topic_0,0.6199288254122186
4263663697218733,candidato,20260823-20260905,thaistakahashioficial,topic_4,0.5119324195385443
1059788146691738,candidato,20260815-20260822,diogomoraespsb,topic_4,0.7751946845491006
2133972754195421,candidato,20260906-20260912,caiofranca_,topic_2,0.4291689584572576
4460219947527379,candidato,20260823-20260905,joaozinhotenorio,topic_6,0.5849884294365302
933662656468907,candidato,20260823-20260905,dep.laertegomes,topic_3,0.5867658677033681
4870838686395968,candidato,20260823-20260905,delegadajulianunes,topic_2,0.6429813020315962
1877338286980156,candidato,20260906-20260912,marciofernandesms,topic_0,0.9990844742938421
1276422341232067,candidato,20260823-20260905,prof.gilson.dias,topic_2,0.8851127234995578
1373855818132476,veiculo_nacional,20260823-20260905,metropoles,topic_1,0.8118409354955715
1083887564415861,candidato,20260823-20260905,guigapeixotosp,topic_0,0.5822100417514692
2006372623379519,candidato,20260823-20260905,isadorapiana.sc,topic_4,0.7308709094835711
1382083454039546,candidato,20260815-20260822,galbanovaes.al,topic_2,0.49871410307421216
993857010387833,candidato,20260906-20260912,deppaulocamara,topic_2,0.8565246387812263
2140225010176697,candidato,20260823-20260905,nilsonlacerdapb,topic_7,0.2982587107642753
1065683539170653,veiculo_nacional,20260823-20260905,o_antagonista,topic_5,0.898760762706396
1793548788344819,candidato,20260906-20260912,cristianenunesn,topic_4,0.8695540752716683
896014460256791,veiculo_nacional,20260906-20260912,uolnoticias,topic_5,1.0
1435790531317289,candidato,20260823-20260905,eduardodafonte,topic_0,0.7729968321709205
1580538859568619,candidato,20260823-20260905,puyr_p,topic_6,0.7935621062069897
1524961272290330,candidato,20260815-20260822,zucco,topic_0,0.6512298430117474
2298834687536386,candidato,20260906-20260912,indianaraesiqueira,topic_4,0.603961656534832
1030575833367783,candidato,20260823-20260905,boscocarneiro,topic_6,0.7438893808092585
1060317850189620,candidato,20260906-20260912,delmartharocha,topic_0,0.8716294036273176
1086711977096284,candidato,20260823-20260905,erickmonteiropa,topic_6,0.48110366720561937
1049561424629146,candidato,20260815-20260822,alinesa_df,topic_6,0.3338321048921638
1394073448963996,candidato,20260906-20260912,dreltonjr,topic_4,0.9133784063229536
995587743564507,veiculo_regional,20260823-20260905,atardeoficial,topic_1,0.36470760242568445
947756407734984,candidato,20260815-20260822,patisborges,topic_4,0.5041226446094503
1168382485849966,candidato,20260906-20260912,sardinha,topic_4,0.6803579809715834
1413989527355698,veiculo_regional,20260815-20260822,midiamax,topic_1,0.7684215487984731
1500007875188879,candidato,20260823-20260905,luizfernandomachadooficial,topic_1,0.27381404382983965
1643873000688169,candidato,20260906-20260912,cicerojoaooficial,topic_4,0.41618744549627895
1716851216282781,candidato,20260906-20260912,dislexclub,topic_4,0.4280880924700552
2307892399969471,veiculo_regional,20260906-20260912,portalbandab,topic_1,0.5718541819854246
1102516198973837,veiculo_regional,20260823-20260905,ac24horas,topic_1,0.4745332828625207
1014275348295449,candidato,20260823-20260905,felipecostacamarao,topic_7,0.8703643585049116
4454477448202792,candidato,20260823-20260905,luanamaedecinco,topic_0,0.5020567830676655
1110011621713767,candidato,20260823-20260905,chicorodriguesrr,topic_3,0.9546266782158663
1812583670179907,candidato,20260823-20260905,marinahelenabr,topic_1,0.2972727072479109
2112487249305238,candidato,20260906-20260912,fredlinharesbrasilia,topic_4,0.42617761288029
1778795676494499,candidato,20260823-20260905,malconmazzucatto,topic_6,0.9808202405327967
1747763972946698,candidato,20260823-20260905,gilbertofigueiredo,topic_0,0.4624759040994375
1074434155442257,candidato,20260823-20260905,luz.acre,topic_6,0.5828790542063492
1378914430515426,candidato,20260823-20260905,andersonhenriquetv,topic_4,0.949136045471096
1848429379865841,candidato,20260823-20260905,paulo_angelito,topic_4,0.5388127846921165
1585912906594437,veiculo_regional,20260815-20260822,ac24horas,topic_1,0.7053178074884221
1620292542876167,candidato,20260823-20260905,prof.mauro.rosa,topic_7,0.41019037805533665
1081137744394068,candidato,20260815-20260822,carmemlucianiq,topic_4,0.7718608578050324
1523056072909034,candidato,20260815-20260822,mendes__babi,topic_7,0.32120475749533295
28324485113887523,candidato,20260823-20260905,michelhenriquepb,topic_4,0.636826279518804
1764385611532474,candidato,20260906-20260912,gegemagalhaespinto,topic_1,0.4442230612260162
1072499272372759,veiculo_regional,20260823-20260905,otempo,topic_5,0.969405339483273
1434546038567773,candidato,20260823-20260905,dimasgadelha13,topic_6,0.2768339485409415
1583129733555988,candidato,20260823-20260905,brunopeixotooficial,topic_2,0.5350648816990784
2240014936846125,candidato,20260906-20260912,valdirmotopecas9,topic_3,0.8860547713693722
1756305062259271,veiculo_regional,20260823-20260905,jornalopcao,topic_1,0.6983173514361599
1779914726677524,candidato,20260823-20260905,julianacardoso_pt,topic_4,0.39780778911917175
4066249920171541,candidato,20260823-20260905,deputadomarcelobrum,topic_2,0.43417651168221494
1055350800593452,veiculo_nacional,20260823-20260905,bandnewstv,topic_1,0.5375246095251709
4099867346984322,candidato,20260823-20260905,chamonzinho,topic_6,0.38934297851379274
2088273962048647,candidato,20260823-20260905,divinobethaniatocantins,topic_4,0.6486952513507973
2533498797169820,veiculo_regional,20260823-20260905,meionorte,topic_1,0.6980000425055009
1723056432321255,veiculo_nacional,20260906-20260912,cartacapital,topic_7,0.886362018219677
1057618087173172,partido,20260906-20260912,pco.29,topic_1,0.2534510987622792
4506302396316958,candidato,20260823-20260905,ednasampaiooficial,topic_6,0.9490290061459127
1450630457112516,candidato,20260815-20260822,hugomottapb,topic_0,0.7880116143016178
1076825895416779,candidato,20260823-20260905,rodolfosfvale,topic_0,0.6009648253112544
3196360947420227,candidato,20260906-20260912,junacamara,topic_5,0.46373025763386594
1746845686373069,veiculo_regional,20260906-20260912,jornaldebrasilia.ofc,topic_1,1.0
2172502773479885,candidato,20260906-20260912,wedersonlopes,topic_2,0.5028904854616086
964885673318222,candidato,20260906-20260912,miguelcoelhope,topic_6,0.5544733183856269
1962659261042709,candidato,20260823-20260905,draketlenvieira,topic_4,0.6951758419388873
1397168551862270,candidato,20260815-20260822,coluna.vip,topic_1,0.5748786496878757
4203026686661299,candidato,20260815-20260822,fatimacanuto,topic_6,0.43071297089944927
1080878651306810,candidato,20260823-20260905,duarte_nogueira,topic_6,0.6064973592135237
2139508889935227,candidato,20260815-20260822,depjeferson10,topic_4,0.47560248949776346
1521608193067265,veiculo_regional,20260823-20260905,gazetaweb,topic_1,0.46491202847306057
932188139955442,candidato,20260823-20260905,caravinams,topic_1,0.8689010809602847
4510694765825679,candidato,20260823-20260905,cobrareporter,topic_3,0.37616158856576204
2815518588818366,veiculo_nacional,20260823-20260905,metropoles,topic_5,0.6713861963110612
2131150578276321,candidato,20260906-20260912,claudianofilho,topic_0,0.8628467520584872
1079291871622269,candidato,20260823-20260905,maxferavereador,topic_2,0.5913143713664109
1538946798250962,candidato,20260906-20260912,alinesleutjes,topic_0,0.42249558258270303
1738263480798885,veiculo_nacional,20260823-20260905,poder360,topic_7,0.5959476724123975
1585493833200241,veiculo_nacional,20260823-20260905,metropoles,topic_5,0.9447115147429717
1089750497142738,candidato,20260823-20260905,pablobarrozo,topic_0,0.47719601055162236
1724725055271456,veiculo_regional,20260815-20260822,odiaonline,topic_4,0.42774849399974346
4685605158382721,candidato,20260823-20260905,depcristianedantas,topic_0,0.29813437990361724
1401783345265774,candidato,20260906-20260912,dra.giselli.bianchini,topic_4,0.8415742812411948
3206330579550379,candidato,20260823-20260905,leoloureiroal,topic_2,0.6444070339719556
1384106757103066,candidato,20260823-20260905,diegoctvv,topic_4,0.6634620474614743
1093249363392313,candidato,20260815-20260822,depmarcialia,topic_0,0.43093923865368455
910535141852085,candidato,20260823-20260905,deputadapaulinha,topic_4,0.9416036285819229
2871424256590188,candidato,20260815-20260822,duartejrdu,topic_4,0.605884512818352
1025375053647356,candidato,20260815-20260822,ranallipf,topic_7,0.8164183435317035
2156665251588592,candidato,20260906-20260912,tedcontioficial,topic_6,0.44123304485788517
1408861674543914,candidato,20260906-20260912,depdrjoao,topic_6,0.7135379757955951
1492378119587365,candidato,20260906-20260912,virginiamendesoficial,topic_4,0.2951890478105764
1379082574438786,candidato,20260823-20260905,caduprofessor,topic_2,0.564162988944023
925545817277921,candidato,20260823-20260905,edilson.tavares.lima,topic_2,0.39531856674517224
917253788123899,candidato,20260906-20260912,wandersonnogueira,topic_1,0.3615788616682235
1076010338513710,candidato,20260823-20260905,marizearaujo_,topic_4,0.3533993510834986
1604473551255230,veiculo_nacional,20260823-20260905,portalg1,topic_7,0.45422476446855825
1073241192011327,candidato,20260906-20260912,yurydoparedao,topic_0,0.5424842728490633
1392431232309644,candidato,20260906-20260912,claudioapolinario,topic_4,0.6837178495152699
1409696221348041,candidato,20260815-20260822,opiauiense,topic_3,0.3503697542715413
1403956465185644,veiculo_regional,20260906-20260912,gazetaweb,topic_1,0.8021311533677958
1106483478554312,candidato,20260906-20260912,souadrianonascimento,topic_7,0.8483993582276151
2116911945863569,candidato,20260815-20260822,ismaelcrispinro,topic_3,0.42611605057023944
1060596783565707,candidato,20260823-20260905,flaviobolsonaro,topic_5,0.8166573245324334
2595137380925081,candidato,20260815-20260822,amirellebueno,topic_0,0.4810442158975271
1444366537647615,candidato,20260815-20260822,saraiva.cido,topic_2,0.7574612678707626
3337588099774386,veiculo_regional,20260823-20260905,rondoniaovivo,topic_1,1.0
2074225193199830,veiculo_nacional,20260823-20260905,correio.braziliense,topic_5,0.7183152271152295
2306664619871020,candidato,20260823-20260905,meirannyreis,topic_4,0.902756245631748
1042360261839565,candidato,20260815-20260822,aniellefranco,topic_7,0.44057748276234315
1715062036243845,candidato,20260906-20260912,serraneto30,topic_5,0.5212916448924357
1397082955886090,candidato,20260823-20260905,dranatashamt,topic_3,0.8288134352453513
1356486759804451,candidato,20260823-20260905,deputadoalexbrasil,topic_7,0.4401686108427699
995052506924456,candidato,20260823-20260905,luizomarpinheiro,topic_2,0.5802587616537026
1632289678311544,candidato,20260823-20260905,humbertomartins.oficial,topic_4,0.6735487843545288
1402986498588174,candidato,20260906-20260912,suelengeremia,topic_4,0.626742941983932
2342602333258811,candidato,20260823-20260905,marcossobreiraoficial,topic_6,0.4562520413890819
1866869710960357,candidato,20260815-20260822,marcionakashima,topic_4,0.8332255864649121
2158596105006482,candidato,20260823-20260905,juniorcolacarn,topic_0,0.7476506574726837
1824827468951752,candidato,20260906-20260912,paulomagalhaes.jr,topic_2,0.9920217236167361
1048739611282978,candidato,20260815-20260822,brunarodrigues,topic_6,0.6508709533633539
2826073414429836,candidato,20260815-20260822,maxferavereador,topic_2,0.4796335313941344
1579185110359286,candidato,20260815-20260822,fernando.postal,topic_4,0.8248006010861978
2302338037254579,candidato,20260815-20260822,senadorhumberto,topic_3,0.6561267536769408
29089751877277842,candidato,20260823-20260905,marcosgarcia.es,topic_2,0.5097867928237128
1349700403913357,candidato,20260823-20260905,ojulianosp,topic_2,0.40204718943324824
4510787659164585,candidato,20260823-20260905,drfernandoneuro,topic_2,0.3579604164779657
2247529526042190,candidato,20260906-20260912,irailsongazo,topic_4,0.9345242648350204
1398182142509515,veiculo_regional,20260823-20260905,nsctotal,topic_1,0.7393395736827674
932670269888263,candidato,20260823-20260905,lourivalgomesrj,topic_2,0.49258619603380155
1947671349254332,candidato,20260823-20260905,dudasanchesba,topic_0,0.45507149258114876
1094393989801674,veiculo_nacional,20260815-20260822,brasil_247,topic_7,0.8485079536458636
1125050360085016,candidato,20260815-20260822,danillokiribamba,topic_0,0.821952043594366
1614471876708856,candidato,20260823-20260905,juliocesarribeiro,topic_6,0.3026272517751593
2315977579256159,candidato,20260823-20260905,panteradonizete,topic_0,0.5876916201726673
3574307112735511,candidato,20260815-20260822,geradoposto,topic_0,0.6582168905535966
1781160532921160,candidato,20260823-20260905,andredasclinicas.cx,topic_4,0.7318949394397407
1318784910192285,candidato,20260906-20260912,ricardocaiafa,topic_3,0.4126330397471729
1613645607082567,candidato,20260823-20260905,jadyelalencar,topic_6,0.5827633064748202
1380229024276936,veiculo_regional,20260823-20260905,jornaldebrasilia.ofc,topic_7,0.8389553685350422
1596772065166381,candidato,20260906-20260912,laisnunes_oficial,topic_0,0.5442817038302699
1440731941225245,veiculo_nacional,20260815-20260822,portalg1,topic_6,0.5055858541467613
1058612150213292,candidato,20260815-20260822,edyrodriguesoficial,topic_3,0.5168783409583686
1797181335032743,veiculo_nacional,20260815-20260822,jornaloglobo,topic_1,0.5267747326342023
1740410693843397,candidato,20260823-20260905,denisedasupravereadora,topic_0,0.434854628984143
1712640476465929,candidato,20260906-20260912,lucianopinheiropdt,topic_0,1.0
2713044769128176,veiculo_regional,20260823-20260905,portalbandab,topic_1,0.88119416948719
28569238586096494,candidato,20260815-20260822,valdomirolopesoficial,topic_4,0.80735994201509
1071063112595759,candidato,20260823-20260905,tambura_amondawa,topic_4,0.4979325768013747
4449451298603933,candidato,20260823-20260905,drprcarloseduardo,topic_0,0.5111080489976422
1224932729832673,veiculo_nacional,20260815-20260822,jovempannews,topic_1,0.6623532902159108
1090298660008544,candidato,20260906-20260912,adailjr.oficial,topic_3,0.6830869314210563
28520624514224503,candidato,20260823-20260905,gabrielmagno_13,topic_4,0.9836536022759419
1065118499668595,candidato,20260823-20260905,pedrobragamg,topic_6,0.7844397479237851
1822905942224365,candidato,20260906-20260912,dramagdala,topic_2,0.5292804321121624
1640420164275741,candidato,20260823-20260905,leocamargo.es,topic_3,0.5042371100242627
2494743434358357,candidato,20260823-20260905,prof.gustavoaguera,topic_4,0.44825577720174514
960931447022781,candidato,20260906-20260912,lizianymedeiros,topic_6,0.723135041802372
3346436945529056,candidato,20260823-20260905,carlosportinho,topic_7,0.9030492484512901
1469268988584190,veiculo_regional,20260823-20260905,agazetadoacre,topic_1,0.6015711457058953
938992442103732,candidato,20260823-20260905,depnininho,topic_0,0.4425020552841475
2383483839111884,candidato,20260823-20260905,edilson_damiao,topic_6,0.36574241421541953
2004818706861305,candidato,20260906-20260912,carolinefurlan86,topic_4,0.9088109959384362
1065827156069927,veiculo_regional,20260906-20260912,portalbandab,topic_1,0.948725817320434
2041086463201713,candidato,20260823-20260905,alexandrexambinhoes,topic_3,0.40870067768292107
1781020819850026,candidato,20260906-20260912,delegadotayah,topic_1,0.28487717095715936
1568481071578621,veiculo_regional,20260823-20260905,sistemaodia,topic_1,0.2719995033725545
1373582564849437,candidato,20260815-20260822,christiannecoelho_,topic_3,0.5499560237681055
1099095132694596,candidato,20260823-20260905,mi_andrews,topic_4,0.668665824644014
1101870492333985,candidato,20260823-20260905,luizcanoagem,topic_4,0.9818927690944033
1340713258050570,veiculo_regional,20260823-20260905,contilnetnoticias,topic_1,0.8826753618645522
1417624720558264,veiculo_nacional,20260906-20260912,poder360,topic_7,0.45521021960575997
1062420136232920,candidato,20260815-20260822,depzecarlospt,topic_0,0.39988526240940636
1380124767130420,candidato,20260815-20260822,thiagodejoaldo,topic_4,0.6978223794944161
1701440730934357,veiculo_regional,20260906-20260912,blogdobg,topic_1,0.7852262732519235
1034959282892924,candidato,20260815-20260822,depivanabastos,topic_6,0.461231365030948
2363113011179342,candidato,20260823-20260905,professoradelliana,topic_4,0.6404490675823101
1801367774220608,candidato,20260823-20260905,kleberrodrigues,topic_0,0.9275954737931811
1108572715190073,candidato,20260823-20260905,alfredojrto,topic_2,0.6623652778901032
1981143422844538,candidato,20260823-20260905,rodrigodavila_30,topic_7,0.48022409099873903
1614995853609556,candidato,20260823-20260905,wellingtonfagundesmt,topic_4,0.4918427325212965
3646603055490432,candidato,20260823-20260905,lenirdeassis,topic_4,0.4987414771180036
2273552103418725,candidato,20260823-20260905,dr.rafaelfavatto,topic_0,0.4687266072193029
1451747360142285,candidato,20260906-20260912,leoprates,topic_4,0.8765551866278091
1947954265876814,candidato,20260906-20260912,brunapessoama,topic_0,0.9946554921383287
1041878152006064,candidato,20260823-20260905,macaeevaristo,topic_6,0.5561729739768301
1799965247672869,candidato,20260823-20260905,deputadocabomaciel,topic_0,0.6087881341259974
3075967602740089,veiculo_regional,20260823-20260905,topmidianews,topic_1,1.0
1106241695401872,candidato,20260823-20260905,depcoronelchrisostomo,topic_7,0.345740032574943
2263251091118217,candidato,20260815-20260822,janetepieta,topic_4,0.3558211222996282
1104593928655134,veiculo_regional,20260906-20260912,ndmais,topic_1,0.7124286745533489
3000828403581758,candidato,20260823-20260905,manueladavila,topic_4,0.5916556127588066
28242333342084336,candidato,20260823-20260905,oficialarthurlira,topic_1,0.3751272545883057
28588812500804345,candidato,20260815-20260822,marconimsantana,topic_0,0.6819043409753525
1561678292084418,candidato,20260815-20260822,wladimirgarotinho,topic_6,0.32640383346703306
4081346522162709,veiculo_regional,20260815-20260822,opovoonline,topic_1,0.88082915633329
1612126216953173,veiculo_regional,20260823-20260905,ndmais,topic_1,0.6828484963897717
28749673347962210,candidato,20260815-20260822,professorlupercio,topic_0,0.3341696037120719
937422642286012,veiculo_regional,20260906-20260912,maisgoias,topic_1,0.4684218429259629
1624491295986934,candidato,20260906-20260912,alanrickm,topic_0,0.7377113425568476
1963674387674336,candidato,20260823-20260905,moarasaboia,topic_4,0.4079433289267858
1645015260484740,veiculo_nacional,20260823-20260905,poder360,topic_5,0.9071397371629966
937134885582901,veiculo_nacional,20260906-20260912,jovempannews,topic_5,0.5954181118118118
1151810120841734,candidato,20260906-20260912,hanaghassan,topic_4,0.6206874470752931
1822416412265196,candidato,20260815-20260822,brunodauaire,topic_0,0.34101758288600387
1022771917477918,candidato,20260906-20260912,najaracosta_,topic_6,0.351898341807005
1362416585641249,veiculo_regional,20260823-20260905,portalemtempooficial,topic_1,0.9925853298748833
2382687849210226,veiculo_nacional,20260906-20260912,sbtnews,topic_1,0.33139609868156766
2668046833611333,candidato,20260823-20260905,elzuilac,topic_0,0.2812402315277598
1374346978184297,candidato,20260906-20260912,eltoncristo.oficial,topic_2,0.4793647660682064
1106920371869215,candidato,20260815-20260822,manuvieirasc,topic_0,0.5482950533168073
2014175159287040,candidato,20260815-20260822,divinobethaniatocantins,topic_4,0.44441740449741013
1423685249756840,candidato,20260815-20260822,deputadofranciscotenorio,topic_0,0.8549888422173286
1979445129294274,candidato,20260906-20260912,sandesjunior,topic_2,0.7130494099137404
2132140400747816,candidato,20260823-20260905,elmovazoficial,topic_0,0.42772334716184435
4029466090680211,candidato,20260823-20260905,danigaldinocacapava,topic_4,0.551090987366138
977479358708155,candidato,20260906-20260912,cinthia__ribeiro,topic_4,0.8528518315507252
2955123838160018,candidato,20260906-20260912,rogeriaquaresma,topic_4,0.7389642359712185
1124945763383843,candidato,20260906-20260912,jepherson.madureira,topic_4,0.9210325023564322
1770006854035029,candidato,20260815-20260822,andrezzaassisoficiala,topic_4,0.4373862796297433
1620797822973300,candidato,20260815-20260822,jaquemedeirospt,topic_0,0.3350485568718434
28263456969931729,candidato,20260815-20260822,euanapaulamendes,topic_0,0.3825240426537897
1593614378642383,candidato,20260815-20260822,marianacarvalho.ro,topic_4,0.7616756953661914
2090592831549730,candidato,20260906-20260912,claudeciluartoficial,topic_4,0.9543806145495195
3251510111705317,candidato,20260906-20260912,erikojacome,topic_0,0.6341214640283552
932815943236590,candidato,20260823-20260905,souwanderleymoraes,topic_0,0.6291508150847093
1046597061328259,candidato,20260815-20260822,bernarditv,topic_4,0.35780416403264503
1415855343979839,candidato,20260906-20260912,mauriciopeixer,topic_4,0.3723331375410751
1622613356235174,candidato,20260823-20260905,claudia.coutinhooficial,topic_0,0.8652792931863827
929078989787354,candidato,20260815-20260822,moemagramachooficial,topic_4,0.6939006516993943
1311422484270808,veiculo_nacional,20260823-20260905,poder360,topic_7,0.563918957820098
937794299386368,candidato,20260823-20260905,depcoronelchrisostomo,topic_2,0.5684577415292924
1017990621273530,partido,20260823-20260905,cidadania23,topic_3,0.9018939228814326
1475636421044535,veiculo_regional,20260823-20260905,agazetadoacre,topic_1,0.880330688888495
1082722738067326,candidato,20260823-20260905,tequilatleta,topic_4,0.5672776801137254
2206831663194497,candidato,20260906-20260912,valdemirmedeirosoficial,topic_4,0.4961854384962185
2310792195995015,candidato,20260815-20260822,marcosbrazoficial,topic_0,0.836314552773251
28888018170805264,candidato,20260906-20260912,viviane.n.trombini,topic_0,0.5432806468052921
1371760924587591,candidato,20260823-20260905,adolfovianaoficial,topic_0,0.9890932329548223
1374567657599029,candidato,20260815-20260822,adadantasboabaid,topic_3,0.45555551639364616
1574329876958216,candidato,20260815-20260822,cristianodangeloam,topic_0,0.8119384173922208
1272754338309688,candidato,20260823-20260905,euandreleste,topic_4,0.35252478716523117
1103145909072777,candidato,20260823-20260905,_brunopedrosa,topic_3,0.5538217291017229
1470215428270387,veiculo_regional,20260815-20260822,gazetadigital,topic_1,0.9260806701872789
2324467374983403,veiculo_regional,20260823-20260905,portalcorreio,topic_1,0.3969747759104704
1437878864953759,veiculo_regional,20260823-20260905,ndmais,topic_7,0.8755686050908074
1342068824417636,candidato,20260823-20260905,susapeaugusto,topic_4,0.8164250180054998
1553429796068732,veiculo_regional,20260815-20260822,contilnetnoticias,topic_1,1.0
28715221261436644,candidato,20260906-20260912,neucimarfraga,topic_6,0.4093522087041816
982199244917444,candidato,20260823-20260905,juliocesarribeiro,topic_2,0.5754878785959597
1098530186474874,candidato,20260815-20260822,felipebarcellos.sc,topic_7,0.47741513036937516
1752410195971257,candidato,20260823-20260905,edinhosilvapt,topic_2,0.3406467797095364
2443544436173439,candidato,20260906-20260912,neysantos_sp,topic_4,0.7723528143837618
4470300309905051,veiculo_nacional,20260823-20260905,poder360,topic_7,0.4458734873199222
1085307270579346,candidato,20260823-20260905,eltonroberto.weber,topic_4,0.4915671989902074
1441333554564235,candidato,20260906-20260912,advdiegotavares,topic_4,0.40612829578971765
4007846452683878,veiculo_nacional,20260906-20260912,revistaforum,topic_5,0.5286809755826334
1399450911626201,candidato,20260823-20260905,dr.furlan,topic_4,0.4921974250362715
4696816773883110,candidato,20260906-20260912,eduardodafonte,topic_4,0.6488350863570913
1061288293368632,candidato,20260823-20260905,bocalom.oficial,topic_6,0.7521560996706751
1742437533645681,veiculo_nacional,20260906-20260912,folhadespaulo,topic_5,0.7588820668586618
1074865311654915,veiculo_nacional,20260815-20260822,cnnbrasil,topic_5,0.4664376693746454
1143635118333691,candidato,20260906-20260912,ericdouglasrs,topic_0,0.43357414738517264
860970077101944,candidato,20260823-20260905,rafaelribeirooficial,topic_0,0.4499563709403181
26774399218925364,candidato,20260823-20260905,wellingtonbaptistarj,topic_4,0.9888642696924157
1403905735197293,candidato,20260906-20260912,deputado.lincolnportela,topic_6,0.4824677859788952
1820508549107021,candidato,20260823-20260905,eduardogomestocantins,topic_0,0.9986331165448504
1111207647924119,candidato,20260823-20260905,betinhopintocoelho,topic_0,0.43688056940487074
1957749361570643,candidato,20260823-20260905,rafamacris,topic_7,0.5068458703717719
931462833368116,candidato,20260823-20260905,jhcdopovo,topic_6,0.3466650205399972
2096524894293064,candidato,20260815-20260822,paranhosoficialpr,topic_4,0.4667940239143272
1070109082579552,candidato,20260823-20260905,vr_abandonada,topic_4,0.5670354897263036
1751555449423575,candidato,20260815-20260822,alcy.pinheiro,topic_6,0.7302207864536809
1115539230817233,veiculo_regional,20260815-20260822,oliberal,topic_1,0.282495100429221
1071281595517281,candidato,20260823-20260905,depdaniloforte,topic_0,0.870352695767559
965457926607441,veiculo_nacional,20260906-20260912,revistaoeste,topic_5,0.9089263083864944
1613765750542115,candidato,20260823-20260905,miguelcoelhope,topic_6,0.4717451559780494
1143376624686578,candidato,20260906-20260912,jenderlobato,topic_6,0.48271967575813624
1563649084752607,candidato,20260815-20260822,marcelostrama,topic_4,0.5516982493992825
924665676829095,candidato,20260823-20260905,mariareginablumenau,topic_4,0.7453166049455943
1971166923468852,candidato,20260823-20260905,alessandrodejesusofc,topic_4,1.0
1637639871255000,veiculo_nacional,20260823-20260905,cartacapital,topic_1,0.7933104531869359
2241210893397986,candidato,20260823-20260905,azieldiasoficial,topic_2,0.5743549774105161
1088631590427734,veiculo_nacional,20260823-20260905,portalr7,topic_5,0.45975809420616226
