id,creation_time,modified_time,baixado_em_utc,text,hashtags,content_type,lang,conta_id,conta_usuario,post_owner.name,grupo,cargo,uf,nome_urna,sq_candidato,partido,campo_nacional,campo_disputa,lado7,genero,tipo_coleta,arquivo,mcl_url,likes,comments,views,statistics.views_date_last_refreshed,idade_horas,n_downloads,source_file,collection_period,creation_time_utc,modified_time_utc,baixado_em_utc_utc,published_at_local,day_utc,day_local,word_count,char_count,text_hash,download_lag_hours,description,category,source_post_id,article_id,manual_review_status
28725292417082385,2026-08-23T14:30:18+00:00,2026-08-23T14:33:57+00:00,2026-09-17T20:54:00+00:00,"Um homem apontado pela polícia como suspeito de ser o mandante intelectual do assassinato de dois irmãos adolescentes, em Murici, foi preso durante a madrugada deste domingo (23), em um apartamento no bairro Ponta Verde, em Maceió. Contra ele, havia um mandado de prisão em aberto.

A prisão ocorreu após a Delegacia de Homicídios de União dos Palmares solicitar apoio do Batalhão de Operações Policiais Especiais (Bope) nas diligências relacionadas ao caso. Os policiais chegaram até o imóvel onde o investigado estaria após levantamentos realizados durante a investigação.

▶ Clique na bio e leia mais

📸 Reprodução

#Notícias","[""not\u00edcias""]",photos,pt,665593685729753,gazetaweb,Gazetaweb.com,veiculo_regional,VEICULO,AL,Gazetaweb,,,,,,,semanal,sem_b01_20260823-20260905.csv,https://www.facebook.com/transparency-tools/content-library/dataset/1119037145491882/instagram/post/28725292417082385/,587.0,11.0,49891.0,2026-09-14,606.4,1,posts_20260823-20260905.parquet,20260823-20260905,2026-08-23 14:30:18+00:00,2026-08-23 14:33:57+00:00,2026-09-17 20:54:00+00:00,2026-08-23 11:30:18-03:00,2026-08-23,2026-08-23,111,628,edd4537842403786c77e42432af0629a8add72326130235f96cb58411acaa8fe,606.395,"Um homem apontado pela polícia como suspeito de ser o mandante intelectual do assassinato de dois irmãos adolescentes, em Murici, foi preso durante a madrugada deste domingo (23), em um apartamento no bairro Ponta Verde, em Maceió. Contra ele, havia um mandado de prisão em aberto.

A prisão ocorreu após a Delegacia de Homicídios de União dos Palmares solicitar apoio do Batalhão de Operações Policiais Especiais (Bope) nas diligências relacionadas ao caso. Os policiais chegaram até o imóvel onde o investigado estaria após levantamentos realizados durante a investigação.

▶ Clique na bio e leia mais

📸 Reprodução

#Notícias",veiculo_regional,28725292417082385,brpol2026_28725292417082385,pending
1098727049290296,2026-08-20T22:23:31+00:00,2026-08-26T05:33:33+00:00,2026-09-17T00:25:00+00:00,"Além do ato falho quando disse que a juventude brasileira “se forma e quer ir embora do país porque não te emprego”, Lula (PT) cometeu uma gafe ao discursar, nesta quinta-feira (20), no evento do anúncio de instalação de supercomputador no Rio Grande do Norte, no Parque Científico e Tecnológico Augusto Severo (PAX), em Macaíba. Ao exaltar as realizações da governadora Fátima Bezerra (PT), o presidente citou que a petista foi “vereadora”, cargo que ela nunca ocupou.",,videos,pt,297677553085968,blogdobg,BlogdoBG,veiculo_regional,VEICULO,RN,Blog do BG,,,,,,,varredura,varredura_00_20260815-20260822.csv,https://www.facebook.com/transparency-tools/content-library/dataset/1119037145491882/instagram/post/1098727049290296/,3111.0,1738.0,187702.0,2026-09-11,650.0,1,posts_20260815-20260822.parquet,20260815-20260822,2026-08-20 22:23:31+00:00,2026-08-26 05:33:33+00:00,2026-09-17 00:25:00+00:00,2026-08-20 19:23:31-03:00,2026-08-20,2026-08-20,88,469,41246ccb0d2d38a7b5311270c95d7cf79b51592231cb85f3aa942bea0a12665b,650.0247222222222,"Além do ato falho quando disse que a juventude brasileira “se forma e quer ir embora do país porque não te emprego”, Lula (PT) cometeu uma gafe ao discursar, nesta quinta-feira (20), no evento do anúncio de instalação de supercomputador no Rio Grande do Norte, no Parque Científico e Tecnológico Augusto Severo (PAX), em Macaíba. Ao exaltar as realizações da governadora Fátima Bezerra (PT), o presidente citou que a petista foi “vereadora”, cargo que ela nunca ocupou.",veiculo_regional,1098727049290296,brpol2026_1098727049290296,pending
1061622583413726,2026-09-05T23:34:58+00:00,2026-09-05T23:36:09+00:00,2026-09-17T20:54:00+00:00,"O Ceará venceu o Sport por 2 a 1 neste sábado (5), na Arena Castelão, pela 26ª rodada da Série B do Campeonato Brasileiro. Luizão e Melk marcaram os gols do Vozão, enquanto Marlon Douglas descontou para o Leão no último minuto da partida. O resultado mantém o Ceará vivo na luta contra o rebaixamento e aumenta a pressão sobre o técnico Gilmar Dal Pozzo no Sport.

O Leão entrou em campo buscando uma vitória para se aproximar do G-6, mas deixou Fortaleza sem pontuar. O Sport chegou a criar as principais oportunidades do primeiro tempo, porém o Ceará foi mais eficiente na etapa final e abriu vantagem. O time pernambucano ainda reagiu nos instantes finais, mas não conseguiu evitar a derrota.

O Sport volta a campo na quinta-feira (10), quando recebe a Ponte Preta na Ilha do Retiro. A partida está marcada para as 21h30.

O resultado manteve o Sport na oitava colocação, com 38 pontos conquistados. O último clube no G-6 é o CRB, que tem 42 pontos. O Ceará, por sua vez, ocupa a 16ª colocação, com 31 pontos.

Foto: Baggio Rodrigues/Sport #Sport #Ceará #SérieB *card *esportes *vv
*digital","[""cear\u00e1"",""s\u00e9rieb"",""sport""]",photos,pt,1601088007089299,jc_pe,Jornal do Commercio PE,veiculo_regional,VEICULO,PE,Jornal do Commercio,,,,,,,semanal,sem_b01_20260823-20260905.csv,https://www.facebook.com/transparency-tools/content-library/dataset/1119037145491882/instagram/post/1061622583413726/,471.0,65.0,30712.0,2026-09-14,285.3,1,posts_20260823-20260905.parquet,20260823-20260905,2026-09-05 23:34:58+00:00,2026-09-05 23:36:09+00:00,2026-09-17 20:54:00+00:00,2026-09-05 20:34:58-03:00,2026-09-05,2026-09-05,211,1094,db0270d4d8964569c240ad59d6913f8acd19755b364dbfb9f3b54c16a0e477c9,285.3172222222222,"O Ceará venceu o Sport por 2 a 1 neste sábado (5), na Arena Castelão, pela 26ª rodada da Série B do Campeonato Brasileiro. Luizão e Melk marcaram os gols do Vozão, enquanto Marlon Douglas descontou para o Leão no último minuto da partida. O resultado mantém o Ceará vivo na luta contra o rebaixamento e aumenta a pressão sobre o técnico Gilmar Dal Pozzo no Sport.

O Leão entrou em campo buscando uma vitória para se aproximar do G-6, mas deixou Fortaleza sem pontuar. O Sport chegou a criar as principais oportunidades do primeiro tempo, porém o Ceará foi mais eficiente na etapa final e abriu vantagem. O time pernambucano ainda reagiu nos instantes finais, mas não conseguiu evitar a derrota.

O Sport volta a campo na quinta-feira (10), quando recebe a Ponte Preta na Ilha do Retiro. A partida está marcada para as 21h30.

O resultado manteve o Sport na oitava colocação, com 38 pontos conquistados. O último clube no G-6 é o CRB, que tem 42 pontos. O Ceará, por sua vez, ocupa a 16ª colocação, com 31 pontos.

Foto: Baggio Rodrigues/Sport #Sport #Ceará #SérieB *card *esportes *vv
*digital",veiculo_regional,1061622583413726,brpol2026_1061622583413726,pending
1412419620867379,2026-09-11T12:44:10+00:00,2026-09-12T11:14:12+00:00,2026-09-19T12:48:00+00:00,"Um show de drones recriou as Torres Gêmeas e iluminou o céu sobre o porto de Nova York, na noite dessa quinta-feira (10/9), em uma homenagem às vítimas dos ataques terroristas de 11 de setembro de 2001, que destruíram os edifícios do World Trade Center (WTC) e provocaram 2.753 mortes.

Nas imagens, os drones aparecem iluminados e mudam de posição até formar o desenho das duas torres. A homenagem, chamada “2.977 Luzes sobre o Porto de Nova York”, tinha 2.977 luzes, uma para cada pessoa que morreu nos ataques.

O memorial foi desenvolvido em colaboração com sobreviventes, familiares das vítimas e socorristas do 11 de setembro.

No então complexo do World Trade Center (WTC) em Nova York, foram confirmadas 2.753 mortes resultantes diretamente dos ataques de 11 de setembro de 2001 (e de complicações de saúde oficialmente vinculadas ao local).

Nesta sexta-feira (11/9), os atentados de 11 de setembro completam 25 anos. Atualmente, o local onde ficavam as Torres Gêmeas abriga o novo complexo do World Trade Center, que reúne memoriais em homenagem às vítimas e espaços públicos.

➡️ Leia mais no metropoles.com

🤳 Reprodução/Redes Sociais",,videos,pt,1041310223862227,metropoles,Metrópoles,veiculo_nacional,VEICULO,,Metrópoles,,,,,,,semanal,sem_b01_20260906-20260912.csv,https://www.facebook.com/transparency-tools/content-library/dataset/1119037145491882/instagram/post/1412419620867379/,14494.0,357.0,273452.0,2026-09-19,192.1,1,posts_20260906-20260912.parquet,20260906-20260912,2026-09-11 12:44:10+00:00,2026-09-12 11:14:12+00:00,2026-09-19 12:48:00+00:00,2026-09-11 09:44:10-03:00,2026-09-11,2026-09-11,211,1146,915413fda92862611f169b109aacbde41c47bd41bc7ce03e8041fee811dbf8e0,192.0638888888889,"Um show de drones recriou as Torres Gêmeas e iluminou o céu sobre o porto de Nova York, na noite dessa quinta-feira (10/9), em uma homenagem às vítimas dos ataques terroristas de 11 de setembro de 2001, que destruíram os edifícios do World Trade Center (WTC) e provocaram 2.753 mortes.

Nas imagens, os drones aparecem iluminados e mudam de posição até formar o desenho das duas torres. A homenagem, chamada “2.977 Luzes sobre o Porto de Nova York”, tinha 2.977 luzes, uma para cada pessoa que morreu nos ataques.

O memorial foi desenvolvido em colaboração com sobreviventes, familiares das vítimas e socorristas do 11 de setembro.

No então complexo do World Trade Center (WTC) em Nova York, foram confirmadas 2.753 mortes resultantes diretamente dos ataques de 11 de setembro de 2001 (e de complicações de saúde oficialmente vinculadas ao local).

Nesta sexta-feira (11/9), os atentados de 11 de setembro completam 25 anos. Atualmente, o local onde ficavam as Torres Gêmeas abriga o novo complexo do World Trade Center, que reúne memoriais em homenagem às vítimas e espaços públicos.

➡️ Leia mais no metropoles.com

🤳 Reprodução/Redes Sociais",veiculo_nacional,1412419620867379,brpol2026_1412419620867379,pending
26242664535431023,2026-08-28T10:35:51+00:00,2026-08-30T10:35:53+00:00,2026-09-17T20:54:00+00:00,"🌊 RESGATE EMOCIONANTE | Uma criança de 2 anos foi resgatada com vida por soldados do Exército do Nepal em meio aos destroços deixados pelas fortes enchentes que atingiram a região da fronteira entre Nepal e Tibete, nesta quarta-feira (26).

A criança foi encontrada entre os escombros de uma das áreas atingidas pelas inundações repentinas. Militares conseguiram retirá-la do local e levá-la para uma área segura. Imagens mostram equipes carregando crianças e auxiliando moradores durante os resgates.

Mais de 5 mil integrantes do Exército e das forças policiais participam das operações de busca e assistência às vítimas. As equipes continuam trabalhando para localizar outras pessoas e atender as comunidades afetadas.

📲 Saiba mais em meionews.com

Nepal | Enchentes | Resgate | Exército | Tibete | Tragédia

Créditos: Clip Lions | @myhoodbr",,videos,pt,375917111952865,meionorte,MEIO NORTE,veiculo_regional,VEICULO,PI,Meio Norte,,,,,,,semanal,sem_b01_20260823-20260905.csv,https://www.facebook.com/transparency-tools/content-library/dataset/1119037145491882/instagram/post/26242664535431023/,101.0,1.0,9613.0,2026-09-14,490.3,1,posts_20260823-20260905.parquet,20260823-20260905,2026-08-28 10:35:51+00:00,2026-08-30 10:35:53+00:00,2026-09-17 20:54:00+00:00,2026-08-28 07:35:51-03:00,2026-08-28,2026-08-28,141,845,791b1b6dade1257c88345be26c2c25a7c04b2adb317471cfe2db6e75419c14c1,490.3025,"🌊 RESGATE EMOCIONANTE | Uma criança de 2 anos foi resgatada com vida por soldados do Exército do Nepal em meio aos destroços deixados pelas fortes enchentes que atingiram a região da fronteira entre Nepal e Tibete, nesta quarta-feira (26).

A criança foi encontrada entre os escombros de uma das áreas atingidas pelas inundações repentinas. Militares conseguiram retirá-la do local e levá-la para uma área segura. Imagens mostram equipes carregando crianças e auxiliando moradores durante os resgates.

Mais de 5 mil integrantes do Exército e das forças policiais participam das operações de busca e assistência às vítimas. As equipes continuam trabalhando para localizar outras pessoas e atender as comunidades afetadas.

📲 Saiba mais em meionews.com

Nepal | Enchentes | Resgate | Exército | Tibete | Tragédia

Créditos: Clip Lions | @myhoodbr",veiculo_regional,26242664535431023,brpol2026_26242664535431023,pending
1105428042179059,2026-08-15T18:15:42+00:00,2026-08-15T19:34:07+00:00,2026-09-17T00:25:00+00:00,"👑 A influenciadora Mileide Mihaile se pronunciou para desmentir os rumores de que estaria negociando a vaga deixada por Virginia no posto de rainha de bateria da Grande Rio. Em declaração pública, ela agradeceu ao carinho dos fãs pela torcida, mas garantiu que não há nenhuma definição sobre sua participação no Carnaval 2027 até o momento.

✨ Além de esclarecer as especulações, Mileide aproveitou o espaço para fazer um apelo contra a rivalidade feminina e evitar comparações com a antecessora. A influenciadora ressaltou a importância do respeito mútuo, afirmando que todas as mulheres possuem o seu próprio valor e brilho no espetáculo da Sapucaí.
O que você achou do posicionamento de Mileide Mihaile? Deixe sua opinião nos comentários!

📹 Reprodução",,videos,pt,891589105948905,jornaldebrasilia,Jornal de Brasília,veiculo_regional,VEICULO,DF,Jornal de Brasília,,,,,,,varredura,varredura_00_20260815-20260822.csv,https://www.facebook.com/transparency-tools/content-library/dataset/1119037145491882/instagram/post/1105428042179059/,10.0,1.0,1997.0,2026-09-11,774.2,1,posts_20260815-20260822.parquet,20260815-20260822,2026-08-15 18:15:42+00:00,2026-08-15 19:34:07+00:00,2026-09-17 00:25:00+00:00,2026-08-15 15:15:42-03:00,2026-08-15,2026-08-15,134,755,4d2cd261397532b65fcc8752991e68e2ddc4ff7f62b295324051219798e6f190,774.155,"👑 A influenciadora Mileide Mihaile se pronunciou para desmentir os rumores de que estaria negociando a vaga deixada por Virginia no posto de rainha de bateria da Grande Rio. Em declaração pública, ela agradeceu ao carinho dos fãs pela torcida, mas garantiu que não há nenhuma definição sobre sua participação no Carnaval 2027 até o momento.

✨ Além de esclarecer as especulações, Mileide aproveitou o espaço para fazer um apelo contra a rivalidade feminina e evitar comparações com a antecessora. A influenciadora ressaltou a importância do respeito mútuo, afirmando que todas as mulheres possuem o seu próprio valor e brilho no espetáculo da Sapucaí.
O que você achou do posicionamento de Mileide Mihaile? Deixe sua opinião nos comentários!

📹 Reprodução",veiculo_regional,1105428042179059,brpol2026_1105428042179059,pending
2284500432394295,2026-08-24T01:19:18+00:00,2026-08-24T01:21:39+00:00,2026-09-17T20:54:00+00:00,"Siga o @maisgoiaspolitica | O ex-governador Ronaldo Caiado (PSD) disse que o presidente Lula (PT) e o senador Flávio Bolsonaro (PL) deveriam ter os registros cassados por não comparecerem ao primeiro debate dos presidenciáveis, na Band. A declaração ocorreu nesta noite de domingo (23).

“A Band está dando oportunidade para que todos venham debater. É a beleza da democracia. A argumentação é que prevalece. Para ganhar voto fora do jogo, eles deveriam ter o registro cassado, porque isso é um desrespeito com o eleitor brasileiro […] Não mereciam ter o registro mantido”, afirmou o goiano antes do início do confronto.

O ex-governador de Minas Gerais Romeu Zema (Novo) também não participou do debate. O mineiro justificou a falta, conforme sua comunicação, pela ausência de Lula.

Além de Caiado, foram ao evento Renan Santos (Missão) e Augusto Cury (Avante).

Confira a reportagem completa no site www.maisgoias.com.br - link na bio!

Tem uma informação ou vídeo exclusivo? Envie para o Mais Goiás pelo WhatsApp (62) 98205-0641

Por <redacted_mention>/Mais Goiás | Foto: Reprodução/Band",,photos,pt,899420451817870,maisgoias,Mais Goiás,veiculo_regional,VEICULO,GO,Mais Goiás,,,,,,,semanal,sem_b01_20260823-20260905.csv,https://www.facebook.com/transparency-tools/content-library/dataset/1119037145491882/instagram/post/2284500432394295/,5312.0,1166.0,388638.0,2026-09-17,595.6,1,posts_20260823-20260905.parquet,20260823-20260905,2026-08-24 01:19:18+00:00,2026-08-24 01:21:39+00:00,2026-09-17 20:54:00+00:00,2026-08-23 22:19:18-03:00,2026-08-24,2026-08-23,189,1091,4778afafc7985f269bd2ac89272a005a6f0e9f8c3c80c9518b205a8a47eeac9c,595.5783333333334,"Siga o @maisgoiaspolitica | O ex-governador Ronaldo Caiado (PSD) disse que o presidente Lula (PT) e o senador Flávio Bolsonaro (PL) deveriam ter os registros cassados por não comparecerem ao primeiro debate dos presidenciáveis, na Band. A declaração ocorreu nesta noite de domingo (23).

“A Band está dando oportunidade para que todos venham debater. É a beleza da democracia. A argumentação é que prevalece. Para ganhar voto fora do jogo, eles deveriam ter o registro cassado, porque isso é um desrespeito com o eleitor brasileiro […] Não mereciam ter o registro mantido”, afirmou o goiano antes do início do confronto.

O ex-governador de Minas Gerais Romeu Zema (Novo) também não participou do debate. O mineiro justificou a falta, conforme sua comunicação, pela ausência de Lula.

Além de Caiado, foram ao evento Renan Santos (Missão) e Augusto Cury (Avante).

Confira a reportagem completa no site www.maisgoias.com.br - link na bio!

Tem uma informação ou vídeo exclusivo? Envie para o Mais Goiás pelo WhatsApp (62) 98205-0641

Por <redacted_mention>/Mais Goiás | Foto: Reprodução/Band",veiculo_regional,2284500432394295,brpol2026_2284500432394295,pending
1618251982970554,2026-09-10T23:21:05+00:00,2026-09-12T11:21:08+00:00,2026-09-19T12:48:00+00:00,"Uma influenciadora alemã disse que uma funcionária da Lufthansa tentou impedi-la de embarcar num voo da Alemanha para a Áustria porque estava ""pelada demais"" para viajar. 

A história viralizou depois que a ex-jogadora de futebol com mais de meio milhão de seguidores falou sobre o incidente. Que teria acontecido há algumas semanas, num verão europeu marcado por ondas de calor. 

A influencer, de 25 anos, usava um top e um short curto. E disse que a funcionária da companhia aérea a fez sentir como uma ""cidadã de segunda classe"". 

Ela criticou o que considera um padrão duplo: enquanto, na experiência dela, homens podem viajar até mesmo alcoolizados, ela foi repreendida por causa do que vestia. No fim, ela conseguiu embarcar depois de vestir um casaco e fechar o zíper. 

Consultada pela imprensa alemã, a Lufthansa afirmou que, por motivo de proteção de dados, não se manifesta sobre passageiros específicos. Mas que, de modo geral, espera roupas ""compatíveis com o caráter de uma viagem pública"". 
 
Em seus termos e condições, a empresa estabelece que pode negar o transporte por motivos de ordem pública ou para preservar a segurança, a saúde e o bem-estar de outros passageiros. Mas não existem regras específicas sobre quais peças de roupa podem ser usadas. 
 
E você, o que acha disso tudo? 

Fonte: DW BRASIL

##influenciadora","[""influenciadora""]",videos,pt,382655524730442,midianews.oficial,MidiaNews | Notícias de MT,veiculo_regional,VEICULO,MT,MidiaNews,,,,,,,semanal,sem_b01_20260906-20260912.csv,https://www.facebook.com/transparency-tools/content-library/dataset/1119037145491882/instagram/post/1618251982970554/,218.0,42.0,43033.0,2026-09-19,205.4,1,posts_20260906-20260912.parquet,20260906-20260912,2026-09-10 23:21:05+00:00,2026-09-12 11:21:08+00:00,2026-09-19 12:48:00+00:00,2026-09-10 20:21:05-03:00,2026-09-10,2026-09-10,244,1342,5ce1844e8173fe3e397eaf1590b3fc803c21cdf57c242752f0342b2c87105ca4,205.44861111111112,"Uma influenciadora alemã disse que uma funcionária da Lufthansa tentou impedi-la de embarcar num voo da Alemanha para a Áustria porque estava ""pelada demais"" para viajar. 

A história viralizou depois que a ex-jogadora de futebol com mais de meio milhão de seguidores falou sobre o incidente. Que teria acontecido há algumas semanas, num verão europeu marcado por ondas de calor. 

A influencer, de 25 anos, usava um top e um short curto. E disse que a funcionária da companhia aérea a fez sentir como uma ""cidadã de segunda classe"". 

Ela criticou o que considera um padrão duplo: enquanto, na experiência dela, homens podem viajar até mesmo alcoolizados, ela foi repreendida por causa do que vestia. No fim, ela conseguiu embarcar depois de vestir um casaco e fechar o zíper. 

Consultada pela imprensa alemã, a Lufthansa afirmou que, por motivo de proteção de dados, não se manifesta sobre passageiros específicos. Mas que, de modo geral, espera roupas ""compatíveis com o caráter de uma viagem pública"". 
 
Em seus termos e condições, a empresa estabelece que pode negar o transporte por motivos de ordem pública ou para preservar a segurança, a saúde e o bem-estar de outros passageiros. Mas não existem regras específicas sobre quais peças de roupa podem ser usadas. 
 
E você, o que acha disso tudo? 

Fonte: DW BRASIL

##influenciadora",veiculo_regional,1618251982970554,brpol2026_1618251982970554,pending
925877966780493,2026-09-01T18:38:25+00:00,2026-09-01T18:41:06+00:00,2026-09-17T20:54:00+00:00,"O ministro Alexandre de Moraes, do Supremo Tribunal Federal (STF), teria protagonizado uma discussão acalorada com o colega André Mendonça após descobrir que ele havia determinado o aprofundamento de uma investigação que acabou identificando Moraes como interlocutor do banqueiro Daniel Vorcaro.

Segundo a coluna de Andreza Matais, o encontro entre os dois ministros foi marcado por bate-boca e chegou perto de uma agressão física. Moraes teria procurado Mendonça para questioná-lo sobre a investigação.

✅ Siga o @midiamax para ficar sabendo de tudo que acontece na sua região

#midiamax #campograndems #noticias #matogrossodosul #ms","[""midiamax"",""ms"",""noticias"",""matogrossodosul"",""campograndems""]",photos,pt,7788746121192193,midiamax,Jornal Midiamax,veiculo_regional,VEICULO,MS,Midiamax,,,,,,,semanal,sem_b01_20260823-20260905.csv,https://www.facebook.com/transparency-tools/content-library/dataset/1119037145491882/instagram/post/925877966780493/,290.0,43.0,20522.0,2026-09-17,386.3,1,posts_20260823-20260905.parquet,20260823-20260905,2026-09-01 18:38:25+00:00,2026-09-01 18:41:06+00:00,2026-09-17 20:54:00+00:00,2026-09-01 15:38:25-03:00,2026-09-01,2026-09-01,102,635,e93cdec5164a725a202f028e2352b3ac42e79db2d31e51ba078a20c8bd3f3275,386.2597222222222,"O ministro Alexandre de Moraes, do Supremo Tribunal Federal (STF), teria protagonizado uma discussão acalorada com o colega André Mendonça após descobrir que ele havia determinado o aprofundamento de uma investigação que acabou identificando Moraes como interlocutor do banqueiro Daniel Vorcaro.

Segundo a coluna de Andreza Matais, o encontro entre os dois ministros foi marcado por bate-boca e chegou perto de uma agressão física. Moraes teria procurado Mendonça para questioná-lo sobre a investigação.

✅ Siga o @midiamax para ficar sabendo de tudo que acontece na sua região

#midiamax #campograndems #noticias #matogrossodosul #ms",veiculo_regional,925877966780493,brpol2026_925877966780493,pending
2320958268730962,2026-08-29T17:05:01+00:00,2026-08-30T17:05:09+00:00,2026-09-17T20:54:00+00:00,"Um intenso confronto assustou moradores das proximidades dos morros do Cruz e Chácara do Céu, entre a Tijuca e o Andaraí, na Zona Norte do Rio, no fim da manhã deste sábado (29). A região vive sob tensão constante devido à disputa territorial entre facções criminosas rivais.

Nas redes sociais, moradores relataram momentos de pânico com disparos ouvidos desde a madrugada e ao longo do dia. Procurada, a Polícia Militar informou que os tiros foram ouvidos na parte alta do Morro do Borel e que equipes do Comando de Polícia de Proximidade (CPP) reforçaram o policiamento na região. Até o momento, não há registro de prisões ou apreensões.

📹 Reprodução Rede Social / falatijucano

Leia a matéria completa no site: www.odia.com.br

#ODia #Tijuca #Andarai #ZonaNorte #ViolenciaRJ #Policia #RioDeJaneiro #Noticias","[""odia"",""zonanorte"",""policia"",""andarai"",""riodejaneiro"",""tijuca"",""noticias"",""violenciarj""]",videos,pt,1091559978948598,odiaonline,Jornal O Dia,veiculo_regional,VEICULO,RJ,O Dia,,,,,,,semanal,sem_b01_20260823-20260905.csv,https://www.facebook.com/transparency-tools/content-library/dataset/1119037145491882/instagram/post/2320958268730962/,331.0,9.0,17750.0,2026-09-14,459.8,1,posts_20260823-20260905.parquet,20260823-20260905,2026-08-29 17:05:01+00:00,2026-08-30 17:05:09+00:00,2026-09-17 20:54:00+00:00,2026-08-29 14:05:01-03:00,2026-08-29,2026-08-29,145,812,d619095f1ce5a891a1e9794e6525e25108d6a6b532290612aee608a13fc088d7,459.81638888888887,"Um intenso confronto assustou moradores das proximidades dos morros do Cruz e Chácara do Céu, entre a Tijuca e o Andaraí, na Zona Norte do Rio, no fim da manhã deste sábado (29). A região vive sob tensão constante devido à disputa territorial entre facções criminosas rivais.

Nas redes sociais, moradores relataram momentos de pânico com disparos ouvidos desde a madrugada e ao longo do dia. Procurada, a Polícia Militar informou que os tiros foram ouvidos na parte alta do Morro do Borel e que equipes do Comando de Polícia de Proximidade (CPP) reforçaram o policiamento na região. Até o momento, não há registro de prisões ou apreensões.

📹 Reprodução Rede Social / falatijucano

Leia a matéria completa no site: www.odia.com.br

#ODia #Tijuca #Andarai #ZonaNorte #ViolenciaRJ #Policia #RioDeJaneiro #Noticias",veiculo_regional,2320958268730962,brpol2026_2320958268730962,pending
1394438692898244,2026-09-04T19:27:52+00:00,2026-09-06T19:27:54+00:00,2026-09-17T20:54:00+00:00,"🚨 A Polícia Civil deflagrou, nesta sexta-feira (4), a Operação Ariadne, contra suspeitos de envolvimento em uma fraude bancária que causou um prejuízo de mais de R$ 26 mil a um idoso, em Belford Roxo, na Baixada Fluminense.

Segundo as investigações, a vítima recebeu uma ligação com a oferta de um suposto benefício social e, depois, foi visitada por uma mulher que teria se passado por responsável pelo atendimento. Durante a visita, documentos pessoais foram fotografados e os dados teriam sido usados para contratar empréstimos e abrir uma conta bancária sem autorização.

A ação da 54ª DP (Belford Roxo) cumpriu sete mandados de busca e apreensão. A investigação continua com a análise do material recolhido para esclarecer a participação de cada suspeito.

📷 Apresentação e edição: Ingrid Oliveira (@ingridls_oliveira)

Acesse nosso site: www.odia.com.br

#BelfordRoxo #PolíciaCivil #Fraude #BaixadaFluminense #ODia","[""odia"",""pol\u00edciacivil"",""belfordroxo"",""fraude"",""baixadafluminense""]",videos,pt,1091559978948598,odiaonline,Jornal O Dia,veiculo_regional,VEICULO,RJ,O Dia,,,,,,,semanal,sem_b01_20260823-20260905.csv,https://www.facebook.com/transparency-tools/content-library/dataset/1119037145491882/instagram/post/1394438692898244/,9.0,0.0,1460.0,2026-09-14,313.4,1,posts_20260823-20260905.parquet,20260823-20260905,2026-09-04 19:27:52+00:00,2026-09-06 19:27:54+00:00,2026-09-17 20:54:00+00:00,2026-09-04 16:27:52-03:00,2026-09-04,2026-09-04,160,921,ae4105aa51aa6325e98b23b6833d831d5c2612acd044eb476ee0e0704352fd4e,313.43555555555554,"🚨 A Polícia Civil deflagrou, nesta sexta-feira (4), a Operação Ariadne, contra suspeitos de envolvimento em uma fraude bancária que causou um prejuízo de mais de R$ 26 mil a um idoso, em Belford Roxo, na Baixada Fluminense.

Segundo as investigações, a vítima recebeu uma ligação com a oferta de um suposto benefício social e, depois, foi visitada por uma mulher que teria se passado por responsável pelo atendimento. Durante a visita, documentos pessoais foram fotografados e os dados teriam sido usados para contratar empréstimos e abrir uma conta bancária sem autorização.

A ação da 54ª DP (Belford Roxo) cumpriu sete mandados de busca e apreensão. A investigação continua com a análise do material recolhido para esclarecer a participação de cada suspeito.

📷 Apresentação e edição: Ingrid Oliveira (@ingridls_oliveira)

Acesse nosso site: www.odia.com.br

#BelfordRoxo #PolíciaCivil #Fraude #BaixadaFluminense #ODia",veiculo_regional,1394438692898244,brpol2026_1394438692898244,pending
1614974750080852,2026-08-16T14:58:43+00:00,2026-08-16T15:01:17+00:00,2026-09-17T00:25:00+00:00,"Teresina celebra neste domingo (16) seus 174 anos de fundação com uma programação que reúne atos cívicos, agenda cultural gratuita e homenagens com a entrega de medalhas a teresinenses que se destacaram pelos serviços prestados à capital.

As celebrações oficiais tiveram início pela manhã, na sede da Prefeitura. Nas escadarias do prédio, o prefeito Sílvio Mendes, acompanhado de trabalhadores do serviço de limpeza urbana e de autoridades, participou do tradicional ato cívico, com hasteamento das bandeiras e execução dos Hinos Nacional e de Teresina.

📲 Confira a matéria completa através do link nos stories ou acessando www.gp1.com.br

📸: Lucas Dias/Semcom

#PortalGP1 #Notícia #Teresina #celebração","[""not\u00edcia"",""teresina"",""portalgp1"",""celebra\u00e7\u00e3o""]",albums,pt,337044782482501,portalgp1,Portal GP1,veiculo_regional,VEICULO,PI,GP1,,,,,,,varredura,varredura_00_20260815-20260822.csv,https://www.facebook.com/transparency-tools/content-library/dataset/1119037145491882/instagram/post/1614974750080852/,205.0,4.0,11009.0,2026-09-11,753.4,1,posts_20260815-20260822.parquet,20260815-20260822,2026-08-16 14:58:43+00:00,2026-08-16 15:01:17+00:00,2026-09-17 00:25:00+00:00,2026-08-16 11:58:43-03:00,2026-08-16,2026-08-16,121,705,e91621e8e19bf795bf90c9fa5faefa1a74019b1a2bb183f3751e7f9b3b1ec556,753.4380555555556,"Teresina celebra neste domingo (16) seus 174 anos de fundação com uma programação que reúne atos cívicos, agenda cultural gratuita e homenagens com a entrega de medalhas a teresinenses que se destacaram pelos serviços prestados à capital.

As celebrações oficiais tiveram início pela manhã, na sede da Prefeitura. Nas escadarias do prédio, o prefeito Sílvio Mendes, acompanhado de trabalhadores do serviço de limpeza urbana e de autoridades, participou do tradicional ato cívico, com hasteamento das bandeiras e execução dos Hinos Nacional e de Teresina.

📲 Confira a matéria completa através do link nos stories ou acessando www.gp1.com.br

📸: Lucas Dias/Semcom

#PortalGP1 #Notícia #Teresina #celebração",veiculo_regional,1614974750080852,brpol2026_1614974750080852,pending
1407672381499612,2026-08-26T19:29:19+00:00,2026-08-26T20:58:46+00:00,2026-09-17T20:54:00+00:00,"🐶 PORTA-VOZ DA TURMA | Bob parecia conhecer muito bem a rotina e sempre se adiantava quando percebia que a hora da comida estava chegando. O cão seguia à frente do grupo, enquanto Nina e Marrom acompanhavam a movimentação.

Segundo o relato da tutora, os três viviam nas ruas, mas eram castrados e tinham identificação por chip. Bob fazia parte do grupo ao lado de Nina, a mais nova, e Marrom, mãe dela.

Créditos: Dona Cissa (Fb) | @myhoodbr

Bob | Cachorros | Animais | Pets | História | Mistério",,videos,pt,375917111952865,meionorte,MEIO NORTE,veiculo_regional,VEICULO,PI,Meio Norte,,,,,,,semanal,sem_b01_20260823-20260905.csv,https://www.facebook.com/transparency-tools/content-library/dataset/1119037145491882/instagram/post/1407672381499612/,281036.0,5945.0,1685016.0,2026-09-17,529.4,1,posts_20260823-20260905.parquet,20260823-20260905,2026-08-26 19:29:19+00:00,2026-08-26 20:58:46+00:00,2026-09-17 20:54:00+00:00,2026-08-26 16:29:19-03:00,2026-08-26,2026-08-26,90,498,fb67444bb9f26efd2ceffda1ed99ed846d50bbeecf2b3182eb0467eaa12909b6,529.4113888888888,"🐶 PORTA-VOZ DA TURMA | Bob parecia conhecer muito bem a rotina e sempre se adiantava quando percebia que a hora da comida estava chegando. O cão seguia à frente do grupo, enquanto Nina e Marrom acompanhavam a movimentação.

Segundo o relato da tutora, os três viviam nas ruas, mas eram castrados e tinham identificação por chip. Bob fazia parte do grupo ao lado de Nina, a mais nova, e Marrom, mãe dela.

Créditos: Dona Cissa (Fb) | @myhoodbr

Bob | Cachorros | Animais | Pets | História | Mistério",veiculo_regional,1407672381499612,brpol2026_1407672381499612,pending
1009532142115528,2026-08-30T14:01:49+00:00,2026-08-30T14:02:52+00:00,2026-09-17T20:54:00+00:00,"A inteligência artificial deixou de ser uma tecnologia associada apenas aos grandes centros, aos escritórios e às empresas de inovação. No campo, ela começa a ganhar espaço em uma velocidade que já provoca mudanças na maneira como produtores rurais, técnicos, consultores e trabalhadores tomam decisões. Em Goiás, um dos principais polos do agronegócio brasileiro, a tecnologia ainda está em uma fase de descoberta e experimentação, mas já existem propriedades utilizando ferramentas de inteligência artificial para interpretar imagens, organizar informações, monitorar animais, acompanhar máquinas e até auxiliar no planejamento da produção.

O movimento ocorre em diferentes níveis. De um lado, grandes empresas e propriedades incorporam drones, sensores, sistemas de agricultura de precisão, visão computacional e equipamentos capazes de gerar e processar grandes volumes de dados. De outro, pequenos e médios produtores começam a ter contato com a tecnologia por meio de ferramentas muito mais simples, principalmente aplicativos que já fazem parte da rotina, como o WhatsApp, além de sistemas capazes de receber mensagens de voz, fotografias e perguntas em linguagem natural.

🔴 LEIA A MATÉRIA COMPLETA NO SITE. Link na bio

📲 Tem uma informação ou vídeo exclusivo? Envie para o Jornal Opção pelo WhatsApp: (62) 98238-0023.",,albums,pt,377773674730328,jornalopcao,Jornal Opção,veiculo_regional,VEICULO,GO,Jornal Opção,,,,,,,semanal,sem_b01_20260823-20260905.csv,https://www.facebook.com/transparency-tools/content-library/dataset/1119037145491882/instagram/post/1009532142115528/,67.0,1.0,3021.0,2026-09-14,438.9,1,posts_20260823-20260905.parquet,20260823-20260905,2026-08-30 14:01:49+00:00,2026-08-30 14:02:52+00:00,2026-09-17 20:54:00+00:00,2026-08-30 11:01:49-03:00,2026-08-30,2026-08-30,220,1328,ff22f7dd711364cb3ed2bc82e0b1b21fe8f35b4159bd8512f900cd1a3b1d38bb,438.8697222222222,"A inteligência artificial deixou de ser uma tecnologia associada apenas aos grandes centros, aos escritórios e às empresas de inovação. No campo, ela começa a ganhar espaço em uma velocidade que já provoca mudanças na maneira como produtores rurais, técnicos, consultores e trabalhadores tomam decisões. Em Goiás, um dos principais polos do agronegócio brasileiro, a tecnologia ainda está em uma fase de descoberta e experimentação, mas já existem propriedades utilizando ferramentas de inteligência artificial para interpretar imagens, organizar informações, monitorar animais, acompanhar máquinas e até auxiliar no planejamento da produção.

O movimento ocorre em diferentes níveis. De um lado, grandes empresas e propriedades incorporam drones, sensores, sistemas de agricultura de precisão, visão computacional e equipamentos capazes de gerar e processar grandes volumes de dados. De outro, pequenos e médios produtores começam a ter contato com a tecnologia por meio de ferramentas muito mais simples, principalmente aplicativos que já fazem parte da rotina, como o WhatsApp, além de sistemas capazes de receber mensagens de voz, fotografias e perguntas em linguagem natural.

🔴 LEIA A MATÉRIA COMPLETA NO SITE. Link na bio

📲 Tem uma informação ou vídeo exclusivo? Envie para o Jornal Opção pelo WhatsApp: (62) 98238-0023.",veiculo_regional,1009532142115528,brpol2026_1009532142115528,pending
953857156976832,2026-09-03T18:00:06+00:00,2026-09-03T18:02:03+00:00,2026-09-17T20:54:00+00:00,"Um áudio obtido pela jornalista Juliana Dal Piva, do site ICL Notícias, revela uma conversa em que o deputado federal Nikolas Ferreira (PL-MG) pede ajuda ao banqueiro Daniel Vorcaro, ex-controlador do Banco Master, para intermediar a liberação de um “ativo minerário” ligado a seu advogado e ex-assessor parlamentar Thiago Rodrigues de Faria.

Na gravação, enviada em março de 2025, Nikolas chama Vorcaro de “Dani” e “lindão” e afirma que gostaria de ter “mais proximidade” com o banqueiro. O deputado apresenta o pedido como uma ajuda a um “amigo” e encaminha o contato de Thiago Faria para que os dois pudessem conversar sobre o negócio.

📍Leia na #Fórum: link nos stories

#CasoMaster #PolíticaBrasileira #Bolsonarismo #RevistaFórum","[""bolsonarismo"",""f\u00f3rum"",""pol\u00edticabrasileira"",""revistaf\u00f3rum"",""casomaster""]",photos,pt,1470480837066162,revistaforum,Revista Fórum,veiculo_nacional,VEICULO,,Revista Fórum,,,,,,,semanal,sem_b01_20260823-20260905.csv,https://www.facebook.com/transparency-tools/content-library/dataset/1119037145491882/instagram/post/953857156976832/,4053.0,324.0,50426.0,2026-09-17,338.9,1,posts_20260823-20260905.parquet,20260823-20260905,2026-09-03 18:00:06+00:00,2026-09-03 18:02:03+00:00,2026-09-17 20:54:00+00:00,2026-09-03 15:00:06-03:00,2026-09-03,2026-09-03,127,735,4f5b79aec31a7623caaa74b6104ec4dfe041487d6c0be493d4103568119771d0,338.8983333333333,"Um áudio obtido pela jornalista Juliana Dal Piva, do site ICL Notícias, revela uma conversa em que o deputado federal Nikolas Ferreira (PL-MG) pede ajuda ao banqueiro Daniel Vorcaro, ex-controlador do Banco Master, para intermediar a liberação de um “ativo minerário” ligado a seu advogado e ex-assessor parlamentar Thiago Rodrigues de Faria.

Na gravação, enviada em março de 2025, Nikolas chama Vorcaro de “Dani” e “lindão” e afirma que gostaria de ter “mais proximidade” com o banqueiro. O deputado apresenta o pedido como uma ajuda a um “amigo” e encaminha o contato de Thiago Faria para que os dois pudessem conversar sobre o negócio.

📍Leia na #Fórum: link nos stories

#CasoMaster #PolíticaBrasileira #Bolsonarismo #RevistaFórum",veiculo_nacional,953857156976832,brpol2026_953857156976832,pending
28400384129613953,2026-09-05T14:35:28+00:00,2026-09-05T14:38:19+00:00,2026-09-17T20:54:00+00:00,"A defesa de Fábio Luís Lula da Silva, filho mais velho do presidente Lula, afirmou em nota divulgada na noite de sexta-feira, 4, que o relatório de inteligência da Polícia Federal que cita direcionamento na atuação do ministro do Supremo Tribunal Federal (STF) André Mendonça e da própria PF corroboram as suspeitas de irregularidades apontadas anteriormente pela defesa e devem resultar no arquivamento das investigações contra Lulinha.

🔗 Leia a matéria completa em: jovempan.com.br
📺 Confira na JP News
📌 Siga o nosso perfil @jovempannews

#JovemPanNews #Lulinha","[""jovempannews"",""lulinha""]",photos,pt,158462267349776,jovempannews,Jovem Pan NEWS,veiculo_nacional,VEICULO,,Jovem Pan News,,,,,,,semanal,sem_b01_20260823-20260905.csv,https://www.facebook.com/transparency-tools/content-library/dataset/1119037145491882/instagram/post/28400384129613953/,3193.0,2701.0,380983.0,2026-09-17,294.3,1,posts_20260823-20260905.parquet,20260823-20260905,2026-09-05 14:35:28+00:00,2026-09-05 14:38:19+00:00,2026-09-17 20:54:00+00:00,2026-09-05 11:35:28-03:00,2026-09-05,2026-09-05,97,565,ed0875dc11d135a25d40840bc428812cdfa0e56bc6bbc7655d282aed49329bff,294.3088888888889,"A defesa de Fábio Luís Lula da Silva, filho mais velho do presidente Lula, afirmou em nota divulgada na noite de sexta-feira, 4, que o relatório de inteligência da Polícia Federal que cita direcionamento na atuação do ministro do Supremo Tribunal Federal (STF) André Mendonça e da própria PF corroboram as suspeitas de irregularidades apontadas anteriormente pela defesa e devem resultar no arquivamento das investigações contra Lulinha.

🔗 Leia a matéria completa em: jovempan.com.br
📺 Confira na JP News
📌 Siga o nosso perfil @jovempannews

#JovemPanNews #Lulinha",veiculo_nacional,28400384129613953,brpol2026_28400384129613953,pending
2956269114718902,2026-09-04T11:20:49+00:00,2026-09-04T11:20:59+00:00,2026-09-17T20:54:00+00:00,"O ministro Alexandre de Moraes, do Supremo Tribunal Federal (STF), usou o inquérito das fake news para acusar o ministro André Mendonça de improbidade administrativa, abuso de autoridade e crime de responsabilidade. 

📌Relator do caso Banco Master, Mendonça levantou na quarta-feira, 2, o sigilo de um relatório da Polícia Federal que compilou 51 mensagens comprometedoras entre Moraes e o banqueiro Daniel Vorcaro.

📲 Leia a notícia completa no site do Correio do Povo
📸 Valter Campanato/Agência Brasil",,photos,pt,1510635999883423,correiodopovo,Correio do Povo,veiculo_regional,VEICULO,RS,Correio do Povo,,,,,,,semanal,sem_b01_20260823-20260905.csv,https://www.facebook.com/transparency-tools/content-library/dataset/1119037145491882/instagram/post/2956269114718902/,127.0,57.0,13235.0,2026-09-14,321.6,1,posts_20260823-20260905.parquet,20260823-20260905,2026-09-04 11:20:49+00:00,2026-09-04 11:20:59+00:00,2026-09-17 20:54:00+00:00,2026-09-04 08:20:49-03:00,2026-09-04,2026-09-04,84,503,8377f8f31f4e32d3bc798640fecd0bc444cb20074cf0d43b7aea2202ab094622,321.55305555555555,"O ministro Alexandre de Moraes, do Supremo Tribunal Federal (STF), usou o inquérito das fake news para acusar o ministro André Mendonça de improbidade administrativa, abuso de autoridade e crime de responsabilidade. 

📌Relator do caso Banco Master, Mendonça levantou na quarta-feira, 2, o sigilo de um relatório da Polícia Federal que compilou 51 mensagens comprometedoras entre Moraes e o banqueiro Daniel Vorcaro.

📲 Leia a notícia completa no site do Correio do Povo
📸 Valter Campanato/Agência Brasil",veiculo_regional,2956269114718902,brpol2026_2956269114718902,pending
1094879369551356,2026-09-12T02:27:52+00:00,2026-09-14T02:28:00+00:00,2026-09-19T12:48:00+00:00,"ACIDENTE! 😱 Um torcedor do Coritiba sofreu uma queda do segundo anel da arquibancada do Couto Pereira durante o clássico contra o Athletico, disputado na noite desta sexta-feira (11). O acidente grave ocorreu nas dependências do estádio enquanto o dérbi paranaense estava em andamento.

A ocorrência foi confirmada pela Delegacia Móvel de Atendimento a Futebol e Eventos (Demafe). De acordo com as autoridades de segurança, o torcedor foi prontamente socorrido pelas equipes de emergência presentes no local e encaminhado de ambulância para o Hospital do Trabalhador (HT), na capital paranaense.

🔗 Leia matéria completa em bandab.com.br

📹 Redes Sociais

#acidente #coutopereira #queda #atletiba #bandab","[""bandab"",""coutopereira"",""queda"",""acidente"",""atletiba""]",videos,pt,745339544118147,portalbandab,Banda B,veiculo_regional,VEICULO,PR,Banda B,,,,,,,semanal,sem_b01_20260906-20260912.csv,https://www.facebook.com/transparency-tools/content-library/dataset/1119037145491882/instagram/post/1094879369551356/,2084.0,118.0,197140.0,2026-09-19,178.3,1,posts_20260906-20260912.parquet,20260906-20260912,2026-09-12 02:27:52+00:00,2026-09-14 02:28:00+00:00,2026-09-19 12:48:00+00:00,2026-09-11 23:27:52-03:00,2026-09-12,2026-09-11,114,704,dc0dffb5ac49a453a710aec1956320b249a9aa70ad3b361c76d6f4e8e337e6f4,178.33555555555554,"ACIDENTE! 😱 Um torcedor do Coritiba sofreu uma queda do segundo anel da arquibancada do Couto Pereira durante o clássico contra o Athletico, disputado na noite desta sexta-feira (11). O acidente grave ocorreu nas dependências do estádio enquanto o dérbi paranaense estava em andamento.

A ocorrência foi confirmada pela Delegacia Móvel de Atendimento a Futebol e Eventos (Demafe). De acordo com as autoridades de segurança, o torcedor foi prontamente socorrido pelas equipes de emergência presentes no local e encaminhado de ambulância para o Hospital do Trabalhador (HT), na capital paranaense.

🔗 Leia matéria completa em bandab.com.br

📹 Redes Sociais

#acidente #coutopereira #queda #atletiba #bandab",veiculo_regional,1094879369551356,brpol2026_1094879369551356,pending
2585948338482580,2026-09-03T14:48:51+00:00,2026-09-12T03:28:53+00:00,2026-09-17T20:54:00+00:00,"O ator Dave Bautista compartilhou com os seguidores um vídeo em que exibiu os músculos que conquistou para interpretar o super-herói grego Kratos na série live-action do videogame God of War.

O artista revelou que está empenhado nos exercícios físicos para alcançar o físico do personagem. “Terceira semana de volta aos treinos de musculação. Mais dois meses para chegar onde preciso. É como andar de bicicleta!”, escreveu na legenda do vídeo.

➡️ Saiba mais em metrópoles.com
🍿 Siga o @metropolesfun
🤳Reprodução",,videos,pt,1041310223862227,metropoles,Metrópoles,veiculo_nacional,VEICULO,,Metrópoles,,,,,,,semanal,sem_b01_20260823-20260905.csv,https://www.facebook.com/transparency-tools/content-library/dataset/1119037145491882/instagram/post/2585948338482580/,43482.0,936.0,1443153.0,2026-09-17,342.1,1,posts_20260823-20260905.parquet,20260823-20260905,2026-09-03 14:48:51+00:00,2026-09-12 03:28:53+00:00,2026-09-17 20:54:00+00:00,2026-09-03 11:48:51-03:00,2026-09-03,2026-09-03,93,513,1b46bdd78adc683feceb12ac6f68fcc62577bc409f48f4962aec4671c27883bd,342.0858333333333,"O ator Dave Bautista compartilhou com os seguidores um vídeo em que exibiu os músculos que conquistou para interpretar o super-herói grego Kratos na série live-action do videogame God of War.

O artista revelou que está empenhado nos exercícios físicos para alcançar o físico do personagem. “Terceira semana de volta aos treinos de musculação. Mais dois meses para chegar onde preciso. É como andar de bicicleta!”, escreveu na legenda do vídeo.

➡️ Saiba mais em metrópoles.com
🍿 Siga o @metropolesfun
🤳Reprodução",veiculo_nacional,2585948338482580,brpol2026_2585948338482580,pending
2012498279449788,2026-08-21T11:03:00+00:00,2026-08-23T11:03:06+00:00,2026-09-17T00:25:00+00:00,"O vereador por Maceió e candidato a deputado federal Rui Palmeira (PSD) atribuiu ao ex-prefeito JHC (PSDB) responsabilidade política pelo investimento de R$ 117 milhões do Instituto de Previdência dos Servidores Públicos de Maceió (Iprev) em títulos do Banco Master. Em vídeo divulgado nesta quinta-feira (20), Rui apresentou documentos que, segundo ele, revelam como a operação foi conduzida e autorizada.

Entre os arquivos exibidos estão trocas de e-mails iniciadas em 2 de maio de 2024 entre o então presidente do Iprev, Ronnie Mota, a chefe de gabinete dele, Francy Sobreiro, e uma representante do Banco Master. De acordo com Rui, a negociação foi concluída sete dias depois, em 9 de maio.

O vereador afirmou que, no mesmo dia, Ronnie elaborou e assinou uma nota técnica favorável à aplicação. Segundo Rui, o documento declarou que o banco não apresentava risco, mas não teria sido precedido por uma avaliação detalhada nem submetido aos técnicos do instituto ou à consultoria contratada para analisar investimentos.

Um despacho anexado ao processo determinou, ainda, a transferência imediata do valor para uma conta do Iprev mantida no Banco Master. Rui questionou a rapidez da operação e disse que a análise de risco foi cobrada posteriormente pela área de controle do instituto.

➡ Clique na bio e leia mais

📹 Reprodução

#Notícia","[""not\u00edcia""]",videos,pt,665593685729753,gazetaweb,Gazetaweb.com,veiculo_regional,VEICULO,AL,Gazetaweb,,,,,,,varredura,varredura_00_20260815-20260822.csv,https://www.facebook.com/transparency-tools/content-library/dataset/1119037145491882/instagram/post/2012498279449788/,370.0,149.0,14184.0,2026-09-11,637.4,1,posts_20260815-20260822.parquet,20260815-20260822,2026-08-21 11:03:00+00:00,2026-08-23 11:03:06+00:00,2026-09-17 00:25:00+00:00,2026-08-21 08:03:00-03:00,2026-08-21,2026-08-21,236,1342,64b424e2ec49824e7cc35fe6729514a328dcfdb2998e5da88c8e6ee0fbf7d741,637.3666666666667,"O vereador por Maceió e candidato a deputado federal Rui Palmeira (PSD) atribuiu ao ex-prefeito JHC (PSDB) responsabilidade política pelo investimento de R$ 117 milhões do Instituto de Previdência dos Servidores Públicos de Maceió (Iprev) em títulos do Banco Master. Em vídeo divulgado nesta quinta-feira (20), Rui apresentou documentos que, segundo ele, revelam como a operação foi conduzida e autorizada.

Entre os arquivos exibidos estão trocas de e-mails iniciadas em 2 de maio de 2024 entre o então presidente do Iprev, Ronnie Mota, a chefe de gabinete dele, Francy Sobreiro, e uma representante do Banco Master. De acordo com Rui, a negociação foi concluída sete dias depois, em 9 de maio.

O vereador afirmou que, no mesmo dia, Ronnie elaborou e assinou uma nota técnica favorável à aplicação. Segundo Rui, o documento declarou que o banco não apresentava risco, mas não teria sido precedido por uma avaliação detalhada nem submetido aos técnicos do instituto ou à consultoria contratada para analisar investimentos.

Um despacho anexado ao processo determinou, ainda, a transferência imediata do valor para uma conta do Iprev mantida no Banco Master. Rui questionou a rapidez da operação e disse que a análise de risco foi cobrada posteriormente pela área de controle do instituto.

➡ Clique na bio e leia mais

📹 Reprodução

#Notícia",veiculo_regional,2012498279449788,brpol2026_2012498279449788,pending
2309744043172091,2026-09-09T16:35:32+00:00,2026-09-09T16:37:32+00:00,2026-09-19T12:48:00+00:00,"A decisão do ministro Flávio Dino de reintegrar Andrei Rodrigues à direção da PF foi recebida pela Presidência do STF com surpresa e indignação, tendo sido interpretada como um atropelo ao processo de mesmo tema já conduzido pelo presidente Edson Fachin.

➡️ A escalada da crise no STF fez Fachin cancelar a sessão de julgamentos desta quarta(9). Ele anunciou aos colegas que prepara uma decisão diante  da crise institucional. 

➡️ A ideia é construir um armistício até que chegue o momento de levar ao plenário a análise das controvérsias envolvendo os ministros André Mendonça e Alexandre de Moraes. 

📝 Cézar Feitoza/UOL

#UOLHoje #Fachin #Dino #STF #Política","[""uolhoje"",""stf"",""dino"",""fachin"",""pol\u00edtica""]",albums,pt,657625326561891,uolnoticias,UOL Notícias,veiculo_nacional,VEICULO,,UOL,,,,,,,semanal,sem_b01_20260906-20260912.csv,https://www.facebook.com/transparency-tools/content-library/dataset/1119037145491882/instagram/post/2309744043172091/,2284.0,1074.0,158966.0,2026-09-16,236.2,1,posts_20260906-20260912.parquet,20260906-20260912,2026-09-09 16:35:32+00:00,2026-09-09 16:37:32+00:00,2026-09-19 12:48:00+00:00,2026-09-09 13:35:32-03:00,2026-09-09,2026-09-09,117,663,d561c417f229c1daeee7ce95c2c882c45e842768f86ee6be5144e7342a76f0a3,236.20777777777778,"A decisão do ministro Flávio Dino de reintegrar Andrei Rodrigues à direção da PF foi recebida pela Presidência do STF com surpresa e indignação, tendo sido interpretada como um atropelo ao processo de mesmo tema já conduzido pelo presidente Edson Fachin.

➡️ A escalada da crise no STF fez Fachin cancelar a sessão de julgamentos desta quarta(9). Ele anunciou aos colegas que prepara uma decisão diante  da crise institucional. 

➡️ A ideia é construir um armistício até que chegue o momento de levar ao plenário a análise das controvérsias envolvendo os ministros André Mendonça e Alexandre de Moraes. 

📝 Cézar Feitoza/UOL

#UOLHoje #Fachin #Dino #STF #Política",veiculo_nacional,2309744043172091,brpol2026_2309744043172091,pending
1742348203713126,2026-09-09T16:30:47+00:00,2026-09-11T16:10:55+00:00,2026-09-19T12:48:00+00:00,"Uma joalheria de São Manuel, no interior de São Paulo, foi invadida por criminosos que abriram um buraco em uma das paredes para chegar ao espaço onde estavam joias e relógios. O prejuízo é estimado em R$ 100 mil, mas pode ser maior, segundo a gerência.

Segundo a gerência, a joalheria registrou uma queda no fornecimento de energia elétrica no sábado (5). Com isso, o sistema de alarme e monitoramento do estabelecimento ficou desligado durante o fim de semana. 

Os criminosos aproveitaram a ausência do sistema de segurança para entrar na loja. Eles quebraram uma das paredes e conseguiram chegar ao local onde estavam armazenados os produtos. Além das joias e relógios, os criminosos também levaram o equipamento responsável pelo armazenamento das imagens das câmeras de segurança, conhecido como DVR.

A investigação deve buscar imagens de câmeras de segurança próximas ao estabelecimento e outras informações que possam ajudar na identificação dos suspeitos. Até o momento, não há informações sobre prisões relacionadas ao crime.

Siga @ndmais 

Crédito: recordoficial

#NDMais #SãoPaulo #Policia #Furto #Noticia #Joalheiria #Joias","[""joias"",""noticia"",""policia"",""s\u00e3opaulo"",""furto"",""joalheiria"",""ndmais""]",videos,pt,6919448814817550,ndmais,ND Mais,veiculo_regional,VEICULO,SC,ND+,,,,,,,semanal,sem_b01_20260906-20260912.csv,https://www.facebook.com/transparency-tools/content-library/dataset/1119037145491882/instagram/post/1742348203713126/,37.0,0.0,5515.0,2026-09-16,236.3,1,posts_20260906-20260912.parquet,20260906-20260912,2026-09-09 16:30:47+00:00,2026-09-11 16:10:55+00:00,2026-09-19 12:48:00+00:00,2026-09-09 13:30:47-03:00,2026-09-09,2026-09-09,201,1138,770df681ca8e3787b253dbeabf0c7799efd3cbdbdc2a1063c9bd1c54644b710b,236.28694444444446,"Uma joalheria de São Manuel, no interior de São Paulo, foi invadida por criminosos que abriram um buraco em uma das paredes para chegar ao espaço onde estavam joias e relógios. O prejuízo é estimado em R$ 100 mil, mas pode ser maior, segundo a gerência.

Segundo a gerência, a joalheria registrou uma queda no fornecimento de energia elétrica no sábado (5). Com isso, o sistema de alarme e monitoramento do estabelecimento ficou desligado durante o fim de semana. 

Os criminosos aproveitaram a ausência do sistema de segurança para entrar na loja. Eles quebraram uma das paredes e conseguiram chegar ao local onde estavam armazenados os produtos. Além das joias e relógios, os criminosos também levaram o equipamento responsável pelo armazenamento das imagens das câmeras de segurança, conhecido como DVR.

A investigação deve buscar imagens de câmeras de segurança próximas ao estabelecimento e outras informações que possam ajudar na identificação dos suspeitos. Até o momento, não há informações sobre prisões relacionadas ao crime.

Siga @ndmais 

Crédito: recordoficial

#NDMais #SãoPaulo #Policia #Furto #Noticia #Joalheiria #Joias",veiculo_regional,1742348203713126,brpol2026_1742348203713126,pending
4090265161105254,2026-09-10T19:27:17+00:00,2026-09-10T19:29:15+00:00,2026-09-19T12:48:00+00:00,"A produtora Karina Gama, dona da produtora do filme ""Dark Horse"", comprou um carro BYD Song Plus 1.5 híbrido por R$ 102 mil em dinheiro vivo. A informação consta na decisão do ministro do STF (Supremo Tribunal Federal) Flávio Dino. 

📲Leia mais na #Folha: folha.com/colunas

📷theconnectfaith no Instagram
📝Mônica Bergamo

#PraTodosVerem: Mulher de cabelos longos e lisos, usando blusa rosa e brincos prateados, está em ambiente interno com iluminação colorida e plantas ao fundo. Na imagem, há a chamada ""Produtora de 'Dark Horse' comprou carro BYD por R$ 102 mil em dinheiro vivo"".","[""pratodosverem"",""folha""]",photos,pt,350642620672231,folhadespaulo,Folha de S.Paulo,veiculo_nacional,VEICULO,,Folha de S.Paulo,,,,,,,semanal,sem_b01_20260906-20260912.csv,https://www.facebook.com/transparency-tools/content-library/dataset/1119037145491882/instagram/post/4090265161105254/,20669.0,7835.0,435746.0,2026-09-19,209.3,1,posts_20260906-20260912.parquet,20260906-20260912,2026-09-10 19:27:17+00:00,2026-09-10 19:29:15+00:00,2026-09-19 12:48:00+00:00,2026-09-10 16:27:17-03:00,2026-09-10,2026-09-10,102,582,b0796679425a63fa1d620277a82004052daccecf6c2a4f8ddab578efde0c46fd,209.34527777777777,"A produtora Karina Gama, dona da produtora do filme ""Dark Horse"", comprou um carro BYD Song Plus 1.5 híbrido por R$ 102 mil em dinheiro vivo. A informação consta na decisão do ministro do STF (Supremo Tribunal Federal) Flávio Dino. 

📲Leia mais na #Folha: folha.com/colunas

📷theconnectfaith no Instagram
📝Mônica Bergamo

#PraTodosVerem: Mulher de cabelos longos e lisos, usando blusa rosa e brincos prateados, está em ambiente interno com iluminação colorida e plantas ao fundo. Na imagem, há a chamada ""Produtora de 'Dark Horse' comprou carro BYD por R$ 102 mil em dinheiro vivo"".",veiculo_nacional,4090265161105254,brpol2026_4090265161105254,pending
1627605022409535,2026-08-21T00:29:04+00:00,2026-08-21T00:31:06+00:00,2026-09-17T00:25:00+00:00,"O ministro Luis Felipe Salomão assumiu nesta quarta-feira (19) a presidência do Superior Tribunal de Justiça (STJ) em uma solenidade marcada por referências à arte e aos princípios constitucionais. O evento contou com a presença de diversas autoridades, incluindo o governador do Amazonas, Roberto Cidade, que prestigiou a posse da nova gestão.

Leia mais no site do Portal do Holanda ou clique nos stories!

- Reprodução de Imagem

🤳 O Amazonas todo lê!

#Amazonas  #RobertoCidade #PortalDoHolanda #Brasil","[""amazonas"",""portaldoholanda"",""robertocidade"",""brasil""]",photos,pt,260909996701931,portaldoholanda,Portal do Holanda,veiculo_regional,VEICULO,AM,Portal do Holanda,,,,,,,varredura,varredura_00_20260815-20260822.csv,https://www.facebook.com/transparency-tools/content-library/dataset/1119037145491882/instagram/post/1627605022409535/,75.0,18.0,11450.0,2026-09-11,647.9,1,posts_20260815-20260822.parquet,20260815-20260822,2026-08-21 00:29:04+00:00,2026-08-21 00:31:06+00:00,2026-09-17 00:25:00+00:00,2026-08-20 21:29:04-03:00,2026-08-21,2026-08-20,83,506,d3773549c895515bfff39d3cacfc6b8eaf30d8da43ea8673cf8087e4701a2699,647.9322222222222,"O ministro Luis Felipe Salomão assumiu nesta quarta-feira (19) a presidência do Superior Tribunal de Justiça (STJ) em uma solenidade marcada por referências à arte e aos princípios constitucionais. O evento contou com a presença de diversas autoridades, incluindo o governador do Amazonas, Roberto Cidade, que prestigiou a posse da nova gestão.

Leia mais no site do Portal do Holanda ou clique nos stories!

- Reprodução de Imagem

🤳 O Amazonas todo lê!

#Amazonas  #RobertoCidade #PortalDoHolanda #Brasil",veiculo_regional,1627605022409535,brpol2026_1627605022409535,pending
1480053694226127,2026-08-20T13:42:05+00:00,2026-08-20T13:44:36+00:00,2026-09-17T00:25:00+00:00,"A Prefeitura de São Gonçalo do Piauí, na gestão da prefeita Gerlane Cabral, vem promovendo melhorias na infraestrutura esportiva do município com a implantação de iluminação de LED em diferentes espaços destinados à prática esportiva.

De acordo com a Secretaria Municipal de Esportes, receberam nova iluminação o Poliesportivo, o Estádio Municipal, o Campo da Lagoa do Coco, o Campo Society da Praça, a Quadra da Baixinha e a quadra da Escola Valmir Cruz.

📲 Confira a matéria completa através do link nos stories ou acessando www.gp1.com.br

📸: Divulgação/Ascom

#PortalGP1 #Notícia #melhorias #SãoGonçalodoPiauí","[""not\u00edcia"",""portalgp1"",""s\u00e3ogon\u00e7alodopiau\u00ed"",""melhorias""]",photos,pt,337044782482501,portalgp1,Portal GP1,veiculo_regional,VEICULO,PI,GP1,,,,,,,varredura,varredura_00_20260815-20260822.csv,https://www.facebook.com/transparency-tools/content-library/dataset/1119037145491882/instagram/post/1480053694226127/,9.0,1.0,4100.0,2026-09-11,658.7,1,posts_20260815-20260822.parquet,20260815-20260822,2026-08-20 13:42:05+00:00,2026-08-20 13:44:36+00:00,2026-09-17 00:25:00+00:00,2026-08-20 10:42:05-03:00,2026-08-20,2026-08-20,110,614,39698ee7c3e4fc702fd5ec7882a6f690226f57bcb3bf644d4bb020bf88ec0b6f,658.7152777777778,"A Prefeitura de São Gonçalo do Piauí, na gestão da prefeita Gerlane Cabral, vem promovendo melhorias na infraestrutura esportiva do município com a implantação de iluminação de LED em diferentes espaços destinados à prática esportiva.

De acordo com a Secretaria Municipal de Esportes, receberam nova iluminação o Poliesportivo, o Estádio Municipal, o Campo da Lagoa do Coco, o Campo Society da Praça, a Quadra da Baixinha e a quadra da Escola Valmir Cruz.

📲 Confira a matéria completa através do link nos stories ou acessando www.gp1.com.br

📸: Divulgação/Ascom

#PortalGP1 #Notícia #melhorias #SãoGonçalodoPiauí",veiculo_regional,1480053694226127,brpol2026_1480053694226127,pending
2275543663214179,2026-08-19T18:33:28+00:00,2026-08-19T18:50:12+00:00,2026-09-17T00:25:00+00:00,"Felício Ramuth (MDB), vice-governador de São Paulo, foi sócio da Ramuth e Ramuth Ltda quando a empresa enviou dólares de forma ilegal para os Estados Unidos, no contexto do escândalo do Banestado, quando mais de um bilhão de dólares foram transferidos para fora do país sem o pagamento dos impostos devidos.

Quem recebeu o dinheiro em Nova York foi uma conta vinculada a Dario Messer, conhecido como o “doleiro dos doleiros”.

Quer entender melhor? Leia a nova reportagem de Cartas Marcadas no site do Intercept Brasil. Link na bio.",,albums,pt,1182462739795138,theinterceptbrasil,Intercept Brasil,veiculo_nacional,VEICULO,,Intercept Brasil,,,,,,,varredura,varredura_00_20260815-20260822.csv,https://www.facebook.com/transparency-tools/content-library/dataset/1119037145491882/instagram/post/2275543663214179/,11411.0,534.0,161766.0,2026-09-16,677.9,1,posts_20260815-20260822.parquet,20260815-20260822,2026-08-19 18:33:28+00:00,2026-08-19 18:50:12+00:00,2026-09-17 00:25:00+00:00,2026-08-19 15:33:28-03:00,2026-08-19,2026-08-19,98,533,3a8c836030f37f1fb1345fcfcf4c14ca324ab9d2a75ae678d29ff9c174a40e43,677.8588888888889,"Felício Ramuth (MDB), vice-governador de São Paulo, foi sócio da Ramuth e Ramuth Ltda quando a empresa enviou dólares de forma ilegal para os Estados Unidos, no contexto do escândalo do Banestado, quando mais de um bilhão de dólares foram transferidos para fora do país sem o pagamento dos impostos devidos.

Quem recebeu o dinheiro em Nova York foi uma conta vinculada a Dario Messer, conhecido como o “doleiro dos doleiros”.

Quer entender melhor? Leia a nova reportagem de Cartas Marcadas no site do Intercept Brasil. Link na bio.",veiculo_nacional,2275543663214179,brpol2026_2275543663214179,pending
1094771393000504,2026-08-26T14:34:47+00:00,2026-08-28T14:34:56+00:00,2026-09-17T20:54:00+00:00,"Pelo menos 14 bebês morreram em um incêndio na ala neonatal de um hospital público em Islamabad, capital do Paquistão. Segundo autoridades, o fogo começou após a explosão de um aparelho de ar-condicionado. Familiares denunciam falta de segurança e de saídas adequadas. O primeiro-ministro ordenou uma investigação.

#sbtnews #notícias #jornalismo #sbt #sbtjornalismo #paquistão #islamabad #incêndio #hospital #tragédia #bebês #recémnascidos #incêndioemhospital #internacional #mundo","[""inc\u00eandioemhospital"",""mundo"",""not\u00edcias"",""internacional"",""trag\u00e9dia"",""sbt"",""beb\u00eas"",""jornalismo"",""islamabad"",""inc\u00eandio"",""hospital"",""paquist\u00e3o"",""sbtnews"",""sbtjornalismo"",""rec\u00e9mnascidos""]",videos,pt,772312161476665,sbtnews,SBT News,veiculo_nacional,VEICULO,,SBT News,,,,,,,semanal,sem_b01_20260823-20260905.csv,https://www.facebook.com/transparency-tools/content-library/dataset/1119037145491882/instagram/post/1094771393000504/,389.0,30.0,21802.0,2026-09-17,534.3,1,posts_20260823-20260905.parquet,20260823-20260905,2026-08-26 14:34:47+00:00,2026-08-28 14:34:56+00:00,2026-09-17 20:54:00+00:00,2026-08-26 11:34:47-03:00,2026-08-26,2026-08-26,81,482,78ef5d2b032bbb012e3ffa87abbf95c5c0b2bfb100401b0c6d07014b8db4aaa5,534.3202777777777,"Pelo menos 14 bebês morreram em um incêndio na ala neonatal de um hospital público em Islamabad, capital do Paquistão. Segundo autoridades, o fogo começou após a explosão de um aparelho de ar-condicionado. Familiares denunciam falta de segurança e de saídas adequadas. O primeiro-ministro ordenou uma investigação.

#sbtnews #notícias #jornalismo #sbt #sbtjornalismo #paquistão #islamabad #incêndio #hospital #tragédia #bebês #recémnascidos #incêndioemhospital #internacional #mundo",veiculo_nacional,1094771393000504,brpol2026_1094771393000504,pending
1401730728025552,2026-08-22T12:59:37+00:00,2026-08-22T13:01:18+00:00,2026-09-17T00:25:00+00:00,"🐶 CANTOR IGNORA POLÊMICA FAMILIAR
Fábio Jr. manteve o silêncio após Fiuk expor publicamente uma crise na relação entre pai e filho. O cantor publicou fotos ao lado de um cachorro e um gato nas redes sociais e afirmou que vivia um momento de tranquilidade. “Finalzinho de tarde tranquilo por aqui”, escreveu na publicação.

💬 FIUK REVELA DISTANCIAMENTO
Fiuk publicou vídeo no qual relatou o rompimento com o pai e o distanciamento da irmã, Cleo Pires. “Hoje a gente não tem mais uma relação. Dizer isso dói. Mas fingir que estava tudo bem dói muito mais”, afirmou. O ex-BBB também declarou que decidiu preservar sua própria história, sem esconder os conflitos familiares para proteger a imagem de outras pessoas.

📸 CONFLITO GANHA REPERCUSSÃO
O desabafo ocorreu após Fábio Jr. publicar registros da celebração do Dia dos Pais ao lado de Cleo e dos outros três filhos, sem a presença de Fiuk. A ausência chamou a atenção dos internautas. Segundo informações divulgadas pelo colunista Lucas Pasin, o afastamento entre pai e filho se agravou em 2021, quando Fiuk enfrentou dificuldades para custear o tratamento e a internação da mãe, Cristina Karthalian. A entrada do cantor no BBB 21 e conflitos com a madrasta, Fernanda Pascucci, também teriam contribuído para o rompimento. Fiuk e Fábio Jr. não manteriam contato desde 2023.

🖥️ Leia mais no dm.com.br | Link na Bio | 📷 Reprodução / Instagram

#FábioJr #Fiuk #CleoPires #Família #Celebridades","[""fam\u00edlia"",""fiuk"",""celebridades"",""cleopires"",""f\u00e1biojr""]",photos,pt,352905697203890,dm.com.br,Jornal Diário da Manhã,veiculo_regional,VEICULO,GO,Diário da Manhã,,,,,,,varredura,varredura_00_20260815-20260822.csv,https://www.facebook.com/transparency-tools/content-library/dataset/1119037145491882/instagram/post/1401730728025552/,,0.0,2212.0,2026-09-11,611.4,1,posts_20260815-20260822.parquet,20260815-20260822,2026-08-22 12:59:37+00:00,2026-08-22 13:01:18+00:00,2026-09-17 00:25:00+00:00,2026-08-22 09:59:37-03:00,2026-08-22,2026-08-22,265,1442,39eba13be12909697b29610a5aef43f817ab5b5a42918585249ab8b6d35ee430,611.4230555555556,"🐶 CANTOR IGNORA POLÊMICA FAMILIAR
Fábio Jr. manteve o silêncio após Fiuk expor publicamente uma crise na relação entre pai e filho. O cantor publicou fotos ao lado de um cachorro e um gato nas redes sociais e afirmou que vivia um momento de tranquilidade. “Finalzinho de tarde tranquilo por aqui”, escreveu na publicação.

💬 FIUK REVELA DISTANCIAMENTO
Fiuk publicou vídeo no qual relatou o rompimento com o pai e o distanciamento da irmã, Cleo Pires. “Hoje a gente não tem mais uma relação. Dizer isso dói. Mas fingir que estava tudo bem dói muito mais”, afirmou. O ex-BBB também declarou que decidiu preservar sua própria história, sem esconder os conflitos familiares para proteger a imagem de outras pessoas.

📸 CONFLITO GANHA REPERCUSSÃO
O desabafo ocorreu após Fábio Jr. publicar registros da celebração do Dia dos Pais ao lado de Cleo e dos outros três filhos, sem a presença de Fiuk. A ausência chamou a atenção dos internautas. Segundo informações divulgadas pelo colunista Lucas Pasin, o afastamento entre pai e filho se agravou em 2021, quando Fiuk enfrentou dificuldades para custear o tratamento e a internação da mãe, Cristina Karthalian. A entrada do cantor no BBB 21 e conflitos com a madrasta, Fernanda Pascucci, também teriam contribuído para o rompimento. Fiuk e Fábio Jr. não manteriam contato desde 2023.

🖥️ Leia mais no dm.com.br | Link na Bio | 📷 Reprodução / Instagram

#FábioJr #Fiuk #CleoPires #Família #Celebridades",veiculo_regional,1401730728025552,brpol2026_1401730728025552,pending
1753742205911157,2026-09-09T17:17:14+00:00,2026-09-09T17:20:28+00:00,2026-09-19T12:48:00+00:00,"O governo publicou nesta quarta-feira (9), no Diário Oficial da União, uma MP (Medida Provisória) que destina R$ 6,6 bilhões para subvenções à produção e importação de combustíveis. A iniciativa ocorre em meio à alta de preços no mercado internacional, afetado por conflitos, enquanto busca amenizar impactos no Brasil antes da eleição.⁣
⁣
De acordo com o texto da MP, a maior parte dos recursos — R$5,6 bilhões — será destinada à subvenção da produção e importação de óleo diesel de uso rodoviário, cuja cotação atingiu patamar recorde nos Estados Unidos na semana passada.⁣
⁣
O subsídio, implantado após a guerra dos EUA e Israel contra o Irã, tem amenizado impactos da alta dos preços internacionais decorrente do conflito, uma vez que o Brasil importa cerca de 20% de seu consumo interno de diesel.⁣
⁣
A Petrobras e outras empresas do setor aderiram anteriormente ao programa bilionário de subsídios, que venceria nesta quarta-feira.⁣
⁣
➡️ Leia mais em R7.com. O link está na bio.⁣⁣
#PortalR7 #R7 #JR24H #JornalDaRecord⁣⁣
⁣⁣
(📸: Marcelo Camargo/Agência Brasil - Arquivo)⁣","[""jr24h"",""r7"",""jornaldarecord"",""portalr7""]",photos,pt,852012249993773,portalr7,Portal R7,veiculo_nacional,VEICULO,,R7,,,,,,,semanal,sem_b01_20260906-20260912.csv,https://www.facebook.com/transparency-tools/content-library/dataset/1119037145491882/instagram/post/1753742205911157/,157.0,6.0,38291.0,2026-09-19,235.5,1,posts_20260906-20260912.parquet,20260906-20260912,2026-09-09 17:17:14+00:00,2026-09-09 17:20:28+00:00,2026-09-19 12:48:00+00:00,2026-09-09 14:17:14-03:00,2026-09-09,2026-09-09,191,1075,9023c4e395514df1198754f367d6c16350a83d22c14bb281a755985882962c0e,235.51277777777779,"O governo publicou nesta quarta-feira (9), no Diário Oficial da União, uma MP (Medida Provisória) que destina R$ 6,6 bilhões para subvenções à produção e importação de combustíveis. A iniciativa ocorre em meio à alta de preços no mercado internacional, afetado por conflitos, enquanto busca amenizar impactos no Brasil antes da eleição.⁣
⁣
De acordo com o texto da MP, a maior parte dos recursos — R$5,6 bilhões — será destinada à subvenção da produção e importação de óleo diesel de uso rodoviário, cuja cotação atingiu patamar recorde nos Estados Unidos na semana passada.⁣
⁣
O subsídio, implantado após a guerra dos EUA e Israel contra o Irã, tem amenizado impactos da alta dos preços internacionais decorrente do conflito, uma vez que o Brasil importa cerca de 20% de seu consumo interno de diesel.⁣
⁣
A Petrobras e outras empresas do setor aderiram anteriormente ao programa bilionário de subsídios, que venceria nesta quarta-feira.⁣
⁣
➡️ Leia mais em R7.com. O link está na bio.⁣⁣
#PortalR7 #R7 #JR24H #JornalDaRecord⁣⁣
⁣⁣
(📸: Marcelo Camargo/Agência Brasil - Arquivo)⁣",veiculo_nacional,1753742205911157,brpol2026_1753742205911157,pending
3380081135509383,2026-09-10T18:35:26+00:00,2026-09-10T18:37:11+00:00,2026-09-19T12:48:00+00:00,"BOLSHOI BRASIL
O jovem Eduardo Silva, de 14 anos e morador da Terra Firme, em Belém, chegou à final do processo seletivo do Bolshoi Brasil. Ele disputa uma vaga para a formação profissional em dança, e o resultado da seleção será divulgado em 18 de outubro, após a etapa decisiva em Joinville (SC).

Eduardo Silva se destacou no processo seletivo e é o único candidato de sua faixa etária a chegar à final do Bolshoi Brasil. Essa conquista representa uma importante oportunidade na trajetória do jovem bailarino.

Saiba mais no link disponível nos stories.

✍🏻 O Liberal
📸 Bruno Fadul",,photos,pt,1356615754966527,oliberal,oliberal.com,veiculo_regional,VEICULO,PA,O Liberal,,,,,,,semanal,sem_b01_20260906-20260912.csv,https://www.facebook.com/transparency-tools/content-library/dataset/1119037145491882/instagram/post/3380081135509383/,6902.0,251.0,103143.0,2026-09-19,210.2,1,posts_20260906-20260912.parquet,20260906-20260912,2026-09-10 18:35:26+00:00,2026-09-10 18:37:11+00:00,2026-09-19 12:48:00+00:00,2026-09-10 15:35:26-03:00,2026-09-10,2026-09-10,103,584,2b1a45a740a7f4cdcf10dba499184b9af25783aa6fc655a6c103b30f59f01ad7,210.20944444444444,"BOLSHOI BRASIL
O jovem Eduardo Silva, de 14 anos e morador da Terra Firme, em Belém, chegou à final do processo seletivo do Bolshoi Brasil. Ele disputa uma vaga para a formação profissional em dança, e o resultado da seleção será divulgado em 18 de outubro, após a etapa decisiva em Joinville (SC).

Eduardo Silva se destacou no processo seletivo e é o único candidato de sua faixa etária a chegar à final do Bolshoi Brasil. Essa conquista representa uma importante oportunidade na trajetória do jovem bailarino.

Saiba mais no link disponível nos stories.

✍🏻 O Liberal
📸 Bruno Fadul",veiculo_regional,3380081135509383,brpol2026_3380081135509383,pending
1799874994703476,2026-09-08T16:00:21+00:00,2026-09-08T16:03:00+00:00,2026-09-19T12:48:00+00:00,"📲Clique no link da bio e leia a matéria completa

Após o #feriado da Independência do Brasil, celebrado na segunda-feira (7), os brasileiros já podem começar a planejar as próximas folgas. O próximo feriado nacional será em 12 de outubro, uma segunda-feira, quando são comemorados o Dia de Nossa Senhora Aparecida, padroeira do Brasil, e o Dia das Crianças.

A data deve garantir um fim de semana prolongado de três dias para trabalhadores que não têm expediente aos sábados e domingos.

Até o fim de 2026, o calendário ainda terá cinco feriados nacionais. Com exceção do Dia da Proclamação da República, celebrado em 15 de novembro, um domingo, as demais -
datas caem próximas ou junto ao fim de semana e podem possibilitar períodos maiores de descanso.

Depois de outubro, o feriado de Finados, em 2 de novembro, também cairá em uma segunda-feira. Já o Dia da Consciência Negra, celebrado em 20 de novembro, será em uma sexta-feira, formando mais um possível feriadão de três dias.

O Natal, em 25 de dezembro, também será celebrado em uma sexta-feira.

📲 Leia a matéria completa no LINK DA BIO @correio24horas, no site correio24horas.com.br e no aplicativo #Correio24Horas
📷: Shutterstock
#correio24h","[""feriado"",""correio24horas"",""correio24h""]",albums,pt,730003405330086,correio24horas,JORNAL CORREIO | BAHIA,veiculo_regional,VEICULO,BA,Correio,,,,,,,semanal,sem_b01_20260906-20260912.csv,https://www.facebook.com/transparency-tools/content-library/dataset/1119037145491882/instagram/post/1799874994703476/,187.0,2.0,30576.0,2026-09-19,260.8,1,posts_20260906-20260912.parquet,20260906-20260912,2026-09-08 16:00:21+00:00,2026-09-08 16:03:00+00:00,2026-09-19 12:48:00+00:00,2026-09-08 13:00:21-03:00,2026-09-08,2026-09-08,227,1203,2a7af4f608f3726c6afac29822d1ee9dcdfdc3ebd0691cd7105ce11a41df211a,260.7941666666667,"📲Clique no link da bio e leia a matéria completa

Após o #feriado da Independência do Brasil, celebrado na segunda-feira (7), os brasileiros já podem começar a planejar as próximas folgas. O próximo feriado nacional será em 12 de outubro, uma segunda-feira, quando são comemorados o Dia de Nossa Senhora Aparecida, padroeira do Brasil, e o Dia das Crianças.

A data deve garantir um fim de semana prolongado de três dias para trabalhadores que não têm expediente aos sábados e domingos.

Até o fim de 2026, o calendário ainda terá cinco feriados nacionais. Com exceção do Dia da Proclamação da República, celebrado em 15 de novembro, um domingo, as demais -
datas caem próximas ou junto ao fim de semana e podem possibilitar períodos maiores de descanso.

Depois de outubro, o feriado de Finados, em 2 de novembro, também cairá em uma segunda-feira. Já o Dia da Consciência Negra, celebrado em 20 de novembro, será em uma sexta-feira, formando mais um possível feriadão de três dias.

O Natal, em 25 de dezembro, também será celebrado em uma sexta-feira.

📲 Leia a matéria completa no LINK DA BIO @correio24horas, no site correio24horas.com.br e no aplicativo #Correio24Horas
📷: Shutterstock
#correio24h",veiculo_regional,1799874994703476,brpol2026_1799874994703476,pending
1094954346401239,2026-08-18T13:32:04+00:00,2026-08-20T13:32:11+00:00,2026-09-17T00:25:00+00:00,"O presidente do Senado Federal, Davi Alcolumbre, afirmou em entrevista coletiva que a confirmação de petróleo na Margem Equatorial é um exemplo do êxito da boa articulação política. O pronunciamento aconteceu na tarde desta segunda-feira,  17, após uma visita técnica ao navio-sonda da Petrobras, três dias depois de a estatal identificar hidrocarbonetos na região.

Alcolumbre se declarou- realizado, destacando seu orgulho como amapaense que por anos sonhou com o potencial petrolífero do estado. Ao relembrar os esforços políticos que antecederam a conquista, o senador enalteceu o trabalho conjunto com o governador Clécio Luís, o senador Randolfe Rodrigues e o presidente Luiz Inácio Lula da Silva.

“Muito obrigado por essa defesa nesses três anos e meio. Isso tem que ser o orgulho de todos os brasileiros. Esse reconhecimento é fazer justiça”, discursou o presidente do Senado.

Davi também ponderou que o Brasil enfrenta contestações internas de setores que desconsideram a importância da soberania nacional, bem como pressões externas de nações que tentam interferir nos rumos do país.

“Deixem que nós, brasileiros, lutemos pela defesa do nosso Brasil e decidamos o que queremos. Hoje mostramos que sabemos onde queremos chegar e o que o petróleo pode trazer para o povo”, declarou.

Ao mencionar a destinação dos recursos gerados pela exploração, Alcolumbre afirmou que os royalties obtidos serão revertidos para o Fundo Social, com direcionamento obrigatório para as áreas de saúde e educação.

“Em nome do povo, em nome desse pedaço de terra no extremo norte do Brasil: viva o petróleo, viva a Petrobras e viva o futuro do Brasil”, encerrou Alcolumbre.",,videos,pt,808368864477135,diariodoamapa,Diário do Amapá,veiculo_regional,VEICULO,AP,Diário do Amapá,,,,,,,varredura,varredura_00_20260815-20260822.csv,https://www.facebook.com/transparency-tools/content-library/dataset/1119037145491882/instagram/post/1094954346401239/,20.0,14.0,1816.0,2026-09-11,706.9,1,posts_20260815-20260822.parquet,20260815-20260822,2026-08-18 13:32:04+00:00,2026-08-20 13:32:11+00:00,2026-09-17 00:25:00+00:00,2026-08-18 10:32:04-03:00,2026-08-18,2026-08-18,291,1666,4eee81871f6c59064238364995fae202c880cf444c6c41b936ed7c7163a12f47,706.8822222222223,"O presidente do Senado Federal, Davi Alcolumbre, afirmou em entrevista coletiva que a confirmação de petróleo na Margem Equatorial é um exemplo do êxito da boa articulação política. O pronunciamento aconteceu na tarde desta segunda-feira,  17, após uma visita técnica ao navio-sonda da Petrobras, três dias depois de a estatal identificar hidrocarbonetos na região.

Alcolumbre se declarou- realizado, destacando seu orgulho como amapaense que por anos sonhou com o potencial petrolífero do estado. Ao relembrar os esforços políticos que antecederam a conquista, o senador enalteceu o trabalho conjunto com o governador Clécio Luís, o senador Randolfe Rodrigues e o presidente Luiz Inácio Lula da Silva.

“Muito obrigado por essa defesa nesses três anos e meio. Isso tem que ser o orgulho de todos os brasileiros. Esse reconhecimento é fazer justiça”, discursou o presidente do Senado.

Davi também ponderou que o Brasil enfrenta contestações internas de setores que desconsideram a importância da soberania nacional, bem como pressões externas de nações que tentam interferir nos rumos do país.

“Deixem que nós, brasileiros, lutemos pela defesa do nosso Brasil e decidamos o que queremos. Hoje mostramos que sabemos onde queremos chegar e o que o petróleo pode trazer para o povo”, declarou.

Ao mencionar a destinação dos recursos gerados pela exploração, Alcolumbre afirmou que os royalties obtidos serão revertidos para o Fundo Social, com direcionamento obrigatório para as áreas de saúde e educação.

“Em nome do povo, em nome desse pedaço de terra no extremo norte do Brasil: viva o petróleo, viva a Petrobras e viva o futuro do Brasil”, encerrou Alcolumbre.",veiculo_regional,1094954346401239,brpol2026_1094954346401239,pending
1773895640475059,2026-09-12T11:00:45+00:00,2026-09-12T11:02:03+00:00,2026-09-19T12:48:00+00:00,"Dois catadores de sucata, Roberto dos Santos Alves e Wagner Mota Pereira, invadiram um prédio abandonado do antigo Instituto Goiano de Radioterapia, no centro de Goiânia, em 13 de setembro de 1987. Ali encontraram um aparelho desativado. Sem saber o que era, desmontaram o equipamento e retiraram uma cápsula que continha a fonte radioativa: cerca de 19 gramas de cloreto de césio-137.

Eles venderam a peça a um ferro-velho e, a partir de então, o desastre começou. O dono do local, Devair Alves Ferreira, percebeu que o material emitia um brilho azul luminescente no escuro e ficou fascinado. Sem imaginar o perigo, ele passou a mostrar o pó reluzente a parentes e vizinhos como curiosidade. Encantadas pela luz, pessoas passaram os dedos no pó, esfregaram no corpo, e até um pedaço foi levado para casa por uma criança.

[...]

A partir daí, foi deflagrado um plano de emergência de grandes proporções, batizado de “Operação Césio-137”. Dele participaram a própria CNEN, Furnas Centrais Elétricas S/A, as Empresas Nucleares Brasileiras S/A (Nuclebrás), a Defesa Civil, a ala de emergência nuclear do Hospital Naval Marcílio Dias, a Secretaria Estadual de Saúde de Goiás e o Hospital Geral de Goiânia, além de diversas outras instituições locais, nacionais e internacionais que se somaram ao esforço de conter a contaminação e tratar os atingidos.

Mas o alerta chegou tarde demais para muitos. O saldo foi devastador: quatro pessoas morreram em decorrência da exposição direta, entre elas Leide das Neves Ferreira, de 6 anos, sobrinha do dono do ferro-velho, que ficou coberta de pó reluzente e o ingeriu acidentalmente. Ao todo, mais de 112 mil pessoas foram monitoradas, e 249 apresentaram contaminação significativa. 

ASSINE A OESTE e leia a coluna completa de Daniela Giorno (link nos stories).",,photos,pt,1970523579995378,revistaoeste,Revista Oeste,veiculo_nacional,VEICULO,,Revista Oeste,,,,,,,semanal,sem_b01_20260906-20260912.csv,https://www.facebook.com/transparency-tools/content-library/dataset/1119037145491882/instagram/post/1773895640475059/,990.0,21.0,101137.0,2026-09-19,169.8,1,posts_20260906-20260912.parquet,20260906-20260912,2026-09-12 11:00:45+00:00,2026-09-12 11:02:03+00:00,2026-09-19 12:48:00+00:00,2026-09-12 08:00:45-03:00,2026-09-12,2026-09-12,323,1802,75e545f83f5e9e3c3e4083f93833ebc626684cd3a47bdf66b6b0d42a38bbc63d,169.7875,"Dois catadores de sucata, Roberto dos Santos Alves e Wagner Mota Pereira, invadiram um prédio abandonado do antigo Instituto Goiano de Radioterapia, no centro de Goiânia, em 13 de setembro de 1987. Ali encontraram um aparelho desativado. Sem saber o que era, desmontaram o equipamento e retiraram uma cápsula que continha a fonte radioativa: cerca de 19 gramas de cloreto de césio-137.

Eles venderam a peça a um ferro-velho e, a partir de então, o desastre começou. O dono do local, Devair Alves Ferreira, percebeu que o material emitia um brilho azul luminescente no escuro e ficou fascinado. Sem imaginar o perigo, ele passou a mostrar o pó reluzente a parentes e vizinhos como curiosidade. Encantadas pela luz, pessoas passaram os dedos no pó, esfregaram no corpo, e até um pedaço foi levado para casa por uma criança.

[...]

A partir daí, foi deflagrado um plano de emergência de grandes proporções, batizado de “Operação Césio-137”. Dele participaram a própria CNEN, Furnas Centrais Elétricas S/A, as Empresas Nucleares Brasileiras S/A (Nuclebrás), a Defesa Civil, a ala de emergência nuclear do Hospital Naval Marcílio Dias, a Secretaria Estadual de Saúde de Goiás e o Hospital Geral de Goiânia, além de diversas outras instituições locais, nacionais e internacionais que se somaram ao esforço de conter a contaminação e tratar os atingidos.

Mas o alerta chegou tarde demais para muitos. O saldo foi devastador: quatro pessoas morreram em decorrência da exposição direta, entre elas Leide das Neves Ferreira, de 6 anos, sobrinha do dono do ferro-velho, que ficou coberta de pó reluzente e o ingeriu acidentalmente. Ao todo, mais de 112 mil pessoas foram monitoradas, e 249 apresentaram contaminação significativa. 

ASSINE A OESTE e leia a coluna completa de Daniela Giorno (link nos stories).",veiculo_nacional,1773895640475059,brpol2026_1773895640475059,pending
1098026716085135,2026-08-19T14:58:09+00:00,2026-08-19T15:00:27+00:00,2026-09-17T00:25:00+00:00,"Fábio Luís Lula da Silva, o Lulinha, filho do presidente Lula, e a lobista Roberta Luchsinger utilizavam uma mansão no Lago Sul, área nobre de Brasília, para encontros durante passagens pela capital federal. Entre os frequentadores estava Marco Aurélio Santana Ribeiro, o Marcola, ex-chefe de gabinete de Lula.

A informação foi publicada pelo jornal O Globo, com base no relato de três pessoas que trabalharam no imóvel. Uma delas, a ex-empregada doméstica Zildeni Souza, descreveu uma rotina de reuniões na residência entre 2024 e 2025.

Lulinha e Roberta aparecem em investigações da Polícia Federal que apuram suspeitas de tráfico de influência.

Procurada, a defesa de Lulinha afirmou que ele não morava na mansão e negou qualquer irregularidade.

Foto: O Globo",,photos,pt,297677553085968,blogdobg,BlogdoBG,veiculo_regional,VEICULO,RN,Blog do BG,,,,,,,varredura,varredura_00_20260815-20260822.csv,https://www.facebook.com/transparency-tools/content-library/dataset/1119037145491882/instagram/post/1098026716085135/,667.0,83.0,35584.0,2026-09-11,681.4,1,posts_20260815-20260822.parquet,20260815-20260822,2026-08-19 14:58:09+00:00,2026-08-19 15:00:27+00:00,2026-09-17 00:25:00+00:00,2026-08-19 11:58:09-03:00,2026-08-19,2026-08-19,139,766,2f2e0809aa05c636eabb638ca3ae2964c2c3a92eeaf07480b00a7603212942c9,681.4475,"Fábio Luís Lula da Silva, o Lulinha, filho do presidente Lula, e a lobista Roberta Luchsinger utilizavam uma mansão no Lago Sul, área nobre de Brasília, para encontros durante passagens pela capital federal. Entre os frequentadores estava Marco Aurélio Santana Ribeiro, o Marcola, ex-chefe de gabinete de Lula.

A informação foi publicada pelo jornal O Globo, com base no relato de três pessoas que trabalharam no imóvel. Uma delas, a ex-empregada doméstica Zildeni Souza, descreveu uma rotina de reuniões na residência entre 2024 e 2025.

Lulinha e Roberta aparecem em investigações da Polícia Federal que apuram suspeitas de tráfico de influência.

Procurada, a defesa de Lulinha afirmou que ele não morava na mansão e negou qualquer irregularidade.

Foto: O Globo",veiculo_regional,1098026716085135,brpol2026_1098026716085135,pending
907988742138221,2026-09-09T15:49:09+00:00,2026-09-10T15:49:12+00:00,2026-09-19T12:48:00+00:00,"Os irmãos Ágatha Isabelly, de 6 anos, e Allan Michael, de 4, desaparecidos há oito meses em Bacabal, no Maranhão, podem passar a ser procurados também com apoio de ferramentas de cooperação internacional. A Interpol colocou os recursos à disposição da família, segundo a advogada Nathaly Moraes, que representa Clarice Cardoso, mãe das crianças. A medida poderá ser utilizada caso surjam informações que indiquem que os irmãos estejam fora do Brasil.

A mãe das crianças, Clarice Cardoso deve se reunir nesta quarta-feira (9) com representantes do Núcleo de Cooperação Internacional da Polícia Federal, em São Luís. O encontro deve esclarecer como os mecanismos oferecidos pela organização internacional poderão ser aplicados ao caso e quais medidas poderão ser adotadas durante as buscas.
A advogada Nathaly Moraes afirmou que o contato com o Núcleo de Cooperação Internacional ocorreu agora, oito meses após o desaparecimento. Segundo ela, a possibilidade de utilizar mecanismos da Interpol amplia os recursos disponíveis para localizar os irmãos.

“Hoje nós recebemos o apoio, recebemos o e-mail e o apoio do Núcleo de Cooperação Internacional, colocando as ferramentas da Interpol para nos ajudar. Até então, durante todo esse período, nós não tínhamos esse apoio”, declarou Nathaly Moraes.

A representante da família também explicou que os mecanismos podem ser utilizados em buscas fora do país e em uma eventual repatriação, caso as crianças sejam localizadas no exterior. Segundo a advogada, a reunião com a Polícia Federal deverá definir como essas ferramentas serão utilizadas no caso.

ACESSE PORTALODIA.COM PARA MAIS INFORMAÇÕES",,videos,pt,353023727323235,sistemaodia,Sistema O Dia de Comunicação,veiculo_regional,VEICULO,PI,O Dia (PI),,,,,,,semanal,sem_b01_20260906-20260912.csv,https://www.facebook.com/transparency-tools/content-library/dataset/1119037145491882/instagram/post/907988742138221/,382.0,5.0,19379.0,2026-09-19,237.0,1,posts_20260906-20260912.parquet,20260906-20260912,2026-09-09 15:49:09+00:00,2026-09-10 15:49:12+00:00,2026-09-19 12:48:00+00:00,2026-09-09 12:49:09-03:00,2026-09-09,2026-09-09,293,1640,044a0ca61398fed0e2b3da4d30901f3bc40fe21672e740f853bd17925c2c951c,236.98083333333332,"Os irmãos Ágatha Isabelly, de 6 anos, e Allan Michael, de 4, desaparecidos há oito meses em Bacabal, no Maranhão, podem passar a ser procurados também com apoio de ferramentas de cooperação internacional. A Interpol colocou os recursos à disposição da família, segundo a advogada Nathaly Moraes, que representa Clarice Cardoso, mãe das crianças. A medida poderá ser utilizada caso surjam informações que indiquem que os irmãos estejam fora do Brasil.

A mãe das crianças, Clarice Cardoso deve se reunir nesta quarta-feira (9) com representantes do Núcleo de Cooperação Internacional da Polícia Federal, em São Luís. O encontro deve esclarecer como os mecanismos oferecidos pela organização internacional poderão ser aplicados ao caso e quais medidas poderão ser adotadas durante as buscas.
A advogada Nathaly Moraes afirmou que o contato com o Núcleo de Cooperação Internacional ocorreu agora, oito meses após o desaparecimento. Segundo ela, a possibilidade de utilizar mecanismos da Interpol amplia os recursos disponíveis para localizar os irmãos.

“Hoje nós recebemos o apoio, recebemos o e-mail e o apoio do Núcleo de Cooperação Internacional, colocando as ferramentas da Interpol para nos ajudar. Até então, durante todo esse período, nós não tínhamos esse apoio”, declarou Nathaly Moraes.

A representante da família também explicou que os mecanismos podem ser utilizados em buscas fora do país e em uma eventual repatriação, caso as crianças sejam localizadas no exterior. Segundo a advogada, a reunião com a Polícia Federal deverá definir como essas ferramentas serão utilizadas no caso.

ACESSE PORTALODIA.COM PARA MAIS INFORMAÇÕES",veiculo_regional,907988742138221,brpol2026_907988742138221,pending
2330639771035854,2026-08-16T18:07:51+00:00,2026-08-18T18:07:58+00:00,2026-09-17T00:25:00+00:00,"🎶 O que não pode faltar em um bom pagode?

A nossa repórter Mannu Meg foi conferir de perto a energia do Churrasquinho Menos é Mais , que lotou a Esplanada do Mineirinho, em BH. Com ingressos esgotados meses antes, o evento reuniu cerca de 20 mil pessoas em torno de um palco 360º, garantindo aquela vibe roda de samba por mais de 4 horas sem parar.

🗣️ E pra você? O que é essencial para um pagodinho de respeito? Conta pra gente aqui nos comentários.

📝📹: Mannu Meg

#Pagode #BeloHorizonte #BH #EventosBH #RolêEmBH","[""belohorizonte"",""bh"",""pagode"",""rol\u00eaembh"",""eventosbh""]",videos,pt,1050600299520618,estadodeminas,Estado de Minas,veiculo_regional,VEICULO,MG,Estado de Minas,,,,,,,varredura,varredura_00_20260815-20260822.csv,https://www.facebook.com/transparency-tools/content-library/dataset/1119037145491882/instagram/post/2330639771035854/,662.0,18.0,22247.0,2026-09-11,750.3,1,posts_20260815-20260822.parquet,20260815-20260822,2026-08-16 18:07:51+00:00,2026-08-18 18:07:58+00:00,2026-09-17 00:25:00+00:00,2026-08-16 15:07:51-03:00,2026-08-16,2026-08-16,92,516,374a4d8074b5e55103a3694cc6b4069390e05834d122dc47abd3daeeaf2c9c1c,750.2858333333334,"🎶 O que não pode faltar em um bom pagode?

A nossa repórter Mannu Meg foi conferir de perto a energia do Churrasquinho Menos é Mais , que lotou a Esplanada do Mineirinho, em BH. Com ingressos esgotados meses antes, o evento reuniu cerca de 20 mil pessoas em torno de um palco 360º, garantindo aquela vibe roda de samba por mais de 4 horas sem parar.

🗣️ E pra você? O que é essencial para um pagodinho de respeito? Conta pra gente aqui nos comentários.

📝📹: Mannu Meg

#Pagode #BeloHorizonte #BH #EventosBH #RolêEmBH",veiculo_regional,2330639771035854,brpol2026_2330639771035854,pending
1864357884544136,2026-09-10T01:55:34+00:00,2026-09-10T01:57:00+00:00,2026-09-19T12:48:00+00:00,"❌ PODER ELEIÇÕES 2026 | O presidente Luiz Inácio Lula da Silva (@lulaoficial) (PT) participou, nesta 4ª feira (9.set.2026), de ato de campanha no Piauí, reduto lulista. O evento foi realizado na Arena Carhoo, em Teresina. Segundo o governador Rafael Fonteles (PT), 50.000 pessoas estiveram presentes –a metodologia de contagem não foi divulgada. 

Em seu discurso, Lula evitou mencionar a crise no Supremo Tribunal Federal ou o caso envolvendo o diretor-geral da Polícia Federal, Andrei Rodrigues. Optou por criticar a oposição, pedir que os Estados Unidos não se envolvam nas eleições e defender pautas como a educação e a luta contra o feminicídio. 

🔔 Relevância jornalística você encontra no Poder360: entre pelo link na bio

📸 Foto: Sérgio Lima/ Poder360",,photos,pt,976952087053945,poder360,Poder360,veiculo_nacional,VEICULO,,Poder360,,,,,,,semanal,sem_b01_20260906-20260912.csv,https://www.facebook.com/transparency-tools/content-library/dataset/1119037145491882/instagram/post/1864357884544136/,68.0,44.0,4822.0,2026-09-16,226.9,1,posts_20260906-20260912.parquet,20260906-20260912,2026-09-10 01:55:34+00:00,2026-09-10 01:57:00+00:00,2026-09-19 12:48:00+00:00,2026-09-09 22:55:34-03:00,2026-09-10,2026-09-09,132,759,da6dc4625918fb8fe24463645b083802d996e6f43800b10a04b6d93d3eebf75a,226.8738888888889,"❌ PODER ELEIÇÕES 2026 | O presidente Luiz Inácio Lula da Silva (@lulaoficial) (PT) participou, nesta 4ª feira (9.set.2026), de ato de campanha no Piauí, reduto lulista. O evento foi realizado na Arena Carhoo, em Teresina. Segundo o governador Rafael Fonteles (PT), 50.000 pessoas estiveram presentes –a metodologia de contagem não foi divulgada. 

Em seu discurso, Lula evitou mencionar a crise no Supremo Tribunal Federal ou o caso envolvendo o diretor-geral da Polícia Federal, Andrei Rodrigues. Optou por criticar a oposição, pedir que os Estados Unidos não se envolvam nas eleições e defender pautas como a educação e a luta contra o feminicídio. 

🔔 Relevância jornalística você encontra no Poder360: entre pelo link na bio

📸 Foto: Sérgio Lima/ Poder360",veiculo_nacional,1864357884544136,brpol2026_1864357884544136,pending
2128810934700128,2026-08-16T18:30:09+00:00,2026-08-16T18:32:07+00:00,2026-09-17T00:25:00+00:00,"🗳️ PODER ELEIÇÕES | O deputado federal e candidato a vice-presidente, Alfredo Gaspar (<redacted_mention>) (PL-AL), disse neste domingo (16.ago.2026) que o “barbudo”, em referência ao presidente Luiz Inácio Lula da Silva (@lulaoficial) (PT), “tem o STF, o dinheiro da corrupção, os presídios lotados batendo palma para ele”. Afirmou, porém, que “o povo de bem do Brasil tem Flávio Bolsonaro”.

A declaração foi feita durante o 1º ato oficial de campanha na Praia de Copacabana, no Rio de Janeiro.

“Em nome do Nordeste, em nome do povo de bem, sofrido do meu país, eu quero dizer: a esperança voltou, voltou com Flávio Bolsonaro. Nós já choramos muito, nós já sofremos muito. O PT arrancou o futuro da nação. Mas com Flávio Bolsonaro, nós vamos acabar com o crime e a corrupção”, declarou.

🔔 Relevância jornalística você encontra no Poder360: entre pelo link na bio

📸 Foto: Sérgio Lima/Poder360 - 5.ago.2026",,photos,pt,976952087053945,poder360,Poder360,veiculo_nacional,VEICULO,,Poder360,,,,,,,varredura,varredura_00_20260815-20260822.csv,https://www.facebook.com/transparency-tools/content-library/dataset/1119037145491882/instagram/post/2128810934700128/,373.0,518.0,22627.0,2026-09-11,749.9,1,posts_20260815-20260822.parquet,20260815-20260822,2026-08-16 18:30:09+00:00,2026-08-16 18:32:07+00:00,2026-09-17 00:25:00+00:00,2026-08-16 15:30:09-03:00,2026-08-16,2026-08-16,171,908,5105e36f35a75394e1bbccdcb25d33db212d453e1bcbce01d1c7a715b9dd3cc9,749.9141666666667,"🗳️ PODER ELEIÇÕES | O deputado federal e candidato a vice-presidente, Alfredo Gaspar (<redacted_mention>) (PL-AL), disse neste domingo (16.ago.2026) que o “barbudo”, em referência ao presidente Luiz Inácio Lula da Silva (@lulaoficial) (PT), “tem o STF, o dinheiro da corrupção, os presídios lotados batendo palma para ele”. Afirmou, porém, que “o povo de bem do Brasil tem Flávio Bolsonaro”.

A declaração foi feita durante o 1º ato oficial de campanha na Praia de Copacabana, no Rio de Janeiro.

“Em nome do Nordeste, em nome do povo de bem, sofrido do meu país, eu quero dizer: a esperança voltou, voltou com Flávio Bolsonaro. Nós já choramos muito, nós já sofremos muito. O PT arrancou o futuro da nação. Mas com Flávio Bolsonaro, nós vamos acabar com o crime e a corrupção”, declarou.

🔔 Relevância jornalística você encontra no Poder360: entre pelo link na bio

📸 Foto: Sérgio Lima/Poder360 - 5.ago.2026",veiculo_nacional,2128810934700128,brpol2026_2128810934700128,pending
27875205342108178,2026-08-20T01:50:17+00:00,2026-08-20T01:51:43+00:00,2026-09-17T00:25:00+00:00,"O Ministério Público Eleitoral (MPE) pediu ao Tribunal Superior Eleitoral (TSE) o indeferimento do registro de candidatura de Pablo Marçal (PRTB) à Presidência da República e uma decisão provisória para impedir que o empresário faça campanha nas eleições de 2026. Ele será notificado e deve apresentar defesa em até sete dias.

O principal argumento do MPE é que Marçal está inelegível até 6 de outubro de 2032. O Tribunal Regional Eleitoral de São Paulo (TRE-SP) manteve, em decisão de 5 de agosto, a condenação do empresário por uso indevido dos meios de comunicação social durante as eleições de 2024.

Além da inelegibilidade, o MPE aponta que Marçal não teria comprovado filiação ao PRTB dentro do prazo exigido pela legislação eleitoral.

💻 Confira a reportagem completa. Link na bio.
📸 Divulgação

#sbtnews #notícias #jornalismosbt #pablomarçal","[""pablomar\u00e7al"",""not\u00edcias"",""sbtnews"",""jornalismosbt""]",photos,pt,772312161476665,sbtnews,SBT News,veiculo_nacional,VEICULO,,SBT News,,,,,,,varredura,varredura_00_20260815-20260822.csv,https://www.facebook.com/transparency-tools/content-library/dataset/1119037145491882/instagram/post/27875205342108178/,1492.0,567.0,64386.0,2026-09-11,670.6,1,posts_20260815-20260822.parquet,20260815-20260822,2026-08-20 01:50:17+00:00,2026-08-20 01:51:43+00:00,2026-09-17 00:25:00+00:00,2026-08-19 22:50:17-03:00,2026-08-20,2026-08-19,157,851,f0613e4d920214c93d5cba75497215a64e63dd085207658d162479545dca1116,670.5786111111111,"O Ministério Público Eleitoral (MPE) pediu ao Tribunal Superior Eleitoral (TSE) o indeferimento do registro de candidatura de Pablo Marçal (PRTB) à Presidência da República e uma decisão provisória para impedir que o empresário faça campanha nas eleições de 2026. Ele será notificado e deve apresentar defesa em até sete dias.

O principal argumento do MPE é que Marçal está inelegível até 6 de outubro de 2032. O Tribunal Regional Eleitoral de São Paulo (TRE-SP) manteve, em decisão de 5 de agosto, a condenação do empresário por uso indevido dos meios de comunicação social durante as eleições de 2024.

Além da inelegibilidade, o MPE aponta que Marçal não teria comprovado filiação ao PRTB dentro do prazo exigido pela legislação eleitoral.

💻 Confira a reportagem completa. Link na bio.
📸 Divulgação

#sbtnews #notícias #jornalismosbt #pablomarçal",veiculo_nacional,27875205342108178,brpol2026_27875205342108178,pending
2074754330074922,2026-09-12T13:43:45+00:00,2026-09-12T13:46:03+00:00,2026-09-19T12:48:00+00:00,"Um homem foi preso, na noite desta sexta-feira (11), suspeito de roubar uma motocicleta. A prisão ocorreu na zona Sul de Teresina e foi realizada pela Polícia Militar do Piauí, através do 22º Batalhão de Polícia Militar (22º BPM).

Durante rondas ostensivas, a equipe da Força Tática recebeu informações sobre o roubo de uma motocicleta Honda Fan 160, ocorrido na região do Balão do Porto Alegre. A partir do rastreamento acionado pela vítima, os policiais acompanharam o deslocamento do veículo até a Avenida Henry Wall de Carvalho.

No local, um dos suspeitos foi localizado sendo contido por populares e estava portando uma arma de fabricação caseira. O homem recebeu atendimento do Serviço de Atendimento Móvel de Urgência (SAMU) e foi encaminhado ao Hospital de Urgência de Teresina (HUT).

O segundo suspeito conseguiu fugir e, até o momento, não foi localizado. A motocicleta foi recuperada e encaminhada, juntamente com a vítima, à Central de Flagrantes para os procedimentos legais cabíveis.

📲 Acesse o portalodia.com - link na bio",,albums,pt,353023727323235,sistemaodia,Sistema O Dia de Comunicação,veiculo_regional,VEICULO,PI,O Dia (PI),,,,,,,semanal,sem_b01_20260906-20260912.csv,https://www.facebook.com/transparency-tools/content-library/dataset/1119037145491882/instagram/post/2074754330074922/,50.0,0.0,16916.0,2026-09-19,167.1,1,posts_20260906-20260912.parquet,20260906-20260912,2026-09-12 13:43:45+00:00,2026-09-12 13:46:03+00:00,2026-09-19 12:48:00+00:00,2026-09-12 10:43:45-03:00,2026-09-12,2026-09-12,186,1041,eb640b2917f3d12af19f9ed77d6b4403edd52eff1bcb39f3bc61543667f3e1b5,167.07083333333333,"Um homem foi preso, na noite desta sexta-feira (11), suspeito de roubar uma motocicleta. A prisão ocorreu na zona Sul de Teresina e foi realizada pela Polícia Militar do Piauí, através do 22º Batalhão de Polícia Militar (22º BPM).

Durante rondas ostensivas, a equipe da Força Tática recebeu informações sobre o roubo de uma motocicleta Honda Fan 160, ocorrido na região do Balão do Porto Alegre. A partir do rastreamento acionado pela vítima, os policiais acompanharam o deslocamento do veículo até a Avenida Henry Wall de Carvalho.

No local, um dos suspeitos foi localizado sendo contido por populares e estava portando uma arma de fabricação caseira. O homem recebeu atendimento do Serviço de Atendimento Móvel de Urgência (SAMU) e foi encaminhado ao Hospital de Urgência de Teresina (HUT).

O segundo suspeito conseguiu fugir e, até o momento, não foi localizado. A motocicleta foi recuperada e encaminhada, juntamente com a vítima, à Central de Flagrantes para os procedimentos legais cabíveis.

📲 Acesse o portalodia.com - link na bio",veiculo_regional,2074754330074922,brpol2026_2074754330074922,pending
28693790893590919,2026-09-10T14:00:46+00:00,2026-09-10T14:02:48+00:00,2026-09-19T12:48:00+00:00,"Caixa entra em greve nacional nesta quinta-feira, 10

Funcionários da Caixa Econômica Federal iniciam nesta quinta-feira, 10, uma greve nacional, por tempo indeterminado, em meio ao impasse nas negociações entre o banco e os sindicatos. A instituição se comprometeu a apresentar uma nova proposta aos trabalhadores ainda hoje.

A paralisação foi aprovada depois de mais de 90% das bases sindicais rejeitarem a proposta apresentada pela Caixa. Segundo o Sindicato dos Bancários, as negociações continuam e a expectativa é que uma nova rodada de tratativas ocorra nesta quinta-feira.

“O resultado das assembleias realizadas no Brasil inteiro, com mais de 90% de rejeição nas bases sindicais, demonstrou, de forma clara, a insatisfação dos empregados com a proposta apresentada pela Caixa”, afirmou Luiza Hansen, diretora do Sindicato dos Bancários de São Paulo, Osasco e Região e coordenadora da CEE/Caixa.

“Isso foi fundamental para forçar o retorno das negociações”, acrescentou.",,photos,pt,1970523579995378,revistaoeste,Revista Oeste,veiculo_nacional,VEICULO,,Revista Oeste,,,,,,,semanal,sem_b01_20260906-20260912.csv,https://www.facebook.com/transparency-tools/content-library/dataset/1119037145491882/instagram/post/28693790893590919/,4928.0,535.0,113993.0,2026-09-19,214.8,1,posts_20260906-20260912.parquet,20260906-20260912,2026-09-10 14:00:46+00:00,2026-09-10 14:02:48+00:00,2026-09-19 12:48:00+00:00,2026-09-10 11:00:46-03:00,2026-09-10,2026-09-10,163,981,89189017b4b4602b9e330c2ae80b461af6d4c8a4b092acc4c9d71363d7dd9e7f,214.78722222222223,"Caixa entra em greve nacional nesta quinta-feira, 10

Funcionários da Caixa Econômica Federal iniciam nesta quinta-feira, 10, uma greve nacional, por tempo indeterminado, em meio ao impasse nas negociações entre o banco e os sindicatos. A instituição se comprometeu a apresentar uma nova proposta aos trabalhadores ainda hoje.

A paralisação foi aprovada depois de mais de 90% das bases sindicais rejeitarem a proposta apresentada pela Caixa. Segundo o Sindicato dos Bancários, as negociações continuam e a expectativa é que uma nova rodada de tratativas ocorra nesta quinta-feira.

“O resultado das assembleias realizadas no Brasil inteiro, com mais de 90% de rejeição nas bases sindicais, demonstrou, de forma clara, a insatisfação dos empregados com a proposta apresentada pela Caixa”, afirmou Luiza Hansen, diretora do Sindicato dos Bancários de São Paulo, Osasco e Região e coordenadora da CEE/Caixa.

“Isso foi fundamental para forçar o retorno das negociações”, acrescentou.",veiculo_nacional,28693790893590919,brpol2026_28693790893590919,pending
1585730886581685,2026-09-10T18:15:02+00:00,2026-09-10T18:15:26+00:00,2026-09-19T12:48:00+00:00,"O ministro Alexandre de Moraes, do STF, autorizou novas visitas a Jair Bolsonaro, que cumpre prisão domiciliar em Brasília. A decisão atende a um pedido da defesa e pode ajudar a “destravar” a campanha de Michelle Bolsonaro no Distrito Federal.

Pela nova regra, o irmão de Bolsonaro, Renato Bolsonaro, as cunhadas Geovanna Kathleen e Suyane Lanuze Lima e os sogros Vicente de Paulo Reinaldo e Maisa Torres Antunes poderão visitá-lo de forma permanente.

As visitas estão autorizadas às quartas-feiras e aos sábados, pela manhã e à tarde. Os filhos do ex-presidente, Carlos e Jair Renan Bolsonaro, já tinham autorização para visitá-lo.

Michelle Bolsonaro é candidata ao Senado pelo Distrito Federal. O PL vinha reclamando que as restrições às visitas estavam prejudicando a campanha da ex-primeira-dama. Segundo o partido, Michelle estava com dificuldades para participar de eventos e caminhadas com eleitores porque precisava acompanhar Bolsonaro durante a prisão domiciliar.

Com a autorização de novos familiares, Michelle poderá cumprir compromissos de campanha enquanto Bolsonaro recebe visitas de parentes.

Siga @ndmais

Créditos: Divulgação/Partido Liberal

#AlexandreDeMoraes #JairBolsonaro #MichelleBolsonaro #STF","[""michellebolsonaro"",""stf"",""jairbolsonaro"",""alexandredemoraes""]",photos,pt,6919448814817550,ndmais,ND Mais,veiculo_regional,VEICULO,SC,ND+,,,,,,,semanal,sem_b01_20260906-20260912.csv,https://www.facebook.com/transparency-tools/content-library/dataset/1119037145491882/instagram/post/1585730886581685/,263.0,25.0,37899.0,2026-09-16,210.5,1,posts_20260906-20260912.parquet,20260906-20260912,2026-09-10 18:15:02+00:00,2026-09-10 18:15:26+00:00,2026-09-19 12:48:00+00:00,2026-09-10 15:15:02-03:00,2026-09-10,2026-09-10,193,1224,124ebc25b2ca71a3365732d0152af6e85ca65568d2415a81a66cfb099f7d8fdd,210.54944444444445,"O ministro Alexandre de Moraes, do STF, autorizou novas visitas a Jair Bolsonaro, que cumpre prisão domiciliar em Brasília. A decisão atende a um pedido da defesa e pode ajudar a “destravar” a campanha de Michelle Bolsonaro no Distrito Federal.

Pela nova regra, o irmão de Bolsonaro, Renato Bolsonaro, as cunhadas Geovanna Kathleen e Suyane Lanuze Lima e os sogros Vicente de Paulo Reinaldo e Maisa Torres Antunes poderão visitá-lo de forma permanente.

As visitas estão autorizadas às quartas-feiras e aos sábados, pela manhã e à tarde. Os filhos do ex-presidente, Carlos e Jair Renan Bolsonaro, já tinham autorização para visitá-lo.

Michelle Bolsonaro é candidata ao Senado pelo Distrito Federal. O PL vinha reclamando que as restrições às visitas estavam prejudicando a campanha da ex-primeira-dama. Segundo o partido, Michelle estava com dificuldades para participar de eventos e caminhadas com eleitores porque precisava acompanhar Bolsonaro durante a prisão domiciliar.

Com a autorização de novos familiares, Michelle poderá cumprir compromissos de campanha enquanto Bolsonaro recebe visitas de parentes.

Siga @ndmais

Créditos: Divulgação/Partido Liberal

#AlexandreDeMoraes #JairBolsonaro #MichelleBolsonaro #STF",veiculo_regional,1585730886581685,brpol2026_1585730886581685,pending
2129180641026843,2026-08-24T22:34:32+00:00,2026-08-24T23:13:01+00:00,2026-09-17T20:54:00+00:00,"O ex-governador do Rio de Janeiro Cláudio Castro, do PL, comunicou à cúpula do partido que não pretende voltar a disputar cargos eletivos. Embora não tenha feito anúncio público nas redes sociais ou divulgado nota oficial, a informação foi confirmada por sua assessoria.⁣
⁣
Cláudio Castro pretende concentrar esforços em sua defesa jurídica e retomar a atuação profissional na advocacia. O ex-governador já está contratado pelo PL para atuar na articulação política junto a prefeitos do interior fluminense e, após as eleições, deverá abrir um escritório.⁣
⁣
A decisão ocorre meses depois de Castro desistir da disputa por uma vaga no Senado. Na ocasião, ele atribuiu o recuo ao momento pessoal e à necessidade de dedicar mais tempo à defesa das acusações que enfrenta.⁣
⁣
➡️ Leia mais em R7.com. O link está na bio.⁣
#PortalR7 #R7 #JR24H #JornalDaRecord⁣
⁣
(📸: Flickr/Governo do Rio)","[""jr24h"",""r7"",""jornaldarecord"",""portalr7""]",photos,pt,852012249993773,portalr7,Portal R7,veiculo_nacional,VEICULO,,R7,,,,,,,semanal,sem_b01_20260823-20260905.csv,https://www.facebook.com/transparency-tools/content-library/dataset/1119037145491882/instagram/post/2129180641026843/,443.0,167.0,55886.0,2026-09-14,574.3,1,posts_20260823-20260905.parquet,20260823-20260905,2026-08-24 22:34:32+00:00,2026-08-24 23:13:01+00:00,2026-09-17 20:54:00+00:00,2026-08-24 19:34:32-03:00,2026-08-24,2026-08-24,158,884,8845dd83c7256c59c2fe73f4f32b2c4ed26a2d28f456466c5953cfc7ffd0b49e,574.3244444444445,"O ex-governador do Rio de Janeiro Cláudio Castro, do PL, comunicou à cúpula do partido que não pretende voltar a disputar cargos eletivos. Embora não tenha feito anúncio público nas redes sociais ou divulgado nota oficial, a informação foi confirmada por sua assessoria.⁣
⁣
Cláudio Castro pretende concentrar esforços em sua defesa jurídica e retomar a atuação profissional na advocacia. O ex-governador já está contratado pelo PL para atuar na articulação política junto a prefeitos do interior fluminense e, após as eleições, deverá abrir um escritório.⁣
⁣
A decisão ocorre meses depois de Castro desistir da disputa por uma vaga no Senado. Na ocasião, ele atribuiu o recuo ao momento pessoal e à necessidade de dedicar mais tempo à defesa das acusações que enfrenta.⁣
⁣
➡️ Leia mais em R7.com. O link está na bio.⁣
#PortalR7 #R7 #JR24H #JornalDaRecord⁣
⁣
(📸: Flickr/Governo do Rio)",veiculo_nacional,2129180641026843,brpol2026_2129180641026843,pending
1846925543352686,2026-09-06T21:00:18+00:00,2026-09-06T21:03:07+00:00,2026-09-19T12:48:00+00:00,"A ministra Cármen Lúcia passa a ter papel decisivo no STF em meio à disputa envolvendo os ministros Alexandre de Moraes e André Mendonça. O impasse começou após a divulgação de conversas sobre investigações do Banco Master. Sem posição definida, ela pretende analisar os processos antes de votar. Confira a matéria completa.

🔗 Veja mais da matéria no link em nossos stories!

📸 Créditos: Victor Piemonte/STF
✍️ Autora: Mayra Monteiro

#STF #Justica #Politica #Brasil #CarmeLucia","[""justica"",""stf"",""politica"",""brasil"",""carmelucia""]",photos,pt,878612633752282,doldiarioonline,DOL - Diário Online,veiculo_regional,VEICULO,PA,Diário do Pará (DOL),,,,,,,semanal,sem_b01_20260906-20260912.csv,https://www.facebook.com/transparency-tools/content-library/dataset/1119037145491882/instagram/post/1846925543352686/,446.0,73.0,27747.0,2026-09-16,303.8,1,posts_20260906-20260912.parquet,20260906-20260912,2026-09-06 21:00:18+00:00,2026-09-06 21:03:07+00:00,2026-09-19 12:48:00+00:00,2026-09-06 18:00:18-03:00,2026-09-06,2026-09-06,83,479,104382c931c8309c006768ec29a5f3087d364f67a5c0bef0cf51d179040469a1,303.795,"A ministra Cármen Lúcia passa a ter papel decisivo no STF em meio à disputa envolvendo os ministros Alexandre de Moraes e André Mendonça. O impasse começou após a divulgação de conversas sobre investigações do Banco Master. Sem posição definida, ela pretende analisar os processos antes de votar. Confira a matéria completa.

🔗 Veja mais da matéria no link em nossos stories!

📸 Créditos: Victor Piemonte/STF
✍️ Autora: Mayra Monteiro

#STF #Justica #Politica #Brasil #CarmeLucia",veiculo_regional,1846925543352686,brpol2026_1846925543352686,pending
1654344263000223,2026-08-26T20:54:19+00:00,2026-08-28T20:54:25+00:00,2026-09-17T20:54:00+00:00,"Durante uma transmissão ao vivo no Parque Nacional de Katmai, no Alasca, os streamers FaZe Adapt e Maya Higa estavam sentados à margem de um rio quando um urso-pardo passou correndo a poucos metros deles.

Os dois observavam o animal à distância, mas o urso acabou se aproximando rapidamente. Enquanto o animal passava, Maya orientou Adapt a manter a calma. Após o encontro, o streamer afirmou: “Pensei que tudo tinha acabado”.

Felizmente, Maya Higa é educadora ambiental e possui experiência em atividades ao ar livre. Sua tranquilidade ajudou Adapt a manter a compostura durante o momento de tensão, que terminou sem incidentes.

Imagens: redes sociais

#Urso #EUA #Streamer","[""streamer"",""urso"",""eua""]",videos,pt,3238975823069349,vejamais,VEJA,veiculo_nacional,VEICULO,,Veja,,,,,,,semanal,sem_b01_20260823-20260905.csv,https://www.facebook.com/transparency-tools/content-library/dataset/1119037145491882/instagram/post/1654344263000223/,10014.0,192.0,406480.0,2026-09-17,528.0,1,posts_20260823-20260905.parquet,20260823-20260905,2026-08-26 20:54:19+00:00,2026-08-28 20:54:25+00:00,2026-09-17 20:54:00+00:00,2026-08-26 17:54:19-03:00,2026-08-26,2026-08-26,111,677,abbc622c6ae3c8edc9c1a66273a9ea338ee07d6ec9293e0aab51930b0b55d126,527.9947222222222,"Durante uma transmissão ao vivo no Parque Nacional de Katmai, no Alasca, os streamers FaZe Adapt e Maya Higa estavam sentados à margem de um rio quando um urso-pardo passou correndo a poucos metros deles.

Os dois observavam o animal à distância, mas o urso acabou se aproximando rapidamente. Enquanto o animal passava, Maya orientou Adapt a manter a calma. Após o encontro, o streamer afirmou: “Pensei que tudo tinha acabado”.

Felizmente, Maya Higa é educadora ambiental e possui experiência em atividades ao ar livre. Sua tranquilidade ajudou Adapt a manter a compostura durante o momento de tensão, que terminou sem incidentes.

Imagens: redes sociais

#Urso #EUA #Streamer",veiculo_nacional,1654344263000223,brpol2026_1654344263000223,pending
1082326720869970,2026-09-03T19:25:20+00:00,2026-09-03T19:26:03+00:00,2026-09-17T20:54:00+00:00,"Um novo levantamento do instituto Atlas/Intel em São Paulo aponta Flávio Bolsonaro (PL) na liderança das intenções de voto para a Presidência.

O senador marca 39,9% no primeiro turno, enquanto o presidente Lula (PT) aparece na segunda posição, com 36%. Em terceiro lugar está o escritor Augusto Cury (Avante), com 8,6%.

Na sequência, Renan Santos (Missão) registra 6,8%. Romeu Zema (Novo) e Ronaldo Caiado (PSD) aparecem com 1,5% cada.

No primeiro cenário de segundo turno, Flávio Bolsonaro supera Lula por 46,8% a 43,3%.

Contra Ronaldo Caiado, Lula perde por 45,4% a 41,1%.

Na terceira projeção, Romeu Zema supera o atual mandatário por 43,8% a 42,7%.

Lula vence apenas o duelo contra Renan Santos. O presidente acumula 43,1%, contra 33,5% do candidato do partido Missão.

A pesquisa ouviu 1.810 pessoas no fim de agosto. A margem de erro do levantamento é de um ponto percentual.
#bandnewstv #noticias","[""bandnewstv"",""noticias""]",photos,pt,1337965743501340,bandnewstv,BandNews TV,veiculo_nacional,VEICULO,,BandNews,,,,,,,semanal,sem_b01_20260823-20260905.csv,https://www.facebook.com/transparency-tools/content-library/dataset/1119037145491882/instagram/post/1082326720869970/,751.0,755.0,54412.0,2026-09-17,337.5,1,posts_20260823-20260905.parquet,20260823-20260905,2026-09-03 19:25:20+00:00,2026-09-03 19:26:03+00:00,2026-09-17 20:54:00+00:00,2026-09-03 16:25:20-03:00,2026-09-03,2026-09-03,172,909,12a3f7a5e97cbbc85be938b1dc1181abe805b4e1e4d11e13b81da1efb56eca94,337.47777777777776,"Um novo levantamento do instituto Atlas/Intel em São Paulo aponta Flávio Bolsonaro (PL) na liderança das intenções de voto para a Presidência.

O senador marca 39,9% no primeiro turno, enquanto o presidente Lula (PT) aparece na segunda posição, com 36%. Em terceiro lugar está o escritor Augusto Cury (Avante), com 8,6%.

Na sequência, Renan Santos (Missão) registra 6,8%. Romeu Zema (Novo) e Ronaldo Caiado (PSD) aparecem com 1,5% cada.

No primeiro cenário de segundo turno, Flávio Bolsonaro supera Lula por 46,8% a 43,3%.

Contra Ronaldo Caiado, Lula perde por 45,4% a 41,1%.

Na terceira projeção, Romeu Zema supera o atual mandatário por 43,8% a 42,7%.

Lula vence apenas o duelo contra Renan Santos. O presidente acumula 43,1%, contra 33,5% do candidato do partido Missão.

A pesquisa ouviu 1.810 pessoas no fim de agosto. A margem de erro do levantamento é de um ponto percentual.
#bandnewstv #noticias",veiculo_nacional,1082326720869970,brpol2026_1082326720869970,pending
1911090603639454,2026-09-06T23:00:24+00:00,2026-09-07T11:49:12+00:00,2026-09-19T12:48:00+00:00,"💪 Quando o assunto é envelhecer com saúde, cuidar dos músculos também pode ser uma forma de cuidar do cérebro.

Durante o exercício, o músculo libera substâncias que participam da comunicação com diferentes órgãos, inclusive o cérebro. Pesquisas também indicam que o treinamento de força pode contribuir para aspectos da função cognitiva, como memória, planejamento e atenção.

Isso não significa que musculação seja uma garantia contra Alzheimer ou demência. A relação é mais complexa, mas as evidências reforçam a importância de manter atividade física, força e capacidade funcional ao longo da vida.

Caminhar, correr e pedalar são opções importantes, mas o fortalecimento também deve fazer parte da rotina, especialmente com o passar dos anos.

Mais do que estética, preservar a força ajuda a manter a independência para tarefas do dia a dia, como levantar da cadeira, subir escadas e carregar as próprias compras.

✍️ Médica com residência em Clínica Médica, cardiologia e ecocardiografia, tem títulos pela SBC e SBC Imagem. Tatiane Emerich também foi presidente da SBC-ES.

📲 Leia a coluna completa em folhavitoria.com.br. #FolhaVitória","[""folhavit\u00f3ria""]",photos,pt,380516354373624,folhavitoria,Jornal Folha Vitória,veiculo_regional,VEICULO,ES,Folha Vitória,,,,,,,semanal,sem_b01_20260906-20260912.csv,https://www.facebook.com/transparency-tools/content-library/dataset/1119037145491882/instagram/post/1911090603639454/,271.0,0.0,19711.0,2026-09-19,301.8,1,posts_20260906-20260912.parquet,20260906-20260912,2026-09-06 23:00:24+00:00,2026-09-07 11:49:12+00:00,2026-09-19 12:48:00+00:00,2026-09-06 20:00:24-03:00,2026-09-06,2026-09-06,211,1142,eaeb144c7bfe3a6cdc89789d7bf5708f1df1a846b7ededf8f27285b43d07eb18,301.79333333333335,"💪 Quando o assunto é envelhecer com saúde, cuidar dos músculos também pode ser uma forma de cuidar do cérebro.

Durante o exercício, o músculo libera substâncias que participam da comunicação com diferentes órgãos, inclusive o cérebro. Pesquisas também indicam que o treinamento de força pode contribuir para aspectos da função cognitiva, como memória, planejamento e atenção.

Isso não significa que musculação seja uma garantia contra Alzheimer ou demência. A relação é mais complexa, mas as evidências reforçam a importância de manter atividade física, força e capacidade funcional ao longo da vida.

Caminhar, correr e pedalar são opções importantes, mas o fortalecimento também deve fazer parte da rotina, especialmente com o passar dos anos.

Mais do que estética, preservar a força ajuda a manter a independência para tarefas do dia a dia, como levantar da cadeira, subir escadas e carregar as próprias compras.

✍️ Médica com residência em Clínica Médica, cardiologia e ecocardiografia, tem títulos pela SBC e SBC Imagem. Tatiane Emerich também foi presidente da SBC-ES.

📲 Leia a coluna completa em folhavitoria.com.br. #FolhaVitória",veiculo_regional,1911090603639454,brpol2026_1911090603639454,pending
1969323663777075,2026-08-21T00:04:43+00:00,2026-08-23T00:04:49+00:00,2026-09-17T00:25:00+00:00,"Investigação da PF - A Procuradoria-Geral da República (PGR) disse em manifestação ao Supremo Tribunal Federal (STF) que a atuação de Roberta Luchsinger e de Fábio Luís Lula da Silva, o Lulinha, para favorecer os interesses de Antônio Carlos Camilo Antunes, o ""Careca do INSS"", não culminou com o fechamento de negócios com o poder público.

""Embora tenham sido identificados pagamentos feitos por Camilo Antunes a Roberta Luchsinger, a representação [da PF] não menciona a conclusão de nenhum negócio entre o empresário e o Poder Público, que pudesse sugerir o efetivo atendimento às pretensões que o grupo se propôs a agenciar"", afirma o texto da PGR.

A manifestação da PGR se refere a um dos casos sob relatoria do ministro André Mendonça. A investigação apura o envolvimento do filho do presidente Luiz Inácio Lula da Silva (PT) em uma tentativa do grupo do “Careca do INSS” de vender medicamentos à base de canabidiol ao Ministério da Saúde.

➡️​ O documento a que a TV Globo teve acesso é assinado por Hindenburgo Chateaubriand Filho, vice-procurador-geral da República.

Nele, a PGR defendeu a remessa do inquérito à Justiça Federal de primeira instância ""por conta da ausência de indícios mínimos de participação de autoridade que justificaria a competência do Supremo Tribunal Federal e tendo sido afastada a conexão dos fatos com o objeto da Operação Sem Desconto"".

Embora o ""Careca do INSS"" seja apontado como um dos principais responsáveis por desvios de aposentadorias e pensões, a PGR entendeu que os fatos apresentados na representação da Polícia Federal (PF) ""não são correlatos a esse conjunto de crimes"".

Saiba mais no #g1. 

#lulinha #políciafederal #pgr #carecadoinss #notícias #JN","[""carecadoinss"",""pgr"",""not\u00edcias"",""g1"",""pol\u00edciafederal"",""jn"",""lulinha""]",videos,pt,224266170664674,portalg1,g1,veiculo_nacional,VEICULO,,g1,,,,,,,varredura,varredura_00_20260815-20260822.csv,https://www.facebook.com/transparency-tools/content-library/dataset/1119037145491882/instagram/post/1969323663777075/,19633.0,5555.0,767219.0,2026-09-16,648.3,1,posts_20260815-20260822.parquet,20260815-20260822,2026-08-21 00:04:43+00:00,2026-08-23 00:04:49+00:00,2026-09-17 00:25:00+00:00,2026-08-20 21:04:43-03:00,2026-08-21,2026-08-20,314,1704,dd8b19277dc7b39ecd59043981ec2de01512a7a702a1f92dd40ee489aaba53b0,648.3380555555556,"Investigação da PF - A Procuradoria-Geral da República (PGR) disse em manifestação ao Supremo Tribunal Federal (STF) que a atuação de Roberta Luchsinger e de Fábio Luís Lula da Silva, o Lulinha, para favorecer os interesses de Antônio Carlos Camilo Antunes, o ""Careca do INSS"", não culminou com o fechamento de negócios com o poder público.

""Embora tenham sido identificados pagamentos feitos por Camilo Antunes a Roberta Luchsinger, a representação [da PF] não menciona a conclusão de nenhum negócio entre o empresário e o Poder Público, que pudesse sugerir o efetivo atendimento às pretensões que o grupo se propôs a agenciar"", afirma o texto da PGR.

A manifestação da PGR se refere a um dos casos sob relatoria do ministro André Mendonça. A investigação apura o envolvimento do filho do presidente Luiz Inácio Lula da Silva (PT) em uma tentativa do grupo do “Careca do INSS” de vender medicamentos à base de canabidiol ao Ministério da Saúde.

➡️​ O documento a que a TV Globo teve acesso é assinado por Hindenburgo Chateaubriand Filho, vice-procurador-geral da República.

Nele, a PGR defendeu a remessa do inquérito à Justiça Federal de primeira instância ""por conta da ausência de indícios mínimos de participação de autoridade que justificaria a competência do Supremo Tribunal Federal e tendo sido afastada a conexão dos fatos com o objeto da Operação Sem Desconto"".

Embora o ""Careca do INSS"" seja apontado como um dos principais responsáveis por desvios de aposentadorias e pensões, a PGR entendeu que os fatos apresentados na representação da Polícia Federal (PF) ""não são correlatos a esse conjunto de crimes"".

Saiba mais no #g1. 

#lulinha #políciafederal #pgr #carecadoinss #notícias #JN",veiculo_nacional,1969323663777075,brpol2026_1969323663777075,pending
1540164164822796,2026-09-11T16:45:20+00:00,2026-09-13T16:45:25+00:00,2026-09-19T12:48:00+00:00,"Em ofício enviado ao presidente do Supremo Tribunal Federal (STF), Edson Fachin, o ministro Alexandre de Moraes afirma que André Mendonça não cumpriu integralmente a determinação para levantar o sigilo do inquérito envolvendo o esquema do Banco Master. No documento, encaminhado nesta sexta-feira (11), Moraes diz que houve ""seletividade"" na hora de tornar público a documentação.
No texto, Moraes afirma que 180 documentos continuam sob sigilo e pede a divulgação total dos documentos relacionados ao caso. ""Entretanto, apesar da decisão de Vossa Excelência que, expressamente, afirmou que as PET 16.704 e PET 16.662 “evidenciam relação de conexão e continência” e que a análise separada possibilitaria “risco concreto de decisões contraditórias e de tumulto processual”, ressaltando, ainda, que “as medidas determinadas em todos os feitos estão assentadas cada qual em bases fáticas e probatórias comuns e que parcialmente se sobrepõem”, somente foi convocada pauta para a análise da PET 16.662, o que é claramente contraditório com os próprios fundamentos da decisão e prejudica a análise total dos fatos pelos Ministros julgadores"", escreveu Moraes.
""Além disso, ao cumprir parcialmente a decisão de Vossa Excelência, o Ministro André Mendonça, diretamente interessado no julgamento de ambas as PETs 16.704 e 16.662, selecionou subjetivamente o levantamento do sigilo, tornando público somente o que entendeu conveniente"", completou o magistrado.

Para Moraes, a decisão de Mendonça de manter o sigilo parcial prejudica a análise das provas em relação ao caso. ""A seletividade, entretanto, foi ainda maior, pois nesses 15 (quinze) procedimentos contidos ou relacionados à PET 15.556 o sigilo levantado foi parcial, excluindo 180 (cento e oitenta) documentos e, consequentemente, dificultando a análise probatória"", disse.

➡️ Acesse o site do Correio e leia a reportagem completa
📷: Renato Souza/CB/D.A.Press",,videos,pt,685408416727263,correio.braziliense,Correio Braziliense,veiculo_nacional,VEICULO,,Correio Braziliense,,,,,,,semanal,sem_b01_20260906-20260912.csv,https://www.facebook.com/transparency-tools/content-library/dataset/1119037145491882/instagram/post/1540164164822796/,335.0,93.0,9626.0,2026-09-19,188.0,1,posts_20260906-20260912.parquet,20260906-20260912,2026-09-11 16:45:20+00:00,2026-09-13 16:45:25+00:00,2026-09-19 12:48:00+00:00,2026-09-11 13:45:20-03:00,2026-09-11,2026-09-11,325,1912,92ba308d1990619ecec80fabcf6bea9b9e415e011289915b4556268991028651,188.04444444444445,"Em ofício enviado ao presidente do Supremo Tribunal Federal (STF), Edson Fachin, o ministro Alexandre de Moraes afirma que André Mendonça não cumpriu integralmente a determinação para levantar o sigilo do inquérito envolvendo o esquema do Banco Master. No documento, encaminhado nesta sexta-feira (11), Moraes diz que houve ""seletividade"" na hora de tornar público a documentação.
No texto, Moraes afirma que 180 documentos continuam sob sigilo e pede a divulgação total dos documentos relacionados ao caso. ""Entretanto, apesar da decisão de Vossa Excelência que, expressamente, afirmou que as PET 16.704 e PET 16.662 “evidenciam relação de conexão e continência” e que a análise separada possibilitaria “risco concreto de decisões contraditórias e de tumulto processual”, ressaltando, ainda, que “as medidas determinadas em todos os feitos estão assentadas cada qual em bases fáticas e probatórias comuns e que parcialmente se sobrepõem”, somente foi convocada pauta para a análise da PET 16.662, o que é claramente contraditório com os próprios fundamentos da decisão e prejudica a análise total dos fatos pelos Ministros julgadores"", escreveu Moraes.
""Além disso, ao cumprir parcialmente a decisão de Vossa Excelência, o Ministro André Mendonça, diretamente interessado no julgamento de ambas as PETs 16.704 e 16.662, selecionou subjetivamente o levantamento do sigilo, tornando público somente o que entendeu conveniente"", completou o magistrado.

Para Moraes, a decisão de Mendonça de manter o sigilo parcial prejudica a análise das provas em relação ao caso. ""A seletividade, entretanto, foi ainda maior, pois nesses 15 (quinze) procedimentos contidos ou relacionados à PET 15.556 o sigilo levantado foi parcial, excluindo 180 (cento e oitenta) documentos e, consequentemente, dificultando a análise probatória"", disse.

➡️ Acesse o site do Correio e leia a reportagem completa
📷: Renato Souza/CB/D.A.Press",veiculo_nacional,1540164164822796,brpol2026_1540164164822796,pending
1759053992037059,2026-09-03T01:15:19+00:00,2026-09-04T13:15:26+00:00,2026-09-17T20:54:00+00:00,"NÃO DURMA SEM SABER 📰 | veja os destaques do noticiário desta quarta-feira (2) 👇

O ex-banqueiro Daniel Vorcaro afirmou em depoimento ao gabinete do ministro do STF André Mendonça que sofreu tortura psicológica, maus tratos e ameaças veladas na prisão para não relatar fatos ligados à PF em uma eventual delação premiada; Quaest: Lula tem 37%, Flávio Bolsonaro, 30%, e Cury chega a 10% no primeiro turno e CCJ aprova fim da escala 6x1 e votação vai a último estágio, no plenário do Senado

📲Leia mais na #Folha: folha.com/politica

🎥 Priscila Camazano (@priscila_camazano)

#videosdafolha #politica #naodurma","[""videosdafolha"",""folha"",""politica"",""naodurma""]",videos,pt,350642620672231,folhadespaulo,Folha de S.Paulo,veiculo_nacional,VEICULO,,Folha de S.Paulo,,,,,,,semanal,sem_b01_20260823-20260905.csv,https://www.facebook.com/transparency-tools/content-library/dataset/1119037145491882/instagram/post/1759053992037059/,156.0,23.0,20486.0,2026-09-17,355.6,1,posts_20260823-20260905.parquet,20260823-20260905,2026-09-03 01:15:19+00:00,2026-09-04 13:15:26+00:00,2026-09-17 20:54:00+00:00,2026-09-02 22:15:19-03:00,2026-09-03,2026-09-02,108,608,75af8d053ab6f3da8d342cd881550b313edf136048e72fc5723fb2d1b254f826,355.64472222222224,"NÃO DURMA SEM SABER 📰 | veja os destaques do noticiário desta quarta-feira (2) 👇

O ex-banqueiro Daniel Vorcaro afirmou em depoimento ao gabinete do ministro do STF André Mendonça que sofreu tortura psicológica, maus tratos e ameaças veladas na prisão para não relatar fatos ligados à PF em uma eventual delação premiada; Quaest: Lula tem 37%, Flávio Bolsonaro, 30%, e Cury chega a 10% no primeiro turno e CCJ aprova fim da escala 6x1 e votação vai a último estágio, no plenário do Senado

📲Leia mais na #Folha: folha.com/politica

🎥 Priscila Camazano (@priscila_camazano)

#videosdafolha #politica #naodurma",veiculo_nacional,1759053992037059,brpol2026_1759053992037059,pending
1681964447272553,2026-09-01T21:50:11+00:00,2026-09-01T23:47:43+00:00,2026-09-17T20:54:00+00:00,"Temporal - Uma forte chuva de granizo atingiu Mafra, no Norte de Santa Catarina, na tarde desta terça-feira (1º). As pedras de gelo ficaram acumuladas e as ruas chegaram a ficar brancas.

Santa Catarina tem registrado chuvas de granizo recentemente. A Defesa Civil informou que nove municípios decretaram situação de emergência desde sexta (28) por causa de estragos causados pelas pedras e acúmulo de chuva.

As equipes estão no local e não havia informações sobre estragos até a publicação desta reportagem. Pelas informações da Defesa Civil, a quarta (2) e a quinta (3) devem ser de tempo firme no estado.

Saiba mais no #g1. 

#granizo #temporal #g1santacatarina #notícias","[""temporal"",""not\u00edcias"",""g1"",""g1santacatarina"",""granizo""]",videos,pt,224266170664674,portalg1,g1,veiculo_nacional,VEICULO,,g1,,,,,,,semanal,sem_b01_20260823-20260905.csv,https://www.facebook.com/transparency-tools/content-library/dataset/1119037145491882/instagram/post/1681964447272553/,3442.0,97.0,281593.0,2026-09-17,383.1,1,posts_20260823-20260905.parquet,20260823-20260905,2026-09-01 21:50:11+00:00,2026-09-01 23:47:43+00:00,2026-09-17 20:54:00+00:00,2026-09-01 18:50:11-03:00,2026-09-01,2026-09-01,119,676,30d933f75522c829566cfa85b2027b03bd1181d3d720fd0f522d9e0c53110bdc,383.06361111111113,"Temporal - Uma forte chuva de granizo atingiu Mafra, no Norte de Santa Catarina, na tarde desta terça-feira (1º). As pedras de gelo ficaram acumuladas e as ruas chegaram a ficar brancas.

Santa Catarina tem registrado chuvas de granizo recentemente. A Defesa Civil informou que nove municípios decretaram situação de emergência desde sexta (28) por causa de estragos causados pelas pedras e acúmulo de chuva.

As equipes estão no local e não havia informações sobre estragos até a publicação desta reportagem. Pelas informações da Defesa Civil, a quarta (2) e a quinta (3) devem ser de tempo firme no estado.

Saiba mais no #g1. 

#granizo #temporal #g1santacatarina #notícias",veiculo_nacional,1681964447272553,brpol2026_1681964447272553,pending
1634055385065456,2026-08-22T23:45:20+00:00,2026-08-22T23:48:59+00:00,2026-09-17T00:25:00+00:00,"A violinista Elisa Fukuda, de 74 anos, teve a casa invadida e assaltada na madrugada de sexta-feira (21), na Aclimação, em São Paulo. Ela e o irmão foram feitos reféns durante a ação, e os criminosos obrigaram a artista a realizar transações bancárias. Entre os pertences roubados estão dois violinos de renomados artesãos italianos, Guadagnini e Giuseppe Gagliano, além de três arcos, celular, dinheiro e bebidas. Segundo a SSP-SP, o caso é investigado pelo 8º Distrito Policial do Brás. Elisa e o irmão não ficaram feridos.

📺 Confira na JP News
📌 Siga o nosso perfil @jovempannews

#SP #JovemPanNews #Violinista #Refém #ElisaFukuda","[""sp"",""violinista"",""jovempannews"",""ref\u00e9m"",""elisafukuda""]",photos,pt,158462267349776,jovempannews,Jovem Pan NEWS,veiculo_nacional,VEICULO,,Jovem Pan News,,,,,,,varredura,varredura_00_20260815-20260822.csv,https://www.facebook.com/transparency-tools/content-library/dataset/1119037145491882/instagram/post/1634055385065456/,12168.0,1323.0,413852.0,2026-09-16,600.7,1,posts_20260815-20260822.parquet,20260815-20260822,2026-08-22 23:45:20+00:00,2026-08-22 23:48:59+00:00,2026-09-17 00:25:00+00:00,2026-08-22 20:45:20-03:00,2026-08-22,2026-08-22,116,634,370a32e1cf32059c1fcf40974be94b2e6fa2ef05141bf1f1dc7d350a6a4efa76,600.6611111111112,"A violinista Elisa Fukuda, de 74 anos, teve a casa invadida e assaltada na madrugada de sexta-feira (21), na Aclimação, em São Paulo. Ela e o irmão foram feitos reféns durante a ação, e os criminosos obrigaram a artista a realizar transações bancárias. Entre os pertences roubados estão dois violinos de renomados artesãos italianos, Guadagnini e Giuseppe Gagliano, além de três arcos, celular, dinheiro e bebidas. Segundo a SSP-SP, o caso é investigado pelo 8º Distrito Policial do Brás. Elisa e o irmão não ficaram feridos.

📺 Confira na JP News
📌 Siga o nosso perfil @jovempannews

#SP #JovemPanNews #Violinista #Refém #ElisaFukuda",veiculo_nacional,1634055385065456,brpol2026_1634055385065456,pending
1782559682937773,2026-08-30T21:00:08+00:00,2026-08-30T21:03:36+00:00,2026-09-17T20:54:00+00:00,"O debate da Band TV, que abriu a série de encontros com candidatos a presidente nas eleições 2026, ficou esvaziado sem as presenças de Flávio Bolsonaro (PL), Luiz Inácio Lula da Silva (PT) e Romeu Zema (Novo). Até 4 de outubro, data marcada para a votação do primeiro turno, estão agendados mais três debates na televisão. A participação de Lula e de Flávio, porém, ainda é uma incógnita.

O próximo encontro está previsto para 14 de setembro e será transmitido em pool no SBT, RedeTV! e CNN Brasil, além de outros veículos digitais e rádios. Até agora, nem Flávio nem Lula confirmaram se estarão presentes.

➡ Leia mais: https://gazpovo.com/F2HHVlKb",,albums,pt,1210232833266033,gazetadopovo,Gazeta do Povo,veiculo_nacional,VEICULO,,Gazeta do Povo,,,,,,,semanal,sem_b01_20260823-20260905.csv,https://www.facebook.com/transparency-tools/content-library/dataset/1119037145491882/instagram/post/1782559682937773/,5226.0,193.0,320081.0,2026-09-17,431.9,1,posts_20260823-20260905.parquet,20260823-20260905,2026-08-30 21:00:08+00:00,2026-08-30 21:03:36+00:00,2026-09-17 20:54:00+00:00,2026-08-30 18:00:08-03:00,2026-08-30,2026-08-30,129,650,1a6f95e11d0575514d83d45353cc0bc9ca853185e317f362cfc6a66825b503d5,431.8977777777778,"O debate da Band TV, que abriu a série de encontros com candidatos a presidente nas eleições 2026, ficou esvaziado sem as presenças de Flávio Bolsonaro (PL), Luiz Inácio Lula da Silva (PT) e Romeu Zema (Novo). Até 4 de outubro, data marcada para a votação do primeiro turno, estão agendados mais três debates na televisão. A participação de Lula e de Flávio, porém, ainda é uma incógnita.

O próximo encontro está previsto para 14 de setembro e será transmitido em pool no SBT, RedeTV! e CNN Brasil, além de outros veículos digitais e rádios. Até agora, nem Flávio nem Lula confirmaram se estarão presentes.

➡ Leia mais: https://gazpovo.com/F2HHVlKb",veiculo_nacional,1782559682937773,brpol2026_1782559682937773,pending
1044325695272308,2026-08-20T17:05:25+00:00,2026-08-20T17:09:09+00:00,2026-09-17T00:25:00+00:00,"Nesta semana, Planaltina fez 167 anos. A filha primogênita do DF é meu lar há quase três décadas. E, por isso, é também o lugar onde mais acumulei memórias de infância e de adolescência. Com personalidade de cidade pequena, a RA reúne todos os estereótipos de interior. Ali, você pode facilmente se deparar com pessoas sobre cavalos dividindo a pista de caminhada com os pedestres na Avenida Independência. E está tudo bem (eu acho). 

Demorei anos para reconhecer a riqueza histórica e cultural de Planaltina. Vislumbrava mudar-me para mais perto do Plano Piloto assim que houvesse alguma oportunidade. O motivo estava na distância dos estudos e do trabalho, que, aliada à falta de transporte público de qualidade, me desanimava diariamente. E ainda desanima. Perceba que o problema não está em Planaltina.

Mas, de fato, mantive por anos distância de tudo que a classifica como cidade de interior. As celebrações religiosas, por exemplo, só fui conhecer depois que entrei no Correio e durante as coberturas desses eventos. Apesar de não ter religião e abominar quem a utiliza para promover discursos de ódio — mas esse papo fica para depois —, pude ter contato com a beleza da fé genuína, da Festa do Divino à Doutrina do Amanhecer. 

➡️ Acesse o site do Correio para ler o artigo completo no Blog Crônica da Cidade
📸: Kayo Magalhães/CB/D.A Press",,albums,pt,685408416727263,correio.braziliense,Correio Braziliense,veiculo_nacional,VEICULO,,Correio Braziliense,,,,,,,varredura,varredura_00_20260815-20260822.csv,https://www.facebook.com/transparency-tools/content-library/dataset/1119037145491882/instagram/post/1044325695272308/,446.0,19.0,16389.0,2026-09-11,655.3,1,posts_20260815-20260822.parquet,20260815-20260822,2026-08-20 17:05:25+00:00,2026-08-20 17:09:09+00:00,2026-09-17 00:25:00+00:00,2026-08-20 14:05:25-03:00,2026-08-20,2026-08-20,243,1348,dc366510497f136b88ae290d9985df377c40108b8194b767f583f6cdb9f739e2,655.3263888888889,"Nesta semana, Planaltina fez 167 anos. A filha primogênita do DF é meu lar há quase três décadas. E, por isso, é também o lugar onde mais acumulei memórias de infância e de adolescência. Com personalidade de cidade pequena, a RA reúne todos os estereótipos de interior. Ali, você pode facilmente se deparar com pessoas sobre cavalos dividindo a pista de caminhada com os pedestres na Avenida Independência. E está tudo bem (eu acho). 

Demorei anos para reconhecer a riqueza histórica e cultural de Planaltina. Vislumbrava mudar-me para mais perto do Plano Piloto assim que houvesse alguma oportunidade. O motivo estava na distância dos estudos e do trabalho, que, aliada à falta de transporte público de qualidade, me desanimava diariamente. E ainda desanima. Perceba que o problema não está em Planaltina.

Mas, de fato, mantive por anos distância de tudo que a classifica como cidade de interior. As celebrações religiosas, por exemplo, só fui conhecer depois que entrei no Correio e durante as coberturas desses eventos. Apesar de não ter religião e abominar quem a utiliza para promover discursos de ódio — mas esse papo fica para depois —, pude ter contato com a beleza da fé genuína, da Festa do Divino à Doutrina do Amanhecer. 

➡️ Acesse o site do Correio para ler o artigo completo no Blog Crônica da Cidade
📸: Kayo Magalhães/CB/D.A Press",veiculo_nacional,1044325695272308,brpol2026_1044325695272308,pending
1693582775048454,2026-08-15T15:32:16+00:00,2026-08-21T13:22:23+00:00,2026-09-17T00:25:00+00:00,"'Entramos em outra dimensão: um mundo feito de água'

Em 1999, Marco Amoretti e Marco de Candia atravessaram o Oceano Atlântico em carros flutuantes — a realização de um sonho antigo do pai de um deles, que estava morrendo de câncer.

Os dois jovens italianos passaram quatro meses navegando até o Caribe em carros preenchidos com espuma expansiva de poliuretano. Eles dormiram e cozinharam em barracas presas aos tetos dos veículos.

""O mar já não parecia um inimigo, e nos tornamos completamente parte dele.""

Veja mais no vídeo.

#BBCBrasil #carro #italia #oceano","[""oceano"",""bbcbrasil"",""carro"",""italia""]",videos,pt,896799731884824,bbcbrasil,BBC News | Brasil,veiculo_nacional,VEICULO,,BBC News Brasil,,,,,,,varredura,varredura_00_20260815-20260822.csv,https://www.facebook.com/transparency-tools/content-library/dataset/1119037145491882/instagram/post/1693582775048454/,25268.0,306.0,921174.0,2026-09-16,776.9,1,posts_20260815-20260822.parquet,20260815-20260822,2026-08-15 15:32:16+00:00,2026-08-21 13:22:23+00:00,2026-09-17 00:25:00+00:00,2026-08-15 12:32:16-03:00,2026-08-15,2026-08-15,98,566,b8525d05f62c9ccee047f5d9295069eb5c6114fc4ddec1d6d085d242eeb5fe21,776.8788888888889,"'Entramos em outra dimensão: um mundo feito de água'

Em 1999, Marco Amoretti e Marco de Candia atravessaram o Oceano Atlântico em carros flutuantes — a realização de um sonho antigo do pai de um deles, que estava morrendo de câncer.

Os dois jovens italianos passaram quatro meses navegando até o Caribe em carros preenchidos com espuma expansiva de poliuretano. Eles dormiram e cozinharam em barracas presas aos tetos dos veículos.

""O mar já não parecia um inimigo, e nos tornamos completamente parte dele.""

Veja mais no vídeo.

#BBCBrasil #carro #italia #oceano",veiculo_nacional,1693582775048454,brpol2026_1693582775048454,pending
1809610246903279,2026-09-07T09:00:20+00:00,2026-09-07T09:03:22+00:00,2026-09-19T12:48:00+00:00,"EDITORIAL | Cronicamente mendaz – “Já se perdeu a conta de quantas vezes o candidato declara algo sobre esse assunto e é obrigado a se desdizer quando surgem evidências de que ele não falou a verdade. Definitivamente, não é o comportamento que se espera de um postulante à Presidência da República, que por definição deve ser honesto. Pode até ser⁣
que haja eleitores para os quais isso não importa, e as pesquisas de intenção de voto mostram que talvez eles sejam muitos, mas idealmente não se pode esperar que o governo do País seja entregue a alguém que é cronicamente incapaz de dizer a verdade. Nisso, aliás, puxou o pai, que mentiu a mais não poder para chegar à Presidência e depois para governar. Deu no que deu”. Leia o texto completo no #LinkdaBio.","[""linkdabio""]",albums,pt,3693567090889530,estadao,Estadão 🗞,veiculo_nacional,VEICULO,,Estadão,,,,,,,semanal,sem_b01_20260906-20260912.csv,https://www.facebook.com/transparency-tools/content-library/dataset/1119037145491882/instagram/post/1809610246903279/,4259.0,958.0,63645.0,2026-09-19,291.8,1,posts_20260906-20260912.parquet,20260906-20260912,2026-09-07 09:00:20+00:00,2026-09-07 09:03:22+00:00,2026-09-19 12:48:00+00:00,2026-09-07 06:00:20-03:00,2026-09-07,2026-09-07,141,758,465f95324f0a28267af9f9928c726f9e1a60ca537e133cf5899f6c2143ceb48e,291.7944444444444,"EDITORIAL | Cronicamente mendaz – “Já se perdeu a conta de quantas vezes o candidato declara algo sobre esse assunto e é obrigado a se desdizer quando surgem evidências de que ele não falou a verdade. Definitivamente, não é o comportamento que se espera de um postulante à Presidência da República, que por definição deve ser honesto. Pode até ser⁣
que haja eleitores para os quais isso não importa, e as pesquisas de intenção de voto mostram que talvez eles sejam muitos, mas idealmente não se pode esperar que o governo do País seja entregue a alguém que é cronicamente incapaz de dizer a verdade. Nisso, aliás, puxou o pai, que mentiu a mais não poder para chegar à Presidência e depois para governar. Deu no que deu”. Leia o texto completo no #LinkdaBio.",veiculo_nacional,1809610246903279,brpol2026_1809610246903279,pending
1067758039380288,2026-09-07T21:57:19+00:00,2026-09-09T21:57:27+00:00,2026-09-19T12:48:00+00:00,"O partido de extrema direita Alternativa para a Alemanha (AfD) venceu as eleições estaduais, obtendo 38 das 42 cadeiras necessárias para eleger o governador. O resultado dá à legenda vantagem nas negociações para formar uma coalizão.

A AfD defende pautas controversas, como a separação de refugiados de estudantes alemães nas escolas e a revisão da cidadania de pessoas que o partido considera não suficientemente alemãs. 

A vitória também surpreendeu o atual chanceler Friedrich Merz, cujo partido recebeu apenas 17% dos votos no estado.
#bandnewstv #noticias","[""bandnewstv"",""noticias""]",videos,pt,1337965743501340,bandnewstv,BandNews TV,veiculo_nacional,VEICULO,,BandNews,,,,,,,semanal,sem_b01_20260906-20260912.csv,https://www.facebook.com/transparency-tools/content-library/dataset/1119037145491882/instagram/post/1067758039380288/,1267.0,609.0,31397.0,2026-09-19,278.8,1,posts_20260906-20260912.parquet,20260906-20260912,2026-09-07 21:57:19+00:00,2026-09-09 21:57:27+00:00,2026-09-19 12:48:00+00:00,2026-09-07 18:57:19-03:00,2026-09-07,2026-09-07,95,562,2df4cbf4293408ede69bdb8918326ea66223b8b53c0cab4979b2d7418ae7496b,278.84472222222223,"O partido de extrema direita Alternativa para a Alemanha (AfD) venceu as eleições estaduais, obtendo 38 das 42 cadeiras necessárias para eleger o governador. O resultado dá à legenda vantagem nas negociações para formar uma coalizão.

A AfD defende pautas controversas, como a separação de refugiados de estudantes alemães nas escolas e a revisão da cidadania de pessoas que o partido considera não suficientemente alemãs. 

A vitória também surpreendeu o atual chanceler Friedrich Merz, cujo partido recebeu apenas 17% dos votos no estado.
#bandnewstv #noticias",veiculo_nacional,1067758039380288,brpol2026_1067758039380288,pending
1097337192984337,2026-08-15T12:00:03+00:00,2026-08-15T12:01:53+00:00,2026-09-17T00:25:00+00:00,"A disputa presidencial de 2026 pode ter um confronto, no segundo turno, entre o presidente Luiz Inácio Lula da Silva (PT) e o senador Flávio Bolsonaro (PL). A corrida ao Palácio do Planalto deve ser marcada pelo choque de interpretações de problemas nacionais e pela tentativa de responsabilização do adversário. Diante disso, alguns dos temas centrais em debate serão segurança pública, custo de vida, soberania, programas sociais, caso Master e fraudes no INSS. Esses assuntos devem ser também os de maior impacto sobre o eleitorado.

Juan Carlos Arruda, diretor-geral do Ranking dos Políticos, acredita que segurança e economia deverão ganhar mais espaço ao longo da campanha. “O debate da redução da maioridade penal pôs a criminalidade na agenda nacional e o custo de vida é um dos principais fatores para definir voto”.

Arruda também aponta o caso Master como um dos maiores elementos de desgaste dos candidatos. A Operação Compliance Zero, da Polícia Federal para apurar a rede de influência do banqueiro Daniel Vorcaro, seguirá como relevante condicionante para a corrida presidencial, influindo diretamente na disputa.

Leia a reportagem completa na #GazetadoPovo:
https://gazpovo.com/vHX-5RSu

🖊️Design: Paula Franciele Cardoso","[""gazetadopovo""]",albums,pt,1210232833266033,gazetadopovo,Gazeta do Povo,veiculo_nacional,VEICULO,,Gazeta do Povo,,,,,,,varredura,varredura_00_20260815-20260822.csv,https://www.facebook.com/transparency-tools/content-library/dataset/1119037145491882/instagram/post/1097337192984337/,335.0,191.0,21582.0,2026-09-11,780.4,1,posts_20260815-20260822.parquet,20260815-20260822,2026-08-15 12:00:03+00:00,2026-08-15 12:01:53+00:00,2026-09-17 00:25:00+00:00,2026-08-15 09:00:03-03:00,2026-08-15,2026-08-15,211,1238,f4b59fefa261c584a089aa503ba9c449162ff5268115341484674c5ef1d8ce9e,780.4158333333334,"A disputa presidencial de 2026 pode ter um confronto, no segundo turno, entre o presidente Luiz Inácio Lula da Silva (PT) e o senador Flávio Bolsonaro (PL). A corrida ao Palácio do Planalto deve ser marcada pelo choque de interpretações de problemas nacionais e pela tentativa de responsabilização do adversário. Diante disso, alguns dos temas centrais em debate serão segurança pública, custo de vida, soberania, programas sociais, caso Master e fraudes no INSS. Esses assuntos devem ser também os de maior impacto sobre o eleitorado.

Juan Carlos Arruda, diretor-geral do Ranking dos Políticos, acredita que segurança e economia deverão ganhar mais espaço ao longo da campanha. “O debate da redução da maioridade penal pôs a criminalidade na agenda nacional e o custo de vida é um dos principais fatores para definir voto”.

Arruda também aponta o caso Master como um dos maiores elementos de desgaste dos candidatos. A Operação Compliance Zero, da Polícia Federal para apurar a rede de influência do banqueiro Daniel Vorcaro, seguirá como relevante condicionante para a corrida presidencial, influindo diretamente na disputa.

Leia a reportagem completa na #GazetadoPovo:
https://gazpovo.com/vHX-5RSu

🖊️Design: Paula Franciele Cardoso",veiculo_nacional,1097337192984337,brpol2026_1097337192984337,pending
944197474815644,2026-08-16T03:06:11+00:00,2026-08-18T03:06:16+00:00,2026-09-17T00:25:00+00:00,"FURACÃO LALA PODE ATINGIR REGIÃO

Lala, anteriormente uma tempestade tropical, se fortaleceu e se tornou um furacão na manhã de sábado (15), ao se aproximar da Ilha Grande do Havaí, disseram autoridades meteorológicas dos EUA.

O Centro Nacional de Furacões dos EUA informou que os ventos máximos sustentados de Lala atingiram 120 km/h (75 mph), classificando-a como um furacão de categoria 1. Mais cedo, um vento sustentado de 66 km/h (41 mph) e uma rajada de 102 km/h (64 mph) foram registrados em um ponto de observação próximo a South Point, a uma altitude de 167,6 metros (550 pés), segundo o centro.

O alerta do centro, emitido às 15h (horário de Brasília), informava que Lala estava trazendo ventos fortes e chuva intensa ao se aproximar da Ilha Grande. Caso o Lala chegue na região, será o primeiro furacão a atingir diretamente o estado em mais de 30 anos.

O Serviço Nacional de Meteorologia também alertou para ondas perigosas e alagamentos localizados.

O governador Johs Green declarou emergência em todo o estado.

#CNNBrasil #Furacão #Havaí 

📹 CNN Newsource","[""hava\u00ed"",""furac\u00e3o"",""cnnbrasil""]",videos,pt,327177210076193,cnnbrasil,CNN Brasil,veiculo_nacional,VEICULO,,CNN Brasil,,,,,,,varredura,varredura_00_20260815-20260822.csv,https://www.facebook.com/transparency-tools/content-library/dataset/1119037145491882/instagram/post/944197474815644/,3919.0,18.0,221936.0,2026-09-11,765.3,1,posts_20260815-20260822.parquet,20260815-20260822,2026-08-16 03:06:11+00:00,2026-08-18 03:06:16+00:00,2026-09-17 00:25:00+00:00,2026-08-16 00:06:11-03:00,2026-08-16,2026-08-16,200,1074,b35633301a82283326dc818ca886d0aad44d6e1de23524086afd543bb3131ef9,765.3136111111111,"FURACÃO LALA PODE ATINGIR REGIÃO

Lala, anteriormente uma tempestade tropical, se fortaleceu e se tornou um furacão na manhã de sábado (15), ao se aproximar da Ilha Grande do Havaí, disseram autoridades meteorológicas dos EUA.

O Centro Nacional de Furacões dos EUA informou que os ventos máximos sustentados de Lala atingiram 120 km/h (75 mph), classificando-a como um furacão de categoria 1. Mais cedo, um vento sustentado de 66 km/h (41 mph) e uma rajada de 102 km/h (64 mph) foram registrados em um ponto de observação próximo a South Point, a uma altitude de 167,6 metros (550 pés), segundo o centro.

O alerta do centro, emitido às 15h (horário de Brasília), informava que Lala estava trazendo ventos fortes e chuva intensa ao se aproximar da Ilha Grande. Caso o Lala chegue na região, será o primeiro furacão a atingir diretamente o estado em mais de 30 anos.

O Serviço Nacional de Meteorologia também alertou para ondas perigosas e alagamentos localizados.

O governador Johs Green declarou emergência em todo o estado.

#CNNBrasil #Furacão #Havaí 

📹 CNN Newsource",veiculo_nacional,944197474815644,brpol2026_944197474815644,pending
1028387923535360,2026-08-15T11:55:20+00:00,2026-08-15T11:56:37+00:00,2026-09-17T00:25:00+00:00,"FOZ DO AMAZONAS 🛢️ A Petrobras descobriu petróleo no poço Morpho, na Margem Equatorial, em um avanço que pode consolidar a região como uma nova fronteira estratégica de exploração e produção e elevar o papel do Brasil no cenário energético global. ⁣
⁣
A descoberta também reforça a perspectiva de segurança energética e reposição de reservas da estatal.⁣
⁣
🔗Saiba o que dizem os especialistas sobre a descoberta no #linkdabio","[""linkdabio""]",albums,pt,3693567090889530,estadao,Estadão 🗞,veiculo_nacional,VEICULO,,Estadão,,,,,,,varredura,varredura_00_20260815-20260822.csv,https://www.facebook.com/transparency-tools/content-library/dataset/1119037145491882/instagram/post/1028387923535360/,2229.0,189.0,49733.0,2026-09-11,780.5,1,posts_20260815-20260822.parquet,20260815-20260822,2026-08-15 11:55:20+00:00,2026-08-15 11:56:37+00:00,2026-09-17 00:25:00+00:00,2026-08-15 08:55:20-03:00,2026-08-15,2026-08-15,80,425,e1b18ec2802ae62b00698457d52f0259c563f19d51c738a8d37bf42689a4a686,780.4944444444444,"FOZ DO AMAZONAS 🛢️ A Petrobras descobriu petróleo no poço Morpho, na Margem Equatorial, em um avanço que pode consolidar a região como uma nova fronteira estratégica de exploração e produção e elevar o papel do Brasil no cenário energético global. ⁣
⁣
A descoberta também reforça a perspectiva de segurança energética e reposição de reservas da estatal.⁣
⁣
🔗Saiba o que dizem os especialistas sobre a descoberta no #linkdabio",veiculo_nacional,1028387923535360,brpol2026_1028387923535360,pending
