term,documents,sample_share_pct
federal,2123,21.23
deputado,2042,20.42
trabalho,1893,18.93
juntos,1693,16.93
pessoas,1528,15.28
estadual,1523,15.23
caminhada,1406,14.06
lado,1358,13.58
fazer,1343,13.43
povo,1294,12.94
precisa,1237,12.37
compromisso,1190,11.9
feira,1161,11.61
vida,1121,11.21
politica,1073,10.73
deputado federal,1065,10.65
pra,1024,10.24
forca,1016,10.16
estado,1006,10.06
deputado estadual,984,9.84
perto,971,9.71
anos,927,9.27
historia,907,9.07
seguimos,903,9.03
link,892,8.92
cnpj,876,8.76
vote,868,8.68
grande,868,8.68
todo,853,8.53
eleitoral,840,8.4
quero,812,8.12
leia,812,8.12
deputada,807,8.07
campanha,803,8.03
cidade,774,7.74
bio,761,7.61
presidente,758,7.58
saude,753,7.53
carinho,752,7.52
faz,741,7.41
onde,741,7.41
apoio,740,7.4
parte,737,7.37
dias,722,7.22
candidato,722,7.22
link bio,717,7.17
sempre,710,7.1
nesta,699,6.99
regiao,695,6.95
segundo,694,6.94
futuro,693,6.93
muita,678,6.78
familia,677,6.77
rio,669,6.69
verdade,666,6.66
momento,648,6.48
seguranca,647,6.47
nessa,646,6.46
melhor,642,6.42
completa,626,6.26
propaganda,626,6.26
luta,621,6.21
junto,606,6.06
propaganda eleitoral,605,6.05
continuar,596,5.96
durante,594,5.94
coragem,591,5.91
obrigado,578,5.78
amigos,574,5.74
frente,573,5.73
governador,560,5.6
lula,558,5.58
ruas,558,5.58
paulo,553,5.53
populacao,552,5.52
apos,550,5.5
voz,535,5.35
ouvir,520,5.2
projeto,515,5.15
vem,515,5.15
acredita,512,5.12
oportunidades,512,5.12
trabalhar,510,5.1
construir,502,5.02
seguir,498,4.98
trabalhando,497,4.97
realidade,497,4.97
levar,494,4.94
toda,492,4.92
uniao,492,4.92
transformar,490,4.9
especial,489,4.89
esperanca,482,4.82
assim,482,4.82
sabe,479,4.79
publica,475,4.75
outubro,474,4.74
novo,472,4.72
casa,471,4.71
confianca,468,4.68
governo,468,4.68
pais,461,4.61
video,458,4.58
apenas,453,4.53
forte,449,4.49
dessa,447,4.47
presenca,445,4.45
brasilia,444,4.44
encontro,439,4.39
nova,438,4.38
respeito,436,4.36
quer,435,4.35
alegria,433,4.33
energia,432,4.32
alem,431,4.31
federacao,422,4.22
educacao,421,4.21
publico,418,4.18
senado,416,4.16
coracao,416,4.16
senador,415,4.15
comigo,412,4.12
trabalha,409,4.09
ouvindo,409,4.09
policia,407,4.07
voto,406,4.06
enquanto,403,4.03
familias,403,4.03
seguimos juntos,402,4.02
hora,396,3.96
neste,394,3.94
deputada federal,391,3.91
reproducao,388,3.88
deus,385,3.85
time,383,3.83
mulheres,383,3.83
ver,382,3.82
defesa,382,3.82
responsabilidade,376,3.76
deputada estadual,376,3.76
tempo,374,3.74
conhece,370,3.7
antes,368,3.68
prefeito,368,3.68
diferenca,368,3.68
dois,366,3.66
pessoa,363,3.63
bem,363,3.63
materia,362,3.62
noite,361,3.61
poder,361,3.61
cuidar,361,3.61
amigo,359,3.59
meio,358,3.58
conversa,357,3.57
principalmente,355,3.55
fortalecer,353,3.53
rua,353,3.53
mulher,351,3.51
defender,346,3.46
nacional,346,3.46
eleicoes,345,3.45
eleicao,343,3.43
bolsonaro,339,3.39
sul,337,3.37
sociais,336,3.36
chegar,336,3.36
setembro,335,3.35
numero,335,3.35
presente,334,3.34
importante,332,3.32
redes,332,3.32
caminho,332,3.32
espaco,329,3.29
desse,328,3.28
nessa caminhada,327,3.27
experiencia,327,3.27
chegou,326,3.26
dentro,325,3.25
site,324,3.24
caso,324,3.24
primeiro,323,3.23
dialogo,319,3.19
bom,315,3.15
materia completa,314,3.14
recursos,312,3.12
maior,312,3.12
justica,311,3.11
desenvolvimento,309,3.09
domingo,307,3.07
comeca,307,3.07
comecou,305,3.05
vive,305,3.05
boa,305,3.05
informacoes,304,3.04
afirmou,304,3.04
flavio,303,3.03
bairro,302,3.02
protecao,300,3.0
conta,300,3.0
levando,300,3.0
oportunidade,298,2.98
missao,297,2.97
seja,294,2.94
receber,294,2.94
bahia,292,2.92
stories,291,2.91
mudar,289,2.89
vontade,287,2.87
mandato,285,2.85
redes sociais,282,2.82
tribunal,282,2.82
desta,281,2.81
rede,280,2.8
segunda,280,2.8
noticias,280,2.8
ano,279,2.79
precisamos,279,2.79
muitas,279,2.79
compartilhe,279,2.79
tao,278,2.78
parana,278,2.78
lugar,278,2.78
mundo,278,2.78
forma,277,2.77
merece,275,2.75
candidato deputado,275,2.75
disposicao,275,2.75
decisao,274,2.74
acesse,274,2.74
garantir,273,2.73
confira,272,2.72
camara,271,2.71
mil,271,2.71
mensagem,270,2.7
fazendo,270,2.7
fez,269,2.69
sendo,269,2.69
propostas,268,2.68
feita,268,2.68
ministro,267,2.67
trajetoria,267,2.67
lutar,267,2.67
resultado,266,2.66
continua,266,2.66
milhoes,265,2.65
fim,264,2.64
candidata,264,2.64
chega,263,2.63
norte,263,2.63
local,263,2.63
bora,262,2.62
podem,261,2.61
siga,260,2.6
pernambuco,260,2.6
assembleia,259,2.59
nunca,259,2.59
silva,258,2.58
vitoria,257,2.57
gratidao,257,2.57
proposito,257,2.57
atencao,257,2.57
direito,255,2.55
agosto,255,2.55
sabado,255,2.55
sexta,255,2.55
cuidado,254,2.54
abraco,254,2.54
mudanca,253,2.53
quarta,252,2.52
comunidade,252,2.52
parceria,251,2.51
liderancas,251,2.51
municipio,251,2.51
outras,250,2.5
partir,249,2.49
filho,249,2.49
acontecer,249,2.49
lei,248,2.48
nome,248,2.48
dignidade,247,2.47
santa,244,2.44
representar,244,2.44
quarta feira,243,2.43
centro,240,2.4
foto,240,2.4
certeza,239,2.39
desde,239,2.39
outros,239,2.39
minas,238,2.38
direitos,238,2.38
terca,236,2.36
falar,236,2.36
qualidade,236,2.36
coisa,236,2.36
atendimento,235,2.35
dar,235,2.35
municipios,234,2.34
stf,234,2.34
sexta feira,233,2.33
construindo,233,2.33
noticia,233,2.33
menos,232,2.32
semana,232,2.32
quinta,231,2.31
flavio bolsonaro,231,2.31
conversar,230,2.3
vidas,230,2.3
terca feira,228,2.28
tres,228,2.28
temos,227,2.27
dinheiro,227,2.27
segue,226,2.26
partido,226,2.26
rio grande,225,2.25
criancas,225,2.25
demais,225,2.25
politicas,224,2.24
social,224,2.24
desafios,224,2.24
oficial,224,2.24
ceara,218,2.18
leia materia,218,2.18
conhecer,217,2.17
acao,217,2.17
alexandre,216,2.16
terra,216,2.16
legislativa,216,2.16
cidades,215,2.15
coligacao,215,2.15
deputadoestadual,215,2.15
existe,215,2.15
ninguem,215,2.15
orgulho,214,2.14
deve,214,2.14
estava,214,2.14
caminhar,214,2.14
vice,214,2.14
alguem,214,2.14
janeiro,213,2.13
saber,212,2.12
historias,211,2.11
disse,211,2.11
homem,211,2.11
cultura,211,2.11
andre,211,2.11
joao,211,2.11
manha,210,2.1
colocar,210,2.1
quinta feira,210,2.1
acredito,210,2.1
fazem,210,2.1
primeira,209,2.09
mostrar,209,2.09
estou,209,2.09
acesso,208,2.08
santo,207,2.07
saiba,207,2.07
amor,206,2.06
candidatos,205,2.05
nesse,205,2.05
completa link,204,2.04
firmes,203,2.03
investimentos,203,2.03
valores,203,2.03
goias,202,2.02
duas,202,2.02
deste,202,2.02
recebeu,202,2.02
necessidades,201,2.01
certo,201,2.01
segunda feira,200,2.0
civil,199,1.99
candidatura,199,1.99
mostra,199,1.99
deputadofederal,199,1.99
queremos,199,1.99
mim,199,1.99
ontem,199,1.99
assembleia legislativa,197,1.97
vezes,197,1.97
resultados,197,1.97
forcas,196,1.96
conto,196,1.96
grupo,195,1.95
psd,195,1.95
comite,195,1.95
moraes,195,1.95
grandes,195,1.95
possivel,194,1.94
capital,193,1.93
liberdade,193,1.93
luiz,192,1.92
comentarios,192,1.92
santos,191,1.91
longe,191,1.91
tanto,190,1.9
avancar,190,1.9
ficar,189,1.89
estive,188,1.88
aquilo,187,1.87
daniel,187,1.87
gestao,186,1.86
mesma,186,1.86
feito,185,1.85
vereador,184,1.84
ajudar,184,1.84
contar,183,1.83
economia,183,1.83
acoes,183,1.83
violencia,183,1.83
outro,182,1.82
supremo,182,1.82
crime,181,1.81
falta,181,1.81
ideias,181,1.81
olho,181,1.81
vale,181,1.81
publicas,180,1.8
muitos,180,1.8
proposta,180,1.8
campo,179,1.79
chegando,179,1.79
viver,179,1.79
participacao,178,1.78
qualquer,178,1.78
republicanos,178,1.78
trabalho compromisso,177,1.77
cima,177,1.77
sido,177,1.77
firme,177,1.77
caminhos,177,1.77
congresso,176,1.76
fortalecendo,176,1.76
mato,176,1.76
equipe,176,1.76
divulgacao,175,1.75
ajuda,175,1.75
rio janeiro,174,1.74
acontece,174,1.74
interior,174,1.74
demandas,174,1.74
investigacao,173,1.73
adesivaco,173,1.73
estrutura,173,1.73
projetos,172,1.72
trabalhadores,172,1.72
federacao esperanca,172,1.72
amazonas,172,1.72
condicoes,172,1.72
feliz,172,1.72
cerca,170,1.7
pouco,170,1.7
processo,169,1.69
precisam,169,1.69
profissionais,169,1.69
representa,168,1.68
sentir,168,1.68
mendonca,168,1.68
diante,168,1.68
importancia,167,1.67
olhar,167,1.67
acordo,167,1.67
proteger,167,1.67
palavra,167,1.67
preciso,166,1.66
participar,166,1.66
deixar,166,1.66
banco,166,1.66
fica,166,1.66
novas,166,1.66
acima,165,1.65
busca,165,1.65
paraiba,165,1.65
grosso,165,1.65
municipal,165,1.65
sei,164,1.64
sistema,164,1.64
imagens,164,1.64
havia,164,1.64
venha,163,1.63
mato grosso,163,1.63
encontrar,163,1.63
quatro,163,1.63
perto pessoas,163,1.63
eleitoral cnpj,163,1.63
reportagem,162,1.62
diferente,162,1.62
esteve,162,1.62
enfrentar,162,1.62
proximo,161,1.61
distrito,161,1.61
longo,160,1.6
carro,160,1.6
ampliar,159,1.59
momentos,159,1.59
servico,159,1.59
fazer parte,159,1.59
diferentes,159,1.59
mao,159,1.59
entender,159,1.59
jeito,159,1.59
maranhao,158,1.58
tribunal federal,158,1.58
fui,158,1.58
gerais,158,1.58
horas,158,1.58
supremo tribunal,158,1.58
rumo,158,1.58
causa,157,1.57
situacao,157,1.57
faz parte,157,1.57
obrigada,157,1.57
teria,157,1.57
passo,156,1.56
decisoes,156,1.56
novos,156,1.56
fora,156,1.56
hospital,156,1.56
simples,156,1.56
moradores,155,1.55
zona,155,1.55
psb,155,1.55
seguranca publica,155,1.55
esporte,154,1.54
mostrou,154,1.54
candidata deputada,154,1.54
evento,154,1.54
metropoles,154,1.54
votar,154,1.54
policia federal,153,1.53
relacao,153,1.53
agenda,153,1.53
mae,153,1.53
volta,153,1.53
real,153,1.53
amanha,152,1.52
presidencia,152,1.52
quero levar,152,1.52
politico,152,1.52
propria,152,1.52
seguimos firmes,152,1.52
entao,152,1.52
jovens,151,1.51
direita,151,1.51
vida pessoas,151,1.51
veja,150,1.5
realmente,150,1.5
sociedade,150,1.5
piaui,149,1.49
portal,149,1.49
valor,148,1.48
construcao,148,1.48
papel,147,1.47
transformacao,147,1.47
servicos,147,1.47
atuacao,146,1.46
lancamento,146,1.46
proprio,146,1.46
pcdob,144,1.44
transforma,144,1.44
area,144,1.44
passou,143,1.43
minas gerais,143,1.43
principais,143,1.43
carlos,143,1.43
quase,143,1.43
produz,142,1.42
acreditam,142,1.42
infraestrutura,142,1.42
tanta,142,1.42
buscar,141,1.41
movimento,141,1.41
reconhecimento,141,1.41
master,140,1.4
ficou,140,1.4
agua,140,1.4
passa,140,1.4
militar,140,1.4
tarde,139,1.39
conosco,139,1.39
informacao,139,1.39
news,139,1.39
pai,139,1.39
vorcaro,139,1.39
mdb,138,1.38
sigo,138,1.38
operacao,138,1.38
conversando,138,1.38
aparece,138,1.38
renovacao,137,1.37
tantas,137,1.37
tive,137,1.37
rodrigues,137,1.37
outubro vote,137,1.37
debate,137,1.37
alexandre moraes,137,1.37
constroi,137,1.37
criar,136,1.36
final,136,1.36
escolha,136,1.36
crescer,136,1.36
areas,136,1.36
reuniao,136,1.36
pedido,135,1.35
eduardo,135,1.35
politicas publicas,135,1.35
entrevista,135,1.35
antonio,135,1.35
tenha,135,1.35
lima,135,1.35
andre mendonca,134,1.34
problemas,134,1.34
maria,134,1.34
pro,134,1.34
republica,134,1.34
estrada,134,1.34
espirito,134,1.34
melhorar,133,1.33
psol,133,1.33
professor,132,1.32
recepcao,132,1.32
dedicacao,131,1.31
problema,131,1.31
festa,131,1.31
nesta quarta,131,1.31
inclusao,131,1.31
construida,130,1.3
quanto,130,1.3
disputa,130,1.3
tras,130,1.3
espacos,130,1.3
jose,130,1.3
fazer diferenca,129,1.29
catarina,129,1.29
claro,129,1.29
inicio,129,1.29
cidadao,128,1.28
voltar,128,1.28
empresa,128,1.28
inacio,128,1.28
ocorreu,127,1.27
futuro melhor,127,1.27
todo mundo,127,1.27
resposta,127,1.27
espirito santo,127,1.27
renda,127,1.27
fala,127,1.27
independencia,126,1.26
empresas,126,1.26
dados,126,1.26
publicos,126,1.26
avancando,126,1.26
unidos,126,1.26
escuta,126,1.26
santa catarina,126,1.26
deixou,125,1.25
perfil,125,1.25
acompanhar,125,1.25
pedro,125,1.25
discurso,125,1.25
deu,125,1.25
escola,124,1.24
nesta sexta,124,1.24
realizado,124,1.24
combate,124,1.24
alguns,124,1.24
estados,124,1.24
jornal,124,1.24
inteligencia,123,1.23
outra,123,1.23
cheio,123,1.23
acre,122,1.22
vao,122,1.22
distrito federal,122,1.22
parabens,122,1.22
deixa,121,1.21
abrir,121,1.21
apresentar,121,1.21
periodo,121,1.21
mostrando,120,1.2
animais,120,1.2
continue,120,1.2
pronto,120,1.2
prefeitura,120,1.2
chama,120,1.2
ministerio,120,1.2
nesta terca,120,1.2
corpo,120,1.2
olho olho,119,1.19
mostram,119,1.19
deputados,119,1.19
conquista,118,1.18
valorizacao,118,1.18
nesta quinta,118,1.18
honra,118,1.18
encontros,118,1.18
policia civil,118,1.18
federacao uniao,118,1.18
fortalece,117,1.17
democracia,117,1.17
lula silva,117,1.17
qualidade vida,117,1.17
continuar trabalhando,116,1.16
crianca,116,1.16
pontos,116,1.16
superior,116,1.16
seria,116,1.16
sob,115,1.15
responsavel,115,1.15
todo estado,115,1.15
agencia,115,1.15
programa,115,1.15
progressista,115,1.15
vontade fazer,115,1.15
imagem,115,1.15
daniel vorcaro,115,1.15
branco,115,1.15
animal,114,1.14
querida,114,1.14
avenida,114,1.14
pra cima,114,1.14
diz,114,1.14
pdt,113,1.13
comunidades,113,1.13
ultima,113,1.13
geral,113,1.13
importantes,113,1.13
emprego,113,1.13
reeleicao,113,1.13
noticia completa,112,1.12
agradeco,112,1.12
nada,112,1.12
linda,112,1.12
reportagem completa,112,1.12
justo,112,1.12
leia noticia,112,1.12
escolher,112,1.12
tantos,112,1.12
disso,112,1.12
rondonia,112,1.12
medida,112,1.12
contas,112,1.12
apoiadores,111,1.11
investigacoes,111,1.11
algo,111,1.11
conquistas,110,1.1
jornada,110,1.1
maos,110,1.1
avante,110,1.1
cuida,110,1.1
costa,110,1.1
registro,109,1.09
profissional,109,1.09
presidente lula,109,1.09
neste domingo,109,1.09
nenhuma,109,1.09
chao,109,1.09
luiz inacio,109,1.09
uniao progressista,109,1.09
questao,109,1.09
jovem,109,1.09
caminhando,109,1.09
inacio lula,109,1.09
equipes,108,1.08
parte dessa,108,1.08
governadora,108,1.08
solucoes,107,1.07
obras,107,1.07
obra,107,1.07
federal stf,107,1.07
youtube,107,1.07
encontra,107,1.07
producao,107,1.07
mercado,107,1.07
fiscalizacao,107,1.07
fortes,106,1.06
solidariedade,106,1.06
lideranca,106,1.06
pesquisa,105,1.05
manter,105,1.05
material,105,1.05
whatsapp,105,1.05
passar,104,1.04
comente,104,1.04
nenhum,104,1.04
tera,103,1.03
prioridade,103,1.03
paz,103,1.03
instagram,103,1.03
medidas,103,1.03
seguir frente,103,1.03
cabeca,103,1.03
grande sul,103,1.03
aconteceu,102,1.02
central,102,1.02
setor,102,1.02
pratica,102,1.02
trabalhador,102,1.02
esperanca pcdob,102,1.02
tinha,102,1.02
acreditar,102,1.02
cobrar,102,1.02
meses,101,1.01
ganha,101,1.01
banco master,101,1.01
melhores,101,1.01
federal vote,101,1.01
pena,101,1.01
exige,101,1.01
cargo,101,1.01
musica,101,1.01
fundamental,100,1.0
transparencia,100,1.0
risco,100,1.0
conheca,100,1.0
envolvendo,100,1.0
organizacao,100,1.0
preso,100,1.0
instituto,99,0.99
valorizar,99,0.99
viva,99,0.99
nesta segunda,99,0.99
secretaria,99,0.99
tocantins,99,0.99
ferreira,99,0.99
psol rede,99,0.99
vitima,99,0.99
campos,99,0.99
portas,99,0.99
assista,98,0.98
link stories,98,0.98
acolhimento,98,0.98
ambiente,98,0.98
palavras,98,0.98
senadora,97,0.97
comecando,97,0.97
muitas vezes,97,0.97
cinco,97,0.97
celebrar,97,0.97
representacao,97,0.97
marcada,97,0.97
brasileiros,97,0.97
informou,97,0.97
regional,97,0.97
maiores,97,0.97
autoridades,97,0.97
conteudo,97,0.97
familiares,96,0.96
juntas,96,0.96
algumas,96,0.96
data,96,0.96
alto,96,0.96
ponto,96,0.96
oeste,96,0.96
comecar,96,0.96
neto,96,0.96
defendendo,96,0.96
juntos nessa,95,0.95
medo,95,0.95
uso,95,0.95
marcado,95,0.95
ocupar,95,0.95
cenario,95,0.95
importa,95,0.95
pedir,95,0.95
mensagens,94,0.94
cedo,94,0.94
tecnologia,94,0.94
representantes,94,0.94
etapa,94,0.94
parar,94,0.94
defende,94,0.94
porta,94,0.94
dessa caminhada,94,0.94
oliveira,94,0.94
vereadores,94,0.94
faca,94,0.94
filhos,94,0.94
lutando,94,0.94
bonito,94,0.94
justamente,93,0.93
conheco,93,0.93
servir,93,0.93
neste sabado,93,0.93
estadual vote,93,0.93
minasgerais,93,0.93
marco,92,0.92
vitimas,92,0.92
proxima,92,0.92
compartilhar,92,0.92
sonhos,92,0.92
corte,92,0.92
veiculo,92,0.92
marcelo,91,0.91
via,91,0.91
cheia,91,0.91
construimos,91,0.91
presidente luiz,91,0.91
declarou,91,0.91
comenta,91,0.91
reais,91,0.91
ato,91,0.91
estivemos,91,0.91
escolas,91,0.91
mes,90,0.9
ponta,90,0.9
policia militar,90,0.9
sentido,90,0.9
serao,90,0.9
acompanhe,90,0.9
popular,90,0.9
leis,90,0.9
matogrossodosul,89,0.89
prevencao,89,0.89
reforca,89,0.89
cnpj candidato,89,0.89
fizemos,89,0.89
sergio,89,0.89
vivo,89,0.89
capacidade,89,0.89
fiscalizar,89,0.89
juventude,88,0.88
congresso nacional,88,0.88
aumenta,88,0.88
milhares,88,0.88
realizada,88,0.88
ultimo,88,0.88
policiais,88,0.88
abencoe,88,0.88
entrega,87,0.87
atual,87,0.87
amiga,87,0.87
serie,87,0.87
veiculos,87,0.87
federacao psol,87,0.87
objetivo,87,0.87
canto,87,0.87
praca,87,0.87
pauta,86,0.86
agricultura,86,0.86
reune,86,0.86
destacou,86,0.86
digital,86,0.86
especialmente,86,0.86
lado lado,86,0.86
acesse site,86,0.86
daqui,86,0.86
deixe,86,0.86
escala,85,0.85
tratamento,85,0.85
prisao,85,0.85
dizer,85,0.85
porto,85,0.85
pessoal,85,0.85
fazem parte,85,0.85
conhecimento,85,0.85
oficialmente,85,0.85
parte historia,85,0.85
conversas,85,0.85
bio stories,84,0.84
conhecendo,84,0.84
ali,84,0.84
instituicoes,84,0.84
base,84,0.84
preparado,84,0.84
falando,84,0.84
saopaulo,84,0.84
dificuldades,84,0.84
vista,83,0.83
verdadeira,83,0.83
agir,83,0.83
desses,83,0.83
carreata,83,0.83
lucas,83,0.83
regioes,83,0.83
defendo,83,0.83
policial,83,0.83
significa,83,0.83
roraima,83,0.83
augusto,83,0.83
estiveram,83,0.83
tse,83,0.83
sim,83,0.83
rural,82,0.82
edicao,82,0.82
marca,82,0.82
deveria,82,0.82
sair,82,0.82
inauguracao,82,0.82
integra,82,0.82
veio,82,0.82
nomes,82,0.82
atras,82,0.82
convite,82,0.82
planejamento,82,0.82
tivemos,82,0.82
marcos,81,0.81
formacao,81,0.81
homens,81,0.81
vila,81,0.81
camara deputados,81,0.81
comeco,81,0.81
investimento,81,0.81
sucesso,81,0.81
necessidade,81,0.81
coronel,81,0.81
entrar,81,0.81
creditos,81,0.81
parlamentar,80,0.8
canal,80,0.8
ideia,80,0.8
aprendi,80,0.8
lutas,80,0.8
dessas,80,0.8
apoiar,80,0.8
agradecimento,80,0.8
aniversario,80,0.8
ouvindo pessoas,80,0.8
crise,80,0.8
transporte,80,0.8
cresce,80,0.8
inteira,80,0.8
apesar,80,0.8
seguir trabalhando,80,0.8
mobilizacao,80,0.8
desafio,80,0.8
pediu,80,0.8
estados unidos,79,0.79
proximos,79,0.79
renan,79,0.79
pergunta,79,0.79
enorme,79,0.79
virou,79,0.79
paulista,79,0.79
deus abencoe,79,0.79
ricardo,79,0.79
diferenca vida,79,0.79
visita,79,0.79
onda,79,0.79
sergipe,79,0.79
jardim,79,0.79
banqueiro,79,0.79
atraves,78,0.78
detalhes,78,0.78
bairros,78,0.78
perto realidade,78,0.78
assistencia,78,0.78
fundo,78,0.78
sejam,78,0.78
seis,78,0.78
construir futuro,78,0.78
toda regiao,78,0.78
cidadania,78,0.78
presentes,78,0.78
comercio,78,0.78
sonho,77,0.77
melhorias,77,0.77
opiniao,77,0.77
momento especial,77,0.77
luis,77,0.77
conhece perto,77,0.77
lindo,77,0.77
memoria,77,0.77
muita alegria,77,0.77
acesse link,77,0.77
ultimos,77,0.77
empregos,77,0.77
espera,76,0.76
buscando,76,0.76
diario,76,0.76
dor,76,0.76
grande norte,76,0.76
leia metropoles,76,0.76
entrou,76,0.76
olha,76,0.76
numeros,76,0.76
plano,76,0.76
jair,76,0.76
recebido,76,0.76
morte,76,0.76
enfrenta,75,0.75
ocorrencia,75,0.75
esquerda,75,0.75
junior,75,0.75
riodejaneiro,75,0.75
alagoas,75,0.75
solidaria,75,0.75
lembrar,75,0.75
registrado,75,0.75
fernando,75,0.75
diretamente,75,0.75
serio,75,0.75
emendas,75,0.75
gerar,75,0.75
deputadafederal,75,0.75
direcao,74,0.74
ordem,74,0.74
maes,74,0.74
controle,74,0.74
acidente,74,0.74
deputadaestadual,74,0.74
conforme,74,0.74
edson,74,0.74
realizar,74,0.74
atividades,74,0.74
parte desse,74,0.74
fogo,74,0.74
muita energia,74,0.74
cuidando,74,0.74
regras,73,0.73
referencia,73,0.73
tipo,73,0.73
credito,73,0.73
agradecer,73,0.73
facil,73,0.73
sozinho,73,0.73
freitas,73,0.73
secretario,73,0.73
principios,73,0.73
favor,73,0.73
casos,73,0.73
potencial,73,0.73
delegado,72,0.72
jingle,72,0.72
medico,72,0.72
iniciativa,72,0.72
globo,72,0.72
correio,72,0.72
motivo,72,0.72
rotina,72,0.72
vota,72,0.72
forca povo,72,0.72
discussao,72,0.72
ana,72,0.72
jogo,72,0.72
compartilha,72,0.72
boas,72,0.72
gera,72,0.72
urna,72,0.72
criacao,72,0.72
tradicao,72,0.72
contato,71,0.71
exatamente,71,0.71
total,71,0.71
mesa,71,0.71
sorriso,71,0.71
quero continuar,71,0.71
aceitar,71,0.71
coisas,71,0.71
reconhecer,71,0.71
recado,71,0.71
livre,71,0.71
parque,71,0.71
chuva,71,0.71
familiar,71,0.71
francisco,71,0.71
candidato presidencia,71,0.71
dificil,71,0.71
caminho certo,71,0.71
entende,71,0.71
ocorre,71,0.71
estado paulo,71,0.71
fabio,71,0.71
belo,70,0.7
mantem,70,0.7
reunir,70,0.7
abracos,70,0.7
determinou,70,0.7
prefeita,70,0.7
teresina,70,0.7
devem,70,0.7
incluindo,70,0.7
psdb,70,0.7
ministro andre,70,0.7
somar,70,0.7
bilhoes,70,0.7
politicos,70,0.7
irmao,70,0.7
estavam,70,0.7
simbora,70,0.7
recebe,70,0.7
empresario,70,0.7
geracao,70,0.7
espero,70,0.7
esposa,69,0.69
abriu,69,0.69
olhos,69,0.69
historico,69,0.69
vagas,69,0.69
nota,69,0.69
possibilidade,69,0.69
fiz,69,0.69
ensino,69,0.69
souza,69,0.69
chegou hora,69,0.69
corrupcao,69,0.69
sertao,69,0.69
unidade,69,0.69
coletivo,69,0.69
trazer,69,0.69
turma,69,0.69
tribunal superior,69,0.69
sabatina,69,0.69
divulgada,69,0.69
epoca,68,0.68
viu,68,0.68
superior eleitoral,68,0.68
senhora,68,0.68
defendeu,68,0.68
inteiro,68,0.68
fortalecimento,68,0.68
progressista uniao,68,0.68
passando,68,0.68
transito,68,0.68
parceiro,68,0.68
representatividade,68,0.68
prd,68,0.68
prazo,68,0.68
acreditando,68,0.68
associacao,68,0.68
seguro,68,0.68
decidiu,68,0.68
transformando,68,0.68
vote deputado,67,0.67
casas,67,0.67
rio branco,67,0.67
episodio,67,0.67
horizonte,67,0.67
usar,67,0.67
exemplo,67,0.67
professora,67,0.67
coloca,67,0.67
levantamento,67,0.67
publicacao,67,0.67
combater,67,0.67
pretende,67,0.67
consegue,67,0.67
clique,67,0.67
levando mensagem,67,0.67
interesses,67,0.67
esteja,67,0.67
gabinete,67,0.67
ganhou,67,0.67
principal,67,0.67
troca,67,0.67
fizeram,67,0.67
afirma,67,0.67
sentir perto,66,0.66
tirar,66,0.66
estadual cnpj,66,0.66
tao especial,66,0.66
nasceu,66,0.66
site link,66,0.66
presidencia republica,66,0.66
lado povo,66,0.66
votos,66,0.66
bombeiros,66,0.66
jesus,66,0.66
pagar,66,0.66
contou,66,0.66
locais,66,0.66
programacao,66,0.66
ministro alexandre,66,0.66
eleger,66,0.66
professores,66,0.66
for,65,0.65
documento,65,0.65
dinheiro publico,65,0.65
eventos,65,0.65
internacional,65,0.65
preve,65,0.65
diretor,65,0.65
peco,65,0.65
porem,65,0.65
faco,65,0.65
tecnico,65,0.65
zero,65,0.65
tanto carinho,64,0.64
direto,64,0.64
tentar,64,0.64
reproducao redes,64,0.64
passado,64,0.64
governo estado,64,0.64
faz diferenca,64,0.64
horario,64,0.64
companheiro,64,0.64
mudancas,64,0.64
rumo vitoria,64,0.64
universidade,64,0.64
amapa,64,0.64
territorio,64,0.64
instituicao,63,0.63
nasce,63,0.63
analise,63,0.63
carrega,63,0.63
contribuir,63,0.63
federacao renovacao,63,0.63
acompanha,63,0.63
fato,63,0.63
folha,63,0.63
muda,63,0.63
agentes,63,0.63
renovacao solidaria,63,0.63
leia site,63,0.63
olhando,63,0.63
desta quarta,63,0.63
faltam,63,0.63
saude educacao,63,0.63
amizade,63,0.63
gomes,63,0.63
logo,63,0.63
pede,63,0.63
sente,63,0.63
pressao,63,0.63
fazer diferente,63,0.63
coracao cheio,63,0.63
chamou,63,0.63
urnas,62,0.62
fortaleza,62,0.62
completo,62,0.62
lancamento campanha,62,0.62
bio foto,62,0.62
vivemos,62,0.62
rodrigo,62,0.62
abertura,62,0.62
eleitores,62,0.62
basta,62,0.62
inauguracao comite,62,0.62
desejo,62,0.62
cuidar pessoas,62,0.62
solucao,62,0.62
verdadeiro,62,0.62
completa site,62,0.62
registros,62,0.62
salvador,61,0.61
saiu,61,0.61
fim escala,61,0.61
carinho confianca,61,0.61
categoria,61,0.61
opcao,61,0.61
campograndems,61,0.61
promessa,61,0.61
envie,61,0.61
vida publica,61,0.61
trabalhadora,61,0.61
raizes,61,0.61
advogado,61,0.61
pra fazer,61,0.61
pautas,61,0.61
fachin,61,0.61
jair bolsonaro,61,0.61
coluna,61,0.61
estudantes,61,0.61
radio,61,0.61
virar,61,0.61
geracoes,61,0.61
futebol,61,0.61
recife,61,0.61
reducao,61,0.61
ministros,61,0.61
leva,61,0.61
coletiva,61,0.61
conselho,61,0.61
lado amigo,61,0.61
alta,60,0.6
alvo,60,0.6
manaus,60,0.6
embora,60,0.6
reuniu,60,0.6
empreende,60,0.6
morreu,60,0.6
legado,60,0.6
investir,60,0.6
julho,60,0.6
trouxe,60,0.6
novamente,60,0.6
identidade,60,0.6
segundo informacoes,60,0.6
voltou,60,0.6
avanco,60,0.6
familia amigos,60,0.6
pastor,60,0.6
renan santos,60,0.6
entregar,60,0.6
autonomia,60,0.6
ajudou,60,0.6
nunes,60,0.6
lado prefeito,60,0.6
possam,60,0.6
tenham,60,0.6
procedimentos,60,0.6
cena,60,0.6
diversas,59,0.59
cobranca,59,0.59
noite desta,59,0.59
vivi,59,0.59
tentativa,59,0.59
artificial,59,0.59
recebendo,59,0.59
unico,59,0.59
vencer,59,0.59
santana,59,0.59
tecnica,59,0.59
site correio,59,0.59
saude publica,59,0.59
rafael,59,0.59
parece,59,0.59
perder,59,0.59
fotos,59,0.59
ministerio publico,59,0.59
existem,59,0.59
deficiencia,59,0.59
carreira,59,0.59
homenagem,59,0.59
orcamento,59,0.59
senadores,59,0.59
conjunto,59,0.59
belo horizonte,59,0.59
ler,59,0.59
dono,59,0.59
onibus,58,0.58
leandro,58,0.58
grave,58,0.58
fonte,58,0.58
serra,58,0.58
camara federal,58,0.58
relatorio,58,0.58
acabou,58,0.58
acredita trabalho,58,0.58
continuar fazendo,58,0.58
marques,58,0.58
fatos,58,0.58
pois,58,0.58
conhecido,58,0.58
esperar,58,0.58
caminhar lado,58,0.58
foco,57,0.57
flaviobolsonaro,57,0.57
atitude,57,0.57
suspeito,57,0.57
tamo,57,0.57
vivendo,57,0.57
banqueiro daniel,57,0.57
manha desta,57,0.57
cruz,57,0.57
compartilhe video,57,0.57
texto,57,0.57
deste ano,57,0.57
plenario,57,0.57
madrugada,57,0.57
necessario,57,0.57
concentracao,57,0.57
inteligencia artificial,57,0.57
unidades,57,0.57
incrivel,57,0.57
edson fachin,57,0.57
reis,57,0.57
patrimonio,57,0.57
grosso sul,57,0.57
motivos,57,0.57
carros,56,0.56
ritmo,56,0.56
marcio,56,0.56
gosta,56,0.56
mobilidade,56,0.56
caminhada feita,56,0.56
sete,56,0.56
vereadora,56,0.56
contem,56,0.56
som,56,0.56
compromissos,56,0.56
candidato governo,56,0.56
cnpj federacao,56,0.56
recurso,56,0.56
atingiu,56,0.56
aberto,56,0.56
papo,56,0.56
luz,56,0.56
time lula,55,0.55
continuam,55,0.55
previsao,55,0.55
alerta,55,0.55
representante,55,0.55
protege,55,0.55
internet,55,0.55
verde,55,0.55
pensar,55,0.55
segurancapublica,55,0.55
metropolitana,55,0.55
resgate,55,0.55
crimes,55,0.55
clube,55,0.55
possa,55,0.55
crescimento,55,0.55
play,55,0.55
decadas,55,0.55
pessoas acreditam,55,0.55
diversos,55,0.55
documentos,55,0.55
milhao,55,0.55
bio reproducao,55,0.55
experiencias,55,0.55
lider,55,0.55
mora,55,0.55
politica faz,55,0.55
responder,55,0.55
fomos,55,0.55
salario,55,0.55
capitulo,55,0.55
querido,55,0.55
dona,54,0.54
linha,54,0.54
conhece realidade,54,0.54
paga,54,0.54
materiais,54,0.54
sol,54,0.54
mudou,54,0.54
turismo,54,0.54
show,54,0.54
passagem,54,0.54
vem comigo,54,0.54
bruno,54,0.54
aprender,54,0.54
rocha,54,0.54
alegre,54,0.54
corrida,54,0.54
moto,54,0.54
falou,54,0.54
comunicacao,54,0.54
jornalista,54,0.54
disponivel,54,0.54
vaga,54,0.54
manda,54,0.54
abaixo,54,0.54
largada,54,0.54
deste sabado,54,0.54
fazer acontecer,54,0.54
idade,54,0.54
natal,54,0.54
chegar longe,54,0.54
apresentado,53,0.53
comissao,53,0.53
conseguir,53,0.53
azul,53,0.53
passos,53,0.53
apoia,53,0.53
prioridades,53,0.53
envolvidos,53,0.53
pequeno,53,0.53
acabar,53,0.53
santacatarina,53,0.53
respostas,53,0.53
talvez,53,0.53
apresentou,53,0.53
fernandes,53,0.53
ronaldo,53,0.53
podera,53,0.53
tarcisio,53,0.53
traz,53,0.53
cury,53,0.53
filha,53,0.53
investigado,53,0.53
prova,52,0.52
gosto,52,0.52
rosa,52,0.52
denuncia,52,0.52
espalhar,52,0.52
todo carinho,52,0.52
distrital,52,0.52
celular,52,0.52
quais,52,0.52
cria,52,0.52
senhor,52,0.52
identificar,52,0.52
primeiros,52,0.52
avaliacao,52,0.52
constituicao,52,0.52
entrada,52,0.52
inclusive,52,0.52
esperando,52,0.52
tornou,52,0.52
tamo junto,52,0.52
delegacia,52,0.52
curitiba,52,0.52
limites,52,0.52
juntos construir,52,0.52
impacto,52,0.52
eleitoral coligacao,52,0.52
parlamentares,52,0.52
chance,52,0.52
coragem compromisso,52,0.52
movimenta,52,0.52
peso,51,0.51
valer,51,0.51
diariamente,51,0.51
sus,51,0.51
alves,51,0.51
federal cnpj,51,0.51
poucos,51,0.51
sequencia,51,0.51
aplicativo,51,0.51
hospitais,51,0.51
conseguiu,51,0.51
mostrou forca,51,0.51
comerciantes,51,0.51
exames,51,0.51
lembra,51,0.51
cultural,51,0.51
aumento,51,0.51
morador,51,0.51
comecamos,51,0.51
matogrosso,51,0.51
dialogando,51,0.51
companhia,51,0.51
bate,51,0.51
destinados,51,0.51
resolver,51,0.51
chegada,51,0.51
tao importante,51,0.51
campanha eleitoral,51,0.51
lazer,51,0.51
ficam,51,0.51
regiao metropolitana,51,0.51
clara,51,0.51
tratar,51,0.51
chegam,50,0.5
incentivo,50,0.5
partida,50,0.5
comida,50,0.5
evitar,50,0.5
vive realidade,50,0.5
bom demais,50,0.5
tamanho,50,0.5
bonita,50,0.5
tomadas,50,0.5
entanto,50,0.5
juntos fazer,50,0.5
sigilo,50,0.5
demonstracao,50,0.5
pereira,50,0.5
federais,50,0.5
arte,50,0.5
permanece,50,0.5
cnpj coligacao,50,0.5
contrato,50,0.5
registrada,50,0.5
unica,50,0.5
compromisso povo,50,0.5
atender,50,0.5
produtos,50,0.5
corpo bombeiros,50,0.5
relevancia,50,0.5
seguem,50,0.5
economica,50,0.5
escolheu,50,0.5
desse momento,50,0.5
bandeiras,50,0.5
dando,50,0.5
impostos,50,0.5
chamado,50,0.5
nessa luta,50,0.5
raquel,50,0.5
operacoes,50,0.5
equipamentos,50,0.5
empreendedorismo,50,0.5
justa,50,0.5
posso,49,0.49
melhorar vida,49,0.49
nivel,49,0.49
participei,49,0.49
produtor,49,0.49
jornaldebrasilia,49,0.49
conquistar,49,0.49
post,49,0.49
marcou,49,0.49
tomou,49,0.49
infancia,49,0.49
militares,49,0.49
aponta,49,0.49
autoridade,49,0.49
viagem,49,0.49
liberal,49,0.49
leste,49,0.49
plataforma,49,0.49
turno,49,0.49
mostrar forca,49,0.49
recuperacao,49,0.49
senado federal,49,0.49
tema,49,0.49
paises,49,0.49
acorda,49,0.49
atividade,49,0.49
manutencao,49,0.49
abertas,49,0.49
estado rio,48,0.48
ouvido,48,0.48
fazer politica,48,0.48
justica eleitoral,48,0.48
pagamento,48,0.48
acredito politica,48,0.48
sai,48,0.48
construido,48,0.48
servidores,48,0.48
siga perfil,48,0.48
produtores,48,0.48
desta terca,48,0.48
recebemos,48,0.48
administracao,48,0.48
destino,48,0.48
eleitoral tse,48,0.48
criticou,48,0.48
reduzir,48,0.48
caminhada seguimos,48,0.48
rede psol,48,0.48
agricultura familiar,48,0.48
abandono,48,0.48
organizado,48,0.48
abre,48,0.48
cafe,48,0.48
renovar,48,0.48
davi,48,0.48
velha,48,0.48
vale pena,48,0.48
daqueles,48,0.48
garantindo,48,0.48
brasileiras,48,0.48
desta quinta,48,0.48
participa,48,0.48
erro,48,0.48
obrigado carinho,48,0.48
julgamento,48,0.48
pronta,47,0.47
cargos,47,0.47
palco,47,0.47
realizadas,47,0.47
construiu,47,0.47
ribeiro,47,0.47
preco,47,0.47
apreensao,47,0.47
apresenta,47,0.47
cobrando,47,0.47
judicial,47,0.47
aparecem,47,0.47
residencia,47,0.47
funciona,47,0.47
industria,47,0.47
felipe,47,0.47
preparada,47,0.47
marque,47,0.47
determinacao,47,0.47
realidades,47,0.47
oito,47,0.47
juridica,47,0.47
acha,47,0.47
filme,47,0.47
ouvir perto,47,0.47
manifestacao,47,0.47
estaduais,47,0.47
chapa,47,0.47
poderia,47,0.47
eleitoral eleicao,47,0.47
pes,47,0.47
caminha,47,0.47
carrego,47,0.47
eleitoral federacao,47,0.47
amo,47,0.47
goiania,47,0.47
trecho,47,0.47
soberania,46,0.46
deus continue,46,0.46
igreja,46,0.46
seguida,46,0.46
continuidade,46,0.46
trabalho verdade,46,0.46
fernanda,46,0.46
recebo,46,0.46
tomar,46,0.46
tradicional,46,0.46
enfrentam,46,0.46
lista,46,0.46
declaracao,46,0.46
poder publico,46,0.46
ajudam,46,0.46
governo federal,46,0.46
jornalistica,46,0.46
querem,46,0.46
andrei,46,0.46
profissao,46,0.46
pesquisas,46,0.46
origem,46,0.46
ausencia,46,0.46
sabendo,46,0.46
conteudos,46,0.46
aproximadamente,46,0.46
imprensa,46,0.46
vir,46,0.46
margem,46,0.46
financiamento,46,0.46
compromisso pessoas,46,0.46
autor,46,0.46
adesivo,45,0.45
acaba,45,0.45
bandeira,45,0.45
guerra,45,0.45
orgaos,45,0.45
lopes,45,0.45
classe,45,0.45
havia sido,45,0.45
calor,45,0.45
relacionadas,45,0.45
eleitor,45,0.45
trata,45,0.45
participantes,45,0.45
anunciou,45,0.45
une,45,0.45
transformou,45,0.45
reforma,45,0.45
litoral,45,0.45
ataques,45,0.45
diagnostico,45,0.45
vira,45,0.45
causas,45,0.45
preparar,45,0.45
roberto,45,0.45
gustavo,45,0.45
esquecer,45,0.45
progressistas,45,0.45
visao,45,0.45
motorista,45,0.45
realizacao,45,0.45
chamar,45,0.45
pedindo,45,0.45
reencontrar,45,0.45
legal,45,0.45
augusto cury,45,0.45
proximas,45,0.45
idosos,45,0.45
identificacao,45,0.45
promessas,45,0.45
confirma,44,0.44
viveu,44,0.44
maioria,44,0.44
mental,44,0.44
houve,44,0.44
fique,44,0.44
psdb cidadania,44,0.44
levou,44,0.44
acreditamos,44,0.44
acredita politica,44,0.44
companheiros,44,0.44
corporacao,44,0.44
aguas,44,0.44
prd solidariedade,44,0.44
bracos,44,0.44
sentindo,44,0.44
reconhece,44,0.44
forca seguir,44,0.44
comando,44,0.44
vim,44,0.44
retirada,44,0.44
especiais,44,0.44
parceiros,44,0.44
conte,44,0.44
saida,44,0.44
aprovacao,44,0.44
cara,44,0.44
emocionante,44,0.44
guilherme,44,0.44
henrique,44,0.44
meio ambiente,44,0.44
reporter,44,0.44
caminham,44,0.44
encontrado,44,0.44
exclusivo,44,0.44
feminicidio,44,0.44
redacao,44,0.44
politica feita,44,0.44
jorge,44,0.44
posicao,44,0.44
federal paulo,44,0.44
varios,44,0.44
participou,44,0.44
minutos,43,0.43
maneira,43,0.43
solidaria prd,43,0.43
socorro,43,0.43
somando,43,0.43
situacoes,43,0.43
momento tao,43,0.43
palacio,43,0.43
assis,43,0.43
confira news,43,0.43
conhecem,43,0.43
leia coluna,43,0.43
gravacao,43,0.43
acompanhando,43,0.43
significado,43,0.43
oferecer,43,0.43
ocupando,43,0.43
tive alegria,43,0.43
recebi,43,0.43
parada,43,0.43
retorno,43,0.43
construi,43,0.43
devido,43,0.43
afastamento,43,0.43
jornalistica encontra,43,0.43
paula,43,0.43
muita coisa,43,0.43
bora pra,43,0.43
correio ler,43,0.43
explicar,43,0.43
economico,43,0.43
informacoes acesse,43,0.43
camisa,43,0.43
chefe,43,0.43
chamou atencao,43,0.43
depende,43,0.43
transformar vidas,43,0.43
perdeu,43,0.43
seguir avancando,43,0.43
gesto,43,0.43
elmano,43,0.43
relevancia jornalistica,43,0.43
ciclo,43,0.43
petista,43,0.43
renato,43,0.43
estara,43,0.43
votacao,43,0.43
abencoando,42,0.42
comigo nessa,42,0.42
estrategia,42,0.42
leia reportagem,42,0.42
sinais,42,0.42
assumir,42,0.42
processos,42,0.42
escolhi,42,0.42
lugares,42,0.42
sede,42,0.42
financeira,42,0.42
acolhida,42,0.42
pessoas deficiencia,42,0.42
sabem,42,0.42
silencio,42,0.42
decidir,42,0.42
territorios,42,0.42
perde,42,0.42
pedidos,42,0.42
possiveis,42,0.42
campeonato,42,0.42
preocupacao,42,0.42
apresentacao,42,0.42
responsaveis,42,0.42
convivencia,42,0.42
ajudando,42,0.42
influencia,42,0.42
registrou,42,0.42
dada,42,0.42
colocando,42,0.42
escolhas,42,0.42
imposto,42,0.42
contilnet,42,0.42
sessao,42,0.42
presenca compromisso,42,0.42
dark,42,0.42
garante,42,0.42
funcionarios,42,0.42
ganhar,42,0.42
posto,42,0.42
segundo policia,42,0.42
oracao,42,0.42
criticas,42,0.42
varias,42,0.42
levado,42,0.42
encontrou,42,0.42
democratico,42,0.42
conhecendo perto,41,0.41
taxa,41,0.41
relato,41,0.41
dever,41,0.41
nova caminhada,41,0.41
dark horse,41,0.41
sindicato,41,0.41
quadro,41,0.41
modelo,41,0.41
quero fazer,41,0.41
proprias,41,0.41
acontecendo,41,0.41
produzir,41,0.41
assunto,41,0.41
chegaram,41,0.41
perto carinho,41,0.41
alimentacao,41,0.41
perto forca,41,0.41
sozinha,41,0.41
guarda,41,0.41
martins,41,0.41
ocorrido,41,0.41
corrente,41,0.41
executivo,41,0.41
judiciario,41,0.41
tornar,41,0.41
junto povo,41,0.41
eventual,41,0.41
contratos,41,0.41
participaram,41,0.41
planalto,41,0.41
celebramos,41,0.41
interesse,41,0.41
presidente flavio,41,0.41
fase,41,0.41
encontramos,41,0.41
cesar,41,0.41
inovacao,41,0.41
politica publica,41,0.41
clima,41,0.41
venha fazer,41,0.41
resistencia,41,0.41
cumprir,41,0.41
denuncias,41,0.41
dentro casa,41,0.41
negocios,41,0.41
discutir,41,0.41
soares,41,0.41
mandatos,41,0.41
rui,41,0.41
abraco palavra,41,0.41
carvalho,41,0.41
horse,41,0.41
distritofederal,41,0.41
nordeste,40,0.4
inquerito,40,0.4
neste setembro,40,0.4
publicada,40,0.4
alem disso,40,0.4
eleito,40,0.4
encontra link,40,0.4
acompanhado,40,0.4
acompanhamento,40,0.4
batalha,40,0.4
natureza,40,0.4
peca,40,0.4
segura,40,0.4
atipicas,40,0.4
estradas,40,0.4
ouvir pessoas,40,0.4
alguma,40,0.4
jamais,40,0.4
classificou,40,0.4
enfrentando,40,0.4
ouvindo perto,40,0.4
localizado,40,0.4
apuracao,40,0.4
festival,40,0.4
seriedade,40,0.4
perto povo,40,0.4
quero agradecer,40,0.4
estiver,40,0.4
lula presidente,40,0.4
fortalecem,40,0.4
permite,40,0.4
merece respeito,40,0.4
merecem,40,0.4
estarei,40,0.4
disponiveis,40,0.4
compra,40,0.4
dessa historia,40,0.4
termos,40,0.4
pra frente,40,0.4
jovempannews,40,0.4
salva,40,0.4
vice prefeito,40,0.4
ajude,40,0.4
jornalismo,40,0.4
entra,40,0.4
trabalho serio,40,0.4
nacao,40,0.4
tenta,40,0.4
ficaram,40,0.4
mendes,40,0.4
muitos anos,40,0.4
participando,40,0.4
renova,39,0.39
divulgado,39,0.39
nesses,39,0.39
ocupa,39,0.39
conto voto,39,0.39
grupos,39,0.39
pista,39,0.39
relatos,39,0.39
nikolas,39,0.39
identificado,39,0.39
estaremos,39,0.39
esteve presente,39,0.39
fisica,39,0.39
cameras,39,0.39
leia link,39,0.39
acolher,39,0.39
conto apoio,39,0.39
praia,39,0.39
venda,39,0.39
pacientes,39,0.39
fazendo diferenca,39,0.39
fico,39,0.39
conseguimos,39,0.39
expectativa,39,0.39
andrei rodrigues,39,0.39
cabo,39,0.39
faltam dias,39,0.39
representam,39,0.39
orgao,39,0.39
esperamos,39,0.39
reforcar,39,0.39
capaz,39,0.39
estadao,39,0.39
contar comigo,39,0.39
bernardo,39,0.39
caminhada continua,39,0.39
prestigiar,39,0.39
receber carinho,39,0.39
relacionados,39,0.39
inclui,39,0.39
relacoes,39,0.39
sabia,39,0.39
muita disposicao,39,0.39
digna,38,0.38
comum,38,0.38
news siga,38,0.38
barra,38,0.38
coragem trabalho,38,0.38
cnpj partido,38,0.38
acorda cedo,38,0.38
suspeita,38,0.38
esquema,38,0.38
delegada,38,0.38
tratado,38,0.38
capitao,38,0.38
candidaturas,38,0.38
viral,38,0.38
passamos,38,0.38
ira,38,0.38
lyra,38,0.38
maia,38,0.38
folhavitoria,38,0.38
trafico,38,0.38
raiz,38,0.38
raquel lyra,38,0.38
gracas,38,0.38
trabalha produz,38,0.38
terceiro,38,0.38
reproducao instagram,38,0.38
fosse,38,0.38
precisou,38,0.38
seguimos trabalhando,38,0.38
pimenta,38,0.38
reafirmar,38,0.38
dez,38,0.38
conversamos,38,0.38
fazem diferenca,38,0.38
beneficios,38,0.38
gratuita,38,0.38
ferramenta,38,0.38
fortalece caminhada,38,0.38
presidente jair,38,0.38
baixada,38,0.38
tiveram,38,0.38
candidato senado,38,0.38
ligado,38,0.38
ampliacao,38,0.38
trocar,38,0.38
douglas,38,0.38
emocao,38,0.38
ouvida,38,0.38
rogerio,38,0.38
carinho apoio,38,0.38
institucional,38,0.38
humana,38,0.38
humanos,38,0.38
rosto,38,0.38
queda,37,0.37
almeida,37,0.37
alunos,37,0.37
psb pdt,37,0.37
romeu,37,0.37
dino,37,0.37
simplesmente,37,0.37
basico,37,0.37
dra,37,0.37
incendio,37,0.37
ouvi,37,0.37
galera,37,0.37
anterior,37,0.37
casal,37,0.37
nesse projeto,37,0.37
deste domingo,37,0.37
uniao progressistas,37,0.37
drogas,37,0.37
medio,37,0.37
caixa,37,0.37
teu,37,0.37
muita vontade,37,0.37
apresentada,37,0.37
ciencia,37,0.37
movimentos,37,0.37
servico publico,37,0.37
imovel,37,0.37
sala,37,0.37
pec,37,0.37
trabalhadoras,37,0.37
nascimento,37,0.37
articulacao,37,0.37
moura,37,0.37
move,37,0.37
salvar,37,0.37
entregas,37,0.37
mata,37,0.37
desta segunda,37,0.37
sentimento,37,0.37
bolso,37,0.37
receber apoio,37,0.37
curta,37,0.37
alerj,37,0.37
ensinou,37,0.37
possui,37,0.37
clique link,37,0.37
deixando,37,0.37
normal,37,0.37
endereco,37,0.37
usando,37,0.37
renovam,37,0.37
aula,37,0.37
belem,37,0.37
levar voz,37,0.37
fim semana,37,0.37
ponte,37,0.37
saude mental,37,0.37
alex,37,0.37
tranquilidade,37,0.37
conhecer perto,37,0.37
suspensao,37,0.37
tantos amigos,37,0.37
resgatar,37,0.37
companheira,37,0.37
suspeitos,37,0.37
fechado,37,0.37
graves,37,0.37
teixeira,37,0.37
novas oportunidades,37,0.37
crescendo,37,0.37
confirmou,37,0.37
emenda,36,0.36
instrumento,36,0.36
distribuicao,36,0.36
liga,36,0.36
padre,36,0.36
paes,36,0.36
artista,36,0.36
vice governador,36,0.36
independente,36,0.36
chamada,36,0.36
trabalham,36,0.36
pra deputado,36,0.36
oficial campanha,36,0.36
foto reproducao,36,0.36
continue abencoando,36,0.36
menor,36,0.36
impedir,36,0.36
pre,36,0.36
marido,36,0.36
outubro deputado,36,0.36
contem comigo,36,0.36
detalhe,36,0.36
celebracao,36,0.36
disciplina,36,0.36
historica,36,0.36
colocou,36,0.36
dado,36,0.36
calar,36,0.36
permitir,36,0.36
preservar,36,0.36
plataformas,36,0.36
permanente,36,0.36
caiado,36,0.36
investiga,36,0.36
junho,36,0.36
seguimos construindo,36,0.36
receberam,36,0.36
fluminense,36,0.36
pele,36,0.36
conferir,36,0.36
agro,36,0.36
peco voto,36,0.36
forca trabalho,36,0.36
tantas pessoas,36,0.36
meionews,36,0.36
novembro,36,0.36
trabalho presenca,36,0.36
ganha forca,36,0.36
levo,36,0.36
rapido,36,0.36
extrema,36,0.36
gabriel,36,0.36
perceber,36,0.36
cuidados,36,0.36
publicado,36,0.36
pessoas ouvindo,36,0.36
decide,36,0.36
pessoas ouvir,36,0.36
digno,36,0.36
intencoes,36,0.36
demanda,36,0.36
curso,36,0.36
provocou,36,0.36
negocio,36,0.36
energia boa,36,0.36
explica,36,0.36
criminosos,36,0.36
caminhada comecando,36,0.36
historia trabalho,35,0.35
honrar,35,0.35
precisar,35,0.35
divulgada nesta,35,0.35
casamento,35,0.35
rede cnpj,35,0.35
exclusivo envie,35,0.35
cristo,35,0.35
feitas,35,0.35
apresentados,35,0.35
portaldoholanda,35,0.35
pra mim,35,0.35
zema,35,0.35
wagner,35,0.35
essenciais,35,0.35
ouviu,35,0.35
crime organizado,35,0.35
mudar realidade,35,0.35
franca,35,0.35
anota,35,0.35
leite,35,0.35
leo,35,0.35
circunstancias,35,0.35
encontrei,35,0.35
encontraram,35,0.35
aprovou,35,0.35
transformar vida,35,0.35
doenca,35,0.35
video exclusivo,35,0.35
mal,35,0.35
emergencia,35,0.35
estudar,35,0.35
pessoa esteve,35,0.35
integrantes,35,0.35
impossivel,35,0.35
bens,35,0.35
devera,35,0.35
acusacoes,35,0.35
reunioes,35,0.35
vinicius,35,0.35
amigas,35,0.35
escreveu,35,0.35
regra,35,0.35
novo capitulo,35,0.35
dep,35,0.35
penha,35,0.35
informacao video,35,0.35
sousa,35,0.35
partido liberal,35,0.35
descobrir,35,0.35
caminhada rumo,35,0.35
certa,35,0.35
resolve,35,0.35
suspeitas,35,0.35
precisa chegar,35,0.35
chame,35,0.35
moradia,35,0.35
centenas,35,0.35
adolescente,35,0.35
federal propaganda,35,0.35
caminhada juntos,35,0.35
luto,35,0.35
representando,35,0.35
federacao psdb,35,0.35
destaque,35,0.35
autorizacao,35,0.35
perguntas,35,0.35
confronto,35,0.35
dupla,35,0.35
formar,35,0.35
temas,35,0.35
permanecer,35,0.35
urgencia,35,0.35
artistas,35,0.35
ama,35,0.35
precisa mudar,34,0.34
menina,34,0.34
diretor geral,34,0.34
execucao,34,0.34
estudo,34,0.34
teria sido,34,0.34
uol,34,0.34
mesmos,34,0.34
titulo,34,0.34
bio redacao,34,0.34
thiago,34,0.34
presidencial,34,0.34
sonhar,34,0.34
somente,34,0.34
impeachment,34,0.34
caiu,34,0.34
andar,34,0.34
fechar,34,0.34
compartilhando,34,0.34
barbosa,34,0.34
traga,34,0.34
enfrentamento,34,0.34
criminosa,34,0.34
contrario,34,0.34
realizou,34,0.34
trazendo,34,0.34
preparo,34,0.34
prepara,34,0.34
burocracia,34,0.34
onde decisoes,34,0.34
seguindo,34,0.34
fortalecer caminhada,34,0.34
perto desafios,34,0.34
estruturas,34,0.34
nikolas ferreira,34,0.34
contagem,34,0.34
maio,34,0.34
candidato reeleicao,34,0.34
saiba meionews,34,0.34
leao,34,0.34
consciencia,34,0.34
compromisso trabalho,34,0.34
adesivar,34,0.34
noite especial,34,0.34
lado pessoas,34,0.34
quiser,34,0.34
quilometros,34,0.34
videos,34,0.34
propriedade,34,0.34
inicial,34,0.34
talento,34,0.34
pequenos,34,0.34
programas,34,0.34
promete,34,0.34
descanso,34,0.34
pcdob cnpj,34,0.34
campo grande,34,0.34
passaram,34,0.34
vermelho,34,0.34
agendas,34,0.34
compartilhou,34,0.34
humano,34,0.34
zona rural,34,0.34
recuperar,34,0.34
holanda,33,0.33
acessando,33,0.33
campograndems matogrossodosul,33,0.33
quantidade,33,0.33
leve,33,0.33
passam,33,0.33
buscas,33,0.33
serem,33,0.33
cardoso,33,0.33
baixo,33,0.33
pcdob federacao,33,0.33
jeronimo,33,0.33
aparecer,33,0.33
cruzeiro,33,0.33
legislacao,33,0.33
mello,33,0.33
senador flavio,33,0.33
redacao contilnet,33,0.33
percorrer,33,0.33
defesa civil,33,0.33
perda,33,0.33
privilegio,33,0.33
neves,33,0.33
vieira,33,0.33
chuvas,33,0.33
juliana,33,0.33
completamente,33,0.33
municipais,33,0.33
apontou,33,0.33
envolve,33,0.33
atualmente,33,0.33
suporte,33,0.33
feliz aniversario,33,0.33
arrasta,33,0.33
seguinte,33,0.33
meia,33,0.33
concretas,33,0.33
monitoramento,33,0.33
relator,33,0.33
confia,33,0.33
percentuais,33,0.33
viana,33,0.33
educacao saude,33,0.33
bastidores,33,0.33
acompanhou,33,0.33
vitor,33,0.33
poderao,33,0.33
investigar,33,0.33
itatiaia,33,0.33
tre,33,0.33
adolescentes,33,0.33
oficiais,33,0.33
terao,33,0.33
unido,33,0.33
gaucho,33,0.33
intencoes voto,33,0.33
teatro,33,0.33
ambiental,33,0.33
impactos,33,0.33
cadeira,33,0.33
sabedoria,33,0.33
prestar,33,0.33
humildade,33,0.33
dizem,33,0.33
urbana,33,0.33
urgente,33,0.33
condicao,33,0.33
danos,33,0.33
sandro,32,0.32
comentario,32,0.32
limite,32,0.32
zona norte,32,0.32
minimo,32,0.32
trabalho coragem,32,0.32
cobertura,32,0.32
coelho,32,0.32
envie jornal,32,0.32
historia construida,32,0.32
quero saber,32,0.32
ler reportagem,32,0.32
pegar,32,0.32
analisar,32,0.32
violencia mulher,32,0.32
boca,32,0.32
confirme,32,0.32
santo antonio,32,0.32
rodovia,32,0.32
circulacao,32,0.32
juntos trabalho,32,0.32
firmeza,32,0.32
confirmacao,32,0.32
irmaos,32,0.32
irregularidades,32,0.32
pensando,32,0.32
riograndedosul,32,0.32
veterinario,32,0.32
continuar avancando,32,0.32
vendo,32,0.32
aplicacao,32,0.32
posicionamento,32,0.32
antigo,32,0.32
natural,32,0.32
expansao,32,0.32
forca acredita,32,0.32
cancer,32,0.32
tragedia,32,0.32
machado,32,0.32
compromisso trabalhar,32,0.32
transmissao,32,0.32
opcao whatsapp,32,0.32
romeu zema,32,0.32
ampliando,32,0.32
dialogo compromisso,32,0.32
reunindo,32,0.32
los,32,0.32
iniciativas,32,0.32
nova etapa,32,0.32
esforco,32,0.32
tentando,32,0.32
consigo,32,0.32
forcas seguranca,32,0.32
flavio dino,32,0.32
terminou,32,0.32
pix,32,0.32
ultimos anos,32,0.32
bio jornaldebrasilia,32,0.32
fazia,32,0.32
faz acontecer,32,0.32
emprego renda,32,0.32
prevista,32,0.32
procedimento,32,0.32
pes chao,32,0.32
conheco perto,32,0.32
mandados,32,0.32
proximidade,32,0.32
dezenas,32,0.32
integracao,32,0.32
perto necessidades,32,0.32
celebrando,32,0.32
competicao,32,0.32
orientacao,32,0.32
dizendo,32,0.32
quatro anos,32,0.32
jornal opcao,32,0.32
julio,32,0.32
juiz,32,0.32
entrei,31,0.31
mundial,31,0.31
levar experiencia,31,0.31
quer ver,31,0.31
apresentando,31,0.31
caravana,31,0.31
lado acredita,31,0.31
aberta,31,0.31
alimentos,31,0.31
ilegal,31,0.31
levar mensagem,31,0.31
proximidades,31,0.31
amazonas todo,31,0.31
lugar onde,31,0.31
amarelo,31,0.31
assistencia social,31,0.31
lado governador,31,0.31
televisao,31,0.31
parou,31,0.31
parcerias,31,0.31
decisoes tomadas,31,0.31
nogueira,31,0.31
seguidores,31,0.31
palavra apoio,31,0.31
renata,31,0.31
dedica,31,0.31
sargento,31,0.31
dadas,31,0.31
primeiro lugar,31,0.31
arthur,31,0.31
decidi,31,0.31
pro lado,31,0.31
gigante,31,0.31
provas,31,0.31
estacao,31,0.31
visitar,31,0.31
nesse momento,31,0.31
consumidor,31,0.31
esquece,31,0.31
presos,31,0.31
fila,31,0.31
bio informacao,31,0.31
eleitorais,31,0.31
inss,31,0.31
ameaca,31,0.31
sabemos,31,0.31
bancada,31,0.31
sabe fazer,31,0.31
penal,31,0.31
dores,31,0.31
ataque,31,0.31
irma,31,0.31
longa,31,0.31
trump,31,0.31
caso master,31,0.31
torna,31,0.31
precisava,31,0.31
velho,31,0.31
versao,31,0.31
futuro governador,31,0.31
apoio confianca,31,0.31
funcao,31,0.31
desenvolver,31,0.31
bons,31,0.31
vice presidente,31,0.31
financeiro,31,0.31
cnpj campanha,31,0.31
busca apreensao,31,0.31
trabalho frente,31,0.31
faz sentido,31,0.31
causa animal,31,0.31
riqueza,31,0.31
andamento,31,0.31
escolhe,31,0.31
deputado distrital,31,0.31
depoimento,31,0.31
margem erro,31,0.31
conversa boa,31,0.31
acesse folhavitoria,31,0.31
vozes,31,0.31
apoiando,31,0.31
agazetaes,31,0.31
preventiva,30,0.3
preto,30,0.3
amazonia,30,0.3
tentou,30,0.3
visitando,30,0.3
dao,30,0.3
pinheiro,30,0.3
reuters,30,0.3
garra,30,0.3
cury avante,30,0.3
maus,30,0.3
mauricio,30,0.3
beneficio,30,0.3
saudade,30,0.3
amigos liderancas,30,0.3
contamos,30,0.3
ceu,30,0.3
terceira,30,0.3
mandar,30,0.3
mario,30,0.3
parecer,30,0.3
rapida,30,0.3
emendas parlamentares,30,0.3
enche,30,0.3
primeiro turno,30,0.3
eua,30,0.3
escritorio,30,0.3
feira agosto,30,0.3
abuso,30,0.3
divulgadas,30,0.3
abril,30,0.3
noticias folhavitoria,30,0.3
disposicao trabalhar,30,0.3
nome disposicao,30,0.3
avanca,30,0.3
integral,30,0.3
apontam,30,0.3
baixa,30,0.3
muitas pessoas,30,0.3
entidades,30,0.3
certeza caminho,30,0.3
campina,30,0.3
atuar,30,0.3
fazenda,30,0.3
folhavitoria noticias,30,0.3
todo pais,30,0.3
transformam,30,0.3
criou,30,0.3
junto nessa,30,0.3
ativa,30,0.3
atletas,30,0.3
essencial,30,0.3
massa,30,0.3
confira reportagem,30,0.3
pensa,30,0.3
realmente importa,30,0.3
maceio,30,0.3
peito,30,0.3
trend,30,0.3
percorrendo,30,0.3
sustenta,30,0.3
eduardo paes,30,0.3
alcolumbre,30,0.3
venho,30,0.3
dono banco,30,0.3
atendimentos,30,0.3
conhecida,30,0.3
neste momento,30,0.3
intencao,30,0.3
unir,30,0.3
estabelecimento,30,0.3
lado candidato,30,0.3
assista video,30,0.3
aumentar,30,0.3
tradicionais,30,0.3
recebidos,30,0.3
manha deste,30,0.3
felicidade,30,0.3
patria,30,0.3
confira materia,30,0.3
coloque,30,0.3
democrata,30,0.3
construindo juntos,29,0.29
movimenta economia,29,0.29
maus tratos,29,0.29
disputar,29,0.29
carater,29,0.29
band,29,0.29
enxergar,29,0.29
voto confianca,29,0.29
abertos,29,0.29
roma,29,0.29
consequencias,29,0.29
china,29,0.29
perfil jovempannews,29,0.29
assim acredito,29,0.29
geraldo,29,0.29
aumenta responsabilidade,29,0.29
juros,29,0.29
teriam,29,0.29
capixaba,29,0.29
auxilio,29,0.29
medica,29,0.29
medicina,29,0.29
empresarios,29,0.29
media,29,0.29
lado presidente,29,0.29
conhece trabalho,29,0.29
lado amigos,29,0.29
noticiasms,29,0.29
america,29,0.29
construida trabalho,29,0.29
bolsonaro presidente,29,0.29
fez parte,29,0.29
esclarecer,29,0.29
encontro marcado,29,0.29
concurso,29,0.29
vida povo,29,0.29
vida inteira,29,0.29
valorizado,29,0.29
presidente supremo,29,0.29
registrar,29,0.29
movimentacao,29,0.29
araujo,29,0.29
carro moto,29,0.29
pagina,29,0.29
arma,29,0.29
presidente republica,29,0.29
destaca,29,0.29
duro,29,0.29
campanha comecou,29,0.29
mil pessoas,29,0.29
prometeu,29,0.29
promovido,29,0.29
educacao publica,29,0.29
concorda,29,0.29
ronaldo caiado,29,0.29
matogrossodosul noticiasms,29,0.29
clientes,29,0.29
extrema direita,29,0.29
tratos,29,0.29
escolar,29,0.29
reflexao,29,0.29
politica precisa,29,0.29
limpa,29,0.29
negou,29,0.29
criado,29,0.29
necessaria,29,0.29
todo rio,29,0.29
verdadeiramente,29,0.29
vive trabalha,29,0.29
cumpre,29,0.29
aprendizado,29,0.29
brincadeira,29,0.29
naquele,29,0.29
criancas adolescentes,29,0.29
ver tanta,29,0.29
salarios,29,0.29
vida familia,29,0.29
posteriormente,29,0.29
fruto,29,0.29
funcionar,29,0.29
vivem,29,0.29
distancia,29,0.29
sabe onde,28,0.28
caruaru,28,0.28
rurais,28,0.28
carga,28,0.28
direta,28,0.28
torno,28,0.28
coragem fazer,28,0.28
praticamente,28,0.28
entrevistas,28,0.28
pude,28,0.28
sofreu,28,0.28
leonardo,28,0.28
rodoviaria,28,0.28
riscos,28,0.28
riquezas,28,0.28
carinho povo,28,0.28
cantora,28,0.28
castro,28,0.28
estado precisa,28,0.28
soma,28,0.28
sensacao,28,0.28
colega,28,0.28
cnpj eleicoes,28,0.28
dialogar,28,0.28
adianta,28,0.28
marilia,28,0.28
suficiente,28,0.28
psd mdb,28,0.28
samuel,28,0.28
stories link,28,0.28
impunidade,28,0.28
victor,28,0.28
legislativo,28,0.28
agradecimento especial,28,0.28
quero seguir,28,0.28
comentou,28,0.28
conversar ouvir,28,0.28
frase,28,0.28
bate papo,28,0.28
desfile,28,0.28
obrigado confianca,28,0.28
indigenas,28,0.28
moro,28,0.28
miguel,28,0.28
eficiente,28,0.28
eficiencia,28,0.28
confirmada,28,0.28
gloria,28,0.28
iniciar,28,0.28
caminhar junto,28,0.28
questoes,28,0.28
mostramos,28,0.28
chegamos,28,0.28
consciente,28,0.28
motivacao,28,0.28
lado certo,28,0.28
primeiras,28,0.28
construir juntos,28,0.28
cheio gratidao,28,0.28
preta,28,0.28
cair,28,0.28
realizados,28,0.28
bio agazetaes,28,0.28
nessa missao,28,0.28
encontrada,28,0.28
tribunal regional,28,0.28
ciro,28,0.28
juntos rumo,28,0.28
juntos levando,28,0.28
presidente camara,28,0.28
preservacao,28,0.28
tive oportunidade,28,0.28
ligada,28,0.28
ligacao,28,0.28
presenca trabalho,28,0.28
tribuna,28,0.28
colegas,28,0.28
boa vista,28,0.28
aproximar,28,0.28
anos historia,28,0.28
criterios,28,0.28
pontos percentuais,28,0.28
criminalidade,28,0.28
explicou,28,0.28
ensina,28,0.28
juntos fortes,28,0.28
criancas jovens,28,0.28
trajetoria construida,28,0.28
necessarios,28,0.28
joao campos,28,0.28
mar,28,0.28
maos dadas,28,0.28
fazer historia,28,0.28
abraco conversa,28,0.28
abracar,28,0.28
homicidio,27,0.27
hojeemdia,27,0.27
abc,27,0.27
hojeemdia link,27,0.27
jornalistas,27,0.27
maravilhosa,27,0.27
coragem enfrentar,27,0.27
bracos abertos,27,0.27
voltadas,27,0.27
quarto,27,0.27
ouvindo conversando,27,0.27
completa hojeemdia,27,0.27
joao pessoa,27,0.27
quer saber,27,0.27
estaria,27,0.27
avancou,27,0.27
porto alegre,27,0.27
diego,27,0.27
dificeis,27,0.27
dificuldade,27,0.27
online,27,0.27
totalmente,27,0.27
militancia,27,0.27
adriano,27,0.27
negociacoes,27,0.27
incentivar,27,0.27
inaugurar,27,0.27
destaques,27,0.27
vida real,27,0.27
sinal,27,0.27
possivel fazer,27,0.27
trabalhos,27,0.27
segundo turno,27,0.27
toda bahia,27,0.27
reforcou,27,0.27
solo,27,0.27
mobiliza,27,0.27
estive lado,27,0.27
fazemos,27,0.27
finalmente,27,0.27
retirar,27,0.27
portal holanda,27,0.27
devolver,27,0.27
domestica,27,0.27
direitos humanos,27,0.27
divida,27,0.27
ficar sabendo,27,0.27
motoristas,27,0.27
comecam,27,0.27
fico feliz,27,0.27
faca parte,27,0.27
considera,27,0.27
homem anos,27,0.27
registrados,27,0.27
tropa,27,0.27
funcoes,27,0.27
cerca mil,27,0.27
precisa voz,27,0.27
feminina,27,0.27
indignacao,27,0.27
existir,27,0.27
pequena,27,0.27
investigados,27,0.27
chamas,27,0.27
valorizando,27,0.27
quero ver,27,0.27
vara,27,0.27
encontrando,27,0.27
desenvolvido,27,0.27
campanhas,27,0.27
agressao,27,0.27
leia itatiaia,27,0.27
apontado,27,0.27
jornalhojeemdia,27,0.27
suposto,27,0.27
passe,27,0.27
participe,27,0.27
proprios,27,0.27
salarial,27,0.27
salve,27,0.27
familiares amigos,27,0.27
citou,27,0.27
buscar recursos,27,0.27
politica verdade,27,0.27
saio,27,0.27
caminhamos,27,0.27
gastos,27,0.27
alimentar,27,0.27
tua,27,0.27
altura,27,0.27
geral policia,27,0.27
assistir,27,0.27
usado,27,0.27
trabalhei,27,0.27
divulgados,27,0.27
houver,27,0.27
disposto,27,0.27
amigos apoiadores,27,0.27
previsto,27,0.27
formas,27,0.27
teremos,27,0.27
podcast,27,0.27
consultas,27,0.27
elementos,27,0.27
conviccao,27,0.27
samu,26,0.26
menores,26,0.26
criminoso,26,0.26
admiracao,26,0.26
determinado,26,0.26
autismo,26,0.26
vida precisa,26,0.26
destinado,26,0.26
menino,26,0.26
enviar,26,0.26
iguacu,26,0.26
acredita nesse,26,0.26
acessar,26,0.26
copa,26,0.26
zona leste,26,0.26
completa portal,26,0.26
sofre,26,0.26
baiano,26,0.26
rodada,26,0.26
abracando,26,0.26
carrossel,26,0.26
melhores condicoes,26,0.26
experiencia trabalho,26,0.26
experiencia compromisso,26,0.26
olho ouvindo,26,0.26
queremos construir,26,0.26
autoria,26,0.26
ccj,26,0.26
muita conversa,26,0.26
sabendo acontece,26,0.26
tradicoes,26,0.26
site portal,26,0.26
portas abertas,26,0.26
acompanhar perto,26,0.26
acontecer dias,26,0.26
transforma vidas,26,0.26
digitais,26,0.26
toda diferenca,26,0.26
onde passa,26,0.26
fiscal,26,0.26
precisa continuar,26,0.26
trabalha verdade,26,0.26
responsabilidades,26,0.26
regional eleitoral,26,0.26
mauro,26,0.26
novidade,26,0.26
sustentar,26,0.26
tarde desta,26,0.26
novo caminho,26,0.26
quero trabalhar,26,0.26
meio povo,26,0.26
curi,26,0.26
classe trabalhadora,26,0.26
espiritosanto,26,0.26
conexao,26,0.26
atos,26,0.26
ajudaram,26,0.26
mateus,26,0.26
magistrado,26,0.26
confiar,26,0.26
cerimonia,26,0.26
afeto,26,0.26
respondeu,26,0.26
condenado,26,0.26
ano passado,26,0.26
desta sexta,26,0.26
arena,26,0.26
duvida,26,0.26
promover,26,0.26
apurar,26,0.26
presenca dialogo,26,0.26
nessa jornada,26,0.26
pronto pra,26,0.26
desempenho,26,0.26
comercial,26,0.26
siga ficar,26,0.26
caminhada lado,26,0.26
caminhada obrigado,26,0.26
gerando,26,0.26
especialistas,26,0.26
usa,26,0.26
federal quero,26,0.26
prestacao,26,0.26
facam,26,0.26
corre,26,0.26
excelente,26,0.26
lulinha,26,0.26
tavares,26,0.26
procuradoria,26,0.26
procurador,26,0.26
lar,26,0.26
lancamento candidatura,26,0.26
falamos,26,0.26
relatou,26,0.26
chegue,26,0.26
lidera,26,0.26
pior,26,0.26
assessoria,26,0.26
seguir juntos,26,0.26
contando,26,0.26
considerado,26,0.26
tentam,26,0.26
relatorios,26,0.26
marcas,26,0.26
quebra,26,0.26
divulgou,26,0.26
dividas,26,0.26
mineiro,26,0.26
soberano,25,0.25
outro lado,25,0.25
dividir,25,0.25
volume,25,0.25
levamos,25,0.25
ouro,25,0.25
enfermagem,25,0.25
grande encontro,25,0.25
parcela,25,0.25
grande amigo,25,0.25
retomada,25,0.25
ambos,25,0.25
servidor,25,0.25
decisao ministro,25,0.25
davi alcolumbre,25,0.25
previstos,25,0.25
cid,25,0.25
medeiros,25,0.25
imoveis,25,0.25
cantar,25,0.25
canto estado,25,0.25
saiba site,25,0.25
proximos dias,25,0.25
flagrante,25,0.25
ficara,25,0.25
pessoais,25,0.25
fake,25,0.25
sextou,25,0.25
servicos publicos,25,0.25
registradas,25,0.25
claudio,25,0.25
regiao midiamax,25,0.25
tratada,25,0.25
governar,25,0.25
monte,25,0.25
psb federacao,25,0.25
coloco,25,0.25
nepal,25,0.25
partido novo,25,0.25
continuo,25,0.25
contribuicao,25,0.25
prefeitos,25,0.25
debates,25,0.25
temos fazer,25,0.25
pagamentos,25,0.25
gratuito,25,0.25
estando,25,0.25
trabalhamos,25,0.25
povos,25,0.25
jornal nacional,25,0.25
fronteira,25,0.25
quero representar,25,0.25
audio,25,0.25
leia folha,25,0.25
respeitar,25,0.25
campina grande,25,0.25
campograndems noticias,25,0.25
indicios,25,0.25
sigo firme,25,0.25
tomada,25,0.25
privilegios,25,0.25
considerada,25,0.25
lacos,25,0.25
segue firme,25,0.25
chegando junto,25,0.25
defesa mulheres,25,0.25
edital,25,0.25
aguiar,25,0.25
projeto lei,25,0.25
sustento,25,0.25
industrial,25,0.25
diaria,25,0.25
compromisso continuar,25,0.25
publicou,25,0.25
lembranca,25,0.25
cresci,25,0.25
exame,25,0.25
lideres,25,0.25
movimentar,25,0.25
sempre lado,25,0.25
linha frente,25,0.25
cobra,25,0.25
folha folha,25,0.25
juntos trabalhando,25,0.25
custo,25,0.25
vamosjuntos,25,0.25
midiamax,25,0.25
midiamax campograndems,25,0.25
pratodosverem,25,0.25
enfrentou,25,0.25
noticias matogrossodosul,25,0.25
barros,25,0.25
cresceu,25,0.25
caminhao,25,0.25
valoriza,25,0.25
fontes,25,0.25
dama,25,0.25
aracaju,25,0.25
realizamos,25,0.25
rapidamente,25,0.25
rios,25,0.25
acontece regiao,25,0.25
cantos,25,0.25
alianca,25,0.25
povo seguimos,25,0.25
pouquinho,25,0.25
apresentadas,25,0.25
prado,25,0.25
pra mudar,25,0.25
coragem defender,25,0.25
jornaloglobo,25,0.25
razao,25,0.25
fazer estado,25,0.25
reconheceu,25,0.25
cola,25,0.25
levar brasilia,24,0.24
recente,24,0.24
reconhecido,24,0.24
financeiras,24,0.24
limpeza,24,0.24
absurdo,24,0.24
uniao trabalho,24,0.24
ficando,24,0.24
gas,24,0.24
fake news,24,0.24
saindo,24,0.24
providencias,24,0.24
flamengo,24,0.24
vida populacao,24,0.24
ministro supremo,24,0.24
utilizados,24,0.24
bonito demais,24,0.24
exercicio,24,0.24
funcionando,24,0.24
afinal,24,0.24
ouvindo demandas,24,0.24
nisso,24,0.24
pesa,24,0.24
mdb psb,24,0.24
shopping,24,0.24
transporte publico,24,0.24
inicialmente,24,0.24
algum,24,0.24
planos,24,0.24
serve,24,0.24
teto,24,0.24
ceara forte,24,0.24
revelou,24,0.24
revista,24,0.24
causaanimal,24,0.24
candidatos governo,24,0.24
nele,24,0.24
partidos,24,0.24
estadio,24,0.24
cantor,24,0.24
caxias,24,0.24
psd cnpj,24,0.24
basica,24,0.24
perfis,24,0.24
inscricoes,24,0.24
inseguranca,24,0.24
esteve conosco,24,0.24
quer fazer,24,0.24
banco central,24,0.24
jogos,24,0.24
estadual paulo,24,0.24
valeu,24,0.24
falei,24,0.24
queria,24,0.24
estiveram conosco,24,0.24
bandnewstv noticias,24,0.24
conclusao,24,0.24
irregular,24,0.24
governo lula,24,0.24
paixao,24,0.24
predio,24,0.24
neste ano,24,0.24
legais,24,0.24
prazer,24,0.24
reforcam,24,0.24
aprovado,24,0.24
aproveitar,24,0.24
camara municipal,24,0.24
encaminhado,24,0.24
medicos,24,0.24
daquele,24,0.24
temporada,24,0.24
soldado,24,0.24
fisicas,24,0.24
viver momento,24,0.24
referencias,24,0.24
acredita nessa,24,0.24
entrando,24,0.24
responde,24,0.24
matheus,24,0.24
cirurgia,24,0.24
ganhando,24,0.24
tribunal justica,24,0.24
confirmar,24,0.24
alan,24,0.24
federal juntos,24,0.24
passo importante,24,0.24
agazetadoacre,24,0.24
indica,24,0.24
indicacao,24,0.24
aguenta,24,0.24
judiciais,24,0.24
fraudes,24,0.24
trabalha empreende,24,0.24
obrigado pessoa,24,0.24
perto demandas,24,0.24
almoco,24,0.24
cidadeverde,24,0.24
livro,24,0.24
localizada,24,0.24
escrever,24,0.24
conta comentarios,24,0.24
noroeste,24,0.24
branca,24,0.24
informacoes cidadeverde,24,0.24
esqueca,24,0.24
vejo,24,0.24
melo,24,0.24
ocasiao,24,0.24
alcancar,24,0.24
condenacao,24,0.24
infantil,24,0.24
donald,24,0.24
donald trump,24,0.24
comprometido,24,0.24
geral republica,24,0.24
artigo,24,0.24
asfalto,24,0.24
trabalho continuar,24,0.24
contribuindo,24,0.24
tomou conta,24,0.24
trabalho dedicacao,24,0.24
breve,24,0.24
existencia,24,0.24
mandou,24,0.24
bandnewstv,24,0.24
preparados,24,0.24
seguiremos,24,0.24
segundo dados,24,0.24
compromisso fazer,24,0.24
quero chegar,24,0.24
filme dark,24,0.24
major,24,0.24
lado deputado,24,0.24
primeira dama,24,0.24
historia comecou,24,0.24
aparecida,24,0.24
acaso,24,0.24
entregue,24,0.24
entrevistados,24,0.24
coragem pra,24,0.24
coracoes,24,0.24
critica,24,0.24
arraste,24,0.24
estudos,24,0.24
guardar,23,0.23
ouvindo povo,23,0.23
justica social,23,0.23
medicamentos,23,0.23
disposicao continuar,23,0.23
organizacoes,23,0.23
marinho,23,0.23
stories reproducao,23,0.23
boa politica,23,0.23
negra,23,0.23
quase anos,23,0.23
feridas,23,0.23
precisa feito,23,0.23
apresentar propostas,23,0.23
pertence,23,0.23
tentaram,23,0.23
motiva,23,0.23
formada,23,0.23
transferencia,23,0.23
futura,23,0.23
caso seja,23,0.23
diario oficial,23,0.23
inesquecivel,23,0.23
indo,23,0.23
confianca trabalho,23,0.23
propor,23,0.23
pequenas,23,0.23
sempre esteve,23,0.23
privada,23,0.23
ampla,23,0.23
antes qualquer,23,0.23
feira apos,23,0.23
camera,23,0.23
obrigado apoio,23,0.23
comente compartilhe,23,0.23
simbolo,23,0.23
suplente,23,0.23
lealdade,23,0.23
laura,23,0.23
feirantes,23,0.23
enchentes,23,0.23
fortalecendo caminhada,23,0.23
presidente corte,23,0.23
questionado,23,0.23
pega,23,0.23
correria,23,0.23
igual,23,0.23
ferido,23,0.23
internautas,23,0.23
americano,23,0.23
piso,23,0.23
estadual juntos,23,0.23
classico,23,0.23
reforcando,23,0.23
fundamentais,23,0.23
convidado,23,0.23
recursos publicos,23,0.23
metros,23,0.23
metropoles reproducao,23,0.23
respeitada,23,0.23
maes atipicas,23,0.23
foto sergio,23,0.23
dgabc,23,0.23
sergio lima,23,0.23
contilnet reproducao,23,0.23
dezembro,23,0.23
sistemas,23,0.23
companheiras,23,0.23
alegria receber,23,0.23
utilizada,23,0.23
tecnicos,23,0.23
especializada,23,0.23
produtivo,23,0.23
camargo,23,0.23
somando forcas,23,0.23
monteiro,23,0.23
protegida,23,0.23
protecaoanimal,23,0.23
candidato governador,23,0.23
agencia senado,23,0.23
durante sabatina,23,0.23
desistir,23,0.23
partes,23,0.23
benedita,23,0.23
bio leia,23,0.23
plenaria,23,0.23
conhece sabe,23,0.23
produto,23,0.23
alguem precisa,23,0.23
cuidar saude,23,0.23
cabe,23,0.23
governos,23,0.23
bezerra,23,0.23
faixa,23,0.23
integridade,23,0.23
perto trabalho,23,0.23
sofrer,23,0.23
sofrendo,23,0.23
manteve,23,0.23
sbtnews,23,0.23
funcionamento,23,0.23
entidade,23,0.23
trabalho chega,23,0.23
exercer,23,0.23
exclusivamente,23,0.23
conversei,23,0.23
conhece historia,23,0.23
dias melhores,23,0.23
paciente,23,0.23
adocao,23,0.23
oferece,23,0.23
advogados,23,0.23
leia portal,23,0.23
deu certo,23,0.23
construindo futuro,23,0.23
uniao compromisso,23,0.23
estudante,23,0.23
maquina,23,0.23
acessivel,23,0.23
otempo,23,0.23
maravilhoso,23,0.23
braga,23,0.23
levar assembleia,23,0.23
outras pessoas,22,0.22
acesse agazetadoacre,22,0.22
carol,22,0.22
roma news,22,0.22
oposicao,22,0.22
zona sul,22,0.22
wellington,22,0.22
organizacao criminosa,22,0.22
adriana,22,0.22
criminosas,22,0.22
energia carinho,22,0.22
energias,22,0.22
forte lado,22,0.22
transformar realidade,22,0.22
sorocaba,22,0.22
compromisso futuro,22,0.22
retirado,22,0.22
adiante,22,0.22
vieram,22,0.22
faria,22,0.22
stf edson,22,0.22
canais,22,0.22
aeroporto,22,0.22
dura,22,0.22
melhora,22,0.22
angelo,22,0.22
animacao,22,0.22
graca,22,0.22
desse time,22,0.22
partido social,22,0.22
governo acre,22,0.22
prosperidade,22,0.22
protecao animal,22,0.22
atualizacao,22,0.22
site acesse,22,0.22
deverao,22,0.22
violencia domestica,22,0.22
imagens mostram,22,0.22
apresentei,22,0.22
colisao,22,0.22
receba,22,0.22
anderson,22,0.22
cumprimento,22,0.22
cumpriu,22,0.22
tiago,22,0.22
florianopolis,22,0.22
porta porta,22,0.22
melhoria,22,0.22
brito,22,0.22
feitos,22,0.22
dom,22,0.22
correr,22,0.22
quero ouvir,22,0.22
atua,22,0.22
vias,22,0.22
centros,22,0.22
batista,22,0.22
precise,22,0.22
fenomeno,22,0.22
pedro paulo,22,0.22
agressoes,22,0.22
confere,22,0.22
atingido,22,0.22
individual,22,0.22
estadual deputado,22,0.22
publicamente,22,0.22
alcance,22,0.22
golpe,22,0.22
moreira,22,0.22
profundamente,22,0.22
confianca apoio,22,0.22
fome,22,0.22
federal deputado,22,0.22
efeitos,22,0.22
quero voz,22,0.22
timedelula,22,0.22
expressao,22,0.22
comemorar,22,0.22
bastante,22,0.22
caminhando junto,22,0.22
tarifa,22,0.22
novos caminhos,22,0.22
fonseca,22,0.22
codigo,22,0.22
fundacao,22,0.22
aprovada,22,0.22
caminhar ruas,22,0.22
saudepublica,22,0.22
alesp,22,0.22
nove,22,0.22
mortos,22,0.22
assumiu,22,0.22
filas,22,0.22
dada largada,22,0.22
danca,22,0.22
arrasta pro,22,0.22
mentira,22,0.22
rever,22,0.22
candidatos senado,22,0.22
candidatura deputado,22,0.22
acompanhei,22,0.22
visto,22,0.22
epoca eleicao,22,0.22
povo juntos,22,0.22
republicanos federacao,22,0.22
definir,22,0.22
tao bem,22,0.22
tarcisio freitas,22,0.22
utilizado,22,0.22
avancos,22,0.22
anunciar,22,0.22
antiga,22,0.22
criando,22,0.22
loja,22,0.22
feira segundo,22,0.22
amplia,22,0.22
esconder,22,0.22
consumo,22,0.22
alo,22,0.22
embaixo,22,0.22
alimento,22,0.22
tentativas,22,0.22
contar apoio,22,0.22
relacionamento,22,0.22
piloto,22,0.22
juntos coragem,22,0.22
ouvir historias,22,0.22
pablo,22,0.22
identificou,22,0.22
acompanharam,22,0.22
manifestacoes,22,0.22
estadual propaganda,22,0.22
universidade federal,22,0.22
empate,22,0.22
uolhoje,22,0.22
cidadaos,22,0.22
cidade cidade,22,0.22
renansantos,22,0.22
luciano,22,0.22
motocicleta,22,0.22
escutar,22,0.22
universidades,22,0.22
intensa,22,0.22
estrela,22,0.22
termina,22,0.22
calendario,22,0.22
ouvir conversar,22,0.22
oportunidades desenvolvimento,22,0.22
recentemente,22,0.22
receptividade,22,0.22
zema novo,22,0.22
oracoes,22,0.22
washington,22,0.22
reafirmar compromisso,21,0.21
reacao,21,0.21
menezes,21,0.21
explicacoes,21,0.21
ouvindo dialogando,21,0.21
realizando,21,0.21
vontade continuar,21,0.21
vote deputada,21,0.21
abrir mao,21,0.21
vontade trabalhar,21,0.21
abencoada,21,0.21
levantar,21,0.21
pra seguir,21,0.21
multa,21,0.21
regressiva,21,0.21
dias agosto,21,0.21
dialogo trabalho,21,0.21
entendendo,21,0.21
entenda,21,0.21
atriz,21,0.21
sofrimento,21,0.21
multidao,21,0.21
ponto encontro,21,0.21
pontes,21,0.21
energia cima,21,0.21
populares,21,0.21
final semana,21,0.21
fiquei,21,0.21
respeita,21,0.21
imediatamente,21,0.21
social democratico,21,0.21
telefone,21,0.21
cunha,21,0.21
pontape,21,0.21
temperaturas,21,0.21
muita saude,21,0.21
siga creditos,21,0.21
convidados,21,0.21
aproxima,21,0.21
bater,21,0.21
silva deputado,21,0.21
beleza,21,0.21
preliminares,21,0.21
prejuizo,21,0.21
quaest,21,0.21
qualificacao,21,0.21
celulares,21,0.21
ressaltou,21,0.21
destinei,21,0.21
administrativa,21,0.21
video publicado,21,0.21
queremos levar,21,0.21
sentir energia,21,0.21
juntos forca,21,0.21
topo,21,0.21
continuar lutando,21,0.21
compromisso precisa,21,0.21
reunimos,21,0.21
reunidos,21,0.21
reunida,21,0.21
ocupar espacos,21,0.21
ago,21,0.21
respeitado,21,0.21
cerca milhoes,21,0.21
sena,21,0.21
sentimos,21,0.21
contratacao,21,0.21
conto nessa,21,0.21
julia,21,0.21
seguranca juridica,21,0.21
segundos,21,0.21
mudam,21,0.21
contagem regressiva,21,0.21
romanews,21,0.21
passageiros,21,0.21
maringa,21,0.21
mira,21,0.21
selecao,21,0.21
empreendedores,21,0.21
perto ouvir,21,0.21
aperta,21,0.21
continuar sendo,21,0.21
investe,21,0.21
primeiro campanha,21,0.21
cadastro,21,0.21
anos vida,21,0.21
sebastiao,21,0.21
espacos decisao,21,0.21
cameras seguranca,21,0.21
segue frente,21,0.21
pernambucano,21,0.21
andrade,21,0.21
garantia,21,0.21
gera emprego,21,0.21
concretos,21,0.21
momento importante,21,0.21
patricia,21,0.21
ventos,21,0.21
compromisso verdade,21,0.21
santos missao,21,0.21
demos,21,0.21
nova historia,21,0.21
internacionais,21,0.21
procuradoria geral,21,0.21
esportes,21,0.21
moraes supremo,21,0.21
sales,21,0.21
sala aula,21,0.21
cansado,21,0.21
federacao pcdob,21,0.21
pdt mdb,21,0.21
pdt federacao,21,0.21
governador presidente,21,0.21
saneamento,21,0.21
eleitorado,21,0.21
amar,21,0.21
amada,21,0.21
urbano,21,0.21
gilmar,21,0.21
pegou,21,0.21
deram,21,0.21
denunciar,21,0.21
alma,21,0.21
aline,21,0.21
utilizar,21,0.21
saiba link,21,0.21
candidato vice,21,0.21
fechada,21,0.21
cirurgias,21,0.21
meta,21,0.21
diferencas,21,0.21
dois dias,21,0.21
doencas,21,0.21
acho,21,0.21
ouvir demandas,21,0.21
atingir,21,0.21
organizar,21,0.21
haviam,21,0.21
atravessa,21,0.21
audiencia,21,0.21
tantas outras,21,0.21
tanta querida,21,0.21
leal,21,0.21
largo,21,0.21
cuiaba,21,0.21
possamos,21,0.21
reels,21,0.21
reforco,21,0.21
discursos,20,0.2
rede social,20,0.2
atrair,20,0.2
posse,20,0.2
forca continuar,20,0.2
porte,20,0.2
sustentabilidade,20,0.2
comecaram,20,0.2
humor,20,0.2
achou,20,0.2
onde pessoas,20,0.2
visual,20,0.2
federal andrei,20,0.2
inspiracao,20,0.2
aliados,20,0.2
dep estadual,20,0.2
departamento,20,0.2
goncalo,20,0.2
veja materia,20,0.2
goncalves,20,0.2
alexandre curi,20,0.2
alexandredemoraes,20,0.2
alvos,20,0.2
gerado,20,0.2
intenso,20,0.2
santa cruz,20,0.2
conflitos,20,0.2
conheci,20,0.2
produtiva,20,0.2
fazer campanha,20,0.2
cariri,20,0.2
verdade faz,20,0.2
canal youtube,20,0.2
profunda,20,0.2
produzido,20,0.2
morto,20,0.2
procurador geral,20,0.2
magalhaes,20,0.2
mailza,20,0.2
ameacas,20,0.2
americana,20,0.2
eleitoral partido,20,0.2
perigo,20,0.2
amigo deputado,20,0.2
satisfacao,20,0.2
saude seguranca,20,0.2
caminhando lado,20,0.2
compromisso seguir,20,0.2
fazendo parte,20,0.2
faz toda,20,0.2
propria vida,20,0.2
mande,20,0.2
vender,20,0.2
agreste,20,0.2
vem pro,20,0.2
ajudar construir,20,0.2
desdobramentos,20,0.2
passei,20,0.2
especializado,20,0.2
especie,20,0.2
esperanca cnpj,20,0.2
anapolis,20,0.2
tribunadonorte,20,0.2
emociona,20,0.2
seguido,20,0.2
especialista,20,0.2
motos,20,0.2
feira durante,20,0.2
luizianne,20,0.2
ambito,20,0.2
buscar solucoes,20,0.2
anuncio,20,0.2
defesa direitos,20,0.2
trabalho realizado,20,0.2
feira setembro,20,0.2
seguir fazendo,20,0.2
caetano,20,0.2
constante,20,0.2
previstas,20,0.2
previa,20,0.2
lucia,20,0.2
ampliou,20,0.2
jogador,20,0.2
fumaca,20,0.2
aperto,20,0.2
perto vive,20,0.2
jorginho,20,0.2
feminino,20,0.2
feridos,20,0.2
comprometida,20,0.2
celebra,20,0.2
agradecer coracao,20,0.2
agradeco coracao,20,0.2
inflacao,20,0.2
passada,20,0.2
ocorrencias,20,0.2
gostaria,20,0.2
carregar,20,0.2
carta,20,0.2
rita,20,0.2
roberta,20,0.2
apoio deputado,20,0.2
trabalhadores trabalhadoras,20,0.2
torres,20,0.2
tom,20,0.2
tomando,20,0.2
ferimentos,20,0.2
sempre alegria,20,0.2
fara,20,0.2
material campanha,20,0.2
agencia nacional,20,0.2
afastar,20,0.2
governadora raquel,20,0.2
parte vida,20,0.2
comportamento,20,0.2
ministros stf,20,0.2
escandalo,20,0.2
contexto,20,0.2
continua sendo,20,0.2
bispo,20,0.2
blog,20,0.2
toffoli,20,0.2
apresentacoes,20,0.2
pires,20,0.2
dar passo,20,0.2
seriam,20,0.2
sentindo perto,20,0.2
bolsa,20,0.2
queridas,20,0.2
queridos,20,0.2
estiveram presentes,20,0.2
parte caminhada,20,0.2
parceira,20,0.2
adversarios,20,0.2
advogada,20,0.2
afastado,20,0.2
erguida,20,0.2
errado,20,0.2
batalhao,20,0.2
silvio,20,0.2
equipamento,20,0.2
toda familia,20,0.2
tiver,20,0.2
nessas,20,0.2
levei,20,0.2
liberacao,20,0.2
setores,20,0.2
terem,20,0.2
tempos,20,0.2
assim quero,20,0.2
nenhuma mulher,20,0.2
encontro especial,20,0.2
policiacivil,20,0.2
simone,20,0.2
ranking,20,0.2
comeca nova,20,0.2
comeca oficialmente,20,0.2
questionou,20,0.2
compartilham,20,0.2
completa roma,20,0.2
imagina,20,0.2
vila velha,20,0.2
vindo,20,0.2
douglas ruas,20,0.2
palavra incentivo,20,0.2
implantacao,20,0.2
falo,20,0.2
milhoes brasileiros,20,0.2
sinto,20,0.2
bebe,20,0.2
entendi,20,0.2
postos,20,0.2
forca vem,20,0.2
necessidades populacao,20,0.2
negociacao,20,0.2
somam,20,0.2
super,20,0.2
maximo,20,0.2
remuneracao,20,0.2
relembrou,20,0.2
estou pronto,20,0.2
milhares pessoas,20,0.2
acredita futuro,20,0.2
ilha,20,0.2
viralizou,20,0.2
cinema,20,0.2
levando voz,20,0.2
mestre,20,0.2
abastecimento,20,0.2
vontade seguir,20,0.2
abrir portas,20,0.2
exercito,20,0.2
voto deputado,20,0.2
abordagem,20,0.2
abrindo,20,0.2
registra,20,0.2
hugo,20,0.2
ouvimos,20,0.2
wilson,20,0.2
recuar,19,0.19
coligacao ceara,19,0.19
vizinhos,19,0.19
facam diferenca,19,0.19
visitantes,19,0.19
dias toffoli,19,0.19
forca dessa,19,0.19
tantos outros,19,0.19
ensinar,19,0.19
surpresa,19,0.19
atingiram,19,0.19
onde vim,19,0.19
rapaz,19,0.19
registro candidatura,19,0.19
registraram,19,0.19
relacionada,19,0.19
pagando,19,0.19
domingos,19,0.19
omar,19,0.19
lancamento oficial,19,0.19
tbt,19,0.19
entorno,19,0.19
atuam,19,0.19
suposta,19,0.19
necessarias,19,0.19
crista,19,0.19
criar condicoes,19,0.19
lavagem,19,0.19
dgabc link,19,0.19
pan,19,0.19
igualdade,19,0.19
cidadao bem,19,0.19
relatoria,19,0.19
religiosa,19,0.19
faco questao,19,0.19
fiscaliza,19,0.19
costas,19,0.19
correios,19,0.19
augustocury,19,0.19
leia dgabc,19,0.19
nasci,19,0.19
assumo,19,0.19
facilitar,19,0.19
companheiros companheiras,19,0.19
representada,19,0.19
falha,19,0.19
chama atencao,19,0.19
paralisacao,19,0.19
duas mulheres,19,0.19
adequado,19,0.19
competencia,19,0.19
compartilhamento,19,0.19
quer mudanca,19,0.19
certo federacao,19,0.19
arruda,19,0.19
coordenador,19,0.19
baixe,19,0.19
bancomaster,19,0.19
solicitar,19,0.19
puder,19,0.19
mineiros,19,0.19
celina,19,0.19
restaurante,19,0.19
farmacia,19,0.19
afirmam,19,0.19
adotar,19,0.19
vida mulheres,19,0.19
cedo trabalha,19,0.19
ministro flavio,19,0.19
compras,19,0.19
categorias,19,0.19
indicam,19,0.19
durante evento,19,0.19
durante entrevista,19,0.19
ocupar espaco,19,0.19
vergonha,19,0.19
nesta feira,19,0.19
armas,19,0.19
precisa avancar,19,0.19
bateu,19,0.19
formado,19,0.19
afp,19,0.19
afirmou pretende,19,0.19
compromisso vontade,19,0.19
participamos,19,0.19
durante periodo,19,0.19
infelizmente,19,0.19
todo povo,19,0.19
ficha,19,0.19
precisa saber,19,0.19
envolvimento,19,0.19
muita luta,19,0.19
conviccoes,19,0.19
arraste lado,19,0.19
terminar,19,0.19
carteira,19,0.19
carinho sempre,19,0.19
ruas cidade,19,0.19
manifestou,19,0.19
apoiador,19,0.19
frio,19,0.19
equivalente,19,0.19
continuara,19,0.19
sequer,19,0.19
bloqueio,19,0.19
sergio moro,19,0.19
fevereiro,19,0.19
toda comunidade,19,0.19
juntos fortalecendo,19,0.19
pet,19,0.19
danilo,19,0.19
obrigado recepcao,19,0.19
agricultores,19,0.19
venceu,19,0.19
conducao,19,0.19
cariacica,19,0.19
mandados busca,19,0.19
mandado,19,0.19
prof,19,0.19
progressista cnpj,19,0.19
morais,19,0.19
trabalhou,19,0.19
trabalho seguimos,19,0.19
mudanca comeca,19,0.19
fraude,19,0.19
apreendidos,19,0.19
news link,19,0.19
candidata senado,19,0.19
samba,19,0.19
pavimentacao,19,0.19
velocidade,19,0.19
alegria energia,19,0.19
usados,19,0.19
dep federal,19,0.19
cabeca erguida,19,0.19
feita trabalho,19,0.19
trabalho feito,19,0.19
funcione,19,0.19
conforto,19,0.19
espetaculo,19,0.19
conosco nessa,19,0.19
nucleo,19,0.19
percentual,19,0.19
integrar,19,0.19
usuarios,19,0.19
esperam,19,0.19
secretaria municipal,19,0.19
seco,19,0.19
garcia,19,0.19
unida,19,0.19
amarela,19,0.19
construindo caminhada,19,0.19
lixo,19,0.19
live,19,0.19
trabalho resultado,19,0.19
fundador,19,0.19
defendemos,19,0.19
perto casa,19,0.19
transferencias,19,0.19
conseguiram,19,0.19
define,19,0.19
intervencao,19,0.19
realidade povo,19,0.19
mendonca supremo,19,0.19
dimensao,19,0.19
digite,19,0.19
direct,19,0.19
doacao,19,0.19
menos burocracia,19,0.19
colegio,19,0.19
recepcao carinho,19,0.19
diniz,19,0.19
haddad,19,0.19
vorcaro dono,19,0.19
guimaraes,18,0.18
voos,18,0.18
oportunidade conversar,18,0.18
opovo,18,0.18
receita,18,0.18
honestidade,18,0.18
voz brasilia,18,0.18
disseram,18,0.18
helio,18,0.18
voz povo,18,0.18
diminuir,18,0.18
exigir,18,0.18
expectativas,18,0.18
rede propaganda,18,0.18
rede protecao,18,0.18
cnpj candidata,18,0.18
meninas,18,0.18
excelencia,18,0.18
recebendo carinho,18,0.18
colocado,18,0.18
ana paula,18,0.18
analises,18,0.18
tristeza,18,0.18
andando,18,0.18
permanecem,18,0.18
permaneceu,18,0.18
calorosa,18,0.18
caminhada comecou,18,0.18
prisao preventiva,18,0.18
considerando,18,0.18
sbtnews noticias,18,0.18
seca,18,0.18
gazeta,18,0.18
transformar demandas,18,0.18
noite muita,18,0.18
defender aquilo,18,0.18
personagens,18,0.18
logistica,18,0.18
feiras,18,0.18
cachorro,18,0.18
prf,18,0.18
genero,18,0.18
deltan,18,0.18
demais ver,18,0.18
federal nikolas,18,0.18
federal numero,18,0.18
caminhada quero,18,0.18
caminhada trabalho,18,0.18
macapa,18,0.18
mostrando forca,18,0.18
usou,18,0.18
alternativa,18,0.18
novidades,18,0.18
demonstra,18,0.18
conheco realidade,18,0.18
madrugada desta,18,0.18
conheceu,18,0.18
conhecam,18,0.18
alvaro,18,0.18
alinhamento,18,0.18
empreendedor,18,0.18
declaracoes,18,0.18
jornaldarecord,18,0.18
link disponivel,18,0.18
briga,18,0.18
semanas,18,0.18
conte comigo,18,0.18
escritor,18,0.18
seguranca dignidade,18,0.18
isencao,18,0.18
israel,18,0.18
futuro queremos,18,0.18
desaparecidos,18,0.18
almada,18,0.18
valorizada,18,0.18
objeto,18,0.18
efeito,18,0.18
obrigacao,18,0.18
iniciou,18,0.18
mailza assis,18,0.18
candidata reeleicao,18,0.18
apoiam,18,0.18
trabalhando transformar,18,0.18
pgr,18,0.18
decada,18,0.18
apoio voto,18,0.18
premio,18,0.18
continuar trabalho,18,0.18
brasileirao,18,0.18
linhas,18,0.18
trabalho sabe,18,0.18
esperanca federacao,18,0.18
cantando,18,0.18
capacitacao,18,0.18
promovida,18,0.18
concursos,18,0.18
vemos,18,0.18
pessoas precisam,18,0.18
tocar,18,0.18
ligados,18,0.18
festa linda,18,0.18
patrus,18,0.18
desde inicio,18,0.18
desenvolvimento economico,18,0.18
desenvolvimento estado,18,0.18
carinho recepcao,18,0.18
card,18,0.18
fazer trabalho,18,0.18
comunhao,18,0.18
momento dialogo,18,0.18
protegendo,18,0.18
manuela,18,0.18
carrego comigo,18,0.18
formato,18,0.18
terreno,18,0.18
muitas outras,18,0.18
bio jornaldarecord,18,0.18
ligadas,18,0.18
apostas,18,0.18
todo ceara,18,0.18
juntos continuar,18,0.18
indice,18,0.18
governador tarcisio,18,0.18
duras,18,0.18
ocorreu apos,18,0.18
miranda,18,0.18
compromisso sempre,18,0.18
concessionaria,18,0.18
provocar,18,0.18
comprovado,18,0.18
castracao,18,0.18
culpa,18,0.18
tela,18,0.18
forca uniao,18,0.18
bastos,18,0.18
levaram,18,0.18
tive honra,18,0.18
aquilo acreditamos,18,0.18
aquilo acredito,18,0.18
testemunhas,18,0.18
encontram,18,0.18
nesta semana,18,0.18
agente,18,0.18
ocupacao,18,0.18
destruicao,18,0.18
cearense,18,0.18
marina,18,0.18
video reproducao,18,0.18
duas vezes,18,0.18
duque,18,0.18
inaugurar comite,18,0.18
incansavel,18,0.18
celebrar vida,18,0.18
farias,18,0.18
resultou,18,0.18
materia link,18,0.18
estarao,18,0.18
avante cnpj,18,0.18
solicitacao,18,0.18
lemos,18,0.18
bancos,18,0.18
levando propostas,18,0.18
mulheresnapolitica,18,0.18
cor,18,0.18
pra cuidar,18,0.18
pra todo,18,0.18
pra valer,18,0.18
assim perto,18,0.18
pudesse,18,0.18
familias atipicas,18,0.18
responsabilidade compromisso,18,0.18
chama familia,18,0.18
completa acessando,18,0.18
queiroz,18,0.18
resistiu,18,0.18
resolucao,18,0.18
olhando olhos,18,0.18
doutor,18,0.18
paraense,18,0.18
deveriam,18,0.18
palanque,18,0.18
grande adesivaco,18,0.18
requisitos,18,0.18
repercussao,18,0.18
chegando hora,18,0.18
comida mesa,18,0.18
querendo,18,0.18
mdb federacao,18,0.18
atento,18,0.18
atinge,18,0.18
atende,18,0.18
nela,18,0.18
somar forcas,18,0.18
sonha,18,0.18
autorizou,18,0.18
povo merece,18,0.18
povo ouvindo,18,0.18
cheio esperanca,18,0.18
chico,18,0.18
relatorio policia,18,0.18
questionamentos,18,0.18
estrangeiros,18,0.18
visibilidade,18,0.18
iluminacao,18,0.18
gratificante,18,0.18
grato,18,0.18
cristaos,18,0.18
positiva,18,0.18
floresta,18,0.18
aumentam,18,0.18
musicas,18,0.18
lagoa,18,0.18
lancou,18,0.18
onda azul,18,0.18
regularizacao,18,0.18
reivindicacoes,18,0.18
estreia,18,0.18
racismo,18,0.18
comecei,18,0.18
acolhe,18,0.18
padrao,18,0.18
cristina,18,0.18
leandro almada,18,0.18
suspendeu,18,0.18
sustentavel,18,0.18
atracao,18,0.18
atracoes,18,0.18
pos,18,0.18
posicoes,18,0.18
cuidado pessoas,18,0.18
polo,18,0.18
las,18,0.18
identificada,18,0.18
gravidade,18,0.18
circular,18,0.18
citado,18,0.18
rara,18,0.18
reencontros,18,0.18
clique stories,18,0.18
divulgar,18,0.18
diretoria,18,0.18
outubro conto,18,0.18
hotel,18,0.18
acessando link,18,0.18
realiza,18,0.18
horarios,18,0.18
holanda clique,18,0.18
vulnerabilidade,18,0.18
distante,17,0.17
orleans,17,0.17
organizada,17,0.17
orla,17,0.17
helena,17,0.17
hospital regional,17,0.17
abrir caminhos,17,0.17
voo,17,0.17
povo gaucho,17,0.17
pouco historia,17,0.17
povo acredita,17,0.17
stories credito,17,0.17
sudoeste,17,0.17
coutinho,17,0.17
reconstruir,17,0.17
experiencia coragem,17,0.17
climatica,17,0.17
exploracao,17,0.17
membros,17,0.17
dna,17,0.17
criada,17,0.17
ndmais,17,0.17
portal tempo,17,0.17
mulher precisa,17,0.17
entregues,17,0.17
entretenimento,17,0.17
entrevista completa,17,0.17
virada,17,0.17
acm,17,0.17
acoes concretas,17,0.17
dois anos,17,0.17
paga conta,17,0.17
civico,17,0.17
reafirmando,17,0.17
pra ver,17,0.17
atraso,17,0.17
legenda,17,0.17
cruzeiro sul,17,0.17
ponta ponta,17,0.17
atendida,17,0.17
shows,17,0.17
belohorizonte,17,0.17
bela,17,0.17
vigilancia,17,0.17
visitas,17,0.17
acontecem,17,0.17
acredita fazer,17,0.17
acredita forca,17,0.17
granizo,17,0.17
cidade onde,17,0.17
cinco anos,17,0.17
combustivel,17,0.17
raimundo,17,0.17
metade,17,0.17
tecnicas,17,0.17
lago,17,0.17
lama,17,0.17
atacar,17,0.17
atarde,17,0.17
atarde grupoatarde,17,0.17
assinada,17,0.17
nessa campanha,17,0.17
cursos,17,0.17
enviada,17,0.17
dialogo uniao,17,0.17
imediata,17,0.17
imensa,17,0.17
regime,17,0.17
questiona,17,0.17
quero lutar,17,0.17
cidadania federacao,17,0.17
extremo,17,0.17
ficou ferido,17,0.17
arma fogo,17,0.17
lado confira,17,0.17
tenha sido,17,0.17
temos encontro,17,0.17
boletim,17,0.17
vinculos,17,0.17
paranaense,17,0.17
palacio planalto,17,0.17
fabio luis,17,0.17
comparacao,17,0.17
quero comigo,17,0.17
mecanismos,17,0.17
grande caminhada,17,0.17
acreditam trabalho,17,0.17
precisa voltar,17,0.17
controlar,17,0.17
convocacao,17,0.17
sempre bom,17,0.17
bicicleta,17,0.17
bloco,17,0.17
mineira,17,0.17
adesivos,17,0.17
administrativo,17,0.17
duracao,17,0.17
chaves,17,0.17
chegar onde,17,0.17
grande festa,17,0.17
apuracoes,17,0.17
juntos outubro,17,0.17
senadoras,17,0.17
bora fazer,17,0.17
arquivo,17,0.17
plano governo,17,0.17
destinadas,17,0.17
oferta,17,0.17
agronegocio,17,0.17
advocacia,17,0.17
matos,17,0.17
quase mil,17,0.17
dar voz,17,0.17
toda paraiba,17,0.17
todo time,17,0.17
aprende,17,0.17
foto perfil,17,0.17
presidencia flavio,17,0.17
lingua,17,0.17
presidente senado,17,0.17
press,17,0.17
aprovados,17,0.17
todo maranhao,17,0.17
duvidas,17,0.17
desse projeto,17,0.17
venham,17,0.17
quantas,17,0.17
completa jovempan,17,0.17
familia valores,17,0.17
cercado,17,0.17
vem fazer,17,0.17
verificar,17,0.17
jovempan,17,0.17
jovempan confira,17,0.17
frente popular,17,0.17
torcida,17,0.17
tornam,17,0.17
petropolis,17,0.17
encerramos,17,0.17
pessoalmente,17,0.17
seguirmos,17,0.17
deslocamento,17,0.17
goiano,17,0.17
respeite,17,0.17
maria penha,17,0.17
retomar,17,0.17
fas,17,0.17
fatima,17,0.17
gols,17,0.17
influenciador,17,0.17
cadeia,17,0.17
considerados,17,0.17
primeiro passo,17,0.17
prevenir,17,0.17
inscricao,17,0.17
vargas,17,0.17
vasconcelos,17,0.17
rick,17,0.17
estarem,17,0.17
ministro stf,17,0.17
desenvolvimento oportunidades,17,0.17
furlan,17,0.17
joaquim,17,0.17
jogadores,17,0.17
trabalho continua,17,0.17
camilo,17,0.17
privado,17,0.17
aperte,17,0.17
perseguicao,17,0.17
anos trabalho,17,0.17
futuro estado,17,0.17
caminhou,17,0.17
lula flavio,17,0.17
caminhada ganha,17,0.17
luta continua,17,0.17
efetivo,17,0.17
perca,17,0.17
utilizacao,17,0.17
oab,17,0.17
educacao seguranca,17,0.17
descaso,17,0.17
estadual federacao,17,0.17
rock,17,0.17
modalidade,17,0.17
provar,17,0.17
amaral,17,0.17
fazer melhor,17,0.17
carreta,17,0.17
rota,17,0.17
mapa,17,0.17
marcante,17,0.17
aliancas,17,0.17
periodo eleitoral,17,0.17
definitiva,17,0.17
salvar vidas,17,0.17
federal federacao,17,0.17
jaboatao,17,0.17
trocar ideias,17,0.17
condicoes trabalho,17,0.17
campinas,17,0.17
conquistou,17,0.17
amorim,17,0.17
democratico psd,17,0.17
gauchos,17,0.17
caro,17,0.17
estadodeminas,17,0.17
defesa vida,17,0.17
amigo vereador,17,0.17
amigos amigas,17,0.17
amizades,17,0.17
conduzida,17,0.17
estabelece,17,0.17
morta,17,0.17
capixabas,17,0.17
sabe quanto,17,0.17
perguntar,17,0.17
pericia,17,0.17
periferia,17,0.17
deixe comentario,17,0.17
interno,17,0.17
protecao mulheres,17,0.17
manoel,17,0.17
concluida,17,0.17
propoe,17,0.17
concurso publico,17,0.17
progresso,17,0.17
condutor,17,0.17
garantiu,17,0.17
hora votar,17,0.17
diversidade,17,0.17
orientar,17,0.17
academia,17,0.17
aceita,17,0.17
recomecar,17,0.17
havera,17,0.17
abraco sorriso,17,0.17
povoado,17,0.17
digo,17,0.17
grupoatarde,17,0.17
acessibilidade,17,0.17
guia,17,0.17
coligacao roraima,17,0.17
colinha,17,0.17
realizacoes,17,0.17
xavier,16,0.16
hora mudar,16,0.16
homens mulheres,16,0.16
disposicao fazer,16,0.16
acionado,16,0.16
cnn,16,0.16
opiniao comentarios,16,0.16
identificados,16,0.16
doce,16,0.16
documentacao,16,0.16
credito reproducao,16,0.16
creditos reproducao,16,0.16
legitima,16,0.16
foge,16,0.16
superar,16,0.16
povo precisa,16,0.16
cristiano,16,0.16
equilibrio,16,0.16
levando trabalho,16,0.16
vinha,16,0.16
acm neto,16,0.16
percentuais menos,16,0.16
demonstracao confianca,16,0.16
demonstrar,16,0.16
novo tempo,16,0.16
caso aconteceu,16,0.16
roxo,16,0.16
rui costa,16,0.16
rumo assembleia,16,0.16
prosperar,16,0.16
unindo,16,0.16
ambientais,16,0.16
uniao cnpj,16,0.16
amigos venha,16,0.16
roupa,16,0.16
essencia,16,0.16
morreram,16,0.16
isolado,16,0.16
sampaio,16,0.16
sairam,16,0.16
mostraram,16,0.16
conquistando,16,0.16
espacos publicos,16,0.16
madrugada deste,16,0.16
sandro alex,16,0.16
investigadores,16,0.16
gama,16,0.16
tribunadonorte stories,16,0.16
saber onde,16,0.16
campanha rua,16,0.16
esperanca trabalho,16,0.16
produtor rural,16,0.16
andremendonca,16,0.16
uniao psd,16,0.16
unidas,16,0.16
usada,16,0.16
gerar oportunidades,16,0.16
gerou,16,0.16
integrada,16,0.16
upa,16,0.16
marconi,16,0.16
aliado,16,0.16
federal partido,16,0.16
trajetoria politica,16,0.16
apenas comecando,16,0.16
normalmente,16,0.16
permanencia,16,0.16
definicao,16,0.16
noticias jornalismosbt,16,0.16
caminhada construida,16,0.16
conscientizacao,16,0.16
apertado,16,0.16
apertar,16,0.16
apae,16,0.16
pertinho,16,0.16
defenda,16,0.16
defendi,16,0.16
apareceu,16,0.16
caminham lado,16,0.16
percebe,16,0.16
dependem,16,0.16
educacao qualidade,16,0.16
descansar,16,0.16
obrigado amigo,16,0.16
rodoviaria federal,16,0.16
ajudou construir,16,0.16
gilson,16,0.16
global,16,0.16
reta,16,0.16
matar,16,0.16
familia liberdade,16,0.16
informada,16,0.16
partido trabalhadores,16,0.16
jorginho mello,16,0.16
fugir,16,0.16
futuro pais,16,0.16
furto,16,0.16
trabalho uniao,16,0.16
trabalho faz,16,0.16
procurar,16,0.16
caminhada comeca,16,0.16
favoravel,16,0.16
celso,16,0.16
despesas,16,0.16
caes,16,0.16
seguimos juntas,16,0.16
neto deputado,16,0.16
pessoa acredita,16,0.16
pessoa deficiencia,16,0.16
defender direitos,16,0.16
perto precisa,16,0.16
dedicada,16,0.16
espacos poder,16,0.16
prestado,16,0.16
construindo projeto,16,0.16
longo anos,16,0.16
provocado,16,0.16
faltou,16,0.16
minima,16,0.16
complexo,16,0.16
vento,16,0.16
durante campanha,16,0.16
jovem pan,16,0.16
tornando,16,0.16
trabalha campo,16,0.16
encerramento,16,0.16
luana,16,0.16
camara legislativa,16,0.16
cabiveis,16,0.16
desiste,16,0.16
desistiu,16,0.16
informar,16,0.16
margens,16,0.16
foto divulgacao,16,0.16
prestacao contas,16,0.16
senado davi,16,0.16
preparacao,16,0.16
preparadas,16,0.16
cai,16,0.16
caiado psd,16,0.16
caio,16,0.16
semana passada,16,0.16
felix,16,0.16
movimentam,16,0.16
escrita,16,0.16
consulta,16,0.16
jornalismosbt,16,0.16
ocorre apos,16,0.16
desse movimento,16,0.16
india,16,0.16
governador vice,16,0.16
vice prefeita,16,0.16
independenciadobrasil,16,0.16
chegou junto,16,0.16
cheguei,16,0.16
cheguem,16,0.16
estejam,16,0.16
quer receber,16,0.16
dantas,16,0.16
daquelas,16,0.16
daqui pra,16,0.16
todo amazonas,16,0.16
aprendeu,16,0.16
juntas juntos,16,0.16
forum,16,0.16
desvio,16,0.16
midia,16,0.16
fale,16,0.16
reproducao imagem,16,0.16
oito anos,16,0.16
toca,16,0.16
juntos ouvindo,16,0.16
juntos propaganda,16,0.16
time povo,16,0.16
feriado,16,0.16
continuem,16,0.16
muita gratidao,16,0.16
sensibilidade,16,0.16
aquisicao,16,0.16
fortalecer projeto,16,0.16
destinacao,16,0.16
quero ajudar,16,0.16
palmeiras,16,0.16
tempo integral,16,0.16
cura,16,0.16
encontrados,16,0.16
encontrar amigos,16,0.16
podem contar,16,0.16
boas conversas,16,0.16
bola,16,0.16
bio tribunadonorte,16,0.16
boa conversa,16,0.16
boa parte,16,0.16
vereadores liderancas,16,0.16
vida melhor,16,0.16
grande carreata,16,0.16
duque caxias,16,0.16
grandes amigos,16,0.16
convidar,16,0.16
lado prefeita,16,0.16
teste,16,0.16
artes,16,0.16
kit,16,0.16
presa,16,0.16
liberal cnpj,16,0.16
liberdade seguranca,16,0.16
envolvido,16,0.16
episodios,16,0.16
parado,16,0.16
palavra carinho,16,0.16
rei,16,0.16
relacionado,16,0.16
maxima,16,0.16
extremamente,16,0.16
exposicao,16,0.16
imagem amazonas,16,0.16
tavares deputado,16,0.16
laranja,16,0.16
politica deve,16,0.16
poderiam,16,0.16
cumprindo,16,0.16
bets,16,0.16
olinda,16,0.16
onde passamos,16,0.16
impactam,16,0.16
estou pronta,16,0.16
comentar,16,0.16
comercializacao,16,0.16
milhares familias,16,0.16
onde precisa,16,0.16
ouvir populacao,16,0.16
diferentes regioes,16,0.16
cobrancas,16,0.16
coerencia,16,0.16
recursos destinados,16,0.16
mente,16,0.16
levar luta,16,0.16
engenharia,16,0.16
pontape inicial,16,0.16
cuidando pessoas,16,0.16
sitio,16,0.16
bandab,16,0.16
significado especial,16,0.16
acreana,16,0.16
mesmas,16,0.16
acidentes,16,0.16
correa,16,0.16
povo lado,16,0.16
lembrancas,16,0.16
nacionais,16,0.16
poucas,16,0.16
sobra,16,0.16
fiscais,16,0.16
solidariedade prd,16,0.16
lembre,16,0.16
stf supremo,16,0.16
reagiu,16,0.16
reajuste,16,0.16
reencontro,16,0.16
reforca importancia,16,0.16
climaticas,16,0.16
candidatos deputado,16,0.16
garantam,16,0.16
deixe opiniao,16,0.16
nova iguacu,16,0.16
carinho energia,16,0.16
disposicao seguir,16,0.16
voltado,16,0.16
disposta,16,0.16
vote senador,16,0.16
voz firme,16,0.16
lembrou,16,0.16
baianos,16,0.16
dinamica,16,0.16
humberto,16,0.16
icms,16,0.16
grupo politico,16,0.16
abreu,15,0.15
levada,15,0.15
autos,15,0.15
outras cidades,15,0.15
avaliar,15,0.15
entram,15,0.15
hospitalar,15,0.15
wagner rui,15,0.15
homem mulher,15,0.15
hora transformar,15,0.15
acelerar,15,0.15
hora dar,15,0.15
voz forca,15,0.15
abraca,15,0.15
expointer,15,0.15
grata,15,0.15
rede publica,15,0.15
civis,15,0.15
bancarios,15,0.15
fiscalizar cobrar,15,0.15
aviao,15,0.15
avo,15,0.15
recebo muita,15,0.15
cnpj propaganda,15,0.15
identificaram,15,0.15
idoso,15,0.15
popular pernambuco,15,0.15
povo quer,15,0.15
entendimento,15,0.15
stuckert,15,0.15
sobral,15,0.15
clareza,15,0.15
razoes,15,0.15
recuperacao judicial,15,0.15
vinculo,15,0.15
virtual,15,0.15
estruturais,15,0.15
ramos,15,0.15
estudio,15,0.15
faccoes,15,0.15
querer,15,0.15
importancia termos,15,0.15
panfletagem,15,0.15
baixada fluminense,15,0.15
baixar,15,0.15
praticas,15,0.15
pra resolver,15,0.15
enfrentei,15,0.15
politica perto,15,0.15
sorte,15,0.15
credibilidade,15,0.15
onde comecou,15,0.15
clicando,15,0.15
questionar,15,0.15
comite central,15,0.15
representar povo,15,0.15
representado,15,0.15
determinadas,15,0.15
acusado,15,0.15
adesao,15,0.15
olhando olho,15,0.15
barreiras,15,0.15
filipe,15,0.15
levar trabalho,15,0.15
baseada,15,0.15
batalhas,15,0.15
sigo trabalhando,15,0.15
atipica,15,0.15
atleta,15,0.15
conversou,15,0.15
grandes liderancas,15,0.15
quero encontrar,15,0.15
lancar,15,0.15
encontro dialogo,15,0.15
policia rodoviaria,15,0.15
lavagem dinheiro,15,0.15
forca caminhada,15,0.15
bencao,15,0.15
bencaos,15,0.15
cidadania cnpj,15,0.15
micro,15,0.15
chega junto,15,0.15
chame familia,15,0.15
resenha,15,0.15
vida cuidar,15,0.15
incriveis,15,0.15
estivesse,15,0.15
esteve lado,15,0.15
quente,15,0.15
afirmou nesta,15,0.15
quantos,15,0.15
punicao,15,0.15
alan rick,15,0.15
envolver,15,0.15
fieis,15,0.15
filho deputado,15,0.15
enfrentados,15,0.15
portanto,15,0.15
criar oportunidades,15,0.15
forca time,15,0.15
taxas,15,0.15
destacando,15,0.15
parte importante,15,0.15
durante madrugada,15,0.15
independentemente,15,0.15
indigena,15,0.15
afirmar,15,0.15
marica,15,0.15
resultados concretos,15,0.15
muitas familias,15,0.15
tempo link,15,0.15
temporaria,15,0.15
podia,15,0.15
cooperacao,15,0.15
precisa cuidado,15,0.15
venha participar,15,0.15
residencial,15,0.15
compreender,15,0.15
publicidade,15,0.15
alessandro,15,0.15
deseja,15,0.15
borges,15,0.15
semestre,15,0.15
sempre comigo,15,0.15
set,15,0.15
liderancas politicas,15,0.15
terminal,15,0.15
arrecadacao,15,0.15
ascom,15,0.15
sentir carinho,15,0.15
desembargador,15,0.15
desse encontro,15,0.15
respeito compromisso,15,0.15
maternidade,15,0.15
mariana,15,0.15
alencar,15,0.15
alcancou,15,0.15
gonet,15,0.15
ingressos,15,0.15
iniciais,15,0.15
iniciamos,15,0.15
tinham,15,0.15
linhares,15,0.15
sei quanto,15,0.15
preconceito,15,0.15
precos,15,0.15
fortalecer saude,15,0.15
curioso,15,0.15
dani,15,0.15
custos,15,0.15
ricardo stuckert,15,0.15
compliance,15,0.15
descoberta,15,0.15
alguem conhece,15,0.15
revela,15,0.15
cavalgada,15,0.15
dao forca,15,0.15
daquilo,15,0.15
petrolina,15,0.15
juntos futuro,15,0.15
app,15,0.15
nesta caminhada,15,0.15
juridico,15,0.15
forro,15,0.15
apresento,15,0.15
fortalecendo projeto,15,0.15
cartao,15,0.15
psb cnpj,15,0.15
provou,15,0.15
inimigo,15,0.15
intensidade,15,0.15
depender,15,0.15
presencial,15,0.15
escolhido,15,0.15
escrito,15,0.15
contribui,15,0.15
bonito ver,15,0.15
bora juntos,15,0.15
junto time,15,0.15
juntos caminhada,15,0.15
peixoto,15,0.15
utiliza,15,0.15
instituto nacional,15,0.15
gerar emprego,15,0.15
eleicao vote,15,0.15
concreto,15,0.15
alteracoes,15,0.15
aluno,15,0.15
juazeiro,15,0.15
tomando conta,15,0.15
apoio caminhada,15,0.15
fugiu,15,0.15
pib,15,0.15
aprendendo,15,0.15
lira,15,0.15
brandao,15,0.15
mudanca verdade,15,0.15
faz politica,15,0.15
rico,15,0.15
carinho seguimos,15,0.15
carla,15,0.15
gasto,15,0.15
percebeu,15,0.15
cabelo,15,0.15
livros,15,0.15
pessoas conhecem,15,0.15
pessoas fazem,15,0.15
news youtube,15,0.15
frente juntos,15,0.15
trabalha dias,15,0.15
rubens,15,0.15
monica,15,0.15
candidatos presidencia,15,0.15
inusitada,15,0.15
garantido,15,0.15
eletrica,15,0.15
deixe comentarios,15,0.15
segmento,15,0.15
feira ago,15,0.15
construir historia,15,0.15
debater,15,0.15
pessoas assim,15,0.15
luciana,15,0.15
nova missao,15,0.15
concorrentes,15,0.15
maior numero,15,0.15
andrea,15,0.15
amigo candidato,15,0.15
gastronomia,15,0.15
sabe contar,15,0.15
roubo,15,0.15
confira detalhes,15,0.15
mandados prisao,15,0.15
trocadas,15,0.15
investimentos oportunidades,15,0.15
tribunal contas,15,0.15
andre prado,15,0.15
caminhada muita,15,0.15
motivado,15,0.15
consegui,15,0.15
consequencia,15,0.15
principio,15,0.15
nino,15,0.15
empatia,15,0.15
dedicou,15,0.15
aperto mao,15,0.15
esgoto,15,0.15
capazes,15,0.15
campanha reeleicao,15,0.15
procura,15,0.15
periodos,15,0.15
eleitoral eleicoes,15,0.15
irregularidade,15,0.15
candidato republicanos,15,0.15
trafico drogas,15,0.15
futuro oportunidades,15,0.15
anos apos,15,0.15
anos morreu,15,0.15
antonio carlos,15,0.15
transformacoes,15,0.15
transformar necessidades,15,0.15
trabalhe,15,0.15
trabalho transforma,15,0.15
jonas,15,0.15
fui recebido,15,0.15
macedo,15,0.15
luis lula,15,0.15
sbt,15,0.15
luxo,15,0.15
saudavel,15,0.15
saude infraestrutura,15,0.15
trajetoria marcada,15,0.15
apagar,15,0.15
empreender,15,0.15
deflagrada,15,0.15
dei,15,0.15
conquistamos,15,0.15
especial lado,15,0.15
madureira,15,0.15
sangue,15,0.15
ivan,15,0.15
trechos,15,0.15
transforme,15,0.15
jero,15,0.15
sanitaria,15,0.15
santa maria,15,0.15
pra continuar,15,0.15
costuma,15,0.15
povo obrigado,15,0.15
povo povo,15,0.15
colocar campanha,15,0.15
coluna completa,15,0.15
vizinho,15,0.15
ouvidas,15,0.15
ouvindo populacao,15,0.15
coligacao povo,15,0.15
recebido carinho,15,0.15
coleta,15,0.15
recentes,15,0.15
diretor inteligencia,15,0.15
oportunidades qualidade,15,0.15
abusos,14,0.14
acelera,14,0.14
aviacao,14,0.14
reforca compromisso,14,0.14
rede republicanos,14,0.14
clinicas,14,0.14
dignas,14,0.14
atraves link,14,0.14
atuais,14,0.14
surgiu,14,0.14
superacao,14,0.14
porto velho,14,0.14
cris,14,0.14
populacao precisa,14,0.14
entendeu,14,0.14
nascer,14,0.14
leia noticias,14,0.14
subiu,14,0.14
mostre,14,0.14
traga carro,14,0.14
fuga,14,0.14
apenas anos,14,0.14
saude qualidade,14,0.14
lula elmano,14,0.14
lutam,14,0.14
trabalho muita,14,0.14
perto energia,14,0.14
defendem,14,0.14
deixam,14,0.14
mota,14,0.14
tres anos,14,0.14
ansiedade,14,0.14
gadelha,14,0.14
jato,14,0.14
tributaria,14,0.14
analisa,14,0.14
conhecer historia,14,0.14
conseguem,14,0.14
consideradas,14,0.14
pesca,14,0.14
pesquisa quaest,14,0.14
perto populacao,14,0.14
esquina,14,0.14
campanha ruas,14,0.14
produtores rurais,14,0.14
conflito,14,0.14
conheca historia,14,0.14
trajetorias,14,0.14
nossagente,14,0.14
itens,14,0.14
prospero,14,0.14
montagem,14,0.14
concorrer,14,0.14
prontos,14,0.14
confianca seguimos,14,0.14
projeto politico,14,0.14
defesa familia,14,0.14
unem,14,0.14
ultima sexta,14,0.14
ultimas,14,0.14
ultimo domingo,14,0.14
amigos vem,14,0.14
sabe exatamente,14,0.14
esporte educacao,14,0.14
garantir seguranca,14,0.14
investimentos saude,14,0.14
moldura,14,0.14
momento lado,14,0.14
momento uniao,14,0.14
gatos,14,0.14
geografia,14,0.14
eletronica,14,0.14
espacos onde,14,0.14
constitucional,14,0.14
prestar contas,14,0.14
prestes,14,0.14
lotado,14,0.14
encaminhados,14,0.14
encaminhada,14,0.14
calma,14,0.14
litoral norte,14,0.14
bueno,14,0.14
democratica,14,0.14
demonstracao carinho,14,0.14
demonstrando,14,0.14
novo desafio,14,0.14
cafe manha,14,0.14
seguir construindo,14,0.14
seguimos fortalecendo,14,0.14
presidente stf,14,0.14
preso flagrante,14,0.14
consumidores,14,0.14
foz,14,0.14
apresentador,14,0.14
apontar,14,0.14
general,14,0.14
carrega historia,14,0.14
romero,14,0.14
integra canal,14,0.14
gera empregos,14,0.14
amado,14,0.14
top,14,0.14
aposentadoria,14,0.14
trabalhando fazer,14,0.14
julio cesar,14,0.14
junta,14,0.14
lito,14,0.14
mudar historia,14,0.14
revolta,14,0.14
fazer cidade,14,0.14
rosangela,14,0.14
carioca,14,0.14
fechamento,14,0.14
gaspar,14,0.14
geracao empregos,14,0.14
eleita,14,0.14
depoimentos,14,0.14
escandalos,14,0.14
contilnetnoticias,14,0.14
contilnetnoticias link,14,0.14
preparando,14,0.14
seguimos levando,14,0.14
senador eduardo,14,0.14
tira,14,0.14
danielvorcaro,14,0.14
desaparecidas,14,0.14
eleicao maria,14,0.14
instalacao,14,0.14
estabelecimentos,14,0.14
alteracao,14,0.14
pdt mobiliza,14,0.14
inicio campanha,14,0.14
cavalo,14,0.14
pessoas quero,14,0.14
petroleo,14,0.14
todo pernambuco,14,0.14
fornecimento,14,0.14
aproximacao,14,0.14
apura,14,0.14
rodolfo,14,0.14
missa,14,0.14
comunicado,14,0.14
protegidas,14,0.14
marcaram,14,0.14
carneiro,14,0.14
amanda,14,0.14
gestao municipal,14,0.14
gestao publica,14,0.14
times,14,0.14
buscando recursos,14,0.14
prejuizos,14,0.14
podem transformar,14,0.14
poder judiciario,14,0.14
daqui pouco,14,0.14
podem certeza,14,0.14
valorize,14,0.14
cenas,14,0.14
causado,14,0.14
reunidas,14,0.14
comprar,14,0.14
ministro edson,14,0.14
educacional,14,0.14
estadual quero,14,0.14
publico precisa,14,0.14
comprometidos,14,0.14
vantagem,14,0.14
alegria participar,14,0.14
valer pena,14,0.14
boas ideias,14,0.14
biodiversidade,14,0.14
festas,14,0.14
lado liderancas,14,0.14
terapia,14,0.14
justificativa,14,0.14
lima senador,14,0.14
gol,14,0.14
chamando,14,0.14
ccj senado,14,0.14
despedida,14,0.14
durante visita,14,0.14
beneficiar,14,0.14
liberado,14,0.14
precisando,14,0.14
conversa abraco,14,0.14
temperatura,14,0.14
policial militar,14,0.14
precisa ouvido,14,0.14
precisa prioridade,14,0.14
envio,14,0.14
precisa coragem,14,0.14
ocorre meio,14,0.14
dessa cidade,14,0.14
faltar,14,0.14
resgatada,14,0.14
ocupando espacos,14,0.14
odia,14,0.14
entregou,14,0.14
figueiredo,14,0.14
figura,14,0.14
cupula,14,0.14
assinatura,14,0.14
folha pernambuco,14,0.14
forca pra,14,0.14
tecnicamente,14,0.14
governador jeronimo,14,0.14
adultos,14,0.14
restauracao,14,0.14
alegria carinho,14,0.14
veja video,14,0.14
velha politica,14,0.14
republicanos psd,14,0.14
reserva,14,0.14
falhas,14,0.14
adversario,14,0.14
aeronave,14,0.14
vicente,14,0.14
inclusivo,14,0.14
viabilizar,14,0.14
max,14,0.14
falsa,14,0.14
compartilhar momento,14,0.14
compartilhe post,14,0.14
falso,14,0.14
completa contilnetnoticias,14,0.14
completar,14,0.14
ajudamos,14,0.14
verdade precisa,14,0.14
durante agenda,14,0.14
parceria trabalho,14,0.14
parlamento,14,0.14
deus frente,14,0.14
parceria compromisso,14,0.14
cidade estado,14,0.14
assume,14,0.14
assumi,14,0.14
assuntos,14,0.14
assim seguimos,14,0.14
assinado,14,0.14
cuide,14,0.14
forca coragem,14,0.14
tanta acredita,14,0.14
tantas familias,14,0.14
detalhes site,14,0.14
adequada,14,0.14
bandeiraco,14,0.14
conversando ouvindo,14,0.14
cronograma,14,0.14
cruzamento,14,0.14
atitudes,14,0.14
ativo,14,0.14
mulher anos,14,0.14
duarte,14,0.14
paraibano,14,0.14
extremos,14,0.14
comparecer,14,0.14
compartilhada,14,0.14
comigo juntos,14,0.14
afonso,14,0.14
faculdade,14,0.14
grande abc,14,0.14
video mostra,14,0.14
pan news,14,0.14
pracas,14,0.14
pra deputada,14,0.14
azevedo,14,0.14
solidaria solidariedade,14,0.14
solidariedade federacao,14,0.14
sorrisos,14,0.14
ensino medio,14,0.14
fluxo,14,0.14
diarias,14,0.14
extraordinaria,14,0.14
regioes estado,14,0.14
comerciais,14,0.14
colunista,14,0.14
etapas,14,0.14
etica,14,0.14
reafirmamos,14,0.14
recorde,14,0.14
comicio,14,0.14
vilela,14,0.14
grau,14,0.14
gravado,14,0.14
acompanham,14,0.14
visitamos,14,0.14
igor,14,0.14
realidade cidade,14,0.14
experiencia conhece,14,0.14
mega,14,0.14
mdb cnpj,14,0.14
voltada,14,0.14
voz precisa,14,0.14
abrigo,14,0.14
leticia,14,0.14
historia familia,14,0.14
autista,14,0.14
outras mulheres,14,0.14
diversao,14,0.14
origens,14,0.14
acionou,14,0.14
paes governador,14,0.14
dias setembro,14,0.14
ouvir vive,14,0.14
sobretudo,14,0.14
fiscalizando,14,0.14
avance,14,0.14
santos deputado,14,0.14
guarulhos,14,0.14
entregando,14,0.14
cores,14,0.14
avaliou,14,0.14
realmente precisa,14,0.14
recebem,14,0.14
exemplos,14,0.14
vitorias,14,0.14
abencoado,14,0.14
acervo,14,0.14
acesse noticias,14,0.14
eventuais,14,0.14
recebeu bracos,14,0.14
mensagem chegar,14,0.14
discussoes,14,0.14
seguimos caminhando,13,0.13
tantas mulheres,13,0.13
atacante,13,0.13
regressiva comecou,13,0.13
edilson,13,0.13
obstaculos,13,0.13
tea,13,0.13
lembrado,13,0.13
seculo,13,0.13
secreto,13,0.13
secretarios,13,0.13
camila,13,0.13
voltando,13,0.13
hora colocar,13,0.13
curiosidade,13,0.13
criminal,13,0.13
leitos,13,0.13
fizeram parte,13,0.13
regionais,13,0.13
citados,13,0.13
claras,13,0.13
ocorreram,13,0.13
economia local,13,0.13
etapa dessa,13,0.13
evolucao,13,0.13
cidade precisa,13,0.13
cidade lado,13,0.13
rejeitou,13,0.13
regiao central,13,0.13
durante debate,13,0.13
durante caminhada,13,0.13
assessor,13,0.13
tempo familia,13,0.13
odio,13,0.13
ocupar ruas,13,0.13
ocupam,13,0.13
duas pessoas,13,0.13
oficial uniao,13,0.13
articular,13,0.13
tensao,13,0.13
eventual segundo,13,0.13
secretaria estado,13,0.13
militante,13,0.13
guarde,13,0.13
curta compartilhe,13,0.13
postura,13,0.13
poderes,13,0.13
custodia,13,0.13
curtir,13,0.13
durante operacao,13,0.13
classificado,13,0.13
oimparcial,13,0.13
durante anos,13,0.13
novo ciclo,13,0.13
ator,13,0.13
rendeu,13,0.13
remo,13,0.13
cicero,13,0.13
acompanhada,13,0.13
acredita possivel,13,0.13
viviane,13,0.13
exigencia,13,0.13
exigem,13,0.13
relatorios inteligencia,13,0.13
reencontrar amigos,13,0.13
oliveira deputado,13,0.13
climaticos,13,0.13
reeleger,13,0.13
reduz,13,0.13
filho presidente,13,0.13
filhas,13,0.13
renovando,13,0.13
grossa,13,0.13
povos indigenas,13,0.13
povo trabalhador,13,0.13
pleito,13,0.13
milhoes emendas,13,0.13
saude precisa,13,0.13
saude paz,13,0.13
estadual senador,13,0.13
renova forcas,13,0.13
novo momento,13,0.13
redor,13,0.13
dois homens,13,0.13
lado grandes,13,0.13
terremoto,13,0.13
termo,13,0.13
lado candidata,13,0.13
area saude,13,0.13
seletivos,13,0.13
david,13,0.13
acusacao,13,0.13
ignorar,13,0.13
coragem seguir,13,0.13
coragem disposicao,13,0.13
pra rua,13,0.13
pra melhor,13,0.13
placar,13,0.13
identificadas,13,0.13
santinho,13,0.13
missoes,13,0.13
precisa ajuda,13,0.13
pessoas seguimos,13,0.13
pessoas queridas,13,0.13
decisao tomada,13,0.13
pre campanha,13,0.13
caminhar juntos,13,0.13
tiktok,13,0.13
tibete,13,0.13
tia,13,0.13
lado nessa,13,0.13
domingo agosto,13,0.13
reportagens,13,0.13
atuando,13,0.13
liderancas locais,13,0.13
vida vive,13,0.13
grande reuniao,13,0.13
conversar populacao,13,0.13
conversar perto,13,0.13
precisa presente,13,0.13
buscando solucoes,13,0.13
extensao,13,0.13
campanha deputado,13,0.13
repetir,13,0.13
chegarem,13,0.13
time trabalho,13,0.13
formal,13,0.13
opcoes,13,0.13
reconhecem,13,0.13
oportunidades respeito,13,0.13
titulos,13,0.13
tiros,13,0.13
tiro,13,0.13
juntos pra,13,0.13
aumenta som,13,0.13
aulas,13,0.13
semelhantes,13,0.13
adulto,13,0.13
afirmaram,13,0.13
dedicam,13,0.13
declarar,13,0.13
represente,13,0.13
noticia palma,13,0.13
chegado,13,0.13
tmj,13,0.13
doe,13,0.13
divisao,13,0.13
colocada,13,0.13
colocacao,13,0.13
mecanismo,13,0.13
salas,13,0.13
saiu casa,13,0.13
prefeito vice,13,0.13
contratar,13,0.13
decisiva,13,0.13
pesquisadores,13,0.13
pesar,13,0.13
disputa governo,13,0.13
colocar experiencia,13,0.13
toda populacao,13,0.13
orlando,13,0.13
colocam,13,0.13
realizaram,13,0.13
comandante,13,0.13
nikolasferreira,13,0.13
emissora,13,0.13
nome numero,13,0.13
noite deste,13,0.13
automaticamente,13,0.13
saibam,13,0.13
veste,13,0.13
dedicado,13,0.13
afeta,13,0.13
victoria,13,0.13
senador cnpj,13,0.13
chave,13,0.13
todo lugar,13,0.13
apresentava,13,0.13
juntos mostrar,13,0.13
combina,13,0.13
combate crime,13,0.13
reagir,13,0.13
juntos fortalecer,13,0.13
juntos deputado,13,0.13
grande momento,13,0.13
presente ouvir,13,0.13
defender interesses,13,0.13
perto faz,13,0.13
agostinho,13,0.13
sentem,13,0.13
direitos mulheres,13,0.13
ouvindo trabalhando,13,0.13
lobista,13,0.13
lito sousa,13,0.13
empresarial,13,0.13
empregados,13,0.13
continuacao,13,0.13
sentiu,13,0.13
faremos,13,0.13
sentenca,13,0.13
moraes stf,13,0.13
mostra forca,13,0.13
requiao,13,0.13
niteroi,13,0.13
junto pessoas,13,0.13
junto comigo,13,0.13
diligencias,13,0.13
trabalhando povo,13,0.13
trabalhado,13,0.13
quero perto,13,0.13
padroeira,13,0.13
feita presenca,13,0.13
avancarem,13,0.13
respeitados,13,0.13
sabatinas,13,0.13
deixo,13,0.13
deixei,13,0.13
contam,13,0.13
deflagrou,13,0.13
verdade compromisso,13,0.13
definida,13,0.13
lindo ver,13,0.13
apoiadores liderancas,13,0.13
diga,13,0.13
pago,13,0.13
jornalagazeta,13,0.13
bagagem,13,0.13
eshoje,13,0.13
permanentes,13,0.13
governo minas,13,0.13
morro,13,0.13
bolsonarista,13,0.13
faz assim,13,0.13
bolsa familia,13,0.13
esporte lazer,13,0.13
encaminhadas,13,0.13
jornadas,13,0.13
funcionario,13,0.13
trabalho dialogo,13,0.13
completa atraves,13,0.13
palmas,13,0.13
palma mao,13,0.13
palma,13,0.13
demora,13,0.13
demonstrou,13,0.13
periferias,13,0.13
demandas populacao,13,0.13
carinho forca,13,0.13
motta,13,0.13
motociclista,13,0.13
marcos tavares,13,0.13
marcia,13,0.13
ruas ouvindo,13,0.13
trabalho parceria,13,0.13
trabalho experiencia,13,0.13
jornalagazeta gazetadigital,13,0.13
jessica,13,0.13
feira ministro,13,0.13
feira bairro,13,0.13
cercada,13,0.13
carolina,13,0.13
rondoniaovivo,13,0.13
casa cheia,13,0.13
alcolumbre uniao,13,0.13
goianos,13,0.13
informacoes divulgadas,13,0.13
informa,13,0.13
dentro fora,13,0.13
deputada distrital,13,0.13
gouveia,13,0.13
influenciadora,13,0.13
localizar,13,0.13
jogar,13,0.13
fundo eleitoral,13,0.13
compliance zero,13,0.13
completou,13,0.13
quadra,13,0.13
pao,13,0.13
devocao,13,0.13
trabalho vem,13,0.13
trabalho todo,13,0.13
enfrentar problemas,13,0.13
baiana,13,0.13
varzea,13,0.13
gilmar mendes,13,0.13
iniciado,13,0.13
ingresso,13,0.13
deputados federais,13,0.13
bancaria,13,0.13
celina leao,13,0.13
trabalho responsabilidade,13,0.13
compromisso acao,13,0.13
publicar,13,0.13
fazer juntos,13,0.13
muita coragem,13,0.13
dependencia,13,0.13
alegria muita,13,0.13
governador eduardo,13,0.13
necessidades comunidade,13,0.13
necessariamente,13,0.13
naturais,13,0.13
feira operacao,13,0.13
sociedade justa,13,0.13
ensinamentos,13,0.13
negociar,13,0.13
japao,13,0.13
janaina,13,0.13
parcialmente,13,0.13
parcial,13,0.13
narrativa,13,0.13
validade,13,0.13
construcao coletiva,13,0.13
setor produtivo,13,0.13
bilhao,13,0.13
barao,13,0.13
federal minas,13,0.13
nacoes,13,0.13
enfrentadas,13,0.13
futuro senador,13,0.13
futuro presidente,13,0.13
itajai,13,0.13
isabel,13,0.13
psd avante,13,0.13
pecas,13,0.13
privadas,13,0.13
conselhos,13,0.13
allan,13,0.13
use,13,0.13
amanha comeca,13,0.13
pedra,13,0.13
pedir voto,13,0.13
pedir ajuda,13,0.13
prtb,13,0.13
proximos passos,13,0.13
destinar,13,0.13
destinamos,13,0.13
proximas geracoes,13,0.13
lyra psd,13,0.13
musical,13,0.13
rodovias,13,0.13
gilberto,13,0.13
gil,13,0.13
integrante,13,0.13
conhecemos,13,0.13
procurando,13,0.13
conjunta,13,0.13
conhecidos,13,0.13
revitalizacao,13,0.13
tratados,13,0.13
transparente,13,0.13
anteriormente,13,0.13
comuns,13,0.13
protetores,13,0.13
tres dias,13,0.13
proprio futuro,13,0.13
concluiu,13,0.13
entusiasmo,13,0.13
banda,13,0.13
profissionais saude,13,0.13
amaro,13,0.13
universitario,13,0.13
gazetadigital,13,0.13
confusao,13,0.13
mudar vida,13,0.13
escola publica,13,0.13
site politica,13,0.13
troca ideias,13,0.13
analisado,13,0.13
proprietario,13,0.13
proposito trabalhar,13,0.13
simplicidade,13,0.13
catarinense,13,0.13
castelo,13,0.13
paulo gonet,13,0.13
amigo parceiro,13,0.13
interessados,13,0.13
confianca juntos,13,0.13
profundas,13,0.13
simbolos,13,0.13
silveira,13,0.13
silva lulinha,13,0.13
federal goias,13,0.13
mandato deputado,13,0.13
municipal saude,13,0.13
tutora,13,0.13
tulio,13,0.13
trouxeram,13,0.13
proposito cuidar,13,0.13
pronunciamento,13,0.13
passeio,13,0.13
amigos familiares,13,0.13
ucrania,13,0.13
internacao,13,0.13
desigualdade,13,0.13
desgaste,13,0.13
conduta,13,0.13
desde entao,13,0.13
mesma disposicao,13,0.13
politicacomproposito,13,0.13
abracou,13,0.13
cuidar precisa,13,0.13
zap,13,0.13
obrigado estiveram,13,0.13
lembrando,13,0.13
portal tribuna,13,0.13
portal roma,13,0.13
portal link,13,0.13
vulneraveis,13,0.13
abraco apertado,13,0.13
votou,13,0.13
abastecimento agua,13,0.13
abandonados,13,0.13
zona oeste,13,0.13
seguimos ouvindo,12,0.12
abandonado,12,0.12
historia continua,12,0.12
abordou,12,0.12
voz forte,12,0.12
crueldade,12,0.12
haviam sido,12,0.12
culturais,12,0.12
politica nacional,12,0.12
historia cidade,12,0.12
absoluta,12,0.12
tarifas,12,0.12
tarifa zero,12,0.12
tarefa,12,0.12
tarde deste,12,0.12
elaborado,12,0.12
elaboracao,12,0.12
firmes coragem,12,0.12
talvez seja,12,0.12
talentos,12,0.12
posso contar,12,0.12
acionada,12,0.12
possibilidades,12,0.12
interferencia,12,0.12
belford,12,0.12
simoes,12,0.12
fazer quero,12,0.12
maes pais,12,0.12
rio precisa,12,0.12
enviado,12,0.12
envia,12,0.12
mulheres criancas,12,0.12
turistas,12,0.12
pasta,12,0.12
promove,12,0.12
interdicao,12,0.12
gelo,12,0.12
ampliar trabalho,12,0.12
interna,12,0.12
gerar empregos,12,0.12
unidos donald,12,0.12
america latina,12,0.12
profissionais educacao,12,0.12
procurou,12,0.12
manga,12,0.12
fazermos,12,0.12
gato,12,0.12
gastar,12,0.12
ananias,12,0.12
analisadas,12,0.12
concluido,12,0.12
passara,12,0.12
simulacao,12,0.12
risadas,12,0.12
umidade,12,0.12
animado,12,0.12
animada,12,0.12
tres meses,12,0.12
garantir recursos,12,0.12
garantir direitos,12,0.12
proteger criancas,12,0.12
entrei politica,12,0.12
envolvem,12,0.12
federal prf,12,0.12
barci,12,0.12
siqueira,12,0.12
magistrados,12,0.12
lute,12,0.12
situacao vulnerabilidade,12,0.12
sincero,12,0.12
sinalizacao,12,0.12
entregar resultados,12,0.12
esclarecimentos,12,0.12
rodas,12,0.12
enxerga,12,0.12
muita historia,12,0.12
pcdob psb,12,0.12
uol uolhoje,12,0.12
pcd,12,0.12
pedaco,12,0.12
rezende,12,0.12
transporte coletivo,12,0.12
destinada,12,0.12
destacar,12,0.12
destruir,12,0.12
proteja,12,0.12
proteger mulheres,12,0.12
transformei,12,0.12
descubra,12,0.12
aluguel,12,0.12
alternativas,12,0.12
geral uniao,12,0.12
pedras,12,0.12
prisional,12,0.12
valores cristaos,12,0.12
prudente,12,0.12
compromisso transformar,12,0.12
compromisso resultados,12,0.12
destinou,12,0.12
compromisso real,12,0.12
barreto,12,0.12
maciel,12,0.12
municipios regiao,12,0.12
gestor,12,0.12
utilizadas,12,0.12
principalmente ouvir,12,0.12
principais noticias,12,0.12
sexual,12,0.12
big,12,0.12
beto,12,0.12
beneficiarios,12,0.12
maranhense,12,0.12
mara,12,0.12
naquela,12,0.12
entendem,12,0.12
anual,12,0.12
fyp,12,0.12
jakob,12,0.12
ganham,12,0.12
socio,12,0.12
luta direitos,12,0.12
engenheiro,12,0.12
ceara melhor,12,0.12
negro,12,0.12
jantar,12,0.12
parauapebas,12,0.12
deus patria,12,0.12
determinar,12,0.12
determinada,12,0.12
psd federacao,12,0.12
revelacoes,12,0.12
feed,12,0.12
sobe,12,0.12
valmir,12,0.12
alfredo,12,0.12
primeiro semestre,12,0.12
alepe,12,0.12
alegria uniao,12,0.12
vanessa,12,0.12
inqueritos,12,0.12
inquerito fake,12,0.12
injustica,12,0.12
governador elmano,12,0.12
governador coligacao,12,0.12
varzea grande,12,0.12
aparelho,12,0.12
antigos,12,0.12
trajeto,12,0.12
enfrentada,12,0.12
ensino superior,12,0.12
feira mostra,12,0.12
setembro amarelo,12,0.12
marcar,12,0.12
carlinhos,12,0.12
roraima segue,12,0.12
bahia melhor,12,0.12
enfrentar desafios,12,0.12
enfrentamos,12,0.12
retirou,12,0.12
resume,12,0.12
dialogo presenca,12,0.12
comprometidas,12,0.12
publicada diario,12,0.12
paraiso,12,0.12
publica precisa,12,0.12
trafico influencia,12,0.12
caso investigado,12,0.12
informado,12,0.12
informacoes preliminares,12,0.12
construir novo,12,0.12
previdencia,12,0.12
individuais,12,0.12
joinville,12,0.12
fundos,12,0.12
completa oimparcial,12,0.12
trabalho resultados,12,0.12
vapor,12,0.12
percepcao,12,0.12
velorio,12,0.12
escuro,12,0.12
bio aplicativo,12,0.12
setembro independencia,12,0.12
setembro celebramos,12,0.12
dialogos,12,0.12
prestou,12,0.12
pressa,12,0.12
rumos,12,0.12
bio perfil,12,0.12
ruas lado,12,0.12
ruas conversando,12,0.12
trabalho parar,12,0.12
trabalho juntos,12,0.12
trabalho fizemos,12,0.12
trabalho fazer,12,0.12
futuro comeca,12,0.12
feira candidato,12,0.12
nessa nova,12,0.12
encontro conversa,12,0.12
logica,12,0.12
respirar,12,0.12
movida,12,0.12
movel,12,0.12
construirmos,12,0.12
delegacia policia,12,0.12
vem sendo,12,0.12
alcanca,12,0.12
agricultor,12,0.12
carinho alegria,12,0.12
certeza juntos,12,0.12
encerra,12,0.12
trabalho esperanca,12,0.12
trabalho deputado,12,0.12
trabalho cuidado,12,0.12
quer levar,12,0.12
completa anos,12,0.12
conta ruas,12,0.12
conta pra,12,0.12
conteudo gerado,12,0.12
vera,12,0.12
ver perto,12,0.12
governo distrito,12,0.12
inclusiva,12,0.12
news dna,12,0.12
neste video,12,0.12
dificultar,12,0.12
queremos fazer,12,0.12
soltou,12,0.12
solicitou,12,0.12
longo vida,12,0.12
responsabilizacao,12,0.12
responsabilidade respeito,12,0.12
fotografia,12,0.12
rainha,12,0.12
apoio fortalece,12,0.12
trabalhando levar,12,0.12
comerciante,12,0.12
quero defender,12,0.12
quero convidar,12,0.12
quero construir,12,0.12
quero colocar,12,0.12
respeito dignidade,12,0.12
avenida paulista,12,0.12
lojas,12,0.12
respaldo,12,0.12
resolver verdade,12,0.12
especializados,12,0.12
carinho respeito,12,0.12
contatos,12,0.12
presidente estados,12,0.12
preserva,12,0.12
continua comentarios,12,0.12
contigo,12,0.12
espontanea,12,0.12
bom ver,12,0.12
faz cidade,12,0.12
senti,12,0.12
saiba detalhes,12,0.12
nivel confianca,12,0.12
niveis,12,0.12
raio,12,0.12
apreendido,12,0.12
aposta,12,0.12
aposentados,12,0.12
presenca escuta,12,0.12
continuarei,12,0.12
continuar transformando,12,0.12
continuar representando,12,0.12
continuar levando,12,0.12
esquecido,12,0.12
aprendizados,12,0.12
todo parana,12,0.12
disparos,12,0.12
raras,12,0.12
diogo,12,0.12
ouvindo vive,12,0.12
ouvindo historias,12,0.12
ferro,12,0.12
sorrir,12,0.12
avalanche,12,0.12
dedica vida,12,0.12
momentos assim,12,0.12
senador governador,12,0.12
brasilia precisa,12,0.12
senador candidato,12,0.12
chega onde,12,0.12
charles,12,0.12
coloquei,12,0.12
apresentam,12,0.12
juntos mudar,12,0.12
reafirmo,12,0.12
todo trabalho,12,0.12
mortes,12,0.12
agressor,12,0.12
governo presidente,12,0.12
deixado,12,0.12
mdb republicanos,12,0.12
candidatas,12,0.12
cansaco,12,0.12
grande lideranca,12,0.12
prefere,12,0.12
adolescente anos,12,0.12
fabiano,12,0.12
coloco nome,12,0.12
rebeca,12,0.12
autorizado,12,0.12
stories acessando,12,0.12
botafogo,12,0.12
moradias,12,0.12
esporte cultura,12,0.12
contou presenca,12,0.12
continuarmos,12,0.12
modernizacao,12,0.12
canal jovem,12,0.12
estadao conteudo,12,0.12
impedido,12,0.12
grandeabc,12,0.12
afetadas,12,0.12
pesado,12,0.12
chegar brasilia,12,0.12
noticias metropoles,12,0.12
noticia romanews,12,0.12
formou,12,0.12
oportunidades povo,12,0.12
dobro,12,0.12
dito,12,0.12
colo,12,0.12
facebook,12,0.12
record,12,0.12
reconhecida,12,0.12
coligacao juntos,12,0.12
dna noticia,12,0.12
operacao compliance,12,0.12
tivemos oportunidade,12,0.12
juntos transformar,12,0.12
toda caminhada,12,0.12
republicanos cnpj,12,0.12
sudeste,12,0.12
subtenente,12,0.12
liminar,12,0.12
semelhante,12,0.12
semanais,12,0.12
santa rita,12,0.12
estado saude,12,0.12
fez questao,12,0.12
adoracao,12,0.12
imirante,12,0.12
imediato,12,0.12
conversando pessoas,12,0.12
precisa fazer,12,0.12
debora,12,0.12
campanha feita,12,0.12
campanha cresce,12,0.12
liderancas amigos,12,0.12
repercutiu,12,0.12
cheias,12,0.12
eleicoes deste,12,0.12
dois pontos,12,0.12
dois mandatos,12,0.12
recorrer,12,0.12
planaltina,12,0.12
santo amaro,12,0.12
mobilidade urbana,12,0.12
mbl,12,0.12
convido,12,0.12
vigor,12,0.12
adesivar carro,12,0.12
gratidao deus,12,0.12
peticao,12,0.12
tiao,12,0.12
recursos investimentos,12,0.12
colar,12,0.12
colapso,12,0.12
ontem estive,12,0.12
dol,12,0.12
aurelio,12,0.12
brizola,12,0.12
seguros,12,0.12
mendonca stf,12,0.12
existia,12,0.12
renovamos,12,0.12
eixos,12,0.12
cnpj psd,12,0.12
lado futuro,12,0.12
formando,12,0.12
terras,12,0.12
lado familia,12,0.12
estadual numero,12,0.12
gravata,12,0.12
pinto,12,0.12
pimentel,12,0.12
debate candidatos,12,0.12
acolheu,12,0.12
acolhedor,12,0.12
estrategica,12,0.12
estrategias,12,0.12
cabral,12,0.12
refem,12,0.12
ombro,12,0.12
lado vereador,12,0.12
terceiros,12,0.12
nova pesquisa,12,0.12
auditorio,12,0.12
licenca,12,0.12
correndo,12,0.12
corredores,12,0.12
milhoes pessoas,12,0.12
bruna,12,0.12
postagem,12,0.12
creche,12,0.12
polarizacao,12,0.12
classificacao,12,0.12
oficio,12,0.12
duelo,12,0.12
eleicoessjcc,12,0.12
susto,12,0.12
levar todo,12,0.12
cidade acontecer,12,0.12
estatistica,12,0.12
povo faz,12,0.12
pleno,12,0.12
vitimas violencia,12,0.12
acompanhe cobertura,12,0.12
greve,12,0.12
assiste,12,0.12
eduardo fonte,12,0.12
cliente,12,0.12
tenha coragem,12,0.12
fomos recebidos,12,0.12
tempestade,12,0.12
oficialmente campanha,12,0.12
oferecendo,12,0.12
arvores,12,0.12
fora moraes,12,0.12
lava,12,0.12
latina,12,0.12
microfone,12,0.12
humanidade,12,0.12
poder eleicoes,12,0.12
potiguar,12,0.12
criamos,12,0.12
creutzfeldt jakob,12,0.12
creutzfeldt,12,0.12
cadu,12,0.12
cadeiras,12,0.12
merece atencao,12,0.12
mercado trabalho,12,0.12
mensagens trocadas,12,0.12
excecao,12,0.12
estuda,12,0.12
segredo,12,0.12
tadeu,12,0.12
fins,12,0.12
levar forca,12,0.12
assinar,12,0.12
associacoes,12,0.12
abriu portas,12,0.12
seguimos luta,12,0.12
calcada,12,0.12
levando comigo,12,0.12
letra,12,0.12
assumindo,12,0.12
tantos anos,12,0.12
atendendo,12,0.12
atencao especial,12,0.12
firme defesa,12,0.12
lesao,12,0.12
cientifica,12,0.12
portinho,12,0.12
voluntarios,12,0.12
hora levar,12,0.12
hora escolher,12,0.12
conduzido,12,0.12
patriota,12,0.12
patria familia,12,0.12
pastora,12,0.12
projeto seguimos,12,0.12
confianca povo,12,0.12
desde cedo,12,0.12
mesma forma,12,0.12
michele,12,0.12
metro,12,0.12
abrimos,12,0.12
historia sabe,12,0.12
cumprida,12,0.12
cuidam,12,0.12
ponta grossa,12,0.12
zerar,12,0.12
zona mata,11,0.11
caixa economica,11,0.11
seguimos ruas,11,0.11
camarao,11,0.11
messias,11,0.11
mesquita,11,0.11
mesmos valores,11,0.11
eterno,11,0.11
metas,11,0.11
segundo investigacoes,11,0.11
cruel,11,0.11
voto secreto,11,0.11
policiais encontraram,11,0.11
policias,11,0.11
criei,11,0.11
caminhada politica,11,0.11
caminhada acredita,11,0.11
horas antes,11,0.11
horas semanais,11,0.11
gzh,11,0.11
acima lei,11,0.11
vivida,11,0.11
creches,11,0.11
posto saude,11,0.11
potencia,11,0.11
damos,11,0.11
poder justica,11,0.11
curta comente,11,0.11
eduardo braga,11,0.11
flores,11,0.11
lei maria,11,0.11
fiz questao,11,0.11
assim faz,11,0.11
rejeicao,11,0.11
relata,11,0.11
cidade melhor,11,0.11
financiar,11,0.11
atingidas,11,0.11
assine,11,0.11
ocorrer,11,0.11
ocorrera,11,0.11
claros,11,0.11
citar,11,0.11
tebet,11,0.11
nunes marques,11,0.11
relevantes,11,0.11
chicao,11,0.11
finais,11,0.11
levo comigo,11,0.11
atingida,11,0.11
olhar olhos,11,0.11
dou,11,0.11
reflete,11,0.11
refletir,11,0.11
fonteles,11,0.11
ofederalpraresolverdeverdade,11,0.11
oficialmente nova,11,0.11
duda,11,0.11
folhape,11,0.11
regiao seguimos,11,0.11
armadas,11,0.11
arraes,11,0.11
lado governadora,11,0.11
nulo,11,0.11
renovada,11,0.11
repassadas,11,0.11
repasses,11,0.11
surpreendeu,11,0.11
eleitoral deputado,11,0.11
drenagem,11,0.11
lancado,11,0.11
forcas armadas,11,0.11
lado time,11,0.11
omar aziz,11,0.11
clinica,11,0.11
clubes,11,0.11
coisa boa,11,0.11
forma fazer,11,0.11
argumento,11,0.11
timon,11,0.11
justificar,11,0.11
cheia energia,11,0.11
repete,11,0.11
liderar,11,0.11
atuante,11,0.11
representacao verdade,11,0.11
ong,11,0.11
cobrou,11,0.11
rede estadual,11,0.11
the,11,0.11
areas saude,11,0.11
lado conheca,11,0.11
oportunidade ouvir,11,0.11
oportunidades jovens,11,0.11
jurua,11,0.11
aproximando,11,0.11
tivesse,11,0.11
elton,11,0.11
fica forte,11,0.11
emocional,11,0.11
republica paulo,11,0.11
juntos rondonia,11,0.11
aquecimento,11,0.11
aquilo acredita,11,0.11
titular,11,0.11
recepcao calorosa,11,0.11
opinioes,11,0.11
doa,11,0.11
apresentamos,11,0.11
apresentar ideias,11,0.11
chefe gabinete,11,0.11
ssp,11,0.11
stories bio,11,0.11
stories jornalagazeta,11,0.11
ninguem ficou,11,0.11
ninguem tras,11,0.11
juntos vote,11,0.11
fortalecer agricultura,11,0.11
toda vida,11,0.11
osasco,11,0.11
otima,11,0.11
disponivel bio,11,0.11
ditadura,11,0.11
dobradinha,11,0.11
juntos compromisso,11,0.11
juntos construindo,11,0.11
apoio prefeito,11,0.11
empatados,11,0.11
empenho,11,0.11
encerrar,11,0.11
avaliado,11,0.11
ferramentas,11,0.11
comeca caminhada,11,0.11
todo vapor,11,0.11
juntos juntas,11,0.11
forte justo,11,0.11
tome,11,0.11
diretora,11,0.11
realidade perto,11,0.11
juntos muita,11,0.11
trabalhar povo,11,0.11
apoie,11,0.11
lindas,11,0.11
emprestimo,11,0.11
residuos,11,0.11
resolveu,11,0.11
ferida,11,0.11
apoio amigo,11,0.11
comissao constituicao,11,0.11
cometido,11,0.11
junte,11,0.11
trabalhando futuro,11,0.11
frente parlamentar,11,0.11
ouvir dialogar,11,0.11
comente diagnostico,11,0.11
quis,11,0.11
jornalnacional,11,0.11
jornalrondoniaovivo,11,0.11
respeito dinheiro,11,0.11
nesta eleicao,11,0.11
avenidas,11,0.11
aviso,11,0.11
aziz,11,0.11
local onde,11,0.11
dica,11,0.11
queremos continuar,11,0.11
diferentes areas,11,0.11
pacto,11,0.11
juiz fora,11,0.11
julgado,11,0.11
franco,11,0.11
apoio parceria,11,0.11
localizacao,11,0.11
encontradas,11,0.11
cerca bilhoes,11,0.11
restante,11,0.11
restricao,11,0.11
luchsinger,11,0.11
feira set,11,0.11
feirante,11,0.11
jordy,11,0.11
futuro deputado,11,0.11
jeronimo rodrigues,11,0.11
jesus cristo,11,0.11
trabalho precisa,11,0.11
diariodonordeste,11,0.11
paiva,11,0.11
quer seguir,11,0.11
deu recado,11,0.11
publicado redes,11,0.11
publicados,11,0.11
publico estado,11,0.11
deveria precisar,11,0.11
trabalho respeito,11,0.11
longo dessa,11,0.11
enfermeira,11,0.11
reta final,11,0.11
federal rio,11,0.11
sofrem,11,0.11
solar,11,0.11
nega,11,0.11
complexidade,11,0.11
compreensao,11,0.11
joel,11,0.11
destruiu,11,0.11
balanco,11,0.11
jaques,11,0.11
jaques wagner,11,0.11
trajetoria sempre,11,0.11
transacoes,11,0.11
aparelhos,11,0.11
aparentemente,11,0.11
apaga,11,0.11
psol cnpj,11,0.11
publica estado,11,0.11
publica faz,11,0.11
publicacoes,11,0.11
paraguai,11,0.11
paraibanos,11,0.11
detido,11,0.11
transicao,11,0.11
anos preso,11,0.11
ganhando forca,11,0.11
futuros,11,0.11
transformacao social,11,0.11
naquele momento,11,0.11
federal pedro,11,0.11
soberania nacional,11,0.11
federal voz,11,0.11
luta compromisso,11,0.11
luta dias,11,0.11
transformam vidas,11,0.11
transformar compromisso,11,0.11
parede,11,0.11
parente,11,0.11
paranaenses,11,0.11
participado,11,0.11
entregamos,11,0.11
municoes,11,0.11
causando,11,0.11
causar,11,0.11
madeira,11,0.11
barretos,11,0.11
barro,11,0.11
site jornaloglobo,11,0.11
provocando,11,0.11
compromisso responsabilidade,11,0.11
compromisso resultado,11,0.11
parnaiba,11,0.11
parques,11,0.11
isolada,11,0.11
transformar potencial,11,0.11
lutamos,11,0.11
barbara,11,0.11
barci moraes,11,0.11
barrar,11,0.11
rigor,11,0.11
partido republicanos,11,0.11
parto,11,0.11
concreta,11,0.11
tres pontos,11,0.11
animal precisa,11,0.11
desse povo,11,0.11
dessa campanha,11,0.11
conceicao,11,0.11
anteriores,11,0.11
tratamentos,11,0.11
trazer recursos,11,0.11
desfile civico,11,0.11
deslocamentos,11,0.11
intervencoes,11,0.11
invadiu,11,0.11
caso registrado,11,0.11
rio preto,11,0.11
riograndedonorte,11,0.11
roberta luchsinger,11,0.11
muita estrada,11,0.11
simone tebet,11,0.11
passagens,11,0.11
condicoes dignas,11,0.11
propria historia,11,0.11
analisada,11,0.11
investidos,11,0.11
interrompida,11,0.11
paulo precisa,11,0.11
fechando,11,0.11
federal eduardo,11,0.11
fazer pernambuco,11,0.11
bebidas,11,0.11
beira,11,0.11
paulo senador,11,0.11
profundo,11,0.11
ultimos dias,11,0.11
amigo prefeito,11,0.11
ambulancia,11,0.11
pau,11,0.11
confianca pessoas,11,0.11
patrocinio,11,0.11
interior paulo,11,0.11
passo dessa,11,0.11
integram,11,0.11
gera renda,11,0.11
getulio,11,0.11
pcdob pdt,11,0.11
basicas,11,0.11
rock rio,11,0.11
rodoviario,11,0.11
mantida,11,0.11
siga credito,11,0.11
belford roxo,11,0.11
fechou,11,0.11
produtividade,11,0.11
confirmadas,11,0.11
intencao voto,11,0.11
gazetadigital noticias,11,0.11
confiou,11,0.11
golpes,11,0.11
primeiro debate,11,0.11
equipes resgate,11,0.11
erika,11,0.11
muda vida,11,0.11
marcal,11,0.11
mudanca acontece,11,0.11
consta,11,0.11
constituicao justica,11,0.11
vacinacao,11,0.11
gestos,11,0.11
pegue,11,0.11
pedindo voto,11,0.11
derrotar,11,0.11
conhecer realidade,11,0.11
integra link,11,0.11
dentista,11,0.11
alegria apoio,11,0.11
rondoniaovivo jornalrondoniaovivo,11,0.11
rossi,11,0.11
marcando,11,0.11
marcel,11,0.11
servicos saude,11,0.11
alegria contar,11,0.11
percorremos,11,0.11
construimos juntos,11,0.11
construindo caminhos,11,0.11
pensado,11,0.11
pense,11,0.11
inicia,11,0.11
iniciaram,11,0.11
vamo,11,0.11
permitem,11,0.11
construir proprio,11,0.11
movimentos sociais,11,0.11
carne,11,0.11
russia,11,0.11
prestigiando,11,0.11
democracia crista,11,0.11
pergunta simples,11,0.11
deixar ninguem,11,0.11
alagamentos,11,0.11
gosto perto,11,0.11
governa,11,0.11
perdido,11,0.11
delegacias,11,0.11
previamente,11,0.11
construir estado,11,0.11
ajuda construir,11,0.11
ajudado,11,0.11
sabe importancia,11,0.11
esperanca futuro,11,0.11
esportivos,11,0.11
favela,11,0.11
sergipano,11,0.11
serias,11,0.11
bnews,11,0.11
vendas,11,0.11
venezuela,11,0.11
aguarda,11,0.11
vem forca,11,0.11
vem somar,11,0.11
vem time,11,0.11
vencedor,11,0.11
moraes banqueiro,11,0.11
moral,11,0.11
sentimentos,11,0.11
serei,11,0.11
espiritual,11,0.11
pernambucanos,11,0.11
indecisos,11,0.11
ver todo,11,0.11
verba,11,0.11
verdade juntos,11,0.11
incentivos,11,0.11
contara,11,0.11
presidente governador,11,0.11
deixaram,11,0.11
indicar,11,0.11
governador flavio,11,0.11
agenda cheia,11,0.11
agilidade,11,0.11
agir federacao,11,0.11
moradia digna,11,0.11
sendo voz,11,0.11
bota,11,0.11
famoso,11,0.11
famosos,11,0.11
farda,11,0.11
faltando,11,0.11
braco,11,0.11
moradora,11,0.11
esquecer onde,11,0.11
preparou,11,0.11
gracas deus,11,0.11
verdade ofederalpraresolverdeverdade,11,0.11
decorou,11,0.11
decreto,11,0.11
vestir,11,0.11
grande abraco,11,0.11
grande alegria,11,0.11
vice governadora,11,0.11
salao,11,0.11
candidato afirmou,11,0.11
sempre perto,11,0.11
sempre presente,11,0.11
prendeu,11,0.11
prepare,11,0.11
perto dificuldades,11,0.11
inadmissivel,11,0.11
inauguramos,11,0.11
verde amarelo,11,0.11
declarado,11,0.11
predios,11,0.11
prefeitaoegovernadorzao,11,0.11
dedo,11,0.11
imperatriz,11,0.11
importacao,11,0.11
aeroporto internacional,11,0.11
samara,11,0.11
modelos,11,0.11
santiago,11,0.11
brigar,11,0.11
sempre fiz,11,0.11
falte,11,0.11
faltem,11,0.11
prefeituras,11,0.11
defender valores,11,0.11
convide,11,0.11
administrativas,11,0.11
vidro,11,0.11
pessoas levando,11,0.11
falecimento,11,0.11
estadual partido,11,0.11
mirim,11,0.11
mistura,11,0.11
santo andre,11,0.11
seis meses,11,0.11
precisa quero,11,0.11
pessoas conhecendo,11,0.11
precisei,11,0.11
imensamente,11,0.11
vida trabalha,11,0.11
decisivo,11,0.11
coracao aberto,11,0.11
seletivo,11,0.11
brasilia voz,11,0.11
braz,11,0.11
brigadeiro,11,0.11
melhorando,11,0.11
experiencia servico,11,0.11
experiente,11,0.11
faccao,11,0.11
meioambiente,11,0.11
ministerio saude,11,0.11
estadual marcos,11,0.11
saudaveis,11,0.11
estaremos juntos,11,0.11
prazos,11,0.11
precisa enfrentar,11,0.11
estatal,11,0.11
mineracao,11,0.11
caminhada ruas,11,0.11
seguranca saude,11,0.11
buscam,11,0.11
correio povo,11,0.11
pra contar,11,0.11
viram,11,0.11
guiando,11,0.11
ibge,11,0.11
dar largada,11,0.11
corinthians,11,0.11
coordenacao,11,0.11
grave acidente,11,0.11
adequadas,11,0.11
acreditam politica,11,0.11
corte edson,11,0.11
habitacao,11,0.11
hospital veterinario,11,0.11
caminhada deputado,11,0.11
michelle,11,0.11
mil votos,11,0.11
menores anos,11,0.11
segundo relato,11,0.11
seguranca infraestrutura,11,0.11
existe historia,11,0.11
vivemos momento,11,0.11
vivendo perto,11,0.11
visitei,11,0.11
visitou,11,0.11
acompanhando perto,11,0.11
cortes,11,0.11
historia vida,11,0.11
abandonar,11,0.11
wanderley,11,0.11
wesley,11,0.11
voz chegar,11,0.11
politica eleicoes,11,0.11
homicidios,11,0.11
abrir espaco,11,0.11
absolutamente,11,0.11
higiene,11,0.11
cujo,11,0.11
culto,11,0.11
portaria,11,0.11
curriculo,11,0.11
hora fazer,11,0.11
homem teria,11,0.11
obstaculo,11,0.11
obtidos,11,0.11
cientistas,11,0.11
cinco dias,11,0.11
regulamentacao,11,0.11
reinaldo,11,0.11
assumimos,11,0.11
levam,11,0.11
atendeu,11,0.11
atendido,11,0.11
atendimento veterinario,11,0.11
fisico,11,0.11
reis deputado,11,0.11
youtube confira,11,0.11
cuidar cuida,11,0.11
cuidar familia,11,0.11
NOSSO,10,0.1
cuja,10,0.1
vote vote,10,0.1
politica presenca,10,0.1
politica transformar,10,0.1
criticar,10,0.1
porta aberta,10,0.1
portal folhape,10,0.1
portal tribunadonorte,10,0.1
politica mim,10,0.1
hana,10,0.1
executiva,10,0.1
metropoles metropoles,10,0.1
michel,10,0.1
evandro,10,0.1
seguia,10,0.1
cameli,10,0.1
votando,10,0.1
cristao,10,0.1
portalatarde,10,0.1
honrado,10,0.1
honrando,10,0.1
segundo relatos,10,0.1
seguranca alimentar,10,0.1
caminhada linda,10,0.1
caminha junto,10,0.1
estrutural,10,0.1
mercadorias,10,0.1
eterna,10,0.1
cade,10,0.1
acacio,10,0.1
portas comite,10,0.1
criativa,10,0.1
positivo,10,0.1
acionadas,10,0.1
vivido,10,0.1
volei,10,0.1
honesto,10,0.1
possuem,10,0.1
curi senador,10,0.1
postulantes,10,0.1
daniel vilela,10,0.1
sei fazer,10,0.1
estimado,10,0.1
estimular,10,0.1
estou nessa,10,0.1
exige coragem,10,0.1
menos pessoas,10,0.1
cabeca coracao,10,0.1
pouco tempo,10,0.1
cortar,10,0.1
vivas,10,0.1
vive cidade,10,0.1
guardas,10,0.1
minerais,10,0.1
saudemental,10,0.1
estrategico,10,0.1
milhoes destinados,10,0.1
membro,10,0.1
exclusiva,10,0.1
seguranca registraram,10,0.1
acredita projeto,10,0.1
acredita trabalha,10,0.1
vitoria outubro,10,0.1
dai,10,0.1
povo cearense,10,0.1
povo rio,10,0.1
planta,10,0.1
plataformas digitais,10,0.1
correta,10,0.1
corretamente,10,0.1
dar certo,10,0.1
dar continuidade,10,0.1
identifica,10,0.1
gratuitamente,10,0.1
melhora vida,10,0.1
fabricio,10,0.1
expoe,10,0.1
estagio,10,0.1
estando perto,10,0.1
estando presente,10,0.1
caminharem,10,0.1
acredite,10,0.1
virginia,10,0.1
guerreiro,10,0.1
dara,10,0.1
corporal,10,0.1
corpos,10,0.1
pra federal,10,0.1
mira metropoles,10,0.1
santo agostinho,10,0.1
santos deputada,10,0.1
exposicoes,10,0.1
exterior,10,0.1
extra,10,0.1
pra psb,10,0.1
coragem mudar,10,0.1
debate presidencial,10,0.1
coragem transformar,10,0.1
cooperativas,10,0.1
igarassu,10,0.1
ignorada,10,0.1
modo,10,0.1
estado seguimos,10,0.1
cancelada,10,0.1
santa rosa,10,0.1
sempre juntos,10,0.1
falam,10,0.1
faleceu,10,0.1
acumulado,10,0.1
grito,10,0.1
petistas,10,0.1
picos,10,0.1
debaixo,10,0.1
coordenada,10,0.1
copacabana,10,0.1
prato,10,0.1
moises,10,0.1
momentos dificeis,10,0.1
estabilidade,10,0.1
salto,10,0.1
convidada,10,0.1
gratidao pessoa,10,0.1
adesivados,10,0.1
adicional,10,0.1
administrar,10,0.1
vigilancia sanitaria,10,0.1
acreditou,10,0.1
acritica,10,0.1
pessoas morreram,10,0.1
pessoas obrigado,10,0.1
conviver,10,0.1
convocou,10,0.1
precisa melhorar,10,0.1
precisa trabalho,10,0.1
maturidade,10,0.1
sentado,10,0.1
esqueceu,10,0.1
candidatura deputada,10,0.1
candido,10,0.1
salario minimo,10,0.1
braide,10,0.1
pessoas ficaram,10,0.1
pessoas fisicas,10,0.1
precisam voz,10,0.1
precisamos avancar,10,0.1
precisamos fortalecer,10,0.1
precisaram,10,0.1
impeachment ministro,10,0.1
grande parte,10,0.1
adotado,10,0.1
adquirir,10,0.1
bombeiros militar,10,0.1
sequestro,10,0.1
boletim ocorrencia,10,0.1
moreno,10,0.1
morrer,10,0.1
saiba materia,10,0.1
sair casa,10,0.1
sair papel,10,0.1
matou,10,0.1
convencao,10,0.1
afirmando,10,0.1
impoe,10,0.1
aeronaves,10,0.1
blusinhas,10,0.1
fazer bem,10,0.1
sabor,10,0.1
saem,10,0.1
bom humor,10,0.1
fatores,10,0.1
marketing,10,0.1
pescadores,10,0.1
pesquise,10,0.1
contratada,10,0.1
contratado,10,0.1
prejudicar,10,0.1
perto ouvindo,10,0.1
agosto partir,10,0.1
impressionante,10,0.1
agenda campanha,10,0.1
esperanca vontade,10,0.1
especies,10,0.1
esperado,10,0.1
seriedade compromisso,10,0.1
defensor,10,0.1
pertencimento,10,0.1
inaceitavel,10,0.1
vermelha,10,0.1
vestindo,10,0.1
continuar luta,10,0.1
presenca deus,10,0.1
incluem,10,0.1
governo pernambuco,10,0.1
agressores,10,0.1
verdade pessoas,10,0.1
verdade vote,10,0.1
faz presenca,10,0.1
bocalom,10,0.1
sertanejo,10,0.1
servicos essenciais,10,0.1
carinho muita,10,0.1
continuacao comentarios,10,0.1
continuar caminhada,10,0.1
pernambuco melhor,10,0.1
verbas,10,0.1
verdade comeca,10,0.1
verdade necessidades,10,0.1
presidentes,10,0.1
governador goias,10,0.1
ajudei,10,0.1
vende,10,0.1
grajau,10,0.1
gramado,10,0.1
servidores publicos,10,0.1
escuta compromisso,10,0.1
esforcos,10,0.1
carmo,10,0.1
rua olho,10,0.1
ruas conversar,10,0.1
fazer caminhada,10,0.1
marco antonio,10,0.1
alcancando,10,0.1
vem povo,10,0.1
vem pra,10,0.1
vence,10,0.1
venceremos,10,0.1
governo paulo,10,0.1
indeterminado,10,0.1
permaneca,10,0.1
permita,10,0.1
bio jornaloglobo,10,0.1
bia,10,0.1
fazer voz,10,0.1
mudado,10,0.1
casa casa,10,0.1
rondonia propaganda,10,0.1
rosinha,10,0.1
marcantes,10,0.1
marcelo camargo,10,0.1
fazendo acontecer,10,0.1
fazendo campanha,10,0.1
servidor publico,10,0.1
benedita senadora,10,0.1
benedito,10,0.1
mudou vida,10,0.1
muita chegando,10,0.1
equipes corpo,10,0.1
maracana,10,0.1
maranhenses,10,0.1
perguntou,10,0.1
percurso,10,0.1
perdeu controle,10,0.1
inelegibilidade,10,0.1
influenciadores,10,0.1
gov,10,0.1
governador jorginho,10,0.1
indices,10,0.1
peres,10,0.1
construir caminho,10,0.1
construir caminhos,10,0.1
dentro margem,10,0.1
alegria lado,10,0.1
velloso,10,0.1
bases,10,0.1
muitas historias,10,0.1
roda,10,0.1
casamento familia,10,0.1
cascavel,10,0.1
caso banco,10,0.1
fazerem,10,0.1
mantem viva,10,0.1
mantendo,10,0.1
manu,10,0.1
fazer ceara,10,0.1
riva,10,0.1
roca,10,0.1
muita forca,10,0.1
bastos deputada,10,0.1
federal deputadofederal,10,0.1
fazer regiao,10,0.1
bauru,10,0.1
construir pais,10,0.1
construidas,10,0.1
primavera,10,0.1
deputados estaduais,10,0.1
penas,10,0.1
ingles,10,0.1
gleisi,10,0.1
inscrito,10,0.1
alem trabalho,10,0.1
deposito,10,0.1
constatou,10,0.1
constituicao federal,10,0.1
principalmente muita,10,0.1
inspira,10,0.1
gestaopublica,10,0.1
gestora,10,0.1
site aplicativo,10,0.1
luzia,10,0.1
enviou,10,0.1
mulheres politica,10,0.1
muitos encontros,10,0.1
enviadas,10,0.1
alguma coisa,10,0.1
algumas pessoas,10,0.1
aliada,10,0.1
principalmente pessoas,10,0.1
desaparecimento,10,0.1
peixe,10,0.1
deputadodistrital,10,0.1
instrumentos,10,0.1
muro,10,0.1
museu,10,0.1
causou,10,0.1
lutar saude,10,0.1
magno,10,0.1
maior parte,10,0.1
amapazao,10,0.1
uso inteligencia,10,0.1
altos,10,0.1
uti,10,0.1
derrota,10,0.1
derrubar,10,0.1
considerar,10,0.1
considerou,10,0.1
consolida,10,0.1
conscientizar,10,0.1
bandido,10,0.1
bar,10,0.1
nascido,10,0.1
ceasa,10,0.1
revelam,10,0.1
revoltante,10,0.1
revolucao,10,0.1
entrar politica,10,0.1
privados,10,0.1
privatizacao,10,0.1
pecuaria,10,0.1
pedestres,10,0.1
processo seletivo,10,0.1
amazonense,10,0.1
luta povo,10,0.1
sobrinho,10,0.1
sociais apos,10,0.1
sociais reproducao,10,0.1
baleia,10,0.1
luizianne cid,10,0.1
entender melhor,10,0.1
entendo,10,0.1
lutei,10,0.1
urgentes,10,0.1
alvorada,10,0.1
getulio vargas,10,0.1
produtora,10,0.1
produzidos,10,0.1
professoras,10,0.1
gaucha,10,0.1
sofreram,10,0.1
lucena,10,0.1
necessidades povo,10,0.1
negar,10,0.1
negras,10,0.1
celebrar independencia,10,0.1
reunido,10,0.1
luta lado,10,0.1
gayer,10,0.1
americanos,10,0.1
confiante,10,0.1
paulo vote,10,0.1
confira integra,10,0.1
confesso,10,0.1
confianca carinho,10,0.1
patrulha,10,0.1
patrus ananias,10,0.1
interesse publico,10,0.1
interferir,10,0.1
longo trajetoria,10,0.1
energia eletrica,10,0.1
energia forca,10,0.1
neles,10,0.1
nelson,10,0.1
nessa corrente,10,0.1
cenario politico,10,0.1
centavo,10,0.1
luizinho,10,0.1
lula governador,10,0.1
federal seguimos,10,0.1
encontros abracos,10,0.1
enchente,10,0.1
centro decisoes,10,0.1
centro oeste,10,0.1
centro sul,10,0.1
lucro,10,0.1
lucros,10,0.1
feira imagens,10,0.1
feira livre,10,0.1
feita durante,10,0.1
longas,10,0.1
ultimos meses,10,0.1
uniao dialogo,10,0.1
ambientes,10,0.1
confianca parceria,10,0.1
projecao,10,0.1
projeto preve,10,0.1
desigualdades,10,0.1
auxiliar,10,0.1
nestas,10,0.1
nestas eleicoes,10,0.1
encarar,10,0.1
encerrando,10,0.1
responsabilidade seguir,10,0.1
bahia forte,10,0.1
solidariedade cnpj,10,0.1
encontro importante,10,0.1
conexoes,10,0.1
prometer,10,0.1
uberlandia,10,0.1
ultima terca,10,0.1
interacao,10,0.1
emtempo,10,0.1
residencias,10,0.1
respectivamente,10,0.1
respeitadas,10,0.1
logo apos,10,0.1
feira presidente,10,0.1
feira santana,10,0.1
avancamos,10,0.1
passo nessa,10,0.1
proporcoes,10,0.1
proposito maior,10,0.1
deslize,10,0.1
despede,10,0.1
intolerancia,10,0.1
inundacao,10,0.1
tutores,10,0.1
empreende gera,10,0.1
empreendedora,10,0.1
chega vida,10,0.1
requalificacao,10,0.1
requiao filho,10,0.1
resende,10,0.1
feitosa,10,0.1
sorriso rosto,10,0.1
passageiro,10,0.1
condominio,10,0.1
propositos,10,0.1
proprio caminho,10,0.1
tribunadonorte link,10,0.1
tribunais,10,0.1
investigada,10,0.1
trindade,10,0.1
felizes,10,0.1
sozinhos,10,0.1
stf andre,10,0.1
autistas,10,0.1
automovel,10,0.1
noite dessa,10,0.1
emenda parlamentar,10,0.1
nina,10,0.1
emocionou,10,0.1
investigado policia,10,0.1
ganha novo,10,0.1
tribuna link,10,0.1
desse jeito,10,0.1
participar desse,10,0.1
ganharam,10,0.1
invisivel,10,0.1
irei,10,0.1
ficaram feridas,10,0.1
norte sul,10,0.1
republica flavio,10,0.1
republicano,10,0.1
republicanos agir,10,0.1
empreendimento,10,0.1
anos idade,10,0.1
parte rotina,10,0.1
parte trajetoria,10,0.1
participacao popular,10,0.1
protocolo,10,0.1
provisoria,10,0.1
parnamirim,10,0.1
ivana,10,0.1
transformar experiencia,10,0.1
anote,10,0.1
ivana bastos,10,0.1
futuro regiao,10,0.1
gabriela,10,0.1
antunes,10,0.1
transformado,10,0.1
chegar senado,10,0.1
reproducao youtube,10,0.1
limeira,10,0.1
determina,10,0.1
traga familia,10,0.1
janaina riva,10,0.1
transforma vida,10,0.1
antes politica,10,0.1
jeito gosta,10,0.1
atravessar,10,0.1
atravessou,10,0.1
fim contas,10,0.1
chegou momento,10,0.1
aurea,10,0.1
apenas discurso,10,0.1
anunciado,10,0.1
anvisa,10,0.1
traduz,10,0.1
detalhes materia,10,0.1
psicologico,10,0.1
publica verdade,10,0.1
compromisso estado,10,0.1
determinou nesta,10,0.1
compromisso presenca,10,0.1
dialogo parceria,10,0.1
trabalho principalmente,10,0.1
trabalho quer,10,0.1
trabalho quero,10,0.1
parabenizo,10,0.1
suspensas,10,0.1
sustentar familia,10,0.1
levantamentos,10,0.1
eleicoes politica,10,0.1
liberdade expressao,10,0.1
licitacao,10,0.1
audios,10,0.1
paraenses,10,0.1
compromisso coragem,10,0.1
quaest divulgada,10,0.1
composicao,10,0.1
qualificacao profissional,10,0.1
furtado,10,0.1
joga,10,0.1
jingle oficial,10,0.1
frequentes,10,0.1
fria,10,0.1
firmes trabalhando,10,0.1
relator caso,10,0.1
relevante,10,0.1
cheio carinho,10,0.1
financas,10,0.1
levar mesma,10,0.1
suspender,10,0.1
fundiaria,10,0.1
pandemia,10,0.1
diagnosticado,10,0.1
quatro cantos,10,0.1
quebra sigilo,10,0.1
quebrada,10,0.1
compartilho,10,0.1
atendimento especializado,10,0.1
educacao cultura,10,0.1
educacao esporte,10,0.1
obrigada pessoa,10,0.1
obrigado amigos,10,0.1
obrigado prefeito,10,0.1
levantou,10,0.1
levar longe,10,0.1
ativista,10,0.1
paisagem,10,0.1
competentes,10,0.1
competitividade,10,0.1
quer conhecer,10,0.1
quer construir,10,0.1
quer continuar,10,0.1
quer trabalhar,10,0.1
trabalho comprovado,10,0.1
obtido,10,0.1
edmilson,10,0.1
ciencia tecnologia,10,0.1
regularizacao fundiaria,10,0.1
fiquem,10,0.1
firmado,10,0.1
assuncao,10,0.1
tantas liderancas,10,0.1
compartilhamos,10,0.1
juiza,10,0.1
trabalhar transformar,10,0.1
paga impostos,10,0.1
dias antes,10,0.1
quero falar,10,0.1
comemoracao,10,0.1
trabalhando estado,10,0.1
juntamente,10,0.1
apoio candidatura,10,0.1
apoio carinho,10,0.1
economica federal,10,0.1
economicos,10,0.1
circula,10,0.1
circulando,10,0.1
leitao,10,0.1
taxa blusinhas,10,0.1
tce,10,0.1
obter,10,0.1
ouvir entender,10,0.1
pablo marcal,10,0.1
comente curta,10,0.1
quilometro,10,0.1
quilos,10,0.1
rafaela,10,0.1
junto governo,10,0.1
reformas,10,0.1
civel,10,0.1
durante todo,10,0.1
flor,10,0.1
leia acritica,10,0.1
leia detalhes,10,0.1
junto seguimos,10,0.1
torneio,10,0.1
apontaram,10,0.1
comecando juntos,10,0.1
rayssa,10,0.1
reafirmamos compromisso,10,0.1
direitos trabalhadores,10,0.1
tomou ruas,10,0.1
tona,10,0.1
ofederalpraresolverdeverdade cnpj,10,0.1
ofensiva,10,0.1
ocupada,10,0.1
ocupado,10,0.1
folha paulo,10,0.1
tempo real,10,0.1
temporais,10,0.1
apos passar,10,0.1
ouve,10,0.1
realidade municipios,10,0.1
combate corrupcao,10,0.1
combinacao,10,0.1
realidade precisa,10,0.1
juntos lado,10,0.1
juntos maos,10,0.1
juntos piaui,10,0.1
duplicacao,10,0.1
olhar futuro,10,0.1
claudia,10,0.1
durante noite,10,0.1
larissa,10,0.1
laura cardoso,10,0.1
lava jato,10,0.1
artigo completo,10,0.1
tentava,10,0.1
teoria,10,0.1
todo lado,10,0.1
todo mato,10,0.1
realidade vive,10,0.1
disposicao representar,10,0.1
coluna mira,10,0.1
colocados,10,0.1
fortalecendo lacos,10,0.1
toda equipe,10,0.1
toda experiencia,10,0.1
lancamento comite,10,0.1
forca desse,10,0.1
forca trabalha,10,0.1
omissao,10,0.1
reestruturacao,10,0.1
refeicao,10,0.1
referente,10,0.1
toda sociedade,10,0.1
apresente,10,0.1
aprovar,10,0.1
aprovaram,10,0.1
aproveita,10,0.1
otavio,10,0.1
disposicao construir,10,0.1
colombia,10,0.1
tese,10,0.1
armado,10,0.1
onde nasci,10,0.1
onde povo,10,0.1
dois candidatos,10,0.1
redonda,10,0.1
reeleicao deputado,10,0.1
arte metropoles,10,0.1
recebeu milhoes,10,0.1
orgulho fazer,10,0.1
orientacoes,10,0.1
coligacao pronto,10,0.1
recebeu tanto,10,0.1
tiradentes,10,0.1
fortalecem caminhada,10,0.1
dois paises,10,0.1
onde realmente,10,0.1
onde veio,10,0.1
cobram,10,0.1
ondaazul,10,0.1
lado lula,10,0.1
forca ruas,10,0.1
forem,10,0.1
lagoas,10,0.1
lais,10,0.1
reconhecimento trabalho,10,0.1
cofres,10,0.1
coincidencia,10,0.1
dois nomes,10,0.1
formais,10,0.1
argentina,10,0.1
argumentos,10,0.1
time forte,10,0.1
distrital vote,10,0.1
orcamentaria,10,0.1
oportunidade trabalhar,10,0.1
oportunidades dignidade,10,0.1
juridicas,10,0.1
juntos vitoria,10,0.1
justo oportunidades,10,0.1
katia,10,0.1
kennedy,10,0.1
aquilo realmente,10,0.1
tirou,10,0.1
tivemos alegria,10,0.1
recem,10,0.1
colegiado,10,0.1
pontuou,10,0.1
cumprem,10,0.1
cumprido,10,0.1
cumpridos,10,0.1
historicamente,10,0.1
abuso autoridade,10,0.1
acabam,10,0.1
vote paulo,10,0.1
caca,10,0.1
abencoando vida,10,0.1
walter,10,0.1
william,10,0.1
historia cultura,10,0.1
LINK BIO,9,0.09
COMPLETA ACESSANDO,9,0.09
CONFIRA,9,0.09
CONFIRA MATERIA,9,0.09
abandona,9,0.09
mexer,9,0.09
euclides,9,0.09
meriti,9,0.09
mesma coragem,9,0.09
estrategicos,9,0.09
camargo agencia,9,0.09
seguimos unidos,9,0.09
calcadas,9,0.09
seguir firmes,9,0.09
seguirei,9,0.09
hein,9,0.09
aceitei,9,0.09
votado,9,0.09
hipotese,9,0.09
culinaria,9,0.09
cultura esporte,9,0.09
receitas,9,0.09
organiza,9,0.09
doacoes,9,0.09
justica distrito,9,0.09
justica federal,9,0.09
aproximou,9,0.09
tocantins portalafnoticias,9,0.09
juntos sempre,9,0.09
tire,9,0.09
fortalecer time,9,0.09
juntossomosmaisfortes,9,0.09
oportunidades seguimos,9,0.09
recepcao sempre,9,0.09
reclamacao,9,0.09
reclamacoes,9,0.09
reclusao,9,0.09
orienta,9,0.09
coligacao pra,9,0.09
recebida,9,0.09
recebimento,9,0.09
justica seguranca,9,0.09
recursos saude,9,0.09
lado populacao,9,0.09
lado faz,9,0.09
operacionais,9,0.09
opiniao rondoniaovivo,9,0.09
opopular,9,0.09
dizia,9,0.09
reconstrucao,9,0.09
areia,9,0.09
time trabalha,9,0.09
timedelula propaganda,9,0.09
colocar nome,9,0.09
territorial,9,0.09
armados,9,0.09
formam,9,0.09
onde ninguem,9,0.09
doenca creutzfeldt,9,0.09
dramaturgia,9,0.09
olho perto,9,0.09
arrecadar,9,0.09
receber tanto,9,0.09
recebeu atendimento,9,0.09
recebeu carinho,9,0.09
disputa eleitoral,9,0.09
disputas,9,0.09
distantes,9,0.09
orgulho caminhar,9,0.09
teresa,9,0.09
teriam sido,9,0.09
lara,9,0.09
forca energia,9,0.09
lado vereadora,9,0.09
lados,9,0.09
reeleito,9,0.09
reencontrando,9,0.09
dumont,9,0.09
toda minas,9,0.09
toda mulher,9,0.09
todo apoio,9,0.09
forte trabalho,9,0.09
orleans brandao,9,0.09
outras areas,9,0.09
disposicao pra,9,0.09
combate violencia,9,0.09
fortes chuvas,9,0.09
aproveitando,9,0.09
durante acao,9,0.09
olhar atento,9,0.09
reforcamos,9,0.09
fora lula,9,0.09
foralula,9,0.09
artigos,9,0.09
todo espirito,9,0.09
realidade regiao,9,0.09
dispostas,9,0.09
outros municipios,9,0.09
diretrizes,9,0.09
rebateu,9,0.09
original,9,0.09
toneladas,9,0.09
torcedores,9,0.09
apos decisao,9,0.09
oficinas,9,0.09
durante atendimento,9,0.09
tempo indeterminado,9,0.09
tempo viver,9,0.09
temporariamente,9,0.09
temporarios,9,0.09
assedio,9,0.09
assembleias,9,0.09
tenente,9,0.09
ouvidos,9,0.09
realidade dias,9,0.09
realidade muitas,9,0.09
realidade municipio,9,0.09
junto deputado,9,0.09
junto pra,9,0.09
durante ato,9,0.09
clicando link,9,0.09
reforma agraria,9,0.09
reforma tributaria,9,0.09
regiao lado,9,0.09
regiao precisa,9,0.09
assistindo,9,0.09
floriano,9,0.09
foge luta,9,0.09
assinou,9,0.09
dirceu,9,0.09
ratinho,9,0.09
disparou,9,0.09
aprenda,9,0.09
juntar,9,0.09
teles,9,0.09
economicas,9,0.09
regis,9,0.09
obrigatorio,9,0.09
tatto,9,0.09
leitura,9,0.09
tecnologias,9,0.09
assista compartilhe,9,0.09
frente trabalho,9,0.09
dilma,9,0.09
comenta embaixo,9,0.09
comer,9,0.09
comecou antes,9,0.09
rafael fonteles,9,0.09
fraga,9,0.09
compartilhe jornal,9,0.09
compartilhe marque,9,0.09
compareceu,9,0.09
comparou,9,0.09
frentes,9,0.09
apoio nessa,9,0.09
apoio povo,9,0.09
trabalhar fazer,9,0.09
aplicar,9,0.09
aplicativos,9,0.09
padroes,9,0.09
dias apos,9,0.09
comercio local,9,0.09
trabalhadoras trabalhadores,9,0.09
trabalhando bahia,9,0.09
freire,9,0.09
fronteiras,9,0.09
jovem anos,9,0.09
funcional,9,0.09
funcionam,9,0.09
eduardo bolsonaro,9,0.09
lesoes,9,0.09
atentado,9,0.09
atingem,9,0.09
associados,9,0.09
ataca,9,0.09
tanta chegando,9,0.09
atendimento digno,9,0.09
jornal rondoniaovivo,9,0.09
pai filho,9,0.09
pai mae,9,0.09
compartilhe amigos,9,0.09
dialogando construindo,9,0.09
completa saiba,9,0.09
quatro meses,9,0.09
quebrar,9,0.09
quebrou,9,0.09
atendimento medico,9,0.09
atenta,9,0.09
ler noticias,9,0.09
reino,9,0.09
educacao infraestrutura,9,0.09
obrigado todo,9,0.09
atingidos,9,0.09
pais precisa,9,0.09
dias quero,9,0.09
dias uteis,9,0.09
trabalho desenvolvimento,9,0.09
jonas reis,9,0.09
frias,9,0.09
trabalho junto,9,0.09
firme nessa,9,0.09
firmes lado,9,0.09
firmes levando,9,0.09
cidade regiao,9,0.09
eleicao presidencial,9,0.09
objetivos,9,0.09
levar pra,9,0.09
ativos,9,0.09
atletico,9,0.09
trabalho luta,9,0.09
trabalho mostrar,9,0.09
trabalho perto,9,0.09
completa popular,9,0.09
trabalho prestado,9,0.09
trabalho reconhecido,9,0.09
trabalho segue,9,0.09
trabalho temos,9,0.09
suspensa,9,0.09
eixo,9,0.09
choque,9,0.09
renovo,9,0.09
repasse,9,0.09
atuou,9,0.09
liberada,9,0.09
liberdade religiosa,9,0.09
libras,9,0.09
compromisso cuidar,9,0.09
puro,9,0.09
joaopessoa,9,0.09
liderado,9,0.09
liderancas apoiadores,9,0.09
fez bonito,9,0.09
futebolbrasileiro,9,0.09
futuro cidade,9,0.09
anunciou nesta,9,0.09
desvios,9,0.09
compromisso desenvolvimento,9,0.09
compromisso juntos,9,0.09
compromisso lado,9,0.09
compromisso populacao,9,0.09
publico federal,9,0.09
joao meriti,9,0.09
aplicada,9,0.09
aplicadas,9,0.09
aplicado,9,0.09
deve feita,9,0.09
parcelas,9,0.09
janela,9,0.09
tranquilo,9,0.09
antes chegar,9,0.09
aparecida goiania,9,0.09
apartamento,9,0.09
jeito fazer,9,0.09
atribuida,9,0.09
repente,9,0.09
elenco,9,0.09
eletricos,9,0.09
nova york,9,0.09
chegou grande,9,0.09
cheia muita,9,0.09
ficha limpa,9,0.09
transformando vidas,9,0.09
sul minas,9,0.09
suor,9,0.09
supervisao,9,0.09
atualizado,9,0.09
eliborges,9,0.09
noticias essenciais,9,0.09
noticiasdesergipe,9,0.09
chegando longe,9,0.09
representar pessoas,9,0.09
subir,9,0.09
ligue,9,0.09
limitacoes,9,0.09
limpo,9,0.09
parecia,9,0.09
deus familia,9,0.09
transtorno,9,0.09
trauma,9,0.09
participacoes,9,0.09
participam,9,0.09
concessao,9,0.09
provocada,9,0.09
compromisso vida,9,0.09
proximos anos,9,0.09
compromisso representar,9,0.09
destroi,9,0.09
compromisso seguimos,9,0.09
itamar,9,0.09
itatiaia reproducao,9,0.09
transformar maranhao,9,0.09
transformar realidades,9,0.09
transformamos,9,0.09
particular,9,0.09
conceito,9,0.09
destacou importancia,9,0.09
ganhou forca,9,0.09
ipiranga,9,0.09
transparencia respeito,9,0.09
substitui,9,0.09
aumentam responsabilidade,9,0.09
aumentou,9,0.09
ficar fora,9,0.09
eli,9,0.09
eli borges,9,0.09
republicanos mdb,9,0.09
republicanos pdt,9,0.09
link historias,9,0.09
feliz ver,9,0.09
concluir,9,0.09
dessa jornada,9,0.09
dessa trajetoria,9,0.09
dessas pessoas,9,0.09
partido missao,9,0.09
partir desta,9,0.09
partiu,9,0.09
concorrencia,9,0.09
pros,9,0.09
protecao criancas,9,0.09
garantimos,9,0.09
investigadas,9,0.09
trend anos,9,0.09
tres pessoas,9,0.09
andreia,9,0.09
desse trabalho,9,0.09
interior estado,9,0.09
desperdicio,9,0.09
desrespeito,9,0.09
passarinho,9,0.09
passava,9,0.09
concessoes,9,0.09
trilha,9,0.09
stf ministro,9,0.09
automatica,9,0.09
stories imagem,9,0.09
empreendimentos,9,0.09
emissao,9,0.09
ninguem precisa,9,0.09
emocoes,9,0.09
triste,9,0.09
trocando,9,0.09
passo passo,9,0.09
proposito compromisso,9,0.09
interrupcao,9,0.09
intervalo,9,0.09
intimidacao,9,0.09
inusitado,9,0.09
tse tribunal,9,0.09
chao frente,9,0.09
resgatado,9,0.09
encerrou,9,0.09
feita verdade,9,0.09
lins,9,0.09
avalia,9,0.09
sorrindo,9,0.09
ferraz,9,0.09
ampliar acesso,9,0.09
projetos sociais,9,0.09
prol,9,0.09
internado,9,0.09
garis,9,0.09
ulisses,9,0.09
ultima quinta,9,0.09
ultimo sabado,9,0.09
emtempo clique,9,0.09
neves deputada,9,0.09
resgates,9,0.09
resiste,9,0.09
logo seguida,9,0.09
avancar seguimos,9,0.09
somar nessa,9,0.09
sono,9,0.09
passo caminhada,9,0.09
paulistas,9,0.09
paulo forte,9,0.09
paulo juntos,9,0.09
progressistas uniao,9,0.09
proibicao,9,0.09
ferias,9,0.09
feita pessoas,9,0.09
nesse periodo,9,0.09
responsabilidade representar,9,0.09
lorena,9,0.09
avila,9,0.09
avioes,9,0.09
patrimonial,9,0.09
condutas,9,0.09
conectada,9,0.09
conectar,9,0.09
pausa,9,0.09
confira noticias,9,0.09
cemiterio,9,0.09
centrais,9,0.09
lula flaviobolsonaro,9,0.09
lula jeronimo,9,0.09
banca,9,0.09
enche coracao,9,0.09
nessa sexta,9,0.09
energia alegria,9,0.09
feita coragem,9,0.09
londres,9,0.09
amor terra,9,0.09
ultrapassa,9,0.09
uniao coragem,9,0.09
uniao parceria,9,0.09
desconto,9,0.09
conhecia,9,0.09
professorwashington,9,0.09
inteligencia policial,9,0.09
inteligente,9,0.09
bairro cidade,9,0.09
sofrido,9,0.09
ceilandia,9,0.09
celebramos independencia,9,0.09
celebrou,9,0.09
reunira,9,0.09
luta educacao,9,0.09
luta mulheres,9,0.09
unir forcas,9,0.09
universo,9,0.09
geram,9,0.09
conhecer melhor,9,0.09
pcdf,9,0.09
inteiras,9,0.09
gera oportunidades,9,0.09
uolnaseleicoes,9,0.09
baleado,9,0.09
nazare,9,0.09
enfermeiro,9,0.09
enfrentado,9,0.09
nada disso,9,0.09
lutou,9,0.09
federal outubro,9,0.09
instalada,9,0.09
desastres,9,0.09
descanse,9,0.09
descarte,9,0.09
uteis,9,0.09
desafios enfrentados,9,0.09
conselho nacional,9,0.09
banheiro,9,0.09
banho,9,0.09
narrativas,9,0.09
cearenses,9,0.09
revelacao,9,0.09
reverter,9,0.09
revistaforum,9,0.09
riacho,9,0.09
pro senado,9,0.09
pro time,9,0.09
desculpa,9,0.09
pedagio,9,0.09
conhecem perto,9,0.09
pegou fogo,9,0.09
pedidos impeachment,9,0.09
instancia,9,0.09
entraram,9,0.09
municipios estado,9,0.09
nacional vigilancia,9,0.09
cautelar,9,0.09
cavalcante,9,0.09
ricardo maia,9,0.09
barroso,9,0.09
site emtempo,9,0.09
luta precisa,9,0.09
sinonimo,9,0.09
usp,9,0.09
usuario,9,0.09
alta complexidade,9,0.09
construcao civil,9,0.09
sirlange,9,0.09
sirlange manga,9,0.09
sistema prisional,9,0.09
federal pra,9,0.09
riedel,9,0.09
mulheres luta,9,0.09
entramos,9,0.09
mulher negra,9,0.09
mulheres fortes,9,0.09
enviados,9,0.09
valadares,9,0.09
alessandra,9,0.09
principalmente povo,9,0.09
desastre,9,0.09
pedropaulo,9,0.09
fazer povo,9,0.09
denunciou,9,0.09
construir projeto,9,0.09
construindo historia,9,0.09
primeira mulher,9,0.09
gomes governador,9,0.09
iniciada,9,0.09
girar,9,0.09
alertou,9,0.09
valorizacao cultura,9,0.09
valorizados,9,0.09
inicio caminhada,9,0.09
alegria poder,9,0.09
principalmente confianca,9,0.09
consorcio,9,0.09
constroem,9,0.09
vazio,9,0.09
alegria encontrar,9,0.09
ajuste,9,0.09
muita querida,9,0.09
muitas maos,9,0.09
rodeio,9,0.09
mantinha,9,0.09
bem animal,9,0.09
catarinenses,9,0.09
catedral,9,0.09
sindical,9,0.09
fecha,9,0.09
federal lula,9,0.09
mae atipica,9,0.09
manga deputada,9,0.09
manifestar,9,0.09
marca alguem,9,0.09
demandas comunidade,9,0.09
demandas regiao,9,0.09
periciais,9,0.09
perdas,9,0.09
perdendo,9,0.09
gostou,9,0.09
governador carlos,9,0.09
governador lula,9,0.09
indicou,9,0.09
industrias,9,0.09
pretendo,9,0.09
construindo junto,9,0.09
depressao,9,0.09
vazamento,9,0.09
vazamentos,9,0.09
consultoria,9,0.09
prestando,9,0.09
deltan dallagnol,9,0.09
demais sentir,9,0.09
esclarecida,9,0.09
rondoniaovivo link,9,0.09
rondoniaovivo quer,9,0.09
rosario,9,0.09
beneficiado,9,0.09
escolaridade,9,0.09
rodrigues deputado,9,0.09
rombo,9,0.09
carros motos,9,0.09
escolheram,9,0.09
escreva,9,0.09
mst,9,0.09
indicacoes,9,0.09
airton,9,0.09
ajudam construir,9,0.09
inedito,9,0.09
album,9,0.09
sete anos,9,0.09
bio comente,9,0.09
movimentacoes,9,0.09
ruim,9,0.09
marcha,9,0.09
marco aurelio,9,0.09
marcos pereira,9,0.09
faz perto,9,0.09
permitido,9,0.09
construir rio,9,0.09
construir solucoes,9,0.09
careca,9,0.09
improbidade,9,0.09
impulsionar,9,0.09
perspectiva,9,0.09
presidenciaveis,9,0.09
presidente associacao,9,0.09
contas estado,9,0.09
permitiu,9,0.09
inclusao respeito,9,0.09
indenizacao,9,0.09
incidente,9,0.09
deflagrou nesta,9,0.09
deixada,9,0.09
contem sempre,9,0.09
presidente vote,9,0.09
presidio,9,0.09
pernas,9,0.09
personalidade,9,0.09
agraria,9,0.09
agredido,9,0.09
verdade realidade,9,0.09
verdade vida,9,0.09
faz questao,9,0.09
bio redes,9,0.09
bittar,9,0.09
ruiz,9,0.09
especial pra,9,0.09
especial seguimos,9,0.09
motivo muita,9,0.09
carinho populacao,9,0.09
sabe lado,9,0.09
caracteristicas,9,0.09
bolsonaro senador,9,0.09
serie campeonato,9,0.09
dedicacao amor,9,0.09
continuou,9,0.09
conto presenca,9,0.09
preocupacoes,9,0.09
continuar caminhando,9,0.09
defensora,9,0.09
deficiencia familias,9,0.09
verdes,9,0.09
verificacao,9,0.09
versoes,9,0.09
agorarn,9,0.09
agosto margem,9,0.09
continuar cuidando,9,0.09
continuar defendendo,9,0.09
viagens,9,0.09
viajar,9,0.09
afnoticias,9,0.09
importante caminhada,9,0.09
agencias,9,0.09
vida dignidade,9,0.09
esperanca povo,9,0.09
especifico,9,0.09
sabe precisa,9,0.09
saber opiniao,9,0.09
capela,9,0.09
capitulos,9,0.09
morreu anos,9,0.09
faz trabalho,9,0.09
maria helena,9,0.09
marina silva,9,0.09
preciso voto,9,0.09
contraditorio,9,0.09
dedicados,9,0.09
grandes empresas,9,0.09
aerea,9,0.09
vida muita,9,0.09
sermos,9,0.09
morreu apos,9,0.09
mostra caminho,9,0.09
captacao,9,0.09
saberes,9,0.09
saia,9,0.09
saiam,9,0.09
morar,9,0.09
bom jesus,9,0.09
administrativos,9,0.09
impacta,9,0.09
grande quantidade,9,0.09
grande vitoria,9,0.09
bonde,9,0.09
morava,9,0.09
canva,9,0.09
capa,9,0.09
saiba rondoniaovivo,9,0.09
montes,9,0.09
matheusdegeraldinho,9,0.09
video gravado,9,0.09
adesivado,9,0.09
controlador,9,0.09
declara,9,0.09
declaracao feita,9,0.09
pessoas anos,9,0.09
pessoas fortalecendo,9,0.09
pessoas lado,9,0.09
precisa oportunidade,9,0.09
precisa protecao,9,0.09
falta agua,9,0.09
botar,9,0.09
sentar,9,0.09
essenciais portalric,9,0.09
candidata vice,9,0.09
estadosunidos,9,0.09
sena madureira,9,0.09
senado aprovou,9,0.09
senado parana,9,0.09
conversando populacao,9,0.09
pessoas conhecer,9,0.09
conversar trocar,9,0.09
mobilizou,9,0.09
moda,9,0.09
prd cnpj,9,0.09
precioso,9,0.09
decidindo,9,0.09
decisao judicial,9,0.09
pessoas trabalhando,9,0.09
precisa atencao,9,0.09
precisa compromisso,9,0.09
precisa conhecer,9,0.09
imagine,9,0.09
administracao municipal,9,0.09
vimos,9,0.09
grava,9,0.09
convive,9,0.09
convivendo,9,0.09
petrobras,9,0.09
piaui melhor,9,0.09
piauiense,9,0.09
piauienses,9,0.09
copa mundo,9,0.09
coracao gratidao,9,0.09
branco nulo,9,0.09
senador eli,9,0.09
senador propaganda,9,0.09
momento muita,9,0.09
estado acre,9,0.09
estado avancar,9,0.09
candidato federacao,9,0.09
campus,9,0.09
canaa,9,0.09
canada,9,0.09
pras,9,0.09
gravacoes,9,0.09
igrejas,9,0.09
ilegais,9,0.09
grandes nomes,9,0.09
mogi,9,0.09
estado melhor,9,0.09
cancelamento,9,0.09
campeao,9,0.09
sandra,9,0.09
saneamento basico,9,0.09
sempre estive,9,0.09
facial,9,0.09
medicas,9,0.09
violencia mulheres,9,0.09
viralizou redes,9,0.09
pra levar,9,0.09
pra onde,9,0.09
mobilizar,9,0.09
campanha deputada,9,0.09
externa,9,0.09
buscando melhorias,9,0.09
sei onde,9,0.09
seis anos,9,0.09
seja feita,9,0.09
brasilia trabalhar,9,0.09
extraordinario,9,0.09
melhor juntos,9,0.09
coragem lutar,9,0.09
daquipramelhor,9,0.09
coragem proposito,9,0.09
coragem representar,9,0.09
melhor seguimos,9,0.09
experiencia disposicao,9,0.09
explicacao,9,0.09
meia noite,9,0.09
meios,9,0.09
ministro dias,9,0.09
minuto,9,0.09
caminhar conosco,9,0.09
sarah,9,0.09
gratuitos,9,0.09
acreditam projeto,9,0.09
acreditarem,9,0.09
pivetta,9,0.09
planeta,9,0.09
coritiba,9,0.09
pra governador,9,0.09
costa neto,9,0.09
cotas,9,0.09
plenario senado,9,0.09
poco,9,0.09
podem chegar,9,0.09
dallagnol,9,0.09
cotidiano,9,0.09
povo caminhada,9,0.09
povo querido,9,0.09
povo ruas,9,0.09
corredor,9,0.09
plateia,9,0.09
povo trabalho,9,0.09
ido,9,0.09
idosa,9,0.09
gratuitas,9,0.09
acionar,9,0.09
vivemos noite,9,0.09
idades,9,0.09
ideias propostas,9,0.09
acredita mudanca,9,0.09
estarmos,9,0.09
estadual psb,9,0.09
estadual trabalho,9,0.09
saude perto,9,0.09
saude populacao,9,0.09
caminhada sempre,9,0.09
experiencia brasilia,9,0.09
memorias,9,0.09
mendonca determinou,9,0.09
visivel,9,0.09
visualizacoes,9,0.09
poste,9,0.09
seguranca respeito,9,0.09
seguras,9,0.09
milhoes recursos,9,0.09
militantes,9,0.09
estilo,9,0.09
secretaria saude,9,0.09
secretaria seguranca,9,0.09
caminhada levando,9,0.09
evidencias,9,0.09
poder contar,9,0.09
pouso,9,0.09
povao,9,0.09
corrupto,9,0.09
viva independencia,9,0.09
guardas municipais,9,0.09
voluntario,9,0.09
acabaram,9,0.09
policiafederal,9,0.09
policiais militares,9,0.09
criminais,9,0.09
crianca adolescente,9,0.09
criancas familias,9,0.09
horario eleitoral,9,0.09
gurupi,9,0.09
acidente ocorreu,9,0.09
acima compromisso,9,0.09
vividos,9,0.09
vizinhas,9,0.09
curto,9,0.09
poe,9,0.09
poeira,9,0.09
culturas,9,0.09
portalafnoticias afnoticias,9,0.09
portalric,9,0.09
portalric link,9,0.09
volta redonda,9,0.09
cabelos,9,0.09
exigencias,9,0.09
caminha lado,9,0.09
secretario estado,9,0.09
segmentos,9,0.09
mentiras,9,0.09
seguiu,9,0.09
segundo corpo,9,0.09
voltamos,9,0.09
voltar sonhar,9,0.09
voltei,9,0.09
voz ativa,9,0.09
MATERIA,9,0.09
MATERIA COMPLETA,9,0.09
BIO,9,0.09
NOSSO SITE,9,0.09
SITE,9,0.09
SITE LINK,9,0.09
ACESSANDO,9,0.09
cuidar vida,9,0.09
vote pra,9,0.09
votei,9,0.09
voto deputada,9,0.09
criterio,9,0.09
portalafnoticias,9,0.09
homenagear,9,0.09
homenagens,9,0.09
recomendacao,9,0.09
coligacao coragem,9,0.09
COMPLETA,9,0.09
cuidado precisa,9,0.09
pop,9,0.09
populacao quero,9,0.09
populacao seguimos,9,0.09
votar deputado,9,0.09
votariam,9,0.09
vote flavio,9,0.09
ACESSANDO NOSSO,9,0.09
historia compromisso,9,0.09
abandonou,9,0.09
york,9,0.09
LINK,9,0.09
voz assembleia,9,0.09
voz interior,8,0.08
voz coragem,8,0.08
yuri,8,0.08
abra,8,0.08
zucco,8,0.08
voto continuar,8,0.08
abre mao,8,0.08
abre caminhos,8,0.08
vote renan,8,0.08
vote delegado,8,0.08
cuidar animais,8,0.08
politicabrasileira,8,0.08
pontuais,8,0.08
cuidado saude,8,0.08
historicos,8,0.08
historia principalmente,8,0.08
hipoteses,8,0.08
vorcaro banco,8,0.08
vontade transformar,8,0.08
haver,8,0.08
haja,8,0.08
hit,8,0.08
voltaram,8,0.08
voltam,8,0.08
crise stf,8,0.08
crise institucional,8,0.08
criticos,8,0.08
acessos,8,0.08
acesso saude,8,0.08
acesso agua,8,0.08
honra receber,8,0.08
helicoptero,8,0.08
helder,8,0.08
viviane barci,8,0.08
gurgel,8,0.08
horas apos,8,0.08
horario local,8,0.08
acharam,8,0.08
criancas idosos,8,0.08
politica comecou,8,0.08
politica acredito,8,0.08
policiamilitar,8,0.08
policiamento,8,0.08
curiosidades,8,0.08
viver dignidade,8,0.08
vivencia,8,0.08
acolhedora,8,0.08
guardados,8,0.08
haddad governador,8,0.08
habitantes,8,0.08
acompanhamos,8,0.08
acompanha perto,8,0.08
acordos,8,0.08
acordo informacoes,8,0.08
aconteca,8,0.08
acredita participa,8,0.08
acreano,8,0.08
possuir,8,0.08
criador,8,0.08
portugal,8,0.08
gravou,8,0.08
virar realidade,8,0.08
acreditar nessa,8,0.08
acreditam nesse,8,0.08
acreditam futuro,8,0.08
acreditam fazer,8,0.08
adaptacao,8,0.08
acumula,8,0.08
ilhas,8,0.08
igarape,8,0.08
administra,8,0.08
potencias,8,0.08
crescem,8,0.08
policarpo,8,0.08
polemica,8,0.08
poderosos,8,0.08
custar,8,0.08
custa,8,0.08
imediatas,8,0.08
imbituva,8,0.08
gratidao todo,8,0.08
video completo,8,0.08
video compartilhe,8,0.08
adotou,8,0.08
adotadas,8,0.08
imobiliario,8,0.08
costa vice,8,0.08
corruptos,8,0.08
povo baiano,8,0.08
pouco trajetoria,8,0.08
pouca,8,0.08
afirmou decisao,8,0.08
afirmou candidato,8,0.08
impedindo,8,0.08
afetar,8,0.08
afastamento preventivo,8,0.08
vida digna,8,0.08
viaturas,8,0.08
grande forte,8,0.08
viatura,8,0.08
vianna,8,0.08
veterinarios,8,0.08
agentes seguranca,8,0.08
vespera,8,0.08
country,8,0.08
dal,8,0.08
podem fazer,8,0.08
pobre,8,0.08
impugnacao,8,0.08
improbidade administrativa,8,0.08
verdade quero,8,0.08
graduacao,8,0.08
governo rio,8,0.08
incentiva,8,0.08
incendios,8,0.08
verao,8,0.08
ver forca,8,0.08
aguas lindas,8,0.08
governanca,8,0.08
governadorzao,8,0.08
governadores,8,0.08
incluir,8,0.08
aguardando,8,0.08
agriculturafamiliar,8,0.08
venham muitos,8,0.08
venha caminhar,8,0.08
corrente bem,8,0.08
correcao,8,0.08
povo rua,8,0.08
povo pernambucano,8,0.08
povo pdt,8,0.08
indicadores,8,0.08
indicado,8,0.08
vem vote,8,0.08
vem vem,8,0.08
plena,8,0.08
play vem,8,0.08
daqueles momentos,8,0.08
daquele jeito,8,0.08
daquela,8,0.08
governadora mailza,8,0.08
governadora candidata,8,0.08
influenciar,8,0.08
inelegivel,8,0.08
alba,8,0.08
ajustes,8,0.08
ajudou formar,8,0.08
vem conhecer,8,0.08
veja metropoles,8,0.08
alegria enorme,8,0.08
alegando,8,0.08
vazias,8,0.08
planejar,8,0.08
planejado,8,0.08
placa,8,0.08
dar condicoes,8,0.08
corda,8,0.08
coragem vontade,8,0.08
pra casa,8,0.08
informacao confirmada,8,0.08
governador daniel,8,0.08
vaquinha,8,0.08
giovani,8,0.08
vao alem,8,0.08
van,8,0.08
inmet,8,0.08
globonews,8,0.08
gladson cameli,8,0.08
gladson,8,0.08
pra minas,8,0.08
pra lutar,8,0.08
pra luta,8,0.08
pra conversar,8,0.08
alex governador,8,0.08
valido,8,0.08
valenca,8,0.08
valdeci,8,0.08
alimenta,8,0.08
gestores,8,0.08
gesto carinho,8,0.08
instabilidade,8,0.08
inscrito cnpj,8,0.08
pramudaroquetai,8,0.08
prainha,8,0.08
prafazermuitomais,8,0.08
pra votar,8,0.08
piso salarial,8,0.08
piracicaba,8,0.08
pipa,8,0.08
piores,8,0.08
debatendo,8,0.08
utilizou,8,0.08
alinhar,8,0.08
alimento mesa,8,0.08
alvarogovernador pramudaroquetai,8,0.08
alvarogovernador,8,0.08
amarante,8,0.08
amanha adesivaco,8,0.08
dava,8,0.08
pilar,8,0.08
piaui federacao,8,0.08
pets,8,0.08
cooperativa,8,0.08
instituto geografia,8,0.08
instaurou,8,0.08
urbanas,8,0.08
amazonica,8,0.08
amazonas precisa,8,0.08
amazonas melhor,8,0.08
amazonas manaus,8,0.08
geracao oportunidades,8,0.08
geografia estatistica,8,0.08
amelia,8,0.08
gdf,8,0.08
gerais voltar,8,0.08
gerada,8,0.08
unidades saude,8,0.08
precisa entender,8,0.08
precisa alguem,8,0.08
pessoas vivem,8,0.08
pessoas trabalho,8,0.08
pessoas sempre,8,0.08
amigos conversar,8,0.08
ultrapassou,8,0.08
amigos parceiros,8,0.08
interior capital,8,0.08
amigos estiveram,8,0.08
garotinho,8,0.08
interlocutor,8,0.08
amparo,8,0.08
turnos,8,0.08
turma boa,8,0.08
inundacoes,8,0.08
trocando ideias,8,0.08
trio,8,0.08
precisa parar,8,0.08
precisa ouvir,8,0.08
precisa ouvida,8,0.08
decidido,8,0.08
pessoas obrigada,8,0.08
pessoas historias,8,0.08
analista,8,0.08
garanta,8,0.08
tricolor,8,0.08
tributacao,8,0.08
anda,8,0.08
anchieta,8,0.08
anne,8,0.08
anel,8,0.08
conversando perto,8,0.08
precisa seguimos,8,0.08
precisa representantes,8,0.08
precisa perto,8,0.08
tres vezes,8,0.08
trem,8,0.08
garantir acesso,8,0.08
trazer investimentos,8,0.08
trazem,8,0.08
ano vida,8,0.08
ano inteiro,8,0.08
transmissao vivo,8,0.08
iremos,8,0.08
irao,8,0.08
ipva,8,0.08
ganhou ruas,8,0.08
ganho,8,0.08
precisamos ocupar,8,0.08
conversar pessoas,8,0.08
pessoas fazer,8,0.08
pessoas desaparecidas,8,0.08
isolamento,8,0.08
ismael,8,0.08
irmas,8,0.08
transformar cidade,8,0.08
anunciada,8,0.08
jaime,8,0.08
transferido,8,0.08
tranquila,8,0.08
tramitacao,8,0.08
japones,8,0.08
galo,8,0.08
galeria,8,0.08
tragedias,8,0.08
conversa olho,8,0.08
conveniencia,8,0.08
declararam,8,0.08
decisoes acontecem,8,0.08
aonde,8,0.08
apenas dias,8,0.08
apelo,8,0.08
jeito gosto,8,0.08
trabalho trabalho,8,0.08
trabalho realizamos,8,0.08
jitsu,8,0.08
futuro criancas,8,0.08
contramao,8,0.08
prefeito vereadores,8,0.08
precoce,8,0.08
preciso conhecer,8,0.08
frente obrigado,8,0.08
freitas republicanos,8,0.08
freitas deputado,8,0.08
jose campos,8,0.08
frutos,8,0.08
trabalho educacao,8,0.08
trabalho disposicao,8,0.08
trabalhavam,8,0.08
trabalhava,8,0.08
trabalhar saude,8,0.08
apoio pessoas,8,0.08
julgar,8,0.08
julgamentos,8,0.08
apoio forca,8,0.08
peru,8,0.08
preliminar,8,0.08
prefiro,8,0.08
preferencia,8,0.08
prefeitura recife,8,0.08
prefeitura paulo,8,0.08
apoio certeza,8,0.08
jundiai,8,0.08
frases,8,0.08
fraqueza,8,0.08
trabalhando buscando,8,0.08
trabalha precisa,8,0.08
apontando,8,0.08
apoio vote,8,0.08
dedos,8,0.08
perto conhece,8,0.08
defesa povo,8,0.08
preparamos,8,0.08
continuidade trabalho,8,0.08
continue sendo,8,0.08
trabalha duro,8,0.08
trabalha acredita,8,0.08
torne,8,0.08
juntos coracao,8,0.08
apos divulgacao,8,0.08
toni,8,0.08
forte oportunidades,8,0.08
fortaleza parana,8,0.08
fortalecer turismo,8,0.08
fortalecer trabalho,8,0.08
juntos grande,8,0.08
juntos goias,8,0.08
juntos dialogo,8,0.08
pertences,8,0.08
perspectivas,8,0.08
presente vida,8,0.08
presente futuro,8,0.08
presenca resultado,8,0.08
presenca candidato,8,0.08
toma,8,0.08
tolerancia,8,0.08
toledo,8,0.08
toga,8,0.08
aprendera principios,8,0.08
aprendera,8,0.08
aprendemos,8,0.08
definido,8,0.08
pernambuco psb,8,0.08
pernambuco coracao,8,0.08
contas mandato,8,0.08
presidenciavel,8,0.08
continua juntos,8,0.08
apresentando propostas,8,0.08
aproveite,8,0.08
juntos pes,8,0.08
juntos paulo,8,0.08
juntos parana,8,0.08
juntos lutar,8,0.08
juntos luta,8,0.08
juntos levar,8,0.08
forte seguro,8,0.08
apresentei projeto,8,0.08
todo canto,8,0.08
construiu trajetoria,8,0.08
construir sociedade,8,0.08
del,8,0.08
deixem,8,0.08
conta bancaria,8,0.08
contestar,8,0.08
fortalecendo time,8,0.08
juntos rio,8,0.08
juntos quero,8,0.08
tocantinense,8,0.08
tobias,8,0.08
aproximadamente mil,8,0.08
formosa,8,0.08
fortalecer luta,8,0.08
aquilo precisa,8,0.08
perdidas,8,0.08
perigoso,8,0.08
demissao,8,0.08
pressionar,8,0.08
consumir,8,0.08
justica seja,8,0.08
fornecedores,8,0.08
argumentou,8,0.08
lado fora,8,0.08
lacerda,8,0.08
laboratorio,8,0.08
araruama,8,0.08
tiao bocalom,8,0.08
forca presenca,8,0.08
lado juntos,8,0.08
lado grande,8,0.08
lagrimas,8,0.08
dentro lei,8,0.08
demos passo,8,0.08
construir junto,8,0.08
preventivo,8,0.08
lado seguimos,8,0.08
forcas continuar,8,0.08
forca interior,8,0.08
largada campanha,8,0.08
teresina piaui,8,0.08
arthur henrique,8,0.08
arroz,8,0.08
arvore,8,0.08
laudo,8,0.08
forca politica,8,0.08
tensoes,8,0.08
penso,8,0.08
pensar futuro,8,0.08
pensam,8,0.08
primeira semana,8,0.08
construimos longo,8,0.08
construi historia,8,0.08
assim constroi,8,0.08
assentamento,8,0.08
temporal,8,0.08
tempo todo,8,0.08
legitimo,8,0.08
legislativa paulo,8,0.08
folhabv,8,0.08
folga,8,0.08
forca campanha,8,0.08
forca alegria,8,0.08
temos trabalho,8,0.08
conservacao,8,0.08
principios valores,8,0.08
principios podem,8,0.08
principais pontos,8,0.08
princesa,8,0.08
primeiros passos,8,0.08
primeiro mandato,8,0.08
assim sigo,8,0.08
assim fazemos,8,0.08
associada,8,0.08
leia agorarn,8,0.08
assista final,8,0.08
leiaagora,8,0.08
flavia,8,0.08
desafios oportunidades,8,0.08
derrite,8,0.08
pedimos,8,0.08
penais,8,0.08
pena anos,8,0.08
desaparecido,8,0.08
tava,8,0.08
tarauaca,8,0.08
atender populacao,8,0.08
atendam,8,0.08
atencao basica,8,0.08
firme luta,8,0.08
lendo,8,0.08
lembro,8,0.08
fisioterapia,8,0.08
atendidas,8,0.08
processo eleitoral,8,0.08
pedido impeachment,8,0.08
pec fim,8,0.08
conselheiro,8,0.08
considero,8,0.08
levando esperanca,8,0.08
firmes trabalho,8,0.08
tal,8,0.08
fio,8,0.08
fingir,8,0.08
financiamento filme,8,0.08
financeiros,8,0.08
levar investimentos,8,0.08
tabela,8,0.08
sustento familia,8,0.08
ato campanha,8,0.08
lgbtqiapn,8,0.08
levar politica,8,0.08
filipe barros,8,0.08
fiquei feliz,8,0.08
surpreendido,8,0.08
conheca realidade,8,0.08
descanse paz,8,0.08
pdt cnpj,8,0.08
procure,8,0.08
procurado,8,0.08
surge,8,0.08
atribuidas,8,0.08
ficado,8,0.08
libertar,8,0.08
libertadores,8,0.08
filhote,8,0.08
figuras,8,0.08
audiencia publica,8,0.08
confie,8,0.08
confianca voto,8,0.08
proferida,8,0.08
conforte,8,0.08
confirmado,8,0.08
produzem,8,0.08
produz gera,8,0.08
producoes,8,0.08
conhece caminhada,8,0.08
supostamente,8,0.08
superiores,8,0.08
liderancas principalmente,8,0.08
suicidio,8,0.08
suficientes,8,0.08
confira programacao,8,0.08
pazolini,8,0.08
desenvolvida,8,0.08
desenvolve,8,0.08
desenho,8,0.08
fernanda neves,8,0.08
linda cheia,8,0.08
fica dificil,8,0.08
story,8,0.08
ausencias,8,0.08
lindo sentir,8,0.08
lindo demais,8,0.08
ferreira gomes,8,0.08
ferramenta transformacao,8,0.08
avancado,8,0.08
avaliam,8,0.08
avaliacoes,8,0.08
livramento,8,0.08
linkdabio,8,0.08
feita lado,8,0.08
fenomenos,8,0.08
avante federacao,8,0.08
projeto juntos,8,0.08
desejar,8,0.08
confessou,8,0.08
progressao,8,0.08
programas sociais,8,0.08
avante augustocury,8,0.08
avancando republicanos,8,0.08
lobista roberta,8,0.08
avos,8,0.08
longe juntos,8,0.08
londrina,8,0.08
lugar especial,8,0.08
solenidade,8,0.08
conduzindo,8,0.08
conduz,8,0.08
patrimonio cultural,8,0.08
patas,8,0.08
patamar,8,0.08
desgoverno,8,0.08
bancarias,8,0.08
balneario,8,0.08
luta comecou,8,0.08
sobrenome,8,0.08
sob relatoria,8,0.08
federal marcos,8,0.08
site uol,8,0.08
barulho,8,0.08
barreiro,8,0.08
barreira,8,0.08
propos,8,0.08
proporcao,8,0.08
pronto fazer,8,0.08
desfile setembro,8,0.08
desenvolvimento social,8,0.08
desenvolvimento regiao,8,0.08
passinho,8,0.08
promocao,8,0.08
federal coragem,8,0.08
maconha,8,0.08
sintomas,8,0.08
federal estadual,8,0.08
fechar olhos,8,0.08
fechadas,8,0.08
proposta emenda,8,0.08
deslizamento,8,0.08
condicionado,8,0.08
federal andre,8,0.08
sindicato trabalhadores,8,0.08
sindicais,8,0.08
sinceros,8,0.08
basicos,8,0.08
bela vista,8,0.08
silva senador,8,0.08
silva neto,8,0.08
fazer saude,8,0.08
fazer paulo,8,0.08
silenciar,8,0.08
benedita silva,8,0.08
mao obra,8,0.08
mao massa,8,0.08
fazer vote,8,0.08
bicho,8,0.08
bernardo campo,8,0.08
protegido,8,0.08
protegem,8,0.08
protecao precisa,8,0.08
desinformacao,8,0.08
partidonovo,8,0.08
partidomissao,8,0.08
desse grande,8,0.08
concorre,8,0.08
bento,8,0.08
benicio,8,0.08
bio imirante,8,0.08
bio imagem,8,0.08
maranhao melhor,8,0.08
maquinas,8,0.08
maos deus,8,0.08
fazer outubro,8,0.08
bio fotos,8,0.08
comunitaria,8,0.08
dessa grande,8,0.08
dessa corrente,8,0.08
desse tipo,8,0.08
protejam,8,0.08
setembro celebrar,8,0.08
servindo,8,0.08
marcal prtb,8,0.08
servico atendimento,8,0.08
servem,8,0.08
bio video,8,0.08
boca povo,8,0.08
marechal,8,0.08
protocolou,8,0.08
concentram,8,0.08
concentrado,8,0.08
concentracao praca,8,0.08
concedeu,8,0.08
favelas,8,0.08
mario frias,8,0.08
marielle,8,0.08
bolo,8,0.08
seremos,8,0.08
sentir forca,8,0.08
bonitas,8,0.08
bonfim,8,0.08
bomba,8,0.08
marisa,8,0.08
fatia,8,0.08
farmaceutica,8,0.08
farei,8,0.08
proximo mandato,8,0.08
proximo governador,8,0.08
proxima pessoas,8,0.08
provoca,8,0.08
provavelmente,8,0.08
bom perto,8,0.08
senhora socorro,8,0.08
falsas,8,0.08
famosa,8,0.08
familias toda,8,0.08
familias amigos,8,0.08
psb republicanos,8,0.08
destravar,8,0.08
destinei recursos,8,0.08
compromisso regiao,8,0.08
bora bora,8,0.08
senador senador,8,0.08
brancos,8,0.08
medalha,8,0.08
falcao,8,0.08
familia dignidade,8,0.08
familia bolsonaro,8,0.08
fabiana,8,0.08
faixas,8,0.08
fachada,8,0.08
sempre fez,8,0.08
semana trabalho,8,0.08
brincar,8,0.08
brazlandia,8,0.08
brasiliense,8,0.08
seja eleito,8,0.08
paratodosverem,8,0.08
paredes,8,0.08
detalhou,8,0.08
melhor estado,8,0.08
meio norte,8,0.08
melhorar qualidade,8,0.08
buriti,8,0.08
buraco,8,0.08
segurar,8,0.08
mendonca filho,8,0.08
expandir,8,0.08
seguranca oportunidades,8,0.08
deus conforte,8,0.08
determinou suspensao,8,0.08
parana precisa,8,0.08
parana forte,8,0.08
eventos climaticos,8,0.08
mensagem todo,8,0.08
mensagem canto,8,0.08
mensagem adiante,8,0.08
menos nivel,8,0.08
exerce,8,0.08
buzina,8,0.08
segundo levantamento,8,0.08
segundo documento,8,0.08
cafezinho,8,0.08
merece cuidado,8,0.08
mensal,8,0.08
compromisso cidade,8,0.08
paradeiro,8,0.08
papai,8,0.08
devolucao,8,0.08
comprometer,8,0.08
compromisso quero,8,0.08
compromisso levar,8,0.08
seguir nessa,8,0.08
seguir lutando,8,0.08
seguimos lado,8,0.08
seguimos frente,8,0.08
calculo,8,0.08
mesma vontade,8,0.08
mesma direcao,8,0.08
evangelicos,8,0.08
eva,8,0.08
estudantil,8,0.08
caminhada caminhada,8,0.08
caminhada assim,8,0.08
qualificado,8,0.08
quadras,8,0.08
punir,8,0.08
punicoes,8,0.08
compromisso dedicacao,8,0.08
compromisso continua,8,0.08
estragos,8,0.08
estou preparado,8,0.08
mil eleitores,8,0.08
micro onibus,8,0.08
michelle bolsonaro,8,0.08
caminhada junto,8,0.08
caminhada cresce,8,0.08
quase milhoes,8,0.08
completa stories,8,0.08
diadema,8,0.08
dgabc grandeabc,8,0.08
completa folhabv,8,0.08
sbt news,8,0.08
caminhada vote,8,0.08
caminhada vem,8,0.08
estimulada,8,0.08
estimada,8,0.08
mila,8,0.08
caminhada time,8,0.08
caminhada rio,8,0.08
caminhada proposito,8,0.08
saude trabalho,8,0.08
saude sabedoria,8,0.08
competente,8,0.08
palavras carinho,8,0.08
pais onde,8,0.08
diario online,8,0.08
diante situacao,8,0.08
dialogo respeito,8,0.08
esteja presente,8,0.08
estariam,8,0.08
saobernardo,8,0.08
santos presidente,8,0.08
caminhando ouvindo,8,0.08
caminhamos juntos,8,0.08
campanha flavio,8,0.08
estadual novo,8,0.08
estadual mdb,8,0.08
ministerios,8,0.08
pague,8,0.08
pagos,8,0.08
dias trabalho,8,0.08
mobilizados,8,0.08
misterio,8,0.08
misoginia,8,0.08
santa luzia,8,0.08
santa casa,8,0.08
sanderson,8,0.08
cancelou,8,0.08
moeda,8,0.08
modalidades,8,0.08
campos psb,8,0.08
campos governador,8,0.08
salvam,8,0.08
salva vidas,8,0.08
estacionamento,8,0.08
estado vem,8,0.08
compartilhado,8,0.08
compartilhadas,8,0.08
pacifico,8,0.08
compartilhe mensagem,8,0.08
compartilhe acredita,8,0.08
moradores regiao,8,0.08
monsenhor,8,0.08
estado grave,8,0.08
estado goias,8,0.08
estado forte,8,0.08
saindo papel,8,0.08
saimos,8,0.08
caos,8,0.08
cantinho,8,0.08
canta,8,0.08
morre,8,0.08
moraes andre,8,0.08
estabelecidos,8,0.08
estabelecido,8,0.08
cansou,8,0.08
sabores,8,0.08
cometeu,8,0.08
comete,8,0.08
comercios,8,0.08
quero deixar,8,0.08
quero ampliar,8,0.08
esperanca compromisso,8,0.08
mossoro,8,0.08
esportivo,8,0.08
esportiva,8,0.08
capital interior,8,0.08
capitais,8,0.08
saber ouvir,8,0.08
ouvir voz,8,0.08
ouvir trocar,8,0.08
dimas,8,0.08
carinho acredita,8,0.08
especificos,8,0.08
especifica,8,0.08
esperanca coragem,8,0.08
esperanca construir,8,0.08
cargo publico,8,0.08
caras,8,0.08
sabatina jornal,8,0.08
sabado setembro,8,0.08
carinho lado,8,0.08
carinho juntos,8,0.08
carinho gratidao,8,0.08
sabado apos,8,0.08
radio televisao,8,0.08
comecou caminhada,8,0.08
comeco caminhada,8,0.08
comece,8,0.08
comecar caminhada,8,0.08
quinto,8,0.08
quimica,8,0.08
quilombolas,8,0.08
rumo senado,8,0.08
motivo orgulho,8,0.08
espalhar energia,8,0.08
espalha,8,0.08
rumo certo,8,0.08
ramalho,8,0.08
direita esquerda,8,0.08
diploma,8,0.08
dino supremo,8,0.08
ouvindo necessidades,8,0.08
ouvindo construindo,8,0.08
rajadas,8,0.08
rufino,8,0.08
ruas redes,8,0.08
ruas governador,8,0.08
rua rua,8,0.08
carlos jordy,8,0.08
carlos costa,8,0.08
carlos bolsonaro,8,0.08
escolhemos,8,0.08
movimentar economia,8,0.08
carlo,8,0.08
carinho tanta,8,0.08
ouvindo conhecendo,8,0.08
outubro juntos,8,0.08
direitos povo,8,0.08
direitos pessoas,8,0.08
comecamos caminhada,8,0.08
roraima propaganda,8,0.08
carregando,8,0.08
carregam,8,0.08
carreatas,8,0.08
rondonia forca,8,0.08
romper,8,0.08
esclareceu,8,0.08
mudar bahia,8,0.08
mudancas climaticas,8,0.08
escolho,8,0.08
carros adesivados,8,0.08
realizam,8,0.08
realidade pessoas,8,0.08
combustiveis,8,0.08
comarca,8,0.08
comando vermelho,8,0.08
realidade estado,8,0.08
rodrigues diretor,8,0.08
erick,8,0.08
muita acredita,8,0.08
mudaram,8,0.08
escolha foto,8,0.08
casado,8,0.08
casa propria,8,0.08
casa onde,8,0.08
colunanamira,8,0.08
disparo,8,0.08
disciplinar,8,0.08
dirigir,8,0.08
dirigentes,8,0.08
rodeios,8,0.08
rodar,8,0.08
envolvidas,8,0.08
envolveu,8,0.08
muita troca,8,0.08
erro pontos,8,0.08
castelo branco,8,0.08
enviar link,8,0.08
mulher campo,8,0.08
muitos outros,8,0.08
equatorial,8,0.08
multas,8,0.08
mulheres vitimas,8,0.08
entrou contato,8,0.08
entrevista radio,8,0.08
rigorosas,8,0.08
colocaram,8,0.08
rebaixamento,8,0.08
rick republicanos,8,0.08
ribeirao,8,0.08
cautelares,8,0.08
causada,8,0.08
entrega resultados,8,0.08
revelado,8,0.08
enfrentava,8,0.08
entorpecentes,8,0.08
entende precisa,8,0.08
enfrentamento violencia,8,0.08
natasha,8,0.08
cbf,8,0.08
retribuir,8,0.08
retrato,8,0.08
coligacao rondonia,8,0.08
orgulho historia,8,0.08
distancias,8,0.08
disputam,8,0.08
celebrada,8,0.08
endividamento,8,0.08
retornar,8,0.08
celular vorcaro,8,0.08
encontro amigos,8,0.08
encontro abraco,8,0.08
encontrar tanta,8,0.08
nessa historia,8,0.08
nepal china,8,0.08
restrita,8,0.08
dobrada,8,0.08
doar,8,0.08
org,8,0.08
ordens,8,0.08
divisa,8,0.08
ressalta,8,0.08
nesse domingo,8,0.08
nessas eleicoes,8,0.08
enche orgulho,8,0.08
encontros conversas,8,0.08
encontro fortalece,8,0.08
responsabilizado,8,0.08
respeito trabalho,8,0.08
certeza trabalho,8,0.08
encerrada,8,0.08
encaminhar,8,0.08
encaminhamento,8,0.08
nesta manha,8,0.08
certas,8,0.08
coligacao frente,8,0.08
oportunidade apresentar,8,0.08
operacional,8,0.08
recomposicao,8,0.08
oportunidades vive,8,0.08
certame,8,0.08
respeito seguranca,8,0.08
respeito protecao,8,0.08
respeito oportunidades,8,0.08
respeitando,8,0.08
chama todo,8,0.08
cobertura eleicoes,8,0.08
ontem noite,8,0.08
onde vem,8,0.08
onde quer,8,0.08
dois veiculos,8,0.08
coisa precisa,8,0.08
coisa certa,8,0.08
recorreu,8,0.08
certos,8,0.08
resolvido,8,0.08
nexus,8,0.08
neste fim,8,0.08
emprestimos,8,0.08
empresaria,8,0.08
reservas,8,0.08
chances,8,0.08
cnnbrasil,8,0.08
doer,8,0.08
onde populacao,8,0.08
onde estiver,8,0.08
onde dinheiro,8,0.08
onde aprendera,8,0.08
cobrir,8,0.08
cobrei,8,0.08
emenda constituicao,8,0.08
nogueira deputado,8,0.08
elias,8,0.08
elevar,8,0.08
elevados,8,0.08
notas,8,0.08
norte americano,8,0.08
emocionante ver,8,0.08
emissoras,8,0.08
reproducao leia,8,0.08
dol diario,8,0.08
dourados,8,0.08
reducao jornada,8,0.08
redencao,8,0.08
cnpj sob,8,0.08
cnpj psb,8,0.08
representar brasilia,8,0.08
chegar camara,8,0.08
noticias jornalismo,8,0.08
elmano lula,8,0.08
repleto,8,0.08
eleicoes candidato,8,0.08
eleicoes augusto,8,0.08
novas geracoes,8,0.08
eletrico,8,0.08
reforcada,8,0.08
olhar tras,8,0.08
olhar olho,8,0.08
olha futuro,8,0.08
referentes,8,0.08
reeleicao presidente,8,0.08
chique,8,0.08
efetiva,8,0.08
nulos,8,0.08
novos investimentos,8,0.08
novo propaganda,8,0.08
novo passo,8,0.08
chinesa,8,0.08
cheiro,8,0.08
cheios,8,0.08
durante conversa,8,0.08
ocupou,8,0.08
ocupando espaco,8,0.08
durante mandato,8,0.08
durante governo,8,0.08
cheio oportunidades,8,0.08
remocao,8,0.08
religiosas,8,0.08
cidade faz,8,0.08
relembrar,8,0.08
relatora,8,0.08
cidades estado,8,0.08
cidade toda,8,0.08
cidade seguimos,8,0.08
oantagonista,8,0.08
nunca faltem,8,0.08
nunca falte,8,0.08
nunca esquecer,8,0.08
numero representa,8,0.08
cidade quero,8,0.08
cita,8,0.08
civil rio,8,0.08
ocupa espaco,8,0.08
ocorreu durante,8,0.08
eduardo riedel,8,0.08
civil municipal,8,0.08
civil distrito,8,0.08
regina,8,0.08
regiao oeste,8,0.08
relativa,8,0.08
relatam,8,0.08
relacionamentos,8,0.08
reivindicacao,8,0.08
obrigada carinho,8,0.08
objetos,8,0.08
educacao oportunidades,8,0.08
educacao fisica,8,0.08
educacao financeira,8,0.08
cidades regiao,8,0.08
eduarda,8,0.08
eder,8,0.08
obtidas,8,0.08
registrando,8,0.08
heranca,8,0.08
historia juntos,8,0.08
historia historia,8,0.08
historia forca,8,0.08
cuidada,8,0.08
ponto partida,8,0.08
cuidar proteger,8,0.08
cuidar povo,8,0.08
youtube link,7,0.07
wilder,7,0.07
vote adriano,7,0.07
absurda,7,0.07
politica sim,7,0.07
cumpridas,7,0.07
historia pra,7,0.07
cinco pessoas,7,0.07
cima propaganda,7,0.07
cidadesromanews,7,0.07
edsonfachin,7,0.07
editor,7,0.07
obtida,7,0.07
obrigatoria,7,0.07
historia comeca,7,0.07
historia apenas,7,0.07
hipocrisia,7,0.07
hidrica,7,0.07
votada,7,0.07
vorcaro preso,7,0.07
vorcaro ministro,7,0.07
acelerado,7,0.07
aceito,7,0.07
acao movida,7,0.07
academica,7,0.07
hattem,7,0.07
ocupacional,7,0.07
ocorrencia registrada,7,0.07
economista,7,0.07
regiao obrigado,7,0.07
relataram,7,0.07
obrigada confianca,7,0.07
obrigada abraco,7,0.07
obrigacoes,7,0.07
reintegracao,7,0.07
renda desenvolvimento,7,0.07
renata vasconcellos,7,0.07
remedio,7,0.07
religiao,7,0.07
cidade sempre,7,0.07
educa,7,0.07
eduardo velloso,7,0.07
nutricao,7,0.07
nunes deputado,7,0.07
numeros mostram,7,0.07
eleicao deputado,7,0.07
homem estava,7,0.07
volto,7,0.07
volte,7,0.07
crises,7,0.07
crise climatica,7,0.07
cumpre mandados,7,0.07
politica jeito,7,0.07
politica instrumento,7,0.07
politica digital,7,0.07
portal infonet,7,0.07
portal folha,7,0.07
critico,7,0.07
chuvas fortes,7,0.07
eita,7,0.07
efetivamente,7,0.07
eleicoes senado,7,0.07
eleicoes outubro,7,0.07
durante fiscalizacao,7,0.07
durante eleicoes,7,0.07
odontologia,7,0.07
ocupantes,7,0.07
oferecem,7,0.07
durante gestao,7,0.07
cleitinho,7,0.07
cldf,7,0.07
classificados,7,0.07
eletricas,7,0.07
eleitos,7,0.07
renovam vontade,7,0.07
reforcando compromisso,7,0.07
reforca certeza,7,0.07
refletem,7,0.07
olhardireto,7,0.07
dudu,7,0.07
reencontrando amigos,7,0.07
cnh,7,0.07
clt,7,0.07
renovado,7,0.07
renovacao democratica,7,0.07
nova fase,7,0.07
noticiasdesergipe infonet,7,0.07
embarcar,7,0.07
emanuel,7,0.07
elmano luizianne,7,0.07
elmano freitas,7,0.07
elizeu,7,0.07
representacao forte,7,0.07
novas regras,7,0.07
nova jornada,7,0.07
nova geracao,7,0.07
eletronicas,7,0.07
hora virar,7,0.07
hora seguir,7,0.07
hora mostrar,7,0.07
vocacao,7,0.07
acima media,7,0.07
acidente transito,7,0.07
acidente aconteceu,7,0.07
gutierrez,7,0.07
emocionar,7,0.07
repressao,7,0.07
representou,7,0.07
clique bio,7,0.07
domiciliar,7,0.07
onca,7,0.07
olho conversa,7,0.07
duas horas,7,0.07
drone,7,0.07
droga,7,0.07
doutora,7,0.07
reduzindo,7,0.07
cnpj eleicao,7,0.07
representar santa,7,0.07
chegar pessoas,7,0.07
ninguem deve,7,0.07
nome historia,7,0.07
noites,7,0.07
noite ontem,7,0.07
noite linda,7,0.07
nobre,7,0.07
empreendedoras,7,0.07
chega longe,7,0.07
chefes,7,0.07
republica pgr,7,0.07
eletronico,7,0.07
nossaregiao,7,0.07
norte minas,7,0.07
normas,7,0.07
chao trabalho,7,0.07
chao coracao,7,0.07
chame amigos,7,0.07
rede globo,7,0.07
onde passo,7,0.07
dormindo,7,0.07
domingo segundo,7,0.07
coca,7,0.07
cobrado,7,0.07
chamaram,7,0.07
nivel superior,7,0.07
vivia,7,0.07
politica boa,7,0.07
portalpbagora pbagora,7,0.07
portalpbagora,7,0.07
portalinfonet noticiasdesergipe,7,0.07
portalinfonet,7,0.07
colaboradores,7,0.07
colaboracao,7,0.07
onde viemos,7,0.07
onde vida,7,0.07
dois meses,7,0.07
netto,7,0.07
empresa responsavel,7,0.07
viver medo,7,0.07
acolher cuidar,7,0.07
acolhendo,7,0.07
guardado,7,0.07
guarda municipal,7,0.07
humanizado,7,0.07
habito,7,0.07
vive produz,7,0.07
acompanhei perto,7,0.07
acontecido,7,0.07
aconteceu durante,7,0.07
reconhecer forca,7,0.07
doa doer,7,0.07
operador,7,0.07
operacao policia,7,0.07
opera,7,0.07
onu,7,0.07
coligacao fortaleza,7,0.07
colher,7,0.07
coletivos,7,0.07
cerebro,7,0.07
respeito saude,7,0.07
respeito reconhecimento,7,0.07
respeito direitos,7,0.07
respeitem,7,0.07
central flagrantes,7,0.07
nessa terca,7,0.07
nessa quarta,7,0.07
encontrar pessoas,7,0.07
responda,7,0.07
respeito valorizacao,7,0.07
certeza fazer,7,0.07
encara,7,0.07
encaminhou,7,0.07
nesta tarde,7,0.07
nesta noite,7,0.07
vistas,7,0.07
cozinha,7,0.07
couto,7,0.07
possivel ver,7,0.07
possivel transformar,7,0.07
possam trabalhar,7,0.07
posicionar,7,0.07
portovelho,7,0.07
crime responsabilidade,7,0.07
crime ocorreu,7,0.07
criatividade,7,0.07
criando oportunidades,7,0.07
resultado mostra,7,0.07
resto,7,0.07
restaurantes,7,0.07
oportunidades juventude,7,0.07
oportunidades futuro,7,0.07
organizacoes criminosas,7,0.07
ordenou,7,0.07
divide,7,0.07
diversas cidades,7,0.07
diversas areas,7,0.07
divergencias,7,0.07
divulgacao mensagens,7,0.07
receita federal,7,0.07
recebidos carinho,7,0.07
energetica,7,0.07
enderecos,7,0.07
negocia,7,0.07
negativa,7,0.07
enfrentar sistema,7,0.07
enfrentar crime,7,0.07
retirados,7,0.07
retiradas,7,0.07
retaliacao,7,0.07
resultar,7,0.07
cenarios,7,0.07
nessa eleicao,7,0.07
nepal tibete,7,0.07
energia uniao,7,0.07
energia incrivel,7,0.07
recebido tanto,7,0.07
orgulha,7,0.07
orgaos responsaveis,7,0.07
disse nesta,7,0.07
disputada,7,0.07
organizadores,7,0.07
receber todo,7,0.07
celebridades,7,0.07
causa precisa,7,0.07
nacional seguro,7,0.07
murilo,7,0.07
entregar resultado,7,0.07
entregador,7,0.07
revelar,7,0.07
nasci cresci,7,0.07
namorado,7,0.07
namorada,7,0.07
necessidades cidade,7,0.07
natalia,7,0.07
enganar,7,0.07
ideal,7,0.07
icone,7,0.07
icl,7,0.07
guedes,7,0.07
acre alan,7,0.07
visa,7,0.07
virou realidade,7,0.07
virginia fonseca,7,0.07
viraram,7,0.07
virando,7,0.07
envolvendo banco,7,0.07
receber tao,7,0.07
receber material,7,0.07
disposicao povo,7,0.07
disponivel stories,7,0.07
outra pessoa,7,0.07
ouca,7,0.07
otaviano,7,0.07
oscar,7,0.07
recanto,7,0.07
realmente faz,7,0.07
outras liderancas,7,0.07
muitas mulheres,7,0.07
muita escuta,7,0.07
escala trabalho,7,0.07
erro dois,7,0.07
errada,7,0.07
casos violencia,7,0.07
mulheres familias,7,0.07
muitos abracos,7,0.07
episodio serie,7,0.07
episodio completo,7,0.07
mundo sabe,7,0.07
multiplicar,7,0.07
entrevista jornal,7,0.07
acreditava,7,0.07
acreditando politica,7,0.07
ideologia,7,0.07
guararapes,7,0.07
viniprotetordeanimais,7,0.07
acusou,7,0.07
acs,7,0.07
caso isolado,7,0.07
muita emocao,7,0.07
mudar vidas,7,0.07
casas bahia,7,0.07
casagrande,7,0.07
colunagrandeangular,7,0.07
coluna metropoles,7,0.07
coluna grande,7,0.07
discursou,7,0.07
discurso bonito,7,0.07
outros candidatos,7,0.07
outras regioes,7,0.07
romario,7,0.07
combater corrupcao,7,0.07
combate criminalidade,7,0.07
comandar,7,0.07
realidade comunidade,7,0.07
rodrigues alves,7,0.07
gravadas,7,0.07
vilhena,7,0.07
viemos,7,0.07
videosdafolha,7,0.07
potente,7,0.07
crescer gerar,7,0.07
poderosa,7,0.07
custeio,7,0.07
crato,7,0.07
imagens cameras,7,0.07
roraima noticia,7,0.07
roraima forte,7,0.07
roque,7,0.07
rondonopolis,7,0.07
carol toni,7,0.07
rondoniense,7,0.07
rondonia precisa,7,0.07
escandalo banco,7,0.07
mudanca quer,7,0.07
mpf,7,0.07
escravidao,7,0.07
escolher lado,7,0.07
casa branca,7,0.07
cartorio,7,0.07
escuta atenta,7,0.07
escritorio barci,7,0.07
mourao,7,0.07
ouvi perto,7,0.07
direitos politicos,7,0.07
direitos oportunidades,7,0.07
reafirmando compromisso,7,0.07
rapidez,7,0.07
comecado,7,0.07
rosana,7,0.07
iluminada,7,0.07
gratidao certeza,7,0.07
grandes proporcoes,7,0.07
video acima,7,0.07
vida toda,7,0.07
vida sempre,7,0.07
vida seja,7,0.07
adotada,7,0.07
ruas perto,7,0.07
ruas mostrar,7,0.07
ruas bairro,7,0.07
rua perto,7,0.07
roxa,7,0.07
roubado,7,0.07
rouba,7,0.07
roteiro,7,0.07
carlos portinho,7,0.07
carlos augusto,7,0.07
movimentou,7,0.07
movimentam economia,7,0.07
movel urgencia,7,0.07
imparcial,7,0.07
iml,7,0.07
admitiu,7,0.07
vida seguimos,7,0.07
vida quero,7,0.07
poder fazer,7,0.07
poder decisao,7,0.07
dancando,7,0.07
especial demais,7,0.07
espalhe,7,0.07
espalhar mensagem,7,0.07
espalhando,7,0.07
motiva seguir,7,0.07
comeca antes,7,0.07
direito defesa,7,0.07
direita raiz,7,0.07
direcionar,7,0.07
ouvir conhecer,7,0.07
ouvindo verdade,7,0.07
rajadas vento,7,0.07
carinho perto,7,0.07
carinho faz,7,0.07
ruth,7,0.07
quilombo,7,0.07
motociata,7,0.07
motoboys,7,0.07
especial mim,7,0.07
damiao,7,0.07
vida politica,7,0.07
vida lado,7,0.07
vida importa,7,0.07
aereas,7,0.07
importam,7,0.07
importa povo,7,0.07
implantar,7,0.07
impede,7,0.07
afastou,7,0.07
vida alguem,7,0.07
sabe trabalha,7,0.07
sabe pra,7,0.07
mostrou sabe,7,0.07
mostram momento,7,0.07
mostram forca,7,0.07
especificamente,7,0.07
esperancas,7,0.07
sabado domingo,7,0.07
carinho principalmente,7,0.07
carinho pessoas,7,0.07
vida alem,7,0.07
grande florianopolis,7,0.07
grande angular,7,0.07
age,7,0.07
afirmou neste,7,0.07
afirmou leia,7,0.07
viaria,7,0.07
viaduto,7,0.07
capital paulista,7,0.07
capital mineira,7,0.07
saber disso,7,0.07
diferenca verdade,7,0.07
ouviu pessoas,7,0.07
ouvir povo,7,0.07
dignidade oportunidades,7,0.07
direito viver,7,0.07
direito vida,7,0.07
questionada,7,0.07
quero mostrar,7,0.07
comida boa,7,0.07
comerciantes moradores,7,0.07
comite espaco,7,0.07
comite campanha,7,0.07
comigo pra,7,0.07
quero deputado,7,0.07
quero apenas,7,0.07
capoeira,7,0.07
mostra caminhada,7,0.07
esportivas,7,0.07
esporte transforma,7,0.07
esporte saude,7,0.07
vestir camisa,7,0.07
agosto apos,7,0.07
agindo,7,0.07
verem,7,0.07
povo governador,7,0.07
povo deputado,7,0.07
dali,7,0.07
daiane,7,0.07
pobreza,7,0.07
candidatura reeleicao,7,0.07
esquecida,7,0.07
mora coracao,7,0.07
monte alegre,7,0.07
saido,7,0.07
cao,7,0.07
cantar junto,7,0.07
moraes vorcaro,7,0.07
moraes ministro,7,0.07
sabino,7,0.07
sabiam,7,0.07
comerciantes trabalhadores,7,0.07
salgado,7,0.07
saiu pista,7,0.07
dias deputada,7,0.07
dias assim,7,0.07
dificuldades enfrentadas,7,0.07
diferentes pontos,7,0.07
compartilha video,7,0.07
compare,7,0.07
companhias,7,0.07
querido amigo,7,0.07
compartilhe alguem,7,0.07
canoas,7,0.07
incansavelmente,7,0.07
inauguramos comite,7,0.07
inaugurado,7,0.07
inabalavel,7,0.07
impulso,7,0.07
grande missao,7,0.07
verdadeiro sucesso,7,0.07
verdadeiramente independente,7,0.07
verdadeira festa,7,0.07
verdade seguimos,7,0.07
agradeco deus,7,0.07
agradeceu,7,0.07
grades,7,0.07
canaluol,7,0.07
estado senado,7,0.07
estado quero,7,0.07
estado merece,7,0.07
estado juntos,7,0.07
moderno,7,0.07
canal whatsapp,7,0.07
salva post,7,0.07
candidato partido,7,0.07
estado deputado,7,0.07
estado acontecer,7,0.07
momento informacoes,7,0.07
momento encontro,7,0.07
estado vote,7,0.07
queimados,7,0.07
completa clicando,7,0.07
caminho lado,7,0.07
santo melhor,7,0.07
santista,7,0.07
mobilizacoes,7,0.07
mista,7,0.07
missao renan,7,0.07
miro,7,0.07
estadual professor,7,0.07
estadual pra,7,0.07
sanitaria anvisa,7,0.07
campanha segue,7,0.07
cancao,7,0.07
ministra,7,0.07
ministerio justica,7,0.07
estarem comigo,7,0.07
camiseta,7,0.07
caminhos transformar,7,0.07
caminhoneiros,7,0.07
pagou,7,0.07
paginas,7,0.07
pagando conta,7,0.07
dias votar,7,0.07
dias vida,7,0.07
dias senador,7,0.07
quer representar,7,0.07
quer esteja,7,0.07
saude mulher,7,0.07
saude inclusao,7,0.07
saude digna,7,0.07
mini,7,0.07
minasgerais deputadoestadual,7,0.07
estava sendo,7,0.07
estive presente,7,0.07
estive cidade,7,0.07
saude assistencia,7,0.07
satelite,7,0.07
saocaetano,7,0.07
santuario,7,0.07
caminhe,7,0.07
campanha ganhou,7,0.07
estadual delegado,7,0.07
estadual andre,7,0.07
caminham juntos,7,0.07
milhoes reais,7,0.07
milhoes investidos,7,0.07
estrategicas,7,0.07
caminhada propaganda,7,0.07
palavra confianca,7,0.07
dialogo principalmente,7,0.07
painel,7,0.07
compartilhou redes,7,0.07
queimadas,7,0.07
midias,7,0.07
caminhada forca,7,0.07
caminhada fica,7,0.07
secretaria estadual,7,0.07
seabra,7,0.07
sccsbt,7,0.07
quatro pessoas,7,0.07
completa reproducao,7,0.07
dialogo escuta,7,0.07
dialogo aberto,7,0.07
diagnostico enviar,7,0.07
diabetes,7,0.07
palestra,7,0.07
agosto setembro,7,0.07
agosto segundo,7,0.07
vera cruz,7,0.07
aguardar,7,0.07
governo estadual,7,0.07
incompetencia,7,0.07
incomodar,7,0.07
incomoda,7,0.07
incluiu,7,0.07
agricultura pecuaria,7,0.07
corresponde,7,0.07
caminhada apenas,7,0.07
caminhada perto,7,0.07
estrangeiras,7,0.07
qualquer outro,7,0.07
qualquer cidadao,7,0.07
qualquer cargo,7,0.07
qualificada,7,0.07
compromete,7,0.07
compras internacionais,7,0.07
pudessem,7,0.07
compromisso defender,7,0.07
compromisso construir,7,0.07
estou lado,7,0.07
estou falando,7,0.07
mil mil,7,0.07
seguintes,7,0.07
calcamento,7,0.07
calar diante,7,0.07
calada,7,0.07
cala,7,0.07
cairam,7,0.07
seguimos acreditando,7,0.07
camara senado,7,0.07
estresse,7,0.07
metropolitano,7,0.07
metropolitana curitiba,7,0.07
metropoles divulgacao,7,0.07
metropoles arte,7,0.07
metodo,7,0.07
estudando,7,0.07
estrutura atendimento,7,0.07
excesso,7,0.07
exato,7,0.07
evidente,7,0.07
cachorros,7,0.07
cachoeira,7,0.07
seguira,7,0.07
pantanal,7,0.07
devolve,7,0.07
publico eleitoral,7,0.07
publicadas,7,0.07
seguir lado,7,0.07
pstu,7,0.07
segundo pesquisa,7,0.07
cabo santo,7,0.07
mensagem longe,7,0.07
mensagem esperanca,7,0.07
menos impostos,7,0.07
exibida,7,0.07
buscar caminhos,7,0.07
segundo lugar,7,0.07
segundo defesa,7,0.07
segunda turma,7,0.07
seguiremos juntos,7,0.07
cadaminuto,7,0.07
estupro,7,0.07
mercados,7,0.07
seguranca protecao,7,0.07
seguranca faz,7,0.07
seguranca educacao,7,0.07
seguranca desenvolvimento,7,0.07
segundo presidente,7,0.07
paralelo,7,0.07
compromisso goias,7,0.07
publicacao redes,7,0.07
corregedoria,7,0.07
povo seguir,7,0.07
ajudar transformar,7,0.07
vem nessa,7,0.07
alberto,7,0.07
inegociavel,7,0.07
inegociaveis,7,0.07
povo trabalhando,7,0.07
povo sergipano,7,0.07
plantar,7,0.07
plantao,7,0.07
plano saude,7,0.07
dano,7,0.07
exportacoes,7,0.07
melhor cidade,7,0.07
medina,7,0.07
facada,7,0.07
melhorem,7,0.07
melhor pra,7,0.07
melhor oportunidades,7,0.07
melhor obrigado,7,0.07
externo,7,0.07
btg,7,0.07
bruto,7,0.07
seguro social,7,0.07
seguranca qualidade,7,0.07
mencionou,7,0.07
explosao,7,0.07
explico,7,0.07
brasilia quero,7,0.07
selecionados,7,0.07
parceria confianca,7,0.07
parceiras,7,0.07
deus quiser,7,0.07
paris,7,0.07
parentes,7,0.07
parceria sempre,7,0.07
detalhes video,7,0.07
psicologica,7,0.07
psicologia,7,0.07
falava,7,0.07
fala povo,7,0.07
fabrica,7,0.07
fabio rodrigues,7,0.07
medidas cabiveis,7,0.07
medida provisoria,7,0.07
medico veterinario,7,0.07
medicamento,7,0.07
mediante,7,0.07
mede,7,0.07
fagundes,7,0.07
fachin presidente,7,0.07
sempre fui,7,0.07
brincou,7,0.07
brb,7,0.07
bravo,7,0.07
borges eliborges,7,0.07
bordo,7,0.07
senhor jesus,7,0.07
senadora janaina,7,0.07
brasilia lutar,7,0.07
brasilia deputado,7,0.07
brasilia defender,7,0.07
brasileiraonarecord,7,0.07
brancos nulos,7,0.07
senadofederal,7,0.07
senac,7,0.07
sempre trabalhei,7,0.07
sempre luta,7,0.07
faccoes criminosas,7,0.07
individuos,7,0.07
governador rafael,7,0.07
google,7,0.07
infonet portalinfonet,7,0.07
infonet,7,0.07
inferior,7,0.07
alagoinhas,7,0.07
ala,7,0.07
vem fazendo,7,0.07
velhas,7,0.07
veja detalhes,7,0.07
alegria caminhar,7,0.07
senna,7,0.07
matias,7,0.07
mateus simoes,7,0.07
materna,7,0.07
familias regiao,7,0.07
bosque,7,0.07
psb avante,7,0.07
proximos quatro,7,0.07
compromisso temos,7,0.07
destruida,7,0.07
destinos,7,0.07
parte fundamental,7,0.07
parte familia,7,0.07
proximo presidente,7,0.07
proximo ano,7,0.07
proxima quarta,7,0.07
comprovada,7,0.07
comprou,7,0.07
provocacao,7,0.07
provenientes,7,0.07
faz economia,7,0.07
faz cultura,7,0.07
sentimos perto,7,0.07
senso,7,0.07
bolsonaro candidato,7,0.07
favorecer,7,0.07
mariano,7,0.07
bolsonarismo,7,0.07
separacao,7,0.07
marque amigos,7,0.07
marque alguem,7,0.07
alegou,7,0.07
vegetacao,7,0.07
vcs,7,0.07
corpo corpo,7,0.07
coroa,7,0.07
cordeiro,7,0.07
pit,7,0.07
datafolha,7,0.07
daria,7,0.07
pra brasilia,7,0.07
goias vote,7,0.07
serido,7,0.07
sergipe aracaju,7,0.07
bom combate,7,0.07
concentrar,7,0.07
parte time,7,0.07
destinacao recursos,7,0.07
deste momento,7,0.07
destruindo,7,0.07
destruido,7,0.07
destruidas,7,0.07
comunitarias,7,0.07
bolsonaro leia,7,0.07
bolsonaro deputado,7,0.07
fazendo politica,7,0.07
marcello,7,0.07
marcelle,7,0.07
servicos prestados,7,0.07
servicopublico,7,0.07
serrana,7,0.07
blindar,7,0.07
blindagem,7,0.07
bio site,7,0.07
marcos dias,7,0.07
marcio nunes,7,0.07
boa viagem,7,0.07
informacoes siga,7,0.07
informacoes repassadas,7,0.07
infonet sergipe,7,0.07
governador douglas,7,0.07
vasconcellos,7,0.07
vasco,7,0.07
varias cidades,7,0.07
variam,7,0.07
varejista,7,0.07
vara civel,7,0.07
vao votar,7,0.07
alertas,7,0.07
protocolado,7,0.07
protetordeanimais viniprotetordeanimais,7,0.07
protetordeanimais,7,0.07
protesto,7,0.07
dessa comunidade,7,0.07
partidas,7,0.07
partidario,7,0.07
partidaria,7,0.07
bilionaria,7,0.07
servir povo,7,0.07
shoppings,7,0.07
proteger familias,7,0.07
protecao dados,7,0.07
protagonismo,7,0.07
prorrogacao,7,0.07
partido renovacao,7,0.07
dessa mudanca,7,0.07
maraba,7,0.07
fazer minas,7,0.07
bio divulgacao,7,0.07
bio contilnet,7,0.07
gonzaga,7,0.07
alegria viver,7,0.07
alegria ver,7,0.07
vantagens,7,0.07
van hattem,7,0.07
vamostrabalhar,7,0.07
injusticas,7,0.07
inicio oficial,7,0.07
mangueirao,7,0.07
mande mensagem,7,0.07
fecomercio,7,0.07
sigo nessa,7,0.07
significativa,7,0.07
siga reproducao,7,0.07
siga redes,7,0.07
siga protetordeanimais,7,0.07
siga fique,7,0.07
bem informada,7,0.07
bem feito,7,0.07
fazer coisas,7,0.07
fazer chegar,7,0.07
manobras,7,0.07
sidney,7,0.07
conde,7,0.07
federal compromisso,7,0.07
federal bolsonaro,7,0.07
sincera,7,0.07
beatriz,7,0.07
batida,7,0.07
bateria,7,0.07
simbolica,7,0.07
simao,7,0.07
silvia,7,0.07
silva simone,7,0.07
fazer precisa,7,0.07
manifesto,7,0.07
fazia parte,7,0.07
manda pra,7,0.07
manaus amazonas,7,0.07
majoritaria,7,0.07
proprietarios,7,0.07
propostas quero,7,0.07
proposta preve,7,0.07
despacho,7,0.07
deslocar,7,0.07
deslizamentos,7,0.07
condenados,7,0.07
condenada,7,0.07
gloria menezes,7,0.07
debate publico,7,0.07
coragem presenca,7,0.07
coragem muita,7,0.07
coragem determinacao,7,0.07
pra verem,7,0.07
pra trabalhar,7,0.07
pra mostrar,7,0.07
pra dentro,7,0.07
federal povo,7,0.07
bares,7,0.07
sistema penitenciario,7,0.07
sintonia,7,0.07
sindicatos,7,0.07
federacoes,7,0.07
federal espirito,7,0.07
fechados,7,0.07
soares deputado,7,0.07
situacao rua,7,0.07
pronto representar,7,0.07
desespero,7,0.07
desenvolvimento qualidade,7,0.07
desenvolvimento cidade,7,0.07
passe lado,7,0.07
prometendo,7,0.07
federal deputada,7,0.07
federal delegado,7,0.07
machismo,7,0.07
macae,7,0.07
valorizacao profissional,7,0.07
valores carrego,7,0.07
alguem acredita,7,0.07
valerio,7,0.07
valeria,7,0.07
valedoparaiba,7,0.07
alice,7,0.07
alguns registros,7,0.07
inspirando,7,0.07
luta coletiva,7,0.07
feira acordo,7,0.07
feijo,7,0.07
sobreviver,7,0.07
sobreviventes,7,0.07
sob investigacao,7,0.07
bandeirantes,7,0.07
federal pcdf,7,0.07
federal marcio,7,0.07
luzes,7,0.07
lutar politicas,7,0.07
luta saude,7,0.07
lula jero,7,0.07
luiza,7,0.07
balcao,7,0.07
socorrido,7,0.07
sociais video,7,0.07
sociais informacoes,7,0.07
luta pra,7,0.07
luta juntos,7,0.07
luta fim,7,0.07
insiste,7,0.07
insercao,7,0.07
val,7,0.07
prata,7,0.07
debitos,7,0.07
utilizando,7,0.07
almg,7,0.07
baixe app,7,0.07
bairro bairro,7,0.07
bahia quer,7,0.07
promessas vazias,7,0.07
conectado,7,0.07
conecta,7,0.07
pastores,7,0.07
projetos lei,7,0.07
projeto obrigado,7,0.07
bahia precisa,7,0.07
federal territorios,7,0.07
allyson,7,0.07
alterar,7,0.07
uso dinheiro,7,0.07
amamos,7,0.07
precipitacao,7,0.07
pre candidato,7,0.07
coracao pessoa,7,0.07
debate band,7,0.07
dcm,7,0.07
dcj,7,0.07
pilares,7,0.07
localidade,7,0.07
azulao,7,0.07
avisar,7,0.07
lua,7,0.07
lotou,7,0.07
longo mandato,7,0.07
feira decisao,7,0.07
lugares onde,7,0.07
instituto conhecer,7,0.07
instituicao financeira,7,0.07
gil diniz,7,0.07
gigantes,7,0.07
amam,7,0.07
urgencia samu,7,0.07
urbanizacao,7,0.07
geracao renda,7,0.07
geracao emprego,7,0.07
integrou,7,0.07
projeto construido,7,0.07
projeto acredita,7,0.07
confianca nessa,7,0.07
paulino,7,0.07
confianca compromisso,7,0.07
confianca acreditar,7,0.07
localizado avenida,7,0.07
souberam,7,0.07
soube,7,0.07
avancam,7,0.07
feita muitas,7,0.07
autorizados,7,0.07
sonora,7,0.07
sonia,7,0.07
sonhando,7,0.07
sonham,7,0.07
inter,7,0.07
intensificar,7,0.07
inteligencia policia,7,0.07
intelectual,7,0.07
uniao republicanos,7,0.07
convite amigo,7,0.07
pessoas situacao,7,0.07
precisa acontecer,7,0.07
uniao muita,7,0.07
stories oantagonista,7,0.07
stories liberal,7,0.07
stories divulgacao,7,0.07
autora,7,0.07
autoestima,7,0.07
stj,7,0.07
stf determinou,7,0.07
feliz setembro,7,0.07
feliz lado,7,0.07
link onde,7,0.07
festa democracia,7,0.07
amigos colegas,7,0.07
amigo amiga,7,0.07
amigas amigos,7,0.07
uniao esperanca,7,0.07
uniao amazonas,7,0.07
unanimidade,7,0.07
interestadual,7,0.07
desemprego,7,0.07
sucessos,7,0.07
substancia,7,0.07
ferraco,7,0.07
limpeza urbana,7,0.07
limoeiro,7,0.07
limitar,7,0.07
submetido,7,0.07
subindo,7,0.07
stories roraima,7,0.07
gentil,7,0.07
gemeas,7,0.07
ultima segunda,7,0.07
ultima atualizacao,7,0.07
ulissesmaia,7,0.07
amplo,7,0.07
ampliar presenca,7,0.07
gasolina,7,0.07
ficam memoria,7,0.07
augusto deputado,7,0.07
suica,7,0.07
sugestao,7,0.07
programa eleitoral,7,0.07
profissional educacao,7,0.07
profissionais seguranca,7,0.07
pbagora,7,0.07
desenvolvendo,7,0.07
internas,7,0.07
interlocutores,7,0.07
interior voz,7,0.07
ampliar investimentos,7,0.07
turno eleicoes,7,0.07
turistico,7,0.07
intimidar,7,0.07
tropas,7,0.07
trocar ideia,7,0.07
troca experiencias,7,0.07
supostas,7,0.07
superintendencia,7,0.07
sumare,7,0.07
sul pais,7,0.07
sul fluminense,7,0.07
fez sabe,7,0.07
fez fazer,7,0.07
lider governo,7,0.07
filho anos,7,0.07
audiencia custodia,7,0.07
confiando,7,0.07
professores professoras,7,0.07
professor washington,7,0.07
conhece verdade,7,0.07
conhece necessidades,7,0.07
conhece alguem,7,0.07
conheca trabalho,7,0.07
atuaram,7,0.07
atualizar,7,0.07
decidi entrar,7,0.07
decidem,7,0.07
pessoas possam,7,0.07
pessoas fizeram,7,0.07
ananindeua,7,0.07
analisados,7,0.07
garantidos,7,0.07
surgir,7,0.07
conheca pouco,7,0.07
conheceram,7,0.07
desconhecido,7,0.07
descobriu,7,0.07
pcc,7,0.07
pbagora noticia,7,0.07
conhecer propostas,7,0.07
procurada,7,0.07
processual,7,0.07
surgem,7,0.07
atual presidente,7,0.07
atribuicoes,7,0.07
atravessa geracoes,7,0.07
fique dentro,7,0.07
fique bem,7,0.07
levar discussao,7,0.07
levar camara,7,0.07
levando recursos,7,0.07
atrasos,7,0.07
ato coragem,7,0.07
leves,7,0.07
finalidade,7,0.07
filtro,7,0.07
suspeitas envolvendo,7,0.07
investigacao policia,7,0.07
investigacao apura,7,0.07
investidores,7,0.07
trincheira,7,0.07
trilhos,7,0.07
consiga,7,0.07
levando forca,7,0.07
letras,7,0.07
firmes fortes,7,0.07
firmes caminhada,7,0.07
talvez esteja,7,0.07
talita,7,0.07
tai,7,0.07
taguatinga,7,0.07
tabua,7,0.07
ative,7,0.07
angular metropoles,7,0.07
angular,7,0.07
pessoas caminhando,7,0.07
precisa ver,7,0.07
precisa valorizado,7,0.07
precisa trabalhar,7,0.07
precisa sair,7,0.07
precisa responder,7,0.07
precisa representacao,7,0.07
precisa primeiro,7,0.07
treinamento,7,0.07
fixa,7,0.07
atendimento movel,7,0.07
tantas vezes,7,0.07
processos seletivos,7,0.07
conosco seguimos,7,0.07
pedi,7,0.07
pec preve,7,0.07
descricao,7,0.07
problemas saude,7,0.07
tarefas,7,0.07
atacada,7,0.07
assumo compromisso,7,0.07
assumir responsabilidade,7,0.07
tao bonita,7,0.07
tanto fez,7,0.07
atendem,7,0.07
ler materia,7,0.07
lemos deputado,7,0.07
galvao,7,0.07
investimos,7,0.07
investimentos fortalecer,7,0.07
treinador,7,0.07
tratos crime,7,0.07
trator,7,0.07
anos mandato,7,0.07
anos dias,7,0.07
leitores,7,0.07
leis duras,7,0.07
flavio presidente,7,0.07
flagrantes,7,0.07
consideracao,7,0.07
desabafo,7,0.07
derrubada,7,0.07
pedido recuperacao,7,0.07
deputadofederal distritofederal,7,0.07
deputadas,7,0.07
pena continuar,7,0.07
desaparecida,7,0.07
ano vem,7,0.07
ano apos,7,0.07
tratadas,7,0.07
transtornos,7,0.07
transportes,7,0.07
antecipado,7,0.07
investiu,7,0.07
anos tres,7,0.07
leia artigo,7,0.07
lei estadual,7,0.07
lei autoria,7,0.07
focado,7,0.07
associacao nacional,7,0.07
assistente,7,0.07
teixeira freitas,7,0.07
tecnicamente empatados,7,0.07
transformou vida,7,0.07
precisao,7,0.07
conversar povo,7,0.07
conversar futuro,7,0.07
pessoas familias,7,0.07
pessoas encontro,7,0.07
pessoas compromisso,7,0.07
transformem,7,0.07
transformaram,7,0.07
folha politica,7,0.07
conservador,7,0.07
priorizar,7,0.07
principalmente reafirmar,7,0.07
principalmente ouvindo,7,0.07
constroi trabalho,7,0.07
constituicao pec,7,0.07
constantes,7,0.07
principais bandeiras,7,0.07
dependendo,7,0.07
assine oeste,7,0.07
assim ouvindo,7,0.07
assim olho,7,0.07
tenha voz,7,0.07
tendencia,7,0.07
assim acredita,7,0.07
assassinato,7,0.07
assalto,7,0.07
tempo passou,7,0.07
tempestades,7,0.07
legislativas,7,0.07
legalmente,7,0.07
legalidade,7,0.07
fonte agencia,7,0.07
transformar estado,7,0.07
itapetininga,7,0.07
itapemirim,7,0.07
transformar boas,7,0.07
transformador,7,0.07
transformacao acontece,7,0.07
anular,7,0.07
gado,7,0.07
fora casa,7,0.07
laudos,7,0.07
arthurmaia,7,0.07
penitenciario,7,0.07
deputadofederal saopaulo,7,0.07
primeiro adesivaco,7,0.07
primeiras horas,7,0.07
primeira etapa,7,0.07
construida longo,7,0.07
construida dialogo,7,0.07
tenham acesso,7,0.07
teria ocorrido,7,0.07
terceiro mandato,7,0.07
arretada,7,0.07
tentativa homicidio,7,0.07
futuro rio,7,0.07
iza,7,0.07
ivo,7,0.07
trans,7,0.07
tralli,7,0.07
janainariva,7,0.07
james,7,0.07
jales,7,0.07
jakob dcj,7,0.07
apaes,7,0.07
convencoes,7,0.07
contudo,7,0.07
pessoas buscando,7,0.07
pessoa saiu,7,0.07
declaracao dada,7,0.07
controlador banco,7,0.07
precisaria,7,0.07
apenas epoca,7,0.07
lagarto,7,0.07
ladrao,7,0.07
lado vice,7,0.07
lado veja,7,0.07
forca honra,7,0.07
forca faz,7,0.07
forca experiencia,7,0.07
largada oficial,7,0.07
lamentou,7,0.07
termino,7,0.07
arquibancadas,7,0.07
terror,7,0.07
pequeno produtor,7,0.07
denuncie,7,0.07
dentro sala,7,0.07
dentro carro,7,0.07
dentro assembleia,7,0.07
construir nova,7,0.07
construir bahia,7,0.07
prevencao violencia,7,0.07
preve fim,7,0.07
pretos,7,0.07
pretende ampliar,7,0.07
futura senadora,7,0.07
jeito simples,7,0.07
jefferson,7,0.07
jeferson,7,0.07
jean,7,0.07
jayme,7,0.07
aparencia,7,0.07
trabalhoquetransforma,7,0.07
trabalhoquefazadiferenca,7,0.07
trabalhodeverdade,7,0.07
forcas seguir,7,0.07
lado amiga,7,0.07
textos,7,0.07
teus,7,0.07
tetra,7,0.07
testemunha,7,0.07
arrastao,7,0.07
arrastando,7,0.07
forca seguimos,7,0.07
forca projeto,7,0.07
lado obrigado,7,0.07
lado irmao,7,0.07
arquiteto,7,0.07
kassio,7,0.07
karina,7,0.07
kalil,7,0.07
justo maranhao,7,0.07
fortaleca,7,0.07
time transformacao,7,0.07
formacao profissional,7,0.07
trabalho vontade,7,0.07
trabalho transformar,7,0.07
trabalho queremos,7,0.07
aperte play,7,0.07
fundador banco,7,0.07
fundada,7,0.07
joao paulo,7,0.07
jiu jitsu,7,0.07
jiu,7,0.07
jhc,7,0.07
futuro constroi,7,0.07
joel rodrigues,7,0.07
furia,7,0.07
fortalecer parceria,7,0.07
arapiraca,7,0.07
apurou,7,0.07
percorri,7,0.07
percorreu,7,0.07
demonstram,7,0.07
democratica prd,7,0.07
democrata avante,7,0.07
prestados,7,0.07
consultar,7,0.07
juntos seguir,7,0.07
juntos seguimos,7,0.07
juntos proposito,7,0.07
tocaprafrente,7,0.07
tocantins direita,7,0.07
apuradas,7,0.07
aprovou nesta,7,0.07
aproveitou,7,0.07
justica ccj,7,0.07
justamente conhecer,7,0.07
juros altos,7,0.07
juridicos,7,0.07
fortalecer rede,7,0.07
apresentar projeto,7,0.07
juntos nesta,7,0.07
todo amapazao,7,0.07
consultados,7,0.07
permanecam,7,0.07
deixar tras,7,0.07
presidente nacional,7,0.07
contagiante,7,0.07
conteudos siga,7,0.07
conteudo produzido,7,0.07
fortalecendo dialogo,7,0.07
aperta play,7,0.07
apenas numero,7,0.07
trabalho pra,7,0.07
contratacoes,7,0.07
contraria,7,0.07
pesquisa instituto,7,0.07
dedicar,7,0.07
dedicam vidas,7,0.07
contrapartida,7,0.07
prefeito recife,7,0.07
tolerancia zero,7,0.07
todo interior,7,0.07
todo grupo,7,0.07
definiu,7,0.07
pernambuco forte,7,0.07
conte comentarios,7,0.07
presidente assembleia,7,0.07
defendido,7,0.07
pertencia,7,0.07
apresentaram,7,0.07
prefeito deputado,7,0.07
trabalho lado,7,0.07
fronteira nepal,7,0.07
jornalcruzeiro,7,0.07
jornada trabalho,7,0.07
funcionem,7,0.07
fui prefeito,7,0.07
jose roberto,7,0.07
fruto trabalho,7,0.07
frutas,7,0.07
trabalho conhece,7,0.07
personalize,7,0.07
personagem,7,0.07
persistencia,7,0.07
perseguido,7,0.07
pernambuco simbora,7,0.07
deixamos,7,0.07
presenca constante,7,0.07
juntos deus,7,0.07
juntos defesa,7,0.07
tomar cafe,7,0.07
tomado,7,0.07
tornei,7,0.07
apreendeu,7,0.07
juntos bora,7,0.07
junto prefeito,7,0.07
foz iguacu,7,0.07
apos pedido,7,0.07
tornado,7,0.07
torcendo,7,0.07
torcedor,7,0.07
apoiado,7,0.07
trabalhista,7,0.07
trabalhar pessoas,7,0.07
trabalhar juntos,7,0.07
trabalhar estado,7,0.07
trabalhar cidade,7,0.07
juazeiro norte,7,0.07
joyce,7,0.07
frequencia,7,0.07
frente sempre,7,0.07
frente seguimos,7,0.07
apoio juntos,7,0.07
apos acidente,7,0.07
apoio seguimos,7,0.07
perto momento,7,0.07
defesa democracia,7,0.07
defensores,7,0.07
continuar construindo,7,0.07
continuar cobrando,7,0.07
preparar jovens,7,0.07
preocupar,7,0.07
preocupante,7,0.07
tornozeleira,7,0.07
trabalhando fortalecer,7,0.07
junto amigo,7,0.07
junto acredita,7,0.07
frei,7,0.07
freepik,7,0.07
fred,7,0.07
trabalhando desenvolvimento,7,0.07
trabalhando cidade,7,0.07
trabalha paga,7,0.07
trabalha luta,7,0.07
trabalha faz,7,0.07
trabalha entrega,7,0.07
apoio governador,7,0.07
apoio familias,7,0.07
dedicacao compromisso,7,0.07
declarou apoio,7,0.07
perto sabe,7,0.07
defender trabalha,7,0.07
defender soberania,7,0.07
defender povo,7,0.07
contribuido,7,0.07
contrato milhoes,7,0.07
trabalhando pernambuco,7,0.07
trabalhando paulo,7,0.07
trabalhando ouvindo,7,0.07
voz respeito,7,0.07
voz quero,7,0.07
voz defender,7,0.07
abencoe familia,7,0.07
abordado,7,0.07
votoconsciente,7,0.07
voto vote,7,0.07
voto outubro,7,0.07
abre portas,7,0.07
abracos muita,7,0.07
abracos conversas,7,0.07
vote professora,7,0.07
vote jonas,7,0.07
vote delegada,7,0.07
historia luta,7,0.07
historia inteira,7,0.07
cuida precisa,7,0.07
cuida pessoas,7,0.07
ponta lingua,7,0.07
cuidou,7,0.07
cuidardegenteevocacao,7,0.07
cuidar vidas,7,0.07
cuidar criancas,7,0.07
cuidar cidade,7,0.07
willian,6,0.06
xerife,6,0.06
ponto percentual,6,0.06
historia coragem,6,0.06
historia estado,6,0.06
historia feita,6,0.06
historia politica,6,0.06
yurydoparedao,6,0.06
youtube metropoles,6,0.06
pesa bolso,6,0.06
pesadelo,6,0.06
aborda,6,0.06
abertura comite,6,0.06
hidreletricas,6,0.06
hidratacao,6,0.06
hemodialise,6,0.06
historia povo,6,0.06
historia antes,6,0.06
haroldo,6,0.06
honestamente,6,0.06
honesta,6,0.06
cidade nova,6,0.06
ciro ferreira,6,0.06
circulam,6,0.06
city,6,0.06
cidade levando,6,0.06
cidade grande,6,0.06
pernambucana,6,0.06
perna,6,0.06
frontal,6,0.06
frente parana,6,0.06
frente integrada,6,0.06
frente fria,6,0.06
fugiram,6,0.06
fortaleza ceara,6,0.06
fortalecido,6,0.06
personalize foto,6,0.06
perseguir,6,0.06
defendendo valores,6,0.06
apreendidas,6,0.06
frances,6,0.06
fossem,6,0.06
apos ocorrencia,6,0.06
formei,6,0.06
aprofundar,6,0.06
permitindo,6,0.06
permaneceram,6,0.06
perillo,6,0.06
fortalecer economia,6,0.06
fundamento,6,0.06
apenas quatro,6,0.06
pesos duas,6,0.06
pesos,6,0.06
pescoco,6,0.06
pescador,6,0.06
aprendi pratica,6,0.06
aprendi politica,6,0.06
pernambuco senado,6,0.06
pernambuco precisa,6,0.06
apurado,6,0.06
argumenta,6,0.06
argentino,6,0.06
forma tao,6,0.06
forma simples,6,0.06
aplicacoes,6,0.06
joe,6,0.06
furacao,6,0.06
araguaina,6,0.06
araguaia,6,0.06
perderam,6,0.06
pergunte,6,0.06
perguntam,6,0.06
performance,6,0.06
aptos,6,0.06
aproveitei,6,0.06
arquibancada,6,0.06
terras raras,6,0.06
percorre,6,0.06
futuras,6,0.06
jejum,6,0.06
jeito acredito,6,0.06
jeitinho,6,0.06
jatinho,6,0.06
aparecido,6,0.06
araraquara,6,0.06
arrasta lado,6,0.06
arquitetura,6,0.06
fortalecemos,6,0.06
fortalece projeto,6,0.06
fornecimento energia,6,0.06
apuram,6,0.06
antes eleicoes,6,0.06
jari,6,0.06
japonesa,6,0.06
pessoas bem,6,0.06
pessoas acredita,6,0.06
pessoa recebeu,6,0.06
declarados,6,0.06
decisoes impactam,6,0.06
anunciaram,6,0.06
apenas discursos,6,0.06
forcas nessa,6,0.06
forca familia,6,0.06
forca confianca,6,0.06
forca compromisso,6,0.06
forca cidade,6,0.06
teria provocado,6,0.06
tereza,6,0.06
arthur lira,6,0.06
artesanato,6,0.06
arrumar,6,0.06
arruda psd,6,0.06
terapias,6,0.06
teoria dupla,6,0.06
tentativa feminicidio,6,0.06
asia,6,0.06
articulacoes,6,0.06
arthurmaia aforcadotrabalho,6,0.06
foragido,6,0.06
jairo,6,0.06
jaguaribe,6,0.06
antes falar,6,0.06
antes escolher,6,0.06
assim caminhada,6,0.06
tempo seco,6,0.06
tempo descansar,6,0.06
ivan moraes,6,0.06
israelenses,6,0.06
israelense,6,0.06
isolados,6,0.06
isaac,6,0.06
transformar casamento,6,0.06
antonio augusto,6,0.06
futuro seguranca,6,0.06
forca mulheres,6,0.06
forca mulher,6,0.06
pensei,6,0.06
pensao,6,0.06
pensada,6,0.06
assista jornaldamanha,6,0.06
teixeira lima,6,0.06
tecnologia inovacao,6,0.06
fiscalizar governo,6,0.06
anos prisao,6,0.06
pessoas dispostas,6,0.06
pessoas conversar,6,0.06
pessoas construir,6,0.06
pessoas construindo,6,0.06
pessoas compartilhe,6,0.06
pessoas compartilham,6,0.06
forca bahia,6,0.06
forca aerea,6,0.06
telemedicina,6,0.06
assim continuar,6,0.06
assim construimos,6,0.06
flavio roscoe,6,0.06
fizeram questao,6,0.06
pelotas,6,0.06
pedrosa,6,0.06
anos dedicados,6,0.06
anos cidade,6,0.06
antes candidato,6,0.06
iria,6,0.06
investir futuro,6,0.06
ganhando ruas,6,0.06
anpd,6,0.06
anos segundo,6,0.06
associado,6,0.06
foguete,6,0.06
fofo,6,0.06
florescer,6,0.06
peco apoio,6,0.06
fizer,6,0.06
fizemos queremos,6,0.06
tatiana,6,0.06
assumimos compromisso,6,0.06
tao forte,6,0.06
atacado,6,0.06
fixo,6,0.06
galpao,6,0.06
investindo,6,0.06
investimentos infraestrutura,6,0.06
investigando,6,0.06
garantir protecao,6,0.06
garantir oportunidades,6,0.06
anos meses,6,0.06
anos independencia,6,0.06
firmes ouvindo,6,0.06
firmes juntos,6,0.06
tamojunto,6,0.06
tainah,6,0.06
tadeu anhaia,6,0.06
angra,6,0.06
precisa tratado,6,0.06
precisa tratada,6,0.06
precisa politica,6,0.06
precisa passar,6,0.06
tantas historias,6,0.06
tanta energia,6,0.06
tania,6,0.06
pedido investigacao,6,0.06
pedem,6,0.06
pede voto,6,0.06
sustentou,6,0.06
sustentam,6,0.06
fique olho,6,0.06
fique ligado,6,0.06
suspeito teria,6,0.06
investigacoes relacionadas,6,0.06
investigacoes policia,6,0.06
investigacoes envolvendo,6,0.06
investigacoes caso,6,0.06
investido,6,0.06
inverno,6,0.06
inventar,6,0.06
invasao,6,0.06
andares,6,0.06
anhaia lemos,6,0.06
anhaia,6,0.06
sujeira,6,0.06
filho velho,6,0.06
suprema corte,6,0.06
suprema,6,0.06
supostos,6,0.06
ancestralidade,6,0.06
precisa feita,6,0.06
precisa explicar,6,0.06
precisa espaco,6,0.06
pessoas precisa,6,0.06
pessoas lutar,6,0.06
pessoas juntos,6,0.06
analisou,6,0.06
garagem,6,0.06
pdt psb,6,0.06
pco,6,0.06
paulo rio,6,0.06
paulo quero,6,0.06
ampliar capacidade,6,0.06
ampliar atendimento,6,0.06
amplamente,6,0.06
invadido,6,0.06
inumeras,6,0.06
gasta,6,0.06
suplentes,6,0.06
suplente michele,6,0.06
supermercado,6,0.06
superior tribunal,6,0.06
sul rio,6,0.06
sul estado,6,0.06
sujo,6,0.06
sujeito,6,0.06
fica pergunta,6,0.06
fica convite,6,0.06
sub,6,0.06
intercambio,6,0.06
gentedagente,6,0.06
amigos familia,6,0.06
ampliar oportunidades,6,0.06
gari,6,0.06
interpretacao,6,0.06
interno bruto,6,0.06
internauta,6,0.06
fez faz,6,0.06
ficar impune,6,0.06
paz prosperidade,6,0.06
pautas fazem,6,0.06
pautar,6,0.06
stop,6,0.06
stf alexandre,6,0.06
status,6,0.06
spotify,6,0.06
amigos acreditam,6,0.06
amigo juntos,6,0.06
uniao forca,6,0.06
amigos vereador,6,0.06
amigos sentir,6,0.06
amigos juntos,6,0.06
interior acre,6,0.06
interessante,6,0.06
interessados devem,6,0.06
subtenente velton,6,0.06
substituir,6,0.06
fernandes deputada,6,0.06
unimos,6,0.06
americanas,6,0.06
ameacado,6,0.06
geleira,6,0.06
intensos,6,0.06
uniaobrasil,6,0.06
precisa enfrentada,6,0.06
precisa deputado,6,0.06
precisa assim,6,0.06
pessoas transformar,6,0.06
pessoas todo,6,0.06
pessoas sentir,6,0.06
pessoas querem,6,0.06
decidimos,6,0.06
uniao fortalece,6,0.06
stories noticia,6,0.06
feira partir,6,0.06
sozinhas,6,0.06
souza deputado,6,0.06
soubesse,6,0.06
sorriso palavra,6,0.06
feita encontros,6,0.06
ferimento,6,0.06
sonhar federacao,6,0.06
integrado,6,0.06
integrada originariamente,6,0.06
gestacao,6,0.06
amazonas federacao,6,0.06
amazon,6,0.06
universidade publica,6,0.06
unir mudar,6,0.06
unindo forcas,6,0.06
feira dois,6,0.06
feira diario,6,0.06
praticar,6,0.06
geraldo rufino,6,0.06
geraldo magela,6,0.06
urnas eletronicas,6,0.06
urbanos,6,0.06
ambas,6,0.06
paulo obrigado,6,0.06
paulo melhor,6,0.06
paulo deputado,6,0.06
paulinho,6,0.06
patrulhamento,6,0.06
feira rua,6,0.06
feira produtor,6,0.06
feira pedido,6,0.06
patriotismo,6,0.06
patos,6,0.06
paternidade,6,0.06
condominios,6,0.06
federal trabalho,6,0.06
usava,6,0.06
usadas,6,0.06
prd avante,6,0.06
prazo dias,6,0.06
pratico,6,0.06
solucoes verdade,6,0.06
solucionar,6,0.06
solta,6,0.06
feita dialogo,6,0.06
feira leia,6,0.06
feira joao,6,0.06
federal sigo,6,0.06
federal senador,6,0.06
federal republicanos,6,0.06
sofa,6,0.06
socios,6,0.06
socialista,6,0.06
sobreviveu,6,0.06
inspirada,6,0.06
insistencia,6,0.06
inscritos,6,0.06
prates,6,0.06
pioneiro,6,0.06
pintura,6,0.06
pinhais,6,0.06
pimenta deputado,6,0.06
utilizava,6,0.06
fechamos,6,0.06
site app,6,0.06
concursos publicos,6,0.06
passos rodrigues,6,0.06
federal daniel,6,0.06
valorizacao profissionais,6,0.06
valores familia,6,0.06
valor probatorio,6,0.06
vale lembrar,6,0.06
valdir,6,0.06
valadao,6,0.06
inspiram,6,0.06
sob numero,6,0.06
sob comando,6,0.06
sob coligacao,6,0.06
federal mdb,6,0.06
passaporte,6,0.06
condenou,6,0.06
giro,6,0.06
valorizem,6,0.06
pra viver,6,0.06
pra precisa,6,0.06
pra ouvir,6,0.06
pra dizer,6,0.06
valorizacao vida,6,0.06
federal presidente,6,0.06
federal precisa,6,0.06
sine,6,0.06
federacao rede,6,0.06
federal luizinho,6,0.06
federal leandro,6,0.06
federal fazer,6,0.06
fazer mandato,6,0.06
fazer deputado,6,0.06
ginasio,6,0.06
gilvan,6,0.06
iniciar processo,6,0.06
goncalo amarante,6,0.06
vandalismo,6,0.06
vambora,6,0.06
inscricoes abertas,6,0.06
inimigos,6,0.06
fazer todo,6,0.06
condenacoes,6,0.06
federal conhece,6,0.06
fazer parana,6,0.06
febre,6,0.06
passavam,6,0.06
fazenda publica,6,0.06
faz estado,6,0.06
faz educacao,6,0.06
informados,6,0.06
vaz,6,0.06
vara fazenda,6,0.06
vaquejada,6,0.06
participou neste,6,0.06
participarem,6,0.06
participante,6,0.06
fazer bahia,6,0.06
fazer amazonas,6,0.06
fazer acre,6,0.06
partir comeca,6,0.06
partir amanha,6,0.06
fazer mudanca,6,0.06
favor direito,6,0.06
fauna,6,0.06
fazemos politica,6,0.06
faz referencia,6,0.06
familia precisa,6,0.06
fatais,6,0.06
farra,6,0.06
veio antes,6,0.06
pit stop,6,0.06
pra chegar,6,0.06
vazia,6,0.06
vazamentos seletivos,6,0.06
concepcao,6,0.06
concentra,6,0.06
comunitarios,6,0.06
fazendo estado,6,0.06
parte acoes,6,0.06
parlamentar defesa,6,0.06
governadora celina,6,0.06
governador vote,6,0.06
governador rio,6,0.06
influenciador lito,6,0.06
compromisso segue,6,0.06
compromisso rio,6,0.06
parte campanha,6,0.06
farinha,6,0.06
comunidades tradicionais,6,0.06
comunicar,6,0.06
comprovantes,6,0.06
compromisso vive,6,0.06
favorito,6,0.06
favoraveis,6,0.06
indicados,6,0.06
indevido,6,0.06
indevida,6,0.06
independentes,6,0.06
governo mato,6,0.06
governo goias,6,0.06
pozzebom,6,0.06
povo trabalha,6,0.06
povo sempre,6,0.06
plenario corte,6,0.06
play confira,6,0.06
parceria forte,6,0.06
paratodosverem video,6,0.06
parecem,6,0.06
pareca,6,0.06
seja bem,6,0.06
seguranca liberdade,6,0.06
parana seguimos,6,0.06
parana quero,6,0.06
parana novo,6,0.06
paraibaquedacerto,6,0.06
paraiba precisa,6,0.06
compromisso familia,6,0.06
compromisso educacao,6,0.06
povo sabe,6,0.06
povo quero,6,0.06
povo primeiro,6,0.06
povo politica,6,0.06
povo paraiba,6,0.06
povo mato,6,0.06
povo junto,6,0.06
governador inscrito,6,0.06
compartilhem,6,0.06
panfletos,6,0.06
palestina,6,0.06
palcos,6,0.06
gracinha,6,0.06
goytacazes,6,0.06
governo piaui,6,0.06
incendio grandes,6,0.06
planilha,6,0.06
completa diariodocentrodomundo,6,0.06
paradas,6,0.06
parabens amigo,6,0.06
parabenizar,6,0.06
papeis,6,0.06
compromisso alem,6,0.06
parceria governo,6,0.06
paga imposto,6,0.06
padaria,6,0.06
impune,6,0.06
grande movimento,6,0.06
gradual,6,0.06
samambaia,6,0.06
salvam vidas,6,0.06
completa acesse,6,0.06
santos dumont,6,0.06
compartilhando ideias,6,0.06
pagar conta,6,0.06
completa portalatarde,6,0.06
palacio anchieta,6,0.06
pais leia,6,0.06
pais justo,6,0.06
competencias,6,0.06
comissoes,6,0.06
comigo sempre,6,0.06
saber trabalho,6,0.06
povo escolheu,6,0.06
povo construindo,6,0.06
povo bora,6,0.06
podem mudar,6,0.06
podem contribuir,6,0.06
podcasts,6,0.06
plr,6,0.06
saiba jornalcruzeiro,6,0.06
saiam papel,6,0.06
sagrado,6,0.06
safra,6,0.06
salomao,6,0.06
salario digno,6,0.06
sabado partir,6,0.06
sabado bairro,6,0.06
imposto importacao,6,0.06
importunacao,6,0.06
importantes liderancas,6,0.06
importante vida,6,0.06
importante nessa,6,0.06
importante garantir,6,0.06
importante encontro,6,0.06
importante cidade,6,0.06
comemorando,6,0.06
comemoracoes,6,0.06
ouviu jingle,6,0.06
ouvir falar,6,0.06
comitiva,6,0.06
comite lado,6,0.06
comecou anos,6,0.06
comeco juntos,6,0.06
comecar semana,6,0.06
comecando quero,6,0.06
comentarista,6,0.06
russo,6,0.06
ruptura,6,0.06
importancia desse,6,0.06
impediu,6,0.06
grandes desafios,6,0.06
grandes decisoes,6,0.06
grandes conquistas,6,0.06
sabe trabalho,6,0.06
sabe tamanho,6,0.06
sabe caminho,6,0.06
sabatina promovida,6,0.06
ruas levando,6,0.06
roupas,6,0.06
imparcialidade,6,0.06
poucos dias,6,0.06
pouco trabalho,6,0.06
poderemos,6,0.06
poder contribuir,6,0.06
poder compra,6,0.06
podendo,6,0.06
podem tentar,6,0.06
rumo camara,6,0.06
comeca coragem,6,0.06
ouvir antes,6,0.06
rumo brasilia,6,0.06
comecou oficialmente,6,0.06
comecou juntos,6,0.06
rondas,6,0.06
roscoe,6,0.06
outubro urna,6,0.06
outubro pra,6,0.06
comeca novo,6,0.06
comeca nesta,6,0.06
comeca escolha,6,0.06
imagem reproducao,6,0.06
imagem divulgacao,6,0.06
grass,6,0.06
grandeza,6,0.06
grandes referencias,6,0.06
grande responsabilidade,6,0.06
grande porte,6,0.06
impeachment ministros,6,0.06
ruas mostrando,6,0.06
romanews cidadesromanews,6,0.06
rodrigues pozzebom,6,0.06
colou,6,0.06
colorida,6,0.06
colorado,6,0.06
coloquei nome,6,0.06
combater crime,6,0.06
combate feminicidio,6,0.06
rodrigues cargo,6,0.06
gravar,6,0.06
potencial enorme,6,0.06
postos saude,6,0.06
posterior,6,0.06
podre,6,0.06
imaginou,6,0.06
rondonia novo,6,0.06
casomaster,6,0.06
caso segue,6,0.06
idosas,6,0.06
guarapari,6,0.06
grupo familia,6,0.06
grosso psd,6,0.06
grossense,6,0.06
violencia politica,6,0.06
vinte,6,0.06
grandes parceiros,6,0.06
iguais,6,0.06
caso dark,6,0.06
outubro deputada,6,0.06
outros estados,6,0.06
outros dois,6,0.06
romario policarpo,6,0.06
celebrado,6,0.06
caucaia,6,0.06
cedido,6,0.06
cedidas,6,0.06
ceara propaganda,6,0.06
ideias principalmente,6,0.06
icb,6,0.06
humilde,6,0.06
guiada,6,0.06
guaruja,6,0.06
visita especial,6,0.06
colonia,6,0.06
colocar adesivo,6,0.06
comanda,6,0.06
colunas,6,0.06
causados,6,0.06
certeza temos,6,0.06
certeza politica,6,0.06
vista segundo,6,0.06
visiveis,6,0.06
possuia,6,0.06
portugues,6,0.06
cerca tres,6,0.06
centro convencoes,6,0.06
celio,6,0.06
ceara ceara,6,0.06
coligacao unir,6,0.06
coligacao uniao,6,0.06
coligacao mudanca,6,0.06
coligacao mato,6,0.06
coligacao justo,6,0.06
celia,6,0.06
chagas,6,0.06
ceu aberto,6,0.06
colapso geleira,6,0.06
coisa seria,6,0.06
coisa ficou,6,0.06
cesar tralli,6,0.06
guardo,6,0.06
hugo motta,6,0.06
hospital municipal,6,0.06
vitoriosa,6,0.06
vistoria,6,0.06
coligacao esperanca,6,0.06
colheita,6,0.06
centrao,6,0.06
certo lado,6,0.06
certeza vale,6,0.06
cnpj candidatura,6,0.06
cocaina,6,0.06
chega ponta,6,0.06
gustavo gayer,6,0.06
horas manha,6,0.06
horario partir,6,0.06
horaria,6,0.06
vivi fernandes,6,0.06
politica cuidar,6,0.06
politica comeca,6,0.06
policiais civis,6,0.06
policia penal,6,0.06
portas casa,6,0.06
chamam,6,0.06
chamadas,6,0.06
chamada taxa,6,0.06
chegar casa,6,0.06
representacao firme,6,0.06
representa forca,6,0.06
popular opopular,6,0.06
honrar confianca,6,0.06
helenadaasatur,6,0.06
helena teixeira,6,0.06
vivo youtube,6,0.06
habilitados,6,0.06
habilitacao,6,0.06
gutierrez suplente,6,0.06
representar estado,6,0.06
chega impunidade,6,0.06
chapadinha,6,0.06
chao olho,6,0.06
chamo,6,0.06
circuito,6,0.06
cheio energia,6,0.06
ciclo seja,6,0.06
ciclistas,6,0.06
cidades interior,6,0.06
cidade sabe,6,0.06
homem identificado,6,0.06
politica lugar,6,0.06
politica lado,6,0.06
politica deputado,6,0.06
clica,6,0.06
cleiton,6,0.06
chegar todo,6,0.06
classifica,6,0.06
cnj,6,0.06
chegar junto,6,0.06
apoio chega,6,0.06
abandonada,6,0.06
politicaspublicas,6,0.06
politica transforma,6,0.06
politica ouvindo,6,0.06
politica nunca,6,0.06
politica noticias,6,0.06
populacoes,6,0.06
populacao saude,6,0.06
populacao ouvir,6,0.06
populacao ouvindo,6,0.06
populacao apresentar,6,0.06
historiador,6,0.06
cidades parana,6,0.06
citando,6,0.06
citada,6,0.06
apos morte,6,0.06
apos ministro,6,0.06
forte psb,6,0.06
apoio acredita,6,0.06
apoiadores amigos,6,0.06
frank,6,0.06
frequentadores,6,0.06
apos carro,6,0.06
apontados,6,0.06
apoiou,6,0.06
perto historia,6,0.06
perto caminhada,6,0.06
forum link,6,0.06
freio,6,0.06
fraturas,6,0.06
frank aguiar,6,0.06
