label,subject,article_count,valence_mean,arousal_mean,dominance_mean
fake,News,3895,2.7194714849812383,3.3330450923513233,3.1638516058817756
fake,politics,2905,2.8133825524538603,3.3365362973303476,3.163692995357021
fake,left-news,1887,2.7587750067961045,3.330099213988805,3.147713962660053
fake,Government News,668,2.7987278931869004,3.3031085265610747,3.149549591684056
fake,Middle-east,328,2.8274781202397694,3.224482177961163,3.129838616382785
fake,US_News,317,2.8276116795344306,3.218819074450231,3.1258703895171736
true,politicsNews,5300,2.908075860716262,3.130532070915654,3.160594110578861
true,worldnews,4700,2.7871744234511193,3.1674930951950397,3.086635375428707
