pair_id,scenario_id,language,synthetic,title_for_display_only,original_text,change_type,modified_text,expected_change,comparison_kind,left_job,right_job,theme_drift,subtopic_drift,entity_drift,relation_drift,contradiction_drift,valence_drift,arousal_drift,dominance_drift,vad_drift,content_drift,stdi,stdi_without_vad,vad_stdi_increment,relation_weighted_contribution,comparison_details_json,original_structure_json,modified_structure_json,replicate
government_identity,government,en,True,Negotiations with the teachers union,The government postponed negotiations with the teachers union for two days. The union requested a new meeting.,identity,The government postponed negotiations with the teachers union for two days. The union requested a new meeting.,None; exactly identical text.,original_vs_rewrite,717b5c0417d3cfbbb3d17791a924e9d59f4743e1c6e36c3c12db56cf8a5a4ca3,717b5c0417d3cfbbb3d17791a924e9d59f4743e1c6e36c3c12db56cf8a5a4ca3,0.0,0.0,0.0,0.0,0.0,0.0,0.0,0.0,0.0,0.0,0.0,0.0,0.0,0.0,"{""theme"": {""similarity"": 1.0, ""embedding_similarity"": 1.0, ""original_cluster"": 1, ""modified_cluster"": 1}, ""subtopic"": {""similarity"": 1.0, ""original_count"": 2, ""modified_count"": 2}, ""entity"": {""similarity"": 1.0, ""original_count"": 2, ""modified_count"": 2}, ""relation"": {""similarity"": 1.0, ""original_count"": 2, ""modified_count"": 2}}","{""main_topic"": ""Postponement of negotiations with the teachers union"", ""subtopics"": [""The union requested a new meeting"", ""Negotiations were postponed for two days""], ""central_entities"": [""government"", ""teachers union""], ""central_relations"": [{""subject"": ""government"", ""action"": ""postponed"", ""object"": ""negotiations with the teachers union for two days""}, {""subject"": ""teachers union"", ""action"": ""requested"", ""object"": ""a new meeting""}], ""narrative_frame"": ""Negotiations were delayed, and the union sought a new meeting."", ""has_internal_contradiction"": false, ""internal_contradiction_score"": 0.0}","{""main_topic"": ""Postponement of negotiations with the teachers union"", ""subtopics"": [""The union requested a new meeting"", ""Negotiations were postponed for two days""], ""central_entities"": [""government"", ""teachers union""], ""central_relations"": [{""subject"": ""government"", ""action"": ""postponed"", ""object"": ""negotiations with the teachers union for two days""}, {""subject"": ""teachers union"", ""action"": ""requested"", ""object"": ""a new meeting""}], ""narrative_frame"": ""Negotiations were delayed, and the union sought a new meeting."", ""has_internal_contradiction"": false, ""internal_contradiction_score"": 0.0}",
government_paraphrase,government,en,True,Negotiations with the teachers union,The government postponed negotiations with the teachers union for two days. The union requested a new meeting.,paraphrase,Negotiations with the teachers union were postponed by the government for two days. A new meeting was requested by the union.,Wording and voice only; preserve both events and their actors.,original_vs_rewrite,717b5c0417d3cfbbb3d17791a924e9d59f4743e1c6e36c3c12db56cf8a5a4ca3,9de85a22fc238710fd883e15a46fc00278975ba1371aa9683d7857f5d0b9d1d6,0.04347,0.649706,0.0,0.162974,0.0,0.011289,0.009362,0.000655,0.007102,0.214037,0.215154,0.214037,0.001117,0.040744,"{""theme"": {""similarity"": 0.95653, ""embedding_similarity"": 0.95653, ""original_cluster"": 1, ""modified_cluster"": 1}, ""subtopic"": {""similarity"": 0.350294, ""original_count"": 2, ""modified_count"": 1}, ""entity"": {""similarity"": 1.0, ""original_count"": 2, ""modified_count"": 2}, ""relation"": {""similarity"": 0.837026, ""original_count"": 2, ""modified_count"": 2}}","{""main_topic"": ""Postponement of negotiations with the teachers union"", ""subtopics"": [""The union requested a new meeting"", ""Negotiations were postponed for two days""], ""central_entities"": [""government"", ""teachers union""], ""central_relations"": [{""subject"": ""government"", ""action"": ""postponed"", ""object"": ""negotiations with the teachers union for two days""}, {""subject"": ""teachers union"", ""action"": ""requested"", ""object"": ""a new meeting""}], ""narrative_frame"": ""Negotiations were delayed, and the union sought a new meeting."", ""has_internal_contradiction"": false, ""internal_contradiction_score"": 0.0}","{""main_topic"": ""Postponement of negotiations between the government and the teachers union"", ""subtopics"": [""Request for a new meeting""], ""central_entities"": [""government"", ""teachers union""], ""central_relations"": [{""subject"": ""government"", ""action"": ""postponed negotiations with"", ""object"": ""teachers union""}, {""subject"": ""teachers union"", ""action"": ""requested a new meeting"", ""object"": ""government""}], ""narrative_frame"": ""The government postponed negotiations, and the teachers union requested a new meeting."", ""has_internal_contradiction"": false, ""internal_contradiction_score"": 0.0}",
government_normative_opinion,government,en,True,Negotiations with the teachers union,The government postponed negotiations with the teachers union for two days. The union requested a new meeting.,normative_opinion,The government postponed negotiations with the teachers union for two days. The union requested a new meeting. The government should negotiate promptly and treat workers fairly.,"Add a recommendation, without asserting a new past action or motive.",original_vs_rewrite,717b5c0417d3cfbbb3d17791a924e9d59f4743e1c6e36c3c12db56cf8a5a4ca3,4774d47164dc56411a7f7958e0e84792ae791c698548e882ac057ea0b6647cb9,0.118553,0.442423,0.333333,0.368676,0.0,0.016619,0.010313,0.065426,0.030786,0.315746,0.319959,0.315746,0.004213,0.092169,"{""theme"": {""similarity"": 0.881447, ""embedding_similarity"": 0.881447, ""original_cluster"": 1, ""modified_cluster"": 1}, ""subtopic"": {""similarity"": 0.557577, ""original_count"": 2, ""modified_count"": 2}, ""entity"": {""similarity"": 0.666667, ""original_count"": 2, ""modified_count"": 3}, ""relation"": {""similarity"": 0.631324, ""original_count"": 2, ""modified_count"": 3}}","{""main_topic"": ""Postponement of negotiations with the teachers union"", ""subtopics"": [""The union requested a new meeting"", ""Negotiations were postponed for two days""], ""central_entities"": [""government"", ""teachers union""], ""central_relations"": [{""subject"": ""government"", ""action"": ""postponed"", ""object"": ""negotiations with the teachers union for two days""}, {""subject"": ""teachers union"", ""action"": ""requested"", ""object"": ""a new meeting""}], ""narrative_frame"": ""Negotiations were delayed, and the union sought a new meeting."", ""has_internal_contradiction"": false, ""internal_contradiction_score"": 0.0}","{""main_topic"": ""Delayed government negotiations with the teachers union"", ""subtopics"": [""Request for a new meeting"", ""Calls for prompt negotiation and fair treatment of workers""], ""central_entities"": [""government"", ""teachers union"", ""workers""], ""central_relations"": [{""subject"": ""government"", ""action"": ""postponed negotiations for two days"", ""object"": ""teachers union""}, {""subject"": ""teachers union"", ""action"": ""requested"", ""object"": ""a new meeting""}, {""subject"": ""government"", ""action"": ""should treat fairly"", ""object"": ""workers""}], ""narrative_frame"": ""A call for the government to resume labor negotiations promptly and treat workers fairly."", ""has_internal_contradiction"": false, ""internal_contradiction_score"": 0.0}",
government_motive_tentative,government,en,True,Negotiations with the teachers union,The government postponed negotiations with the teachers union for two days. The union requested a new meeting.,motive_tentative,The government postponed negotiations with the teachers union for two days. The union requested a new meeting. The government may have delayed the talks to weaken the union.,Add an unsupported possible intention; preserve tentative modality.,original_vs_rewrite,717b5c0417d3cfbbb3d17791a924e9d59f4743e1c6e36c3c12db56cf8a5a4ca3,e77153746947813825b04384e68189df04648fcc776bcae9cfd6fc1c8fc16cb5,0.117297,0.447213,0.03359,0.374254,0.0,0.026934,0.010085,0.018278,0.018432,0.243089,0.245879,0.243089,0.00279,0.093563,"{""theme"": {""similarity"": 0.882703, ""embedding_similarity"": 0.882703, ""original_cluster"": 1, ""modified_cluster"": 1}, ""subtopic"": {""similarity"": 0.552787, ""original_count"": 2, ""modified_count"": 2}, ""entity"": {""similarity"": 0.96641, ""original_count"": 2, ""modified_count"": 2}, ""relation"": {""similarity"": 0.625746, ""original_count"": 2, ""modified_count"": 3}}","{""main_topic"": ""Postponement of negotiations with the teachers union"", ""subtopics"": [""The union requested a new meeting"", ""Negotiations were postponed for two days""], ""central_entities"": [""government"", ""teachers union""], ""central_relations"": [{""subject"": ""government"", ""action"": ""postponed"", ""object"": ""negotiations with the teachers union for two days""}, {""subject"": ""teachers union"", ""action"": ""requested"", ""object"": ""a new meeting""}], ""narrative_frame"": ""Negotiations were delayed, and the union sought a new meeting."", ""has_internal_contradiction"": false, ""internal_contradiction_score"": 0.0}","{""main_topic"": ""Postponed negotiations between the government and the teachers union"", ""subtopics"": [""The union requested a new meeting"", ""Possible motive to weaken the union""], ""central_entities"": [""The government"", ""teachers union""], ""central_relations"": [{""subject"": ""The government"", ""action"": ""postponed negotiations for two days"", ""object"": ""teachers union""}, {""subject"": ""teachers union"", ""action"": ""requested"", ""object"": ""a new meeting""}, {""subject"": ""The government"", ""action"": ""may have delayed the talks to weaken"", ""object"": ""teachers union""}], ""narrative_frame"": ""The postponement is framed as possibly intended to weaken the union."", ""has_internal_contradiction"": false, ""internal_contradiction_score"": 0.0}",
government_motive_asserted,government,en,True,Negotiations with the teachers union,The government postponed negotiations with the teachers union for two days. The union requested a new meeting.,motive_asserted,The government postponed negotiations with the teachers union for two days. The union requested a new meeting. The government deliberately delayed the talks to weaken the union.,Add the same unsupported intention as a categorical assertion.,original_vs_rewrite,717b5c0417d3cfbbb3d17791a924e9d59f4743e1c6e36c3c12db56cf8a5a4ca3,8a30227e3d457ea6050bb2b8ed45fe861adf49f0d37e7e7aff44ddf5234e8cf6,0.043859,0.461422,0.0,0.441983,0.0,0.033796,0.0096,0.020883,0.021426,0.236816,0.240086,0.236816,0.00327,0.110496,"{""theme"": {""similarity"": 0.956141, ""embedding_similarity"": 0.956141, ""original_cluster"": 1, ""modified_cluster"": 1}, ""subtopic"": {""similarity"": 0.538578, ""original_count"": 2, ""modified_count"": 2}, ""entity"": {""similarity"": 1.0, ""original_count"": 2, ""modified_count"": 2}, ""relation"": {""similarity"": 0.558017, ""original_count"": 2, ""modified_count"": 3}}","{""main_topic"": ""Postponement of negotiations with the teachers union"", ""subtopics"": [""The union requested a new meeting"", ""Negotiations were postponed for two days""], ""central_entities"": [""government"", ""teachers union""], ""central_relations"": [{""subject"": ""government"", ""action"": ""postponed"", ""object"": ""negotiations with the teachers union for two days""}, {""subject"": ""teachers union"", ""action"": ""requested"", ""object"": ""a new meeting""}], ""narrative_frame"": ""Negotiations were delayed, and the union sought a new meeting."", ""has_internal_contradiction"": false, ""internal_contradiction_score"": 0.0}","{""main_topic"": ""Government postponement of negotiations with the teachers union"", ""subtopics"": [""The union requested a new meeting"", ""The government aimed to weaken the union""], ""central_entities"": [""government"", ""teachers union""], ""central_relations"": [{""subject"": ""government"", ""action"": ""postponed negotiations with"", ""object"": ""teachers union""}, {""subject"": ""teachers union"", ""action"": ""requested a new meeting"", ""object"": ""government""}, {""subject"": ""government"", ""action"": ""delayed talks to weaken"", ""object"": ""teachers union""}], ""narrative_frame"": ""The government deliberately delayed negotiations as a tactic to weaken the union."", ""has_internal_contradiction"": false, ""internal_contradiction_score"": 0.0}",
government_opposite_motive,government,en,True,Negotiations with the teachers union,The government postponed negotiations with the teachers union for two days. The union requested a new meeting.,opposite_motive,The government postponed negotiations with the teachers union for two days. The union requested a new meeting. The government deliberately delayed the talks to protect the union.,Add an intention opposite to weakening the union; compare directly with motive_asserted.,original_vs_rewrite,717b5c0417d3cfbbb3d17791a924e9d59f4743e1c6e36c3c12db56cf8a5a4ca3,6cef749b0aed2afe9dc5c9e3cd56b506cd8e22abb4e35c660b2fc153bdc4e0e7,0.0,0.25521,0.0,0.333333,0.0,0.033297,0.010417,0.016433,0.020049,0.147136,0.150556,0.147136,0.00342,0.083333,"{""theme"": {""similarity"": 1.0, ""embedding_similarity"": 1.0, ""original_cluster"": 1, ""modified_cluster"": 1}, ""subtopic"": {""similarity"": 0.74479, ""original_count"": 2, ""modified_count"": 2}, ""entity"": {""similarity"": 1.0, ""original_count"": 2, ""modified_count"": 2}, ""relation"": {""similarity"": 0.666667, ""original_count"": 2, ""modified_count"": 3}}","{""main_topic"": ""Postponement of negotiations with the teachers union"", ""subtopics"": [""The union requested a new meeting"", ""Negotiations were postponed for two days""], ""central_entities"": [""government"", ""teachers union""], ""central_relations"": [{""subject"": ""government"", ""action"": ""postponed"", ""object"": ""negotiations with the teachers union for two days""}, {""subject"": ""teachers union"", ""action"": ""requested"", ""object"": ""a new meeting""}], ""narrative_frame"": ""Negotiations were delayed, and the union sought a new meeting."", ""has_internal_contradiction"": false, ""internal_contradiction_score"": 0.0}","{""main_topic"": ""Postponement of negotiations with the teachers union"", ""subtopics"": [""The union requested a new meeting"", ""The government said it delayed talks to protect the union""], ""central_entities"": [""government"", ""teachers union""], ""central_relations"": [{""subject"": ""government"", ""action"": ""postponed"", ""object"": ""negotiations with the teachers union for two days""}, {""subject"": ""teachers union"", ""action"": ""requested"", ""object"": ""a new meeting""}, {""subject"": ""government"", ""action"": ""deliberately delayed"", ""object"": ""the talks to protect the teachers union""}], ""narrative_frame"": ""The government framed its deliberate delay of negotiations as an effort to protect the union."", ""has_internal_contradiction"": false, ""internal_contradiction_score"": 0.0}",
government_negation,government,en,True,Negotiations with the teachers union,The government postponed negotiations with the teachers union for two days. The union requested a new meeting.,negation,The government did not postpone negotiations with the teachers union for two days. The union requested a new meeting.,"Deny the original postponement claim; this is a between-text conflict, not internal contradiction.",original_vs_rewrite,717b5c0417d3cfbbb3d17791a924e9d59f4743e1c6e36c3c12db56cf8a5a4ca3,6a2047c9e7cc99ab35786c9ab497194cba577532557c52b78b5483e6c768f2c5,0.140175,0.011306,0.0,0.036764,0.0,0.021852,0.003651,0.02336,0.016288,0.047061,0.050166,0.047061,0.003105,0.009191,"{""theme"": {""similarity"": 0.859825, ""embedding_similarity"": 0.859825, ""original_cluster"": 1, ""modified_cluster"": 1}, ""subtopic"": {""similarity"": 0.988694, ""original_count"": 2, ""modified_count"": 2}, ""entity"": {""similarity"": 1.0, ""original_count"": 2, ""modified_count"": 2}, ""relation"": {""similarity"": 0.963236, ""original_count"": 2, ""modified_count"": 2}}","{""main_topic"": ""Postponement of negotiations with the teachers union"", ""subtopics"": [""The union requested a new meeting"", ""Negotiations were postponed for two days""], ""central_entities"": [""government"", ""teachers union""], ""central_relations"": [{""subject"": ""government"", ""action"": ""postponed"", ""object"": ""negotiations with the teachers union for two days""}, {""subject"": ""teachers union"", ""action"": ""requested"", ""object"": ""a new meeting""}], ""narrative_frame"": ""Negotiations were delayed, and the union sought a new meeting."", ""has_internal_contradiction"": false, ""internal_contradiction_score"": 0.0}","{""main_topic"": ""Negotiations between the government and the teachers union"", ""subtopics"": [""The union requested a new meeting"", ""Negotiations were not postponed for two days""], ""central_entities"": [""government"", ""teachers union""], ""central_relations"": [{""subject"": ""government"", ""action"": ""did not postpone"", ""object"": ""negotiations with the teachers union for two days""}, {""subject"": ""teachers union"", ""action"": ""requested"", ""object"": ""a new meeting""}], ""narrative_frame"": ""Clarification that negotiations were not postponed, alongside the union's request for a new meeting"", ""has_internal_contradiction"": false, ""internal_contradiction_score"": 0.0}",
government_actor_reassignment,government,en,True,Negotiations with the teachers union,The government postponed negotiations with the teachers union for two days. The union requested a new meeting.,actor_reassignment,The teachers union postponed negotiations with the government for two days. The union requested a new meeting.,Preserve actors but reverse responsibility for the postponement.,original_vs_rewrite,717b5c0417d3cfbbb3d17791a924e9d59f4743e1c6e36c3c12db56cf8a5a4ca3,a94702308b6e11786d6ae53f406cdf1a2a1646048c1a1a62eb88c111e9bd6fb9,0.043312,0.649706,0.0,0.192423,0.0,0.00204,0.000847,0.004982,0.002623,0.22136,0.221769,0.22136,0.000409,0.048106,"{""theme"": {""similarity"": 0.956688, ""embedding_similarity"": 0.956688, ""original_cluster"": 1, ""modified_cluster"": 1}, ""subtopic"": {""similarity"": 0.350294, ""original_count"": 2, ""modified_count"": 1}, ""entity"": {""similarity"": 1.0, ""original_count"": 2, ""modified_count"": 2}, ""relation"": {""similarity"": 0.807577, ""original_count"": 2, ""modified_count"": 2}}","{""main_topic"": ""Postponement of negotiations with the teachers union"", ""subtopics"": [""The union requested a new meeting"", ""Negotiations were postponed for two days""], ""central_entities"": [""government"", ""teachers union""], ""central_relations"": [{""subject"": ""government"", ""action"": ""postponed"", ""object"": ""negotiations with the teachers union for two days""}, {""subject"": ""teachers union"", ""action"": ""requested"", ""object"": ""a new meeting""}], ""narrative_frame"": ""Negotiations were delayed, and the union sought a new meeting."", ""has_internal_contradiction"": false, ""internal_contradiction_score"": 0.0}","{""main_topic"": ""Postponement of negotiations between the teachers union and the government"", ""subtopics"": [""Request for a new meeting""], ""central_entities"": [""teachers union"", ""government""], ""central_relations"": [{""subject"": ""teachers union"", ""action"": ""postponed negotiations for two days with"", ""object"": ""government""}, {""subject"": ""teachers union"", ""action"": ""requested"", ""object"": ""a new meeting""}], ""narrative_frame"": ""The teachers union delays negotiations and seeks a new meeting."", ""has_internal_contradiction"": false, ""internal_contradiction_score"": 0.0}",
government_quantity_change,government,en,True,Negotiations with the teachers union,The government postponed negotiations with the teachers union for two days. The union requested a new meeting.,quantity_change,The government postponed negotiations with the teachers union for twenty days. The union requested a new meeting.,Change the delay from two to twenty days without changing the actors.,original_vs_rewrite,717b5c0417d3cfbbb3d17791a924e9d59f4743e1c6e36c3c12db56cf8a5a4ca3,2484dcd5c2ab1633fd7e8dcfd38b5a2730d4db38deb76066528cd58c888c138c,0.0,0.432012,0.0,0.051262,0.0,0.00308,0.001955,0.001972,0.002336,0.120818,0.121229,0.120818,0.000411,0.012816,"{""theme"": {""similarity"": 1.0, ""embedding_similarity"": 1.0, ""original_cluster"": 1, ""modified_cluster"": 1}, ""subtopic"": {""similarity"": 0.567988, ""original_count"": 2, ""modified_count"": 2}, ""entity"": {""similarity"": 1.0, ""original_count"": 2, ""modified_count"": 2}, ""relation"": {""similarity"": 0.948738, ""original_count"": 2, ""modified_count"": 2}}","{""main_topic"": ""Postponement of negotiations with the teachers union"", ""subtopics"": [""The union requested a new meeting"", ""Negotiations were postponed for two days""], ""central_entities"": [""government"", ""teachers union""], ""central_relations"": [{""subject"": ""government"", ""action"": ""postponed"", ""object"": ""negotiations with the teachers union for two days""}, {""subject"": ""teachers union"", ""action"": ""requested"", ""object"": ""a new meeting""}], ""narrative_frame"": ""Negotiations were delayed, and the union sought a new meeting."", ""has_internal_contradiction"": false, ""internal_contradiction_score"": 0.0}","{""main_topic"": ""Postponement of negotiations with the teachers union"", ""subtopics"": [""Twenty-day delay"", ""Request for a new meeting""], ""central_entities"": [""government"", ""teachers union""], ""central_relations"": [{""subject"": ""government"", ""action"": ""postponed negotiations with"", ""object"": ""teachers union""}, {""subject"": ""teachers union"", ""action"": ""requested"", ""object"": ""a new meeting""}], ""narrative_frame"": ""Labor negotiations are delayed while the union seeks a new meeting."", ""has_internal_contradiction"": false, ""internal_contradiction_score"": 0.0}",
government_new_action,government,en,True,Negotiations with the teachers union,The government postponed negotiations with the teachers union for two days. The union requested a new meeting.,new_action,The government postponed negotiations with the teachers union for two days. The union requested a new meeting. The government secretly ordered surveillance of the union.,Add a concrete action and concealment attributed to an existing actor.,original_vs_rewrite,717b5c0417d3cfbbb3d17791a924e9d59f4743e1c6e36c3c12db56cf8a5a4ca3,0593587adfe8ee67b479bc4c9108b4b1b52b683253b5ee4edd50115a878fae18,0.268327,0.190482,0.0,0.444237,0.0,0.058061,0.043254,0.015299,0.038871,0.225762,0.231781,0.225762,0.006019,0.111059,"{""theme"": {""similarity"": 0.731673, ""embedding_similarity"": 0.731673, ""original_cluster"": 1, ""modified_cluster"": 1}, ""subtopic"": {""similarity"": 0.809518, ""original_count"": 2, ""modified_count"": 2}, ""entity"": {""similarity"": 1.0, ""original_count"": 2, ""modified_count"": 2}, ""relation"": {""similarity"": 0.555763, ""original_count"": 2, ""modified_count"": 3}}","{""main_topic"": ""Postponement of negotiations with the teachers union"", ""subtopics"": [""The union requested a new meeting"", ""Negotiations were postponed for two days""], ""central_entities"": [""government"", ""teachers union""], ""central_relations"": [{""subject"": ""government"", ""action"": ""postponed"", ""object"": ""negotiations with the teachers union for two days""}, {""subject"": ""teachers union"", ""action"": ""requested"", ""object"": ""a new meeting""}], ""narrative_frame"": ""Negotiations were delayed, and the union sought a new meeting."", ""has_internal_contradiction"": false, ""internal_contradiction_score"": 0.0}","{""main_topic"": ""Government surveillance of the teachers union amid postponed negotiations"", ""subtopics"": [""Postponed negotiations"", ""Request for a new meeting""], ""central_entities"": [""government"", ""teachers union""], ""central_relations"": [{""subject"": ""government"", ""action"": ""postponed negotiations with"", ""object"": ""teachers union""}, {""subject"": ""teachers union"", ""action"": ""requested a new meeting with"", ""object"": ""government""}, {""subject"": ""government"", ""action"": ""secretly ordered surveillance of"", ""object"": ""teachers union""}], ""narrative_frame"": ""Labor negotiations are accompanied by secret government surveillance of the union."", ""has_internal_contradiction"": false, ""internal_contradiction_score"": 0.0}",
government_omission,government,en,True,Negotiations with the teachers union,The government postponed negotiations with the teachers union for two days. The union requested a new meeting.,omission,The government postponed negotiations with the teachers union for two days.,Remove the union's request; preserve the postponement.,original_vs_rewrite,717b5c0417d3cfbbb3d17791a924e9d59f4743e1c6e36c3c12db56cf8a5a4ca3,b12b39e7d8ef44bc5faf71a82ae284b6c7e3222f1f2540a599581abe9bb42b25,0.0,1.0,0.04267,0.5615,0.0,0.060464,0.040816,0.042353,0.047878,0.401043,0.406778,0.401043,0.005735,0.140375,"{""theme"": {""similarity"": 1.0, ""embedding_similarity"": 1.0, ""original_cluster"": 1, ""modified_cluster"": 1}, ""subtopic"": {""similarity"": 0.0, ""original_count"": 2, ""modified_count"": 0}, ""entity"": {""similarity"": 0.95733, ""original_count"": 2, ""modified_count"": 2}, ""relation"": {""similarity"": 0.4385, ""original_count"": 2, ""modified_count"": 1}}","{""main_topic"": ""Postponement of negotiations with the teachers union"", ""subtopics"": [""The union requested a new meeting"", ""Negotiations were postponed for two days""], ""central_entities"": [""government"", ""teachers union""], ""central_relations"": [{""subject"": ""government"", ""action"": ""postponed"", ""object"": ""negotiations with the teachers union for two days""}, {""subject"": ""teachers union"", ""action"": ""requested"", ""object"": ""a new meeting""}], ""narrative_frame"": ""Negotiations were delayed, and the union sought a new meeting."", ""has_internal_contradiction"": false, ""internal_contradiction_score"": 0.0}","{""main_topic"": ""Postponement of negotiations with the teachers union"", ""subtopics"": [], ""central_entities"": [""the government"", ""the teachers union""], ""central_relations"": [{""subject"": ""the government"", ""action"": ""postponed negotiations for two days"", ""object"": ""the teachers union""}], ""narrative_frame"": ""The government delayed negotiations with the teachers union."", ""has_internal_contradiction"": false, ""internal_contradiction_score"": 0.0}",
government_internal_contradiction,government,en,True,Negotiations with the teachers union,The government postponed negotiations with the teachers union for two days. The union requested a new meeting.,internal_contradiction,The government postponed negotiations with the teachers union for two days. The government did not postpone those negotiations. The union requested a new meeting.,Affirm and deny the same postponement inside the rewritten text.,original_vs_rewrite,717b5c0417d3cfbbb3d17791a924e9d59f4743e1c6e36c3c12db56cf8a5a4ca3,2d7e33949273d6b34f809408bcf7854166e811c5cf75f37b2ac5e9ffdb3a6dc5,0.121063,0.5,0.0,0.346011,1.0,0.007556,0.00822,0.011657,0.009144,0.241768,0.394524,0.393415,0.001109,0.086503,"{""theme"": {""similarity"": 0.878937, ""embedding_similarity"": 0.878937, ""original_cluster"": 1, ""modified_cluster"": 1}, ""subtopic"": {""similarity"": 0.5, ""original_count"": 2, ""modified_count"": 1}, ""entity"": {""similarity"": 1.0, ""original_count"": 2, ""modified_count"": 2}, ""relation"": {""similarity"": 0.653989, ""original_count"": 2, ""modified_count"": 3}}","{""main_topic"": ""Postponement of negotiations with the teachers union"", ""subtopics"": [""The union requested a new meeting"", ""Negotiations were postponed for two days""], ""central_entities"": [""government"", ""teachers union""], ""central_relations"": [{""subject"": ""government"", ""action"": ""postponed"", ""object"": ""negotiations with the teachers union for two days""}, {""subject"": ""teachers union"", ""action"": ""requested"", ""object"": ""a new meeting""}], ""narrative_frame"": ""Negotiations were delayed, and the union sought a new meeting."", ""has_internal_contradiction"": false, ""internal_contradiction_score"": 0.0}","{""main_topic"": ""Whether the government postponed negotiations with the teachers union"", ""subtopics"": [""The union requested a new meeting""], ""central_entities"": [""government"", ""teachers union""], ""central_relations"": [{""subject"": ""government"", ""action"": ""postponed for two days"", ""object"": ""negotiations with the teachers union""}, {""subject"": ""government"", ""action"": ""did not postpone"", ""object"": ""negotiations with the teachers union""}, {""subject"": ""teachers union"", ""action"": ""requested"", ""object"": ""a new meeting""}], ""narrative_frame"": ""Conflicting statements about whether negotiations were postponed"", ""has_internal_contradiction"": true, ""internal_contradiction_score"": 1.0}",
health_identity,health,en,True,Closure of a clinic,The health department closed a clinic for two days. The clinic workers requested a review of the decision.,identity,The health department closed a clinic for two days. The clinic workers requested a review of the decision.,None; exactly identical text.,original_vs_rewrite,b588627debffab49e84e3041109adfb018553d426027cc0891290dc1d400a583,b588627debffab49e84e3041109adfb018553d426027cc0891290dc1d400a583,0.0,0.0,0.0,0.0,0.0,0.0,0.0,0.0,0.0,0.0,0.0,0.0,0.0,0.0,"{""theme"": {""similarity"": 1.0, ""embedding_similarity"": 1.0, ""original_cluster"": 0, ""modified_cluster"": 0}, ""subtopic"": {""similarity"": 1.0, ""original_count"": 2, ""modified_count"": 2}, ""entity"": {""similarity"": 1.0, ""original_count"": 3, ""modified_count"": 3}, ""relation"": {""similarity"": 1.0, ""original_count"": 2, ""modified_count"": 2}}","{""main_topic"": ""A clinic's temporary closure and workers' request for review"", ""subtopics"": [""Two-day closure"", ""Workers' review request""], ""central_entities"": [""health department"", ""clinic"", ""clinic workers""], ""central_relations"": [{""subject"": ""health department"", ""action"": ""closed for two days"", ""object"": ""clinic""}, {""subject"": ""clinic workers"", ""action"": ""requested a review of"", ""object"": ""the decision""}], ""narrative_frame"": ""The health department's closure decision is followed by a request for review from clinic workers."", ""has_internal_contradiction"": false, ""internal_contradiction_score"": 0.0}","{""main_topic"": ""A clinic's temporary closure and workers' request for review"", ""subtopics"": [""Two-day closure"", ""Workers' review request""], ""central_entities"": [""health department"", ""clinic"", ""clinic workers""], ""central_relations"": [{""subject"": ""health department"", ""action"": ""closed for two days"", ""object"": ""clinic""}, {""subject"": ""clinic workers"", ""action"": ""requested a review of"", ""object"": ""the decision""}], ""narrative_frame"": ""The health department's closure decision is followed by a request for review from clinic workers."", ""has_internal_contradiction"": false, ""internal_contradiction_score"": 0.0}",
health_paraphrase,health,en,True,Closure of a clinic,The health department closed a clinic for two days. The clinic workers requested a review of the decision.,paraphrase,A clinic was closed for two days by the health department. A review of the decision was requested by the clinic workers.,Wording and voice only; preserve both events and their actors.,original_vs_rewrite,b588627debffab49e84e3041109adfb018553d426027cc0891290dc1d400a583,b1a65e3a802287b76c0a0537d7664147026e739f83a76092749ce9c2c89251f4,0.110522,0.559389,0.0,0.009359,0.0,0.023771,0.000705,0.021059,0.015178,0.169818,0.172338,0.169818,0.00252,0.00234,"{""theme"": {""similarity"": 0.889478, ""embedding_similarity"": 0.889478, ""original_cluster"": 0, ""modified_cluster"": 5}, ""subtopic"": {""similarity"": 0.440611, ""original_count"": 2, ""modified_count"": 2}, ""entity"": {""similarity"": 1.0, ""original_count"": 3, ""modified_count"": 3}, ""relation"": {""similarity"": 0.990641, ""original_count"": 2, ""modified_count"": 2}}","{""main_topic"": ""A clinic's temporary closure and workers' request for review"", ""subtopics"": [""Two-day closure"", ""Workers' review request""], ""central_entities"": [""health department"", ""clinic"", ""clinic workers""], ""central_relations"": [{""subject"": ""health department"", ""action"": ""closed for two days"", ""object"": ""clinic""}, {""subject"": ""clinic workers"", ""action"": ""requested a review of"", ""object"": ""the decision""}], ""narrative_frame"": ""The health department's closure decision is followed by a request for review from clinic workers."", ""has_internal_contradiction"": false, ""internal_contradiction_score"": 0.0}","{""main_topic"": ""Temporary clinic closure and request for review"", ""subtopics"": [""Health department decision"", ""Clinic workers' request for review""], ""central_entities"": [""clinic"", ""health department"", ""clinic workers""], ""central_relations"": [{""subject"": ""health department"", ""action"": ""closed for two days"", ""object"": ""clinic""}, {""subject"": ""clinic workers"", ""action"": ""requested a review of"", ""object"": ""decision""}], ""narrative_frame"": ""A temporary closure followed by a request to review the decision."", ""has_internal_contradiction"": false, ""internal_contradiction_score"": 0.0}",
health_normative_opinion,health,en,True,Closure of a clinic,The health department closed a clinic for two days. The clinic workers requested a review of the decision.,normative_opinion,The health department closed a clinic for two days. The clinic workers requested a review of the decision. The health department should protect access to care and listen to workers.,"Add a recommendation, without asserting a new past action or motive.",original_vs_rewrite,b588627debffab49e84e3041109adfb018553d426027cc0891290dc1d400a583,1d0a056d1fde81b61845e3d4caefbd56463512e0d88ab76bf9a9c81e0578c373,0.058959,0.754899,0.0,0.418617,0.0,0.015638,0.010309,0.016685,0.014211,0.308119,0.310085,0.308119,0.001966,0.104654,"{""theme"": {""similarity"": 0.941041, ""embedding_similarity"": 0.941041, ""original_cluster"": 0, ""modified_cluster"": 0}, ""subtopic"": {""similarity"": 0.245101, ""original_count"": 2, ""modified_count"": 2}, ""entity"": {""similarity"": 1.0, ""original_count"": 3, ""modified_count"": 3}, ""relation"": {""similarity"": 0.581383, ""original_count"": 2, ""modified_count"": 3}}","{""main_topic"": ""A clinic's temporary closure and workers' request for review"", ""subtopics"": [""Two-day closure"", ""Workers' review request""], ""central_entities"": [""health department"", ""clinic"", ""clinic workers""], ""central_relations"": [{""subject"": ""health department"", ""action"": ""closed for two days"", ""object"": ""clinic""}, {""subject"": ""clinic workers"", ""action"": ""requested a review of"", ""object"": ""the decision""}], ""narrative_frame"": ""The health department's closure decision is followed by a request for review from clinic workers."", ""has_internal_contradiction"": false, ""internal_contradiction_score"": 0.0}","{""main_topic"": ""A clinic closure and workers’ request for a review"", ""subtopics"": [""Access to care"", ""Listening to clinic workers""], ""central_entities"": [""health department"", ""clinic"", ""clinic workers""], ""central_relations"": [{""subject"": ""health department"", ""action"": ""closed"", ""object"": ""clinic""}, {""subject"": ""clinic workers"", ""action"": ""requested a review of the decision"", ""object"": ""health department""}, {""subject"": ""health department"", ""action"": ""should protect access to care and listen to"", ""object"": ""clinic workers""}], ""narrative_frame"": ""Calls for review and worker input following a temporary clinic closure"", ""has_internal_contradiction"": false, ""internal_contradiction_score"": 0.0}",
health_motive_tentative,health,en,True,Closure of a clinic,The health department closed a clinic for two days. The clinic workers requested a review of the decision.,motive_tentative,The health department closed a clinic for two days. The clinic workers requested a review of the decision. The health department may have closed the clinic to punish the workers.,Add an unsupported possible intention; preserve tentative modality.,original_vs_rewrite,b588627debffab49e84e3041109adfb018553d426027cc0891290dc1d400a583,03655f9414d2fd493f70e0b8f8398c8188c0b672158b12c346c7b34f77b0c8e4,0.063741,0.821913,0.0,0.333333,0.0,0.098965,0.021321,0.002965,0.041084,0.304747,0.31046,0.304747,0.005713,0.083333,"{""theme"": {""similarity"": 0.936259, ""embedding_similarity"": 0.936259, ""original_cluster"": 0, ""modified_cluster"": 0}, ""subtopic"": {""similarity"": 0.178087, ""original_count"": 2, ""modified_count"": 1}, ""entity"": {""similarity"": 1.0, ""original_count"": 3, ""modified_count"": 3}, ""relation"": {""similarity"": 0.666667, ""original_count"": 2, ""modified_count"": 3}}","{""main_topic"": ""A clinic's temporary closure and workers' request for review"", ""subtopics"": [""Two-day closure"", ""Workers' review request""], ""central_entities"": [""health department"", ""clinic"", ""clinic workers""], ""central_relations"": [{""subject"": ""health department"", ""action"": ""closed for two days"", ""object"": ""clinic""}, {""subject"": ""clinic workers"", ""action"": ""requested a review of"", ""object"": ""the decision""}], ""narrative_frame"": ""The health department's closure decision is followed by a request for review from clinic workers."", ""has_internal_contradiction"": false, ""internal_contradiction_score"": 0.0}","{""main_topic"": ""The health department’s temporary closure of a clinic and workers’ request for review"", ""subtopics"": [""Possible punishment of clinic workers""], ""central_entities"": [""health department"", ""clinic"", ""clinic workers""], ""central_relations"": [{""subject"": ""health department"", ""action"": ""closed for two days"", ""object"": ""clinic""}, {""subject"": ""clinic workers"", ""action"": ""requested a review of"", ""object"": ""the decision""}, {""subject"": ""health department"", ""action"": ""may have closed the clinic to punish"", ""object"": ""clinic workers""}], ""narrative_frame"": ""A clinic closure is followed by a review request and a possible allegation of retaliation."", ""has_internal_contradiction"": false, ""internal_contradiction_score"": 0.0}",
health_motive_asserted,health,en,True,Closure of a clinic,The health department closed a clinic for two days. The clinic workers requested a review of the decision.,motive_asserted,The health department closed a clinic for two days. The clinic workers requested a review of the decision. The health department deliberately closed the clinic to punish the workers.,Add the same unsupported intention as a categorical assertion.,original_vs_rewrite,b588627debffab49e84e3041109adfb018553d426027cc0891290dc1d400a583,d621cc6042d6a884267b6d241c076568b87e403621be77c3800eed66f89d2eaf,0.353911,0.745913,0.0,0.333333,0.0,0.087347,0.011031,0.029119,0.042499,0.358289,0.363744,0.358289,0.005455,0.083333,"{""theme"": {""similarity"": 0.646089, ""embedding_similarity"": 0.646089, ""original_cluster"": 0, ""modified_cluster"": 3}, ""subtopic"": {""similarity"": 0.254087, ""original_count"": 2, ""modified_count"": 1}, ""entity"": {""similarity"": 1.0, ""original_count"": 3, ""modified_count"": 3}, ""relation"": {""similarity"": 0.666667, ""original_count"": 2, ""modified_count"": 3}}","{""main_topic"": ""A clinic's temporary closure and workers' request for review"", ""subtopics"": [""Two-day closure"", ""Workers' review request""], ""central_entities"": [""health department"", ""clinic"", ""clinic workers""], ""central_relations"": [{""subject"": ""health department"", ""action"": ""closed for two days"", ""object"": ""clinic""}, {""subject"": ""clinic workers"", ""action"": ""requested a review of"", ""object"": ""the decision""}], ""narrative_frame"": ""The health department's closure decision is followed by a request for review from clinic workers."", ""has_internal_contradiction"": false, ""internal_contradiction_score"": 0.0}","{""main_topic"": ""The health department's punitive closure of a clinic"", ""subtopics"": [""Clinic workers requested a review of the closure""], ""central_entities"": [""health department"", ""clinic"", ""clinic workers""], ""central_relations"": [{""subject"": ""health department"", ""action"": ""closed for two days"", ""object"": ""clinic""}, {""subject"": ""clinic workers"", ""action"": ""requested a review of"", ""object"": ""the decision""}, {""subject"": ""health department"", ""action"": ""closed to punish"", ""object"": ""clinic workers""}], ""narrative_frame"": ""The clinic closure is framed as deliberate punishment of workers, who sought a review."", ""has_internal_contradiction"": false, ""internal_contradiction_score"": 0.0}",
health_opposite_motive,health,en,True,Closure of a clinic,The health department closed a clinic for two days. The clinic workers requested a review of the decision.,opposite_motive,The health department closed a clinic for two days. The clinic workers requested a review of the decision. The health department deliberately closed the clinic to protect the workers.,Add an intention opposite to punishing the workers; compare directly with motive_asserted.,original_vs_rewrite,b588627debffab49e84e3041109adfb018553d426027cc0891290dc1d400a583,d59b07119e92d31590eb880c0e55c5bfccf434b5ac8a9b5bc1a11fe6c9603341,0.02178,0.505625,0.0,0.333333,0.0,0.050099,0.007527,0.021577,0.026401,0.215185,0.219328,0.215185,0.004143,0.083333,"{""theme"": {""similarity"": 0.97822, ""embedding_similarity"": 0.97822, ""original_cluster"": 0, ""modified_cluster"": 0}, ""subtopic"": {""similarity"": 0.494375, ""original_count"": 2, ""modified_count"": 2}, ""entity"": {""similarity"": 1.0, ""original_count"": 3, ""modified_count"": 3}, ""relation"": {""similarity"": 0.666667, ""original_count"": 2, ""modified_count"": 3}}","{""main_topic"": ""A clinic's temporary closure and workers' request for review"", ""subtopics"": [""Two-day closure"", ""Workers' review request""], ""central_entities"": [""health department"", ""clinic"", ""clinic workers""], ""central_relations"": [{""subject"": ""health department"", ""action"": ""closed for two days"", ""object"": ""clinic""}, {""subject"": ""clinic workers"", ""action"": ""requested a review of"", ""object"": ""the decision""}], ""narrative_frame"": ""The health department's closure decision is followed by a request for review from clinic workers."", ""has_internal_contradiction"": false, ""internal_contradiction_score"": 0.0}","{""main_topic"": ""Temporary clinic closure and workers' request for review"", ""subtopics"": [""Closure to protect clinic workers"", ""Review of the closure decision""], ""central_entities"": [""health department"", ""clinic"", ""clinic workers""], ""central_relations"": [{""subject"": ""health department"", ""action"": ""closed for two days"", ""object"": ""clinic""}, {""subject"": ""clinic workers"", ""action"": ""requested a review of"", ""object"": ""the decision""}, {""subject"": ""health department"", ""action"": ""closed to protect"", ""object"": ""the workers""}], ""narrative_frame"": ""The health department's temporary clinic closure is presented as a protective measure that clinic workers asked to have reviewed."", ""has_internal_contradiction"": false, ""internal_contradiction_score"": 0.0}",
health_negation,health,en,True,Closure of a clinic,The health department closed a clinic for two days. The clinic workers requested a review of the decision.,negation,The health department did not close a clinic for two days. The clinic workers requested a review of the decision.,"Deny the original closure claim; this is a between-text conflict, not internal contradiction.",original_vs_rewrite,b588627debffab49e84e3041109adfb018553d426027cc0891290dc1d400a583,e31d586d9cd1770c6ac765dbf3f80f80e8b9926b6fd6c48f0f7f8e2f7ad6cfe0,0.153025,0.454323,0.0,0.070466,0.0,0.013553,0.0038,0.012243,0.009865,0.169453,0.171092,0.169453,0.001639,0.017617,"{""theme"": {""similarity"": 0.846975, ""embedding_similarity"": 0.846975, ""original_cluster"": 0, ""modified_cluster"": 0}, ""subtopic"": {""similarity"": 0.545677, ""original_count"": 2, ""modified_count"": 2}, ""entity"": {""similarity"": 1.0, ""original_count"": 3, ""modified_count"": 3}, ""relation"": {""similarity"": 0.929534, ""original_count"": 2, ""modified_count"": 2}}","{""main_topic"": ""A clinic's temporary closure and workers' request for review"", ""subtopics"": [""Two-day closure"", ""Workers' review request""], ""central_entities"": [""health department"", ""clinic"", ""clinic workers""], ""central_relations"": [{""subject"": ""health department"", ""action"": ""closed for two days"", ""object"": ""clinic""}, {""subject"": ""clinic workers"", ""action"": ""requested a review of"", ""object"": ""the decision""}], ""narrative_frame"": ""The health department's closure decision is followed by a request for review from clinic workers."", ""has_internal_contradiction"": false, ""internal_contradiction_score"": 0.0}","{""main_topic"": ""Clinic workers request a review of a health department decision about clinic closure"", ""subtopics"": [""The health department did not close the clinic for two days"", ""Clinic workers requested a review""], ""central_entities"": [""health department"", ""clinic"", ""clinic workers""], ""central_relations"": [{""subject"": ""health department"", ""action"": ""did not close"", ""object"": ""clinic""}, {""subject"": ""clinic workers"", ""action"": ""requested a review of"", ""object"": ""decision""}], ""narrative_frame"": ""A request for review of a clinic-related decision"", ""has_internal_contradiction"": false, ""internal_contradiction_score"": 0.0}",
health_actor_reassignment,health,en,True,Closure of a clinic,The health department closed a clinic for two days. The clinic workers requested a review of the decision.,actor_reassignment,The clinic workers closed a clinic for two days. The health department requested a review of the decision.,Preserve actors but swap responsibility for both actions.,original_vs_rewrite,b588627debffab49e84e3041109adfb018553d426027cc0891290dc1d400a583,a1b189e2839ddfa1af7e6311e52ecffc6ca852030dbbe5f2762da498e144694e,0.185661,0.380206,0.0,0.217499,0.0,0.001501,0.003943,0.00799,0.004478,0.195842,0.196562,0.195842,0.00072,0.054375,"{""theme"": {""similarity"": 0.814339, ""embedding_similarity"": 0.814339, ""original_cluster"": 0, ""modified_cluster"": 5}, ""subtopic"": {""similarity"": 0.619794, ""original_count"": 2, ""modified_count"": 2}, ""entity"": {""similarity"": 1.0, ""original_count"": 3, ""modified_count"": 3}, ""relation"": {""similarity"": 0.782501, ""original_count"": 2, ""modified_count"": 2}}","{""main_topic"": ""A clinic's temporary closure and workers' request for review"", ""subtopics"": [""Two-day closure"", ""Workers' review request""], ""central_entities"": [""health department"", ""clinic"", ""clinic workers""], ""central_relations"": [{""subject"": ""health department"", ""action"": ""closed for two days"", ""object"": ""clinic""}, {""subject"": ""clinic workers"", ""action"": ""requested a review of"", ""object"": ""the decision""}], ""narrative_frame"": ""The health department's closure decision is followed by a request for review from clinic workers."", ""has_internal_contradiction"": false, ""internal_contradiction_score"": 0.0}","{""main_topic"": ""Clinic closure and review request"", ""subtopics"": [""Two-day clinic closure"", ""Health department review request""], ""central_entities"": [""clinic workers"", ""clinic"", ""health department""], ""central_relations"": [{""subject"": ""clinic workers"", ""action"": ""closed for two days"", ""object"": ""clinic""}, {""subject"": ""health department"", ""action"": ""requested a review of"", ""object"": ""the decision""}], ""narrative_frame"": ""A clinic closure is followed by a health department request to review the decision."", ""has_internal_contradiction"": false, ""internal_contradiction_score"": 0.0}",
health_quantity_change,health,en,True,Closure of a clinic,The health department closed a clinic for two days. The clinic workers requested a review of the decision.,quantity_change,The health department closed a clinic for twenty days. The clinic workers requested a review of the decision.,Change closure duration from two to twenty days without changing actors.,original_vs_rewrite,b588627debffab49e84e3041109adfb018553d426027cc0891290dc1d400a583,f4dc48d8b30c6de566683dd92cec4269d2aaefa279a722adda4d8fba4cf1100f,0.169133,0.257058,0.0,0.02555,0.0,0.001551,0.000177,0.000415,0.000714,0.112935,0.113062,0.112935,0.000127,0.006387,"{""theme"": {""similarity"": 0.830867, ""embedding_similarity"": 0.830867, ""original_cluster"": 0, ""modified_cluster"": 5}, ""subtopic"": {""similarity"": 0.742942, ""original_count"": 2, ""modified_count"": 2}, ""entity"": {""similarity"": 1.0, ""original_count"": 3, ""modified_count"": 3}, ""relation"": {""similarity"": 0.97445, ""original_count"": 2, ""modified_count"": 2}}","{""main_topic"": ""A clinic's temporary closure and workers' request for review"", ""subtopics"": [""Two-day closure"", ""Workers' review request""], ""central_entities"": [""health department"", ""clinic"", ""clinic workers""], ""central_relations"": [{""subject"": ""health department"", ""action"": ""closed for two days"", ""object"": ""clinic""}, {""subject"": ""clinic workers"", ""action"": ""requested a review of"", ""object"": ""the decision""}], ""narrative_frame"": ""The health department's closure decision is followed by a request for review from clinic workers."", ""has_internal_contradiction"": false, ""internal_contradiction_score"": 0.0}","{""main_topic"": ""Closure of a clinic and a request to review the decision"", ""subtopics"": [""Twenty-day closure"", ""Clinic workers' request for review""], ""central_entities"": [""health department"", ""clinic"", ""clinic workers""], ""central_relations"": [{""subject"": ""health department"", ""action"": ""closed for twenty days"", ""object"": ""clinic""}, {""subject"": ""clinic workers"", ""action"": ""requested a review of"", ""object"": ""the decision""}], ""narrative_frame"": ""A clinic closure is followed by workers requesting a review."", ""has_internal_contradiction"": false, ""internal_contradiction_score"": 0.0}",
health_new_action,health,en,True,Closure of a clinic,The health department closed a clinic for two days. The clinic workers requested a review of the decision.,new_action,The health department closed a clinic for two days. The clinic workers requested a review of the decision. The health department secretly ordered surveillance of the workers.,Add a concrete action and concealment attributed to an existing actor.,original_vs_rewrite,b588627debffab49e84e3041109adfb018553d426027cc0891290dc1d400a583,dbf1a7422cec3050e1fa0d50a165c94d9e70c21f022ffaeb5a8b7cbb5fe20e20,0.280208,0.630009,0.25,0.36954,0.0,0.063754,0.041295,0.021797,0.042282,0.382439,0.387662,0.382439,0.005223,0.092385,"{""theme"": {""similarity"": 0.719792, ""embedding_similarity"": 0.719792, ""original_cluster"": 0, ""modified_cluster"": 0}, ""subtopic"": {""similarity"": 0.369991, ""original_count"": 2, ""modified_count"": 2}, ""entity"": {""similarity"": 0.75, ""original_count"": 3, ""modified_count"": 4}, ""relation"": {""similarity"": 0.63046, ""original_count"": 2, ""modified_count"": 3}}","{""main_topic"": ""A clinic's temporary closure and workers' request for review"", ""subtopics"": [""Two-day closure"", ""Workers' review request""], ""central_entities"": [""health department"", ""clinic"", ""clinic workers""], ""central_relations"": [{""subject"": ""health department"", ""action"": ""closed for two days"", ""object"": ""clinic""}, {""subject"": ""clinic workers"", ""action"": ""requested a review of"", ""object"": ""the decision""}], ""narrative_frame"": ""The health department's closure decision is followed by a request for review from clinic workers."", ""has_internal_contradiction"": false, ""internal_contradiction_score"": 0.0}","{""main_topic"": ""Health department closure of a clinic and surveillance of its workers"", ""subtopics"": [""Clinic workers requested a review"", ""Secret surveillance of the workers""], ""central_entities"": [""health department"", ""clinic"", ""clinic workers"", ""workers""], ""central_relations"": [{""subject"": ""health department"", ""action"": ""closed"", ""object"": ""clinic""}, {""subject"": ""clinic workers"", ""action"": ""requested a review of"", ""object"": ""decision""}, {""subject"": ""health department"", ""action"": ""secretly ordered surveillance of"", ""object"": ""workers""}], ""narrative_frame"": ""The health department closed a clinic, then secretly ordered surveillance of workers who requested a review."", ""has_internal_contradiction"": false, ""internal_contradiction_score"": 0.0}",
health_omission,health,en,True,Closure of a clinic,The health department closed a clinic for two days. The clinic workers requested a review of the decision.,omission,The health department closed a clinic for two days.,Remove the workers' request; preserve the closure.,original_vs_rewrite,b588627debffab49e84e3041109adfb018553d426027cc0891290dc1d400a583,63e8b0c716e87829427ff20a47179b45849eaffb186c95aa4be7d2d08c4b842b,0.20712,0.5,0.333333,0.547102,0.0,0.057379,0.011859,0.055673,0.041637,0.396889,0.401911,0.396889,0.005022,0.136775,"{""theme"": {""similarity"": 0.79288, ""embedding_similarity"": 0.79288, ""original_cluster"": 0, ""modified_cluster"": 5}, ""subtopic"": {""similarity"": 0.5, ""original_count"": 2, ""modified_count"": 1}, ""entity"": {""similarity"": 0.666667, ""original_count"": 3, ""modified_count"": 2}, ""relation"": {""similarity"": 0.452898, ""original_count"": 2, ""modified_count"": 1}}","{""main_topic"": ""A clinic's temporary closure and workers' request for review"", ""subtopics"": [""Two-day closure"", ""Workers' review request""], ""central_entities"": [""health department"", ""clinic"", ""clinic workers""], ""central_relations"": [{""subject"": ""health department"", ""action"": ""closed for two days"", ""object"": ""clinic""}, {""subject"": ""clinic workers"", ""action"": ""requested a review of"", ""object"": ""the decision""}], ""narrative_frame"": ""The health department's closure decision is followed by a request for review from clinic workers."", ""has_internal_contradiction"": false, ""internal_contradiction_score"": 0.0}","{""main_topic"": ""Temporary clinic closure"", ""subtopics"": [""Two-day closure""], ""central_entities"": [""health department"", ""clinic""], ""central_relations"": [{""subject"": ""health department"", ""action"": ""closed"", ""object"": ""clinic for two days""}], ""narrative_frame"": ""A health department temporarily closed a clinic."", ""has_internal_contradiction"": false, ""internal_contradiction_score"": 0.0}",
health_internal_contradiction,health,en,True,Closure of a clinic,The health department closed a clinic for two days. The clinic workers requested a review of the decision.,internal_contradiction,The health department closed a clinic for two days. The health department did not close that clinic. The clinic workers requested a review of the decision.,Affirm and deny the same closure inside the rewritten text.,original_vs_rewrite,b588627debffab49e84e3041109adfb018553d426027cc0891290dc1d400a583,4a89e8e6c0eaf38d2151ef8f3e596d1ccc35e4fb259d81a0df17e899b438a556,0.443458,0.711901,0.0,0.380495,1.0,0.003277,0.003625,0.02148,0.009461,0.383964,0.508103,0.507171,0.000932,0.095124,"{""theme"": {""similarity"": 0.556542, ""embedding_similarity"": 0.556542, ""original_cluster"": 0, ""modified_cluster"": 3}, ""subtopic"": {""similarity"": 0.288099, ""original_count"": 2, ""modified_count"": 1}, ""entity"": {""similarity"": 1.0, ""original_count"": 3, ""modified_count"": 3}, ""relation"": {""similarity"": 0.619505, ""original_count"": 2, ""modified_count"": 3}}","{""main_topic"": ""A clinic's temporary closure and workers' request for review"", ""subtopics"": [""Two-day closure"", ""Workers' review request""], ""central_entities"": [""health department"", ""clinic"", ""clinic workers""], ""central_relations"": [{""subject"": ""health department"", ""action"": ""closed for two days"", ""object"": ""clinic""}, {""subject"": ""clinic workers"", ""action"": ""requested a review of"", ""object"": ""the decision""}], ""narrative_frame"": ""The health department's closure decision is followed by a request for review from clinic workers."", ""has_internal_contradiction"": false, ""internal_contradiction_score"": 0.0}","{""main_topic"": ""Conflicting claims about whether the health department closed a clinic"", ""subtopics"": [""Clinic workers requested a review of the decision""], ""central_entities"": [""health department"", ""clinic"", ""clinic workers""], ""central_relations"": [{""subject"": ""health department"", ""action"": ""closed for two days"", ""object"": ""clinic""}, {""subject"": ""health department"", ""action"": ""did not close"", ""object"": ""clinic""}, {""subject"": ""clinic workers"", ""action"": ""requested"", ""object"": ""a review of the decision""}], ""narrative_frame"": ""Conflicting statements about a clinic closure, followed by a request for review"", ""has_internal_contradiction"": true, ""internal_contradiction_score"": 1.0}",
election_identity,election,en,True,Revision of a voter register,The election commission removed 120 names from the voter register. The affected voters requested an appeal.,identity,The election commission removed 120 names from the voter register. The affected voters requested an appeal.,None; exactly identical text.,original_vs_rewrite,499a5af34bf5db66a66bec797df85c73c5abd0048a670789276436c63b956d05,499a5af34bf5db66a66bec797df85c73c5abd0048a670789276436c63b956d05,0.0,0.0,0.0,0.0,0.0,0.0,0.0,0.0,0.0,0.0,0.0,0.0,0.0,0.0,"{""theme"": {""similarity"": 1.0, ""embedding_similarity"": 1.0, ""original_cluster"": 2, ""modified_cluster"": 2}, ""subtopic"": {""similarity"": 1.0, ""original_count"": 2, ""modified_count"": 2}, ""entity"": {""similarity"": 1.0, ""original_count"": 3, ""modified_count"": 3}, ""relation"": {""similarity"": 1.0, ""original_count"": 2, ""modified_count"": 2}}","{""main_topic"": ""Removal of names from the voter register and request for appeal"", ""subtopics"": [""Voter registration"", ""Appeal request""], ""central_entities"": [""election commission"", ""voter register"", ""affected voters""], ""central_relations"": [{""subject"": ""election commission"", ""action"": ""removed 120 names from"", ""object"": ""voter register""}, {""subject"": ""affected voters"", ""action"": ""requested"", ""object"": ""an appeal""}], ""narrative_frame"": ""Voters seek an appeal after names were removed from the register."", ""has_internal_contradiction"": false, ""internal_contradiction_score"": 0.0}","{""main_topic"": ""Removal of names from the voter register and request for appeal"", ""subtopics"": [""Voter registration"", ""Appeal request""], ""central_entities"": [""election commission"", ""voter register"", ""affected voters""], ""central_relations"": [{""subject"": ""election commission"", ""action"": ""removed 120 names from"", ""object"": ""voter register""}, {""subject"": ""affected voters"", ""action"": ""requested"", ""object"": ""an appeal""}], ""narrative_frame"": ""Voters seek an appeal after names were removed from the register."", ""has_internal_contradiction"": false, ""internal_contradiction_score"": 0.0}",
election_paraphrase,election,en,True,Revision of a voter register,The election commission removed 120 names from the voter register. The affected voters requested an appeal.,paraphrase,A total of 120 names were removed from the voter register by the election commission. An appeal was requested by the affected voters.,"Wording and voice only; preserve both events, actors, and number.",original_vs_rewrite,499a5af34bf5db66a66bec797df85c73c5abd0048a670789276436c63b956d05,f8c37505e9aadfc3c3488b2948c8d4606e5bd194952478ae14c6f98d9ae36abe,0.087878,1.0,0.333333,0.003218,0.0,0.003437,0.004986,0.001964,0.003462,0.356107,0.356553,0.356107,0.000446,0.000804,"{""theme"": {""similarity"": 0.912122, ""embedding_similarity"": 0.912122, ""original_cluster"": 2, ""modified_cluster"": 2}, ""subtopic"": {""similarity"": 0.0, ""original_count"": 2, ""modified_count"": 0}, ""entity"": {""similarity"": 0.666667, ""original_count"": 3, ""modified_count"": 2}, ""relation"": {""similarity"": 0.996782, ""original_count"": 2, ""modified_count"": 2}}","{""main_topic"": ""Removal of names from the voter register and request for appeal"", ""subtopics"": [""Voter registration"", ""Appeal request""], ""central_entities"": [""election commission"", ""voter register"", ""affected voters""], ""central_relations"": [{""subject"": ""election commission"", ""action"": ""removed 120 names from"", ""object"": ""voter register""}, {""subject"": ""affected voters"", ""action"": ""requested"", ""object"": ""an appeal""}], ""narrative_frame"": ""Voters seek an appeal after names were removed from the register."", ""has_internal_contradiction"": false, ""internal_contradiction_score"": 0.0}","{""main_topic"": ""Removal of 120 names from the voter register and the affected voters’ appeal"", ""subtopics"": [], ""central_entities"": [""election commission"", ""affected voters""], ""central_relations"": [{""subject"": ""election commission"", ""action"": ""removed 120 names from"", ""object"": ""the voter register""}, {""subject"": ""affected voters"", ""action"": ""requested"", ""object"": ""an appeal""}], ""narrative_frame"": ""Voters seek an appeal after names are removed from the voter register."", ""has_internal_contradiction"": false, ""internal_contradiction_score"": 0.0}",
election_normative_opinion,election,en,True,Revision of a voter register,The election commission removed 120 names from the voter register. The affected voters requested an appeal.,normative_opinion,The election commission removed 120 names from the voter register. The affected voters requested an appeal. The election commission should protect voting rights and treat voters fairly.,"Add a recommendation, without asserting a new past action or motive.",original_vs_rewrite,499a5af34bf5db66a66bec797df85c73c5abd0048a670789276436c63b956d05,7683652a95d2b1f28f2572ef34537f53881cc3f929b3efa1532e982426657a00,0.087878,0.615222,0.333333,0.533576,0.0,0.055871,0.02689,0.051251,0.044671,0.392502,0.39793,0.392502,0.005428,0.133394,"{""theme"": {""similarity"": 0.912122, ""embedding_similarity"": 0.912122, ""original_cluster"": 2, ""modified_cluster"": 2}, ""subtopic"": {""similarity"": 0.384778, ""original_count"": 2, ""modified_count"": 2}, ""entity"": {""similarity"": 0.666667, ""original_count"": 3, ""modified_count"": 2}, ""relation"": {""similarity"": 0.466424, ""original_count"": 2, ""modified_count"": 4}}","{""main_topic"": ""Removal of names from the voter register and request for appeal"", ""subtopics"": [""Voter registration"", ""Appeal request""], ""central_entities"": [""election commission"", ""voter register"", ""affected voters""], ""central_relations"": [{""subject"": ""election commission"", ""action"": ""removed 120 names from"", ""object"": ""voter register""}, {""subject"": ""affected voters"", ""action"": ""requested"", ""object"": ""an appeal""}], ""narrative_frame"": ""Voters seek an appeal after names were removed from the register."", ""has_internal_contradiction"": false, ""internal_contradiction_score"": 0.0}","{""main_topic"": ""Removal of 120 names from the voter register and the affected voters’ appeal"", ""subtopics"": [""Protection of voting rights"", ""Fair treatment of voters""], ""central_entities"": [""election commission"", ""affected voters""], ""central_relations"": [{""subject"": ""election commission"", ""action"": ""removed"", ""object"": ""120 names from the voter register""}, {""subject"": ""affected voters"", ""action"": ""requested"", ""object"": ""an appeal""}, {""subject"": ""election commission"", ""action"": ""should protect"", ""object"": ""voting rights""}, {""subject"": ""election commission"", ""action"": ""should treat fairly"", ""object"": ""voters""}], ""narrative_frame"": ""A voter-register removal prompts an appeal and raises concerns about voting rights and fair treatment."", ""has_internal_contradiction"": false, ""internal_contradiction_score"": 0.0}",
election_motive_tentative,election,en,True,Revision of a voter register,The election commission removed 120 names from the voter register. The affected voters requested an appeal.,motive_tentative,The election commission removed 120 names from the voter register. The affected voters requested an appeal. The election commission may have removed the names to silence the voters.,Add an unsupported possible intention; preserve tentative modality.,original_vs_rewrite,499a5af34bf5db66a66bec797df85c73c5abd0048a670789276436c63b956d05,dc0d8d143ae1e0bce5dea119e3262cdb4a1bfe45ad72c0046f348b3222597373,0.080917,0.834414,0.333333,0.378102,0.0,0.010994,0.012478,0.001537,0.008336,0.406691,0.407681,0.406691,0.00099,0.094525,"{""theme"": {""similarity"": 0.919083, ""embedding_similarity"": 0.919083, ""original_cluster"": 2, ""modified_cluster"": 2}, ""subtopic"": {""similarity"": 0.165586, ""original_count"": 2, ""modified_count"": 1}, ""entity"": {""similarity"": 0.666667, ""original_count"": 3, ""modified_count"": 2}, ""relation"": {""similarity"": 0.621898, ""original_count"": 2, ""modified_count"": 3}}","{""main_topic"": ""Removal of names from the voter register and request for appeal"", ""subtopics"": [""Voter registration"", ""Appeal request""], ""central_entities"": [""election commission"", ""voter register"", ""affected voters""], ""central_relations"": [{""subject"": ""election commission"", ""action"": ""removed 120 names from"", ""object"": ""voter register""}, {""subject"": ""affected voters"", ""action"": ""requested"", ""object"": ""an appeal""}], ""narrative_frame"": ""Voters seek an appeal after names were removed from the register."", ""has_internal_contradiction"": false, ""internal_contradiction_score"": 0.0}","{""main_topic"": ""Removal of 120 names from the voter register and the affected voters' appeal"", ""subtopics"": [""Possible effort to silence affected voters""], ""central_entities"": [""election commission"", ""affected voters""], ""central_relations"": [{""subject"": ""election commission"", ""action"": ""removed"", ""object"": ""120 names from the voter register""}, {""subject"": ""affected voters"", ""action"": ""requested"", ""object"": ""an appeal""}, {""subject"": ""election commission"", ""action"": ""may have removed the names to silence"", ""object"": ""affected voters""}], ""narrative_frame"": ""Voter register removals followed by an appeal, with a possible motive of silencing voters."", ""has_internal_contradiction"": false, ""internal_contradiction_score"": 0.0}",
election_motive_asserted,election,en,True,Revision of a voter register,The election commission removed 120 names from the voter register. The affected voters requested an appeal.,motive_asserted,The election commission removed 120 names from the voter register. The affected voters requested an appeal. The election commission deliberately removed the names to silence the voters.,Add the same unsupported intention as a categorical assertion.,original_vs_rewrite,499a5af34bf5db66a66bec797df85c73c5abd0048a670789276436c63b956d05,c95fcf9c1adcc8ecf50767ef876057185fe07781e9be8d19bb2731f7b95816a3,0.169287,0.367035,0.148417,0.333333,0.0,0.0179,0.000274,0.02247,0.013548,0.254518,0.256538,0.254518,0.00202,0.083333,"{""theme"": {""similarity"": 0.830713, ""embedding_similarity"": 0.830713, ""original_cluster"": 2, ""modified_cluster"": 2}, ""subtopic"": {""similarity"": 0.632965, ""original_count"": 2, ""modified_count"": 2}, ""entity"": {""similarity"": 0.851583, ""original_count"": 3, ""modified_count"": 3}, ""relation"": {""similarity"": 0.666667, ""original_count"": 2, ""modified_count"": 3}}","{""main_topic"": ""Removal of names from the voter register and request for appeal"", ""subtopics"": [""Voter registration"", ""Appeal request""], ""central_entities"": [""election commission"", ""voter register"", ""affected voters""], ""central_relations"": [{""subject"": ""election commission"", ""action"": ""removed 120 names from"", ""object"": ""voter register""}, {""subject"": ""affected voters"", ""action"": ""requested"", ""object"": ""an appeal""}], ""narrative_frame"": ""Voters seek an appeal after names were removed from the register."", ""has_internal_contradiction"": false, ""internal_contradiction_score"": 0.0}","{""main_topic"": ""Removal of 120 names from the voter register"", ""subtopics"": [""Affected voters requested an appeal"", ""Alleged deliberate voter silencing""], ""central_entities"": [""election commission"", ""affected voters"", ""voters""], ""central_relations"": [{""subject"": ""election commission"", ""action"": ""removed 120 names from"", ""object"": ""voter register""}, {""subject"": ""affected voters"", ""action"": ""requested"", ""object"": ""an appeal""}, {""subject"": ""election commission"", ""action"": ""deliberately removed names to silence"", ""object"": ""voters""}], ""narrative_frame"": ""The commission’s removal of voter names is framed as deliberate silencing, followed by an appeal request."", ""has_internal_contradiction"": false, ""internal_contradiction_score"": 0.0}",
election_opposite_motive,election,en,True,Revision of a voter register,The election commission removed 120 names from the voter register. The affected voters requested an appeal.,opposite_motive,The election commission removed 120 names from the voter register. The affected voters requested an appeal. The election commission deliberately removed the names to protect the voters.,Add an intention opposite to silencing the voters; compare directly with motive_asserted.,original_vs_rewrite,499a5af34bf5db66a66bec797df85c73c5abd0048a670789276436c63b956d05,b9ee7a79b0946daf878d2aa0b4c246a806d6613e5900f2020097afdf33d1ee65,0.080917,0.852811,0.028145,0.341936,0.0,0.009293,0.01871,0.027222,0.018408,0.325952,0.328434,0.325952,0.002482,0.085484,"{""theme"": {""similarity"": 0.919083, ""embedding_similarity"": 0.919083, ""original_cluster"": 2, ""modified_cluster"": 2}, ""subtopic"": {""similarity"": 0.147189, ""original_count"": 2, ""modified_count"": 1}, ""entity"": {""similarity"": 0.971855, ""original_count"": 3, ""modified_count"": 3}, ""relation"": {""similarity"": 0.658064, ""original_count"": 2, ""modified_count"": 3}}","{""main_topic"": ""Removal of names from the voter register and request for appeal"", ""subtopics"": [""Voter registration"", ""Appeal request""], ""central_entities"": [""election commission"", ""voter register"", ""affected voters""], ""central_relations"": [{""subject"": ""election commission"", ""action"": ""removed 120 names from"", ""object"": ""voter register""}, {""subject"": ""affected voters"", ""action"": ""requested"", ""object"": ""an appeal""}], ""narrative_frame"": ""Voters seek an appeal after names were removed from the register."", ""has_internal_contradiction"": false, ""internal_contradiction_score"": 0.0}","{""main_topic"": ""Removal of 120 names from the voter register and the affected voters' appeal"", ""subtopics"": [""The election commission's stated protective motive""], ""central_entities"": [""The election commission"", ""The affected voters"", ""the voter register""], ""central_relations"": [{""subject"": ""The election commission"", ""action"": ""removed 120 names from"", ""object"": ""the voter register""}, {""subject"": ""The affected voters"", ""action"": ""requested"", ""object"": ""an appeal""}, {""subject"": ""The election commission"", ""action"": ""removed the names to protect"", ""object"": ""the voters""}], ""narrative_frame"": ""Names were removed from the voter register as a measure the commission said was intended to protect voters."", ""has_internal_contradiction"": false, ""internal_contradiction_score"": 0.0}",
election_negation,election,en,True,Revision of a voter register,The election commission removed 120 names from the voter register. The affected voters requested an appeal.,negation,The election commission did not remove 120 names from the voter register. The affected voters requested an appeal.,"Deny the original removal claim; this is a between-text conflict, not internal contradiction.",original_vs_rewrite,499a5af34bf5db66a66bec797df85c73c5abd0048a670789276436c63b956d05,cdf5c20fe025b4369a5ae49b9de5866536a59070fe0020d596adf68ccec5c7b4,0.108739,0.53489,0.257092,0.07035,0.0,0.008177,0.012576,0.004269,0.008341,0.242768,0.244031,0.242768,0.001263,0.017587,"{""theme"": {""similarity"": 0.891261, ""embedding_similarity"": 0.891261, ""original_cluster"": 2, ""modified_cluster"": 2}, ""subtopic"": {""similarity"": 0.46511, ""original_count"": 2, ""modified_count"": 2}, ""entity"": {""similarity"": 0.742908, ""original_count"": 3, ""modified_count"": 4}, ""relation"": {""similarity"": 0.92965, ""original_count"": 2, ""modified_count"": 2}}","{""main_topic"": ""Removal of names from the voter register and request for appeal"", ""subtopics"": [""Voter registration"", ""Appeal request""], ""central_entities"": [""election commission"", ""voter register"", ""affected voters""], ""central_relations"": [{""subject"": ""election commission"", ""action"": ""removed 120 names from"", ""object"": ""voter register""}, {""subject"": ""affected voters"", ""action"": ""requested"", ""object"": ""an appeal""}], ""narrative_frame"": ""Voters seek an appeal after names were removed from the register."", ""has_internal_contradiction"": false, ""internal_contradiction_score"": 0.0}","{""main_topic"": ""Voter register removal and appeal requests"", ""subtopics"": [""The commission's denial of removing 120 names"", ""Affected voters requesting an appeal""], ""central_entities"": [""The election commission"", ""120 names"", ""voter register"", ""affected voters""], ""central_relations"": [{""subject"": ""The election commission"", ""action"": ""did not remove"", ""object"": ""120 names from the voter register""}, {""subject"": ""affected voters"", ""action"": ""requested"", ""object"": ""an appeal""}], ""narrative_frame"": ""The commission denies removing names from the voter register, while affected voters seek an appeal."", ""has_internal_contradiction"": false, ""internal_contradiction_score"": 0.0}",
election_actor_reassignment,election,en,True,Revision of a voter register,The election commission removed 120 names from the voter register. The affected voters requested an appeal.,actor_reassignment,The affected voters removed 120 names from the voter register. The election commission requested an appeal.,Preserve actors but swap responsibility for both actions.,original_vs_rewrite,499a5af34bf5db66a66bec797df85c73c5abd0048a670789276436c63b956d05,b9bdb7e42d76534c170cd40d833fc51694379a8c7b21db82d8c3ec1f0956ddb4,0.089062,0.227838,0.0,0.223753,0.0,0.010643,0.001836,0.00011,0.004196,0.135163,0.135889,0.135163,0.000726,0.055938,"{""theme"": {""similarity"": 0.910938, ""embedding_similarity"": 0.910938, ""original_cluster"": 2, ""modified_cluster"": 2}, ""subtopic"": {""similarity"": 0.772162, ""original_count"": 2, ""modified_count"": 2}, ""entity"": {""similarity"": 1.0, ""original_count"": 3, ""modified_count"": 3}, ""relation"": {""similarity"": 0.776247, ""original_count"": 2, ""modified_count"": 2}}","{""main_topic"": ""Removal of names from the voter register and request for appeal"", ""subtopics"": [""Voter registration"", ""Appeal request""], ""central_entities"": [""election commission"", ""voter register"", ""affected voters""], ""central_relations"": [{""subject"": ""election commission"", ""action"": ""removed 120 names from"", ""object"": ""voter register""}, {""subject"": ""affected voters"", ""action"": ""requested"", ""object"": ""an appeal""}], ""narrative_frame"": ""Voters seek an appeal after names were removed from the register."", ""has_internal_contradiction"": false, ""internal_contradiction_score"": 0.0}","{""main_topic"": ""Removal of 120 names from the voter register and an appeal requested by the election commission"", ""subtopics"": [""Voter register removals"", ""Election commission appeal request""], ""central_entities"": [""affected voters"", ""voter register"", ""election commission""], ""central_relations"": [{""subject"": ""affected voters"", ""action"": ""removed 120 names from"", ""object"": ""voter register""}, {""subject"": ""election commission"", ""action"": ""requested"", ""object"": ""an appeal""}], ""narrative_frame"": null, ""has_internal_contradiction"": false, ""internal_contradiction_score"": 0.0}",
election_quantity_change,election,en,True,Revision of a voter register,The election commission removed 120 names from the voter register. The affected voters requested an appeal.,quantity_change,The election commission removed 1200 names from the voter register. The affected voters requested an appeal.,Change the quantity from 120 to 1200 without changing actors or actions.,original_vs_rewrite,499a5af34bf5db66a66bec797df85c73c5abd0048a670789276436c63b956d05,104cfe656ae8ef3b9b8af06378a22b85f67aa65c8757ad2bf54f824c3f26cdef,0.104827,0.135206,0.0,0.016313,0.0,0.004541,0.003971,0.000142,0.002885,0.064087,0.064627,0.064087,0.00054,0.004078,"{""theme"": {""similarity"": 0.895173, ""embedding_similarity"": 0.895173, ""original_cluster"": 2, ""modified_cluster"": 2}, ""subtopic"": {""similarity"": 0.864794, ""original_count"": 2, ""modified_count"": 2}, ""entity"": {""similarity"": 1.0, ""original_count"": 3, ""modified_count"": 3}, ""relation"": {""similarity"": 0.983687, ""original_count"": 2, ""modified_count"": 2}}","{""main_topic"": ""Removal of names from the voter register and request for appeal"", ""subtopics"": [""Voter registration"", ""Appeal request""], ""central_entities"": [""election commission"", ""voter register"", ""affected voters""], ""central_relations"": [{""subject"": ""election commission"", ""action"": ""removed 120 names from"", ""object"": ""voter register""}, {""subject"": ""affected voters"", ""action"": ""requested"", ""object"": ""an appeal""}], ""narrative_frame"": ""Voters seek an appeal after names were removed from the register."", ""has_internal_contradiction"": false, ""internal_contradiction_score"": 0.0}","{""main_topic"": ""Removal of 1200 names from the voter register and an appeal by affected voters"", ""subtopics"": [""Voter register"", ""Appeal""], ""central_entities"": [""election commission"", ""affected voters"", ""voter register""], ""central_relations"": [{""subject"": ""election commission"", ""action"": ""removed 1200 names from"", ""object"": ""voter register""}, {""subject"": ""affected voters"", ""action"": ""requested"", ""object"": ""an appeal""}], ""narrative_frame"": ""Affected voters seek an appeal after names were removed from the voter register."", ""has_internal_contradiction"": false, ""internal_contradiction_score"": 0.0}",
election_new_action,election,en,True,Revision of a voter register,The election commission removed 120 names from the voter register. The affected voters requested an appeal.,new_action,The election commission removed 120 names from the voter register. The affected voters requested an appeal. The election commission secretly ordered surveillance of the voters.,Add a concrete action and concealment attributed to an existing actor.,original_vs_rewrite,499a5af34bf5db66a66bec797df85c73c5abd0048a670789276436c63b956d05,786185bb93e8a9f2fcda14f421817d887dd2782d4794d1defae41b9bc9893e3a,0.319227,0.550358,0.441382,0.374373,0.0,0.027926,0.023011,0.004644,0.018527,0.421335,0.423479,0.421335,0.002144,0.093593,"{""theme"": {""similarity"": 0.680773, ""embedding_similarity"": 0.680773, ""original_cluster"": 2, ""modified_cluster"": 2}, ""subtopic"": {""similarity"": 0.449642, ""original_count"": 2, ""modified_count"": 2}, ""entity"": {""similarity"": 0.558618, ""original_count"": 3, ""modified_count"": 2}, ""relation"": {""similarity"": 0.625627, ""original_count"": 2, ""modified_count"": 3}}","{""main_topic"": ""Removal of names from the voter register and request for appeal"", ""subtopics"": [""Voter registration"", ""Appeal request""], ""central_entities"": [""election commission"", ""voter register"", ""affected voters""], ""central_relations"": [{""subject"": ""election commission"", ""action"": ""removed 120 names from"", ""object"": ""voter register""}, {""subject"": ""affected voters"", ""action"": ""requested"", ""object"": ""an appeal""}], ""narrative_frame"": ""Voters seek an appeal after names were removed from the register."", ""has_internal_contradiction"": false, ""internal_contradiction_score"": 0.0}","{""main_topic"": ""Voter register removals and surveillance of affected voters"", ""subtopics"": [""Appeal request by affected voters"", ""Secretly ordered surveillance""], ""central_entities"": [""The election commission"", ""voters""], ""central_relations"": [{""subject"": ""The election commission"", ""action"": ""removed 120 names from"", ""object"": ""the voter register""}, {""subject"": ""voters"", ""action"": ""requested"", ""object"": ""an appeal""}, {""subject"": ""The election commission"", ""action"": ""secretly ordered surveillance of"", ""object"": ""voters""}], ""narrative_frame"": ""The election commission removed voter register names, after which affected voters sought an appeal and the commission ordered surveillance."", ""has_internal_contradiction"": false, ""internal_contradiction_score"": 0.0}",
election_omission,election,en,True,Revision of a voter register,The election commission removed 120 names from the voter register. The affected voters requested an appeal.,omission,The election commission removed 120 names from the voter register.,Remove the voters' appeal request; preserve the removal.,original_vs_rewrite,499a5af34bf5db66a66bec797df85c73c5abd0048a670789276436c63b956d05,4f8e64f65fd4b3f73f35d5a23132ac516314cb87e31207f10667064cccc15197,0.169287,1.0,0.333333,0.567153,0.0,0.032837,0.009562,0.003444,0.015281,0.517443,0.518918,0.517443,0.001475,0.141788,"{""theme"": {""similarity"": 0.830713, ""embedding_similarity"": 0.830713, ""original_cluster"": 2, ""modified_cluster"": 2}, ""subtopic"": {""similarity"": 0.0, ""original_count"": 2, ""modified_count"": 0}, ""entity"": {""similarity"": 0.666667, ""original_count"": 3, ""modified_count"": 2}, ""relation"": {""similarity"": 0.432847, ""original_count"": 2, ""modified_count"": 1}}","{""main_topic"": ""Removal of names from the voter register and request for appeal"", ""subtopics"": [""Voter registration"", ""Appeal request""], ""central_entities"": [""election commission"", ""voter register"", ""affected voters""], ""central_relations"": [{""subject"": ""election commission"", ""action"": ""removed 120 names from"", ""object"": ""voter register""}, {""subject"": ""affected voters"", ""action"": ""requested"", ""object"": ""an appeal""}], ""narrative_frame"": ""Voters seek an appeal after names were removed from the register."", ""has_internal_contradiction"": false, ""internal_contradiction_score"": 0.0}","{""main_topic"": ""Removal of 120 names from the voter register"", ""subtopics"": [], ""central_entities"": [""election commission"", ""voter register""], ""central_relations"": [{""subject"": ""election commission"", ""action"": ""removed"", ""object"": ""120 names from the voter register""}], ""narrative_frame"": null, ""has_internal_contradiction"": false, ""internal_contradiction_score"": 0.0}",
election_internal_contradiction,election,en,True,Revision of a voter register,The election commission removed 120 names from the voter register. The affected voters requested an appeal.,internal_contradiction,The election commission removed 120 names from the voter register. The election commission did not remove those names. The affected voters requested an appeal.,Affirm and deny the same removal inside the rewritten text.,original_vs_rewrite,499a5af34bf5db66a66bec797df85c73c5abd0048a670789276436c63b956d05,bdbdf2112311911ac7510e49f56b88d4197afbf4894fbb8f8bd90d115addbc47,0.171874,0.68532,0.333333,0.378102,1.0,0.001551,0.003341,0.01505,0.006647,0.392157,0.514372,0.513726,0.000646,0.094525,"{""theme"": {""similarity"": 0.828126, ""embedding_similarity"": 0.828126, ""original_cluster"": 2, ""modified_cluster"": 2}, ""subtopic"": {""similarity"": 0.31468, ""original_count"": 2, ""modified_count"": 1}, ""entity"": {""similarity"": 0.666667, ""original_count"": 3, ""modified_count"": 2}, ""relation"": {""similarity"": 0.621898, ""original_count"": 2, ""modified_count"": 3}}","{""main_topic"": ""Removal of names from the voter register and request for appeal"", ""subtopics"": [""Voter registration"", ""Appeal request""], ""central_entities"": [""election commission"", ""voter register"", ""affected voters""], ""central_relations"": [{""subject"": ""election commission"", ""action"": ""removed 120 names from"", ""object"": ""voter register""}, {""subject"": ""affected voters"", ""action"": ""requested"", ""object"": ""an appeal""}], ""narrative_frame"": ""Voters seek an appeal after names were removed from the register."", ""has_internal_contradiction"": false, ""internal_contradiction_score"": 0.0}","{""main_topic"": ""Conflicting claims about removing names from the voter register"", ""subtopics"": [""Appeal by affected voters""], ""central_entities"": [""election commission"", ""affected voters""], ""central_relations"": [{""subject"": ""election commission"", ""action"": ""removed"", ""object"": ""120 names from the voter register""}, {""subject"": ""election commission"", ""action"": ""did not remove"", ""object"": ""those names""}, {""subject"": ""affected voters"", ""action"": ""requested"", ""object"": ""an appeal""}], ""narrative_frame"": ""Conflicting statements about voter register removals, followed by an appeal request"", ""has_internal_contradiction"": true, ""internal_contradiction_score"": 1.0}",
government_motive_tentative_vs_motive_asserted,government,,,,The government postponed negotiations with the teachers union for two days. The union requested a new meeting. The government may have delayed the talks to weaken the union.,motive_tentative_vs_motive_asserted,The government postponed negotiations with the teachers union for two days. The union requested a new meeting. The government deliberately delayed the talks to weaken the union.,,direct_contrast,e77153746947813825b04384e68189df04648fcc776bcae9cfd6fc1c8fc16cb5,8a30227e3d457ea6050bb2b8ed45fe861adf49f0d37e7e7aff44ddf5234e8cf6,0.078825,0.084153,0.03359,0.105255,0.0,0.006862,0.000485,0.03916,0.015502,0.075456,0.078322,0.075456,0.002866,0.026314,"{""theme"": {""similarity"": 0.921175, ""embedding_similarity"": 0.921175, ""original_cluster"": 1, ""modified_cluster"": 1}, ""subtopic"": {""similarity"": 0.915847, ""original_count"": 2, ""modified_count"": 2}, ""entity"": {""similarity"": 0.96641, ""original_count"": 2, ""modified_count"": 2}, ""relation"": {""similarity"": 0.894745, ""original_count"": 3, ""modified_count"": 3}}","{""main_topic"": ""Postponed negotiations between the government and the teachers union"", ""subtopics"": [""The union requested a new meeting"", ""Possible motive to weaken the union""], ""central_entities"": [""The government"", ""teachers union""], ""central_relations"": [{""subject"": ""The government"", ""action"": ""postponed negotiations for two days"", ""object"": ""teachers union""}, {""subject"": ""teachers union"", ""action"": ""requested"", ""object"": ""a new meeting""}, {""subject"": ""The government"", ""action"": ""may have delayed the talks to weaken"", ""object"": ""teachers union""}], ""narrative_frame"": ""The postponement is framed as possibly intended to weaken the union."", ""has_internal_contradiction"": false, ""internal_contradiction_score"": 0.0}","{""main_topic"": ""Government postponement of negotiations with the teachers union"", ""subtopics"": [""The union requested a new meeting"", ""The government aimed to weaken the union""], ""central_entities"": [""government"", ""teachers union""], ""central_relations"": [{""subject"": ""government"", ""action"": ""postponed negotiations with"", ""object"": ""teachers union""}, {""subject"": ""teachers union"", ""action"": ""requested a new meeting"", ""object"": ""government""}, {""subject"": ""government"", ""action"": ""delayed talks to weaken"", ""object"": ""teachers union""}], ""narrative_frame"": ""The government deliberately delayed negotiations as a tactic to weaken the union."", ""has_internal_contradiction"": false, ""internal_contradiction_score"": 0.0}",
government_motive_asserted_vs_opposite_motive,government,,,,The government postponed negotiations with the teachers union for two days. The union requested a new meeting. The government deliberately delayed the talks to weaken the union.,motive_asserted_vs_opposite_motive,The government postponed negotiations with the teachers union for two days. The union requested a new meeting. The government deliberately delayed the talks to protect the union.,,direct_contrast,8a30227e3d457ea6050bb2b8ed45fe861adf49f0d37e7e7aff44ddf5234e8cf6,6cef749b0aed2afe9dc5c9e3cd56b506cd8e22abb4e35c660b2fc153bdc4e0e7,0.043859,0.253111,0.0,0.15569,0.0,0.000499,0.000816,0.00445,0.001922,0.113165,0.113506,0.113165,0.000341,0.038922,"{""theme"": {""similarity"": 0.956141, ""embedding_similarity"": 0.956141, ""original_cluster"": 1, ""modified_cluster"": 1}, ""subtopic"": {""similarity"": 0.746889, ""original_count"": 2, ""modified_count"": 2}, ""entity"": {""similarity"": 1.0, ""original_count"": 2, ""modified_count"": 2}, ""relation"": {""similarity"": 0.84431, ""original_count"": 3, ""modified_count"": 3}}","{""main_topic"": ""Government postponement of negotiations with the teachers union"", ""subtopics"": [""The union requested a new meeting"", ""The government aimed to weaken the union""], ""central_entities"": [""government"", ""teachers union""], ""central_relations"": [{""subject"": ""government"", ""action"": ""postponed negotiations with"", ""object"": ""teachers union""}, {""subject"": ""teachers union"", ""action"": ""requested a new meeting"", ""object"": ""government""}, {""subject"": ""government"", ""action"": ""delayed talks to weaken"", ""object"": ""teachers union""}], ""narrative_frame"": ""The government deliberately delayed negotiations as a tactic to weaken the union."", ""has_internal_contradiction"": false, ""internal_contradiction_score"": 0.0}","{""main_topic"": ""Postponement of negotiations with the teachers union"", ""subtopics"": [""The union requested a new meeting"", ""The government said it delayed talks to protect the union""], ""central_entities"": [""government"", ""teachers union""], ""central_relations"": [{""subject"": ""government"", ""action"": ""postponed"", ""object"": ""negotiations with the teachers union for two days""}, {""subject"": ""teachers union"", ""action"": ""requested"", ""object"": ""a new meeting""}, {""subject"": ""government"", ""action"": ""deliberately delayed"", ""object"": ""the talks to protect the teachers union""}], ""narrative_frame"": ""The government framed its deliberate delay of negotiations as an effort to protect the union."", ""has_internal_contradiction"": false, ""internal_contradiction_score"": 0.0}",
health_motive_tentative_vs_motive_asserted,health,,,,The health department closed a clinic for two days. The clinic workers requested a review of the decision. The health department may have closed the clinic to punish the workers.,motive_tentative_vs_motive_asserted,The health department closed a clinic for two days. The clinic workers requested a review of the decision. The health department deliberately closed the clinic to punish the workers.,,direct_contrast,03655f9414d2fd493f70e0b8f8398c8188c0b672158b12c346c7b34f77b0c8e4,d621cc6042d6a884267b6d241c076568b87e403621be77c3800eed66f89d2eaf,0.259601,0.554888,0.0,0.02548,0.0,0.011618,0.01029,0.032085,0.017998,0.209992,0.212836,0.209992,0.002844,0.00637,"{""theme"": {""similarity"": 0.740399, ""embedding_similarity"": 0.740399, ""original_cluster"": 0, ""modified_cluster"": 3}, ""subtopic"": {""similarity"": 0.445112, ""original_count"": 1, ""modified_count"": 1}, ""entity"": {""similarity"": 1.0, ""original_count"": 3, ""modified_count"": 3}, ""relation"": {""similarity"": 0.97452, ""original_count"": 3, ""modified_count"": 3}}","{""main_topic"": ""The health department’s temporary closure of a clinic and workers’ request for review"", ""subtopics"": [""Possible punishment of clinic workers""], ""central_entities"": [""health department"", ""clinic"", ""clinic workers""], ""central_relations"": [{""subject"": ""health department"", ""action"": ""closed for two days"", ""object"": ""clinic""}, {""subject"": ""clinic workers"", ""action"": ""requested a review of"", ""object"": ""the decision""}, {""subject"": ""health department"", ""action"": ""may have closed the clinic to punish"", ""object"": ""clinic workers""}], ""narrative_frame"": ""A clinic closure is followed by a review request and a possible allegation of retaliation."", ""has_internal_contradiction"": false, ""internal_contradiction_score"": 0.0}","{""main_topic"": ""The health department's punitive closure of a clinic"", ""subtopics"": [""Clinic workers requested a review of the closure""], ""central_entities"": [""health department"", ""clinic"", ""clinic workers""], ""central_relations"": [{""subject"": ""health department"", ""action"": ""closed for two days"", ""object"": ""clinic""}, {""subject"": ""clinic workers"", ""action"": ""requested a review of"", ""object"": ""the decision""}, {""subject"": ""health department"", ""action"": ""closed to punish"", ""object"": ""clinic workers""}], ""narrative_frame"": ""The clinic closure is framed as deliberate punishment of workers, who sought a review."", ""has_internal_contradiction"": false, ""internal_contradiction_score"": 0.0}",
health_motive_asserted_vs_opposite_motive,health,,,,The health department closed a clinic for two days. The clinic workers requested a review of the decision. The health department deliberately closed the clinic to punish the workers.,motive_asserted_vs_opposite_motive,The health department closed a clinic for two days. The clinic workers requested a review of the decision. The health department deliberately closed the clinic to protect the workers.,,direct_contrast,d621cc6042d6a884267b6d241c076568b87e403621be77c3800eed66f89d2eaf,d59b07119e92d31590eb880c0e55c5bfccf434b5ac8a9b5bc1a11fe6c9603341,0.375218,0.599051,0.0,0.060954,0.0,0.037249,0.018558,0.007542,0.021116,0.258806,0.261936,0.258806,0.00313,0.015239,"{""theme"": {""similarity"": 0.624782, ""embedding_similarity"": 0.624782, ""original_cluster"": 3, ""modified_cluster"": 0}, ""subtopic"": {""similarity"": 0.400949, ""original_count"": 1, ""modified_count"": 2}, ""entity"": {""similarity"": 1.0, ""original_count"": 3, ""modified_count"": 3}, ""relation"": {""similarity"": 0.939046, ""original_count"": 3, ""modified_count"": 3}}","{""main_topic"": ""The health department's punitive closure of a clinic"", ""subtopics"": [""Clinic workers requested a review of the closure""], ""central_entities"": [""health department"", ""clinic"", ""clinic workers""], ""central_relations"": [{""subject"": ""health department"", ""action"": ""closed for two days"", ""object"": ""clinic""}, {""subject"": ""clinic workers"", ""action"": ""requested a review of"", ""object"": ""the decision""}, {""subject"": ""health department"", ""action"": ""closed to punish"", ""object"": ""clinic workers""}], ""narrative_frame"": ""The clinic closure is framed as deliberate punishment of workers, who sought a review."", ""has_internal_contradiction"": false, ""internal_contradiction_score"": 0.0}","{""main_topic"": ""Temporary clinic closure and workers' request for review"", ""subtopics"": [""Closure to protect clinic workers"", ""Review of the closure decision""], ""central_entities"": [""health department"", ""clinic"", ""clinic workers""], ""central_relations"": [{""subject"": ""health department"", ""action"": ""closed for two days"", ""object"": ""clinic""}, {""subject"": ""clinic workers"", ""action"": ""requested a review of"", ""object"": ""the decision""}, {""subject"": ""health department"", ""action"": ""closed to protect"", ""object"": ""the workers""}], ""narrative_frame"": ""The health department's temporary clinic closure is presented as a protective measure that clinic workers asked to have reviewed."", ""has_internal_contradiction"": false, ""internal_contradiction_score"": 0.0}",
election_motive_tentative_vs_motive_asserted,election,,,,The election commission removed 120 names from the voter register. The affected voters requested an appeal. The election commission may have removed the names to silence the voters.,motive_tentative_vs_motive_asserted,The election commission removed 120 names from the voter register. The affected voters requested an appeal. The election commission deliberately removed the names to silence the voters.,,direct_contrast,dc0d8d143ae1e0bce5dea119e3262cdb4a1bfe45ad72c0046f348b3222597373,c95fcf9c1adcc8ecf50767ef876057185fe07781e9be8d19bb2731f7b95816a3,0.112266,0.715226,0.333333,0.080892,0.0,0.006907,0.012204,0.020933,0.013348,0.310429,0.31227,0.310429,0.001841,0.020223,"{""theme"": {""similarity"": 0.887734, ""embedding_similarity"": 0.887734, ""original_cluster"": 2, ""modified_cluster"": 2}, ""subtopic"": {""similarity"": 0.284774, ""original_count"": 1, ""modified_count"": 2}, ""entity"": {""similarity"": 0.666667, ""original_count"": 2, ""modified_count"": 3}, ""relation"": {""similarity"": 0.919108, ""original_count"": 3, ""modified_count"": 3}}","{""main_topic"": ""Removal of 120 names from the voter register and the affected voters' appeal"", ""subtopics"": [""Possible effort to silence affected voters""], ""central_entities"": [""election commission"", ""affected voters""], ""central_relations"": [{""subject"": ""election commission"", ""action"": ""removed"", ""object"": ""120 names from the voter register""}, {""subject"": ""affected voters"", ""action"": ""requested"", ""object"": ""an appeal""}, {""subject"": ""election commission"", ""action"": ""may have removed the names to silence"", ""object"": ""affected voters""}], ""narrative_frame"": ""Voter register removals followed by an appeal, with a possible motive of silencing voters."", ""has_internal_contradiction"": false, ""internal_contradiction_score"": 0.0}","{""main_topic"": ""Removal of 120 names from the voter register"", ""subtopics"": [""Affected voters requested an appeal"", ""Alleged deliberate voter silencing""], ""central_entities"": [""election commission"", ""affected voters"", ""voters""], ""central_relations"": [{""subject"": ""election commission"", ""action"": ""removed 120 names from"", ""object"": ""voter register""}, {""subject"": ""affected voters"", ""action"": ""requested"", ""object"": ""an appeal""}, {""subject"": ""election commission"", ""action"": ""deliberately removed names to silence"", ""object"": ""voters""}], ""narrative_frame"": ""The commission’s removal of voter names is framed as deliberate silencing, followed by an appeal request."", ""has_internal_contradiction"": false, ""internal_contradiction_score"": 0.0}",
election_motive_asserted_vs_opposite_motive,election,,,,The election commission removed 120 names from the voter register. The affected voters requested an appeal. The election commission deliberately removed the names to silence the voters.,motive_asserted_vs_opposite_motive,The election commission removed 120 names from the voter register. The affected voters requested an appeal. The election commission deliberately removed the names to protect the voters.,,direct_contrast,c95fcf9c1adcc8ecf50767ef876057185fe07781e9be8d19bb2731f7b95816a3,b9ee7a79b0946daf878d2aa0b4c246a806d6613e5900f2020097afdf33d1ee65,0.112266,0.741183,0.150217,0.049264,0.0,0.008607,0.018984,0.004752,0.010781,0.263232,0.264821,0.263232,0.001589,0.012316,"{""theme"": {""similarity"": 0.887734, ""embedding_similarity"": 0.887734, ""original_cluster"": 2, ""modified_cluster"": 2}, ""subtopic"": {""similarity"": 0.258817, ""original_count"": 2, ""modified_count"": 1}, ""entity"": {""similarity"": 0.849783, ""original_count"": 3, ""modified_count"": 3}, ""relation"": {""similarity"": 0.950736, ""original_count"": 3, ""modified_count"": 3}}","{""main_topic"": ""Removal of 120 names from the voter register"", ""subtopics"": [""Affected voters requested an appeal"", ""Alleged deliberate voter silencing""], ""central_entities"": [""election commission"", ""affected voters"", ""voters""], ""central_relations"": [{""subject"": ""election commission"", ""action"": ""removed 120 names from"", ""object"": ""voter register""}, {""subject"": ""affected voters"", ""action"": ""requested"", ""object"": ""an appeal""}, {""subject"": ""election commission"", ""action"": ""deliberately removed names to silence"", ""object"": ""voters""}], ""narrative_frame"": ""The commission’s removal of voter names is framed as deliberate silencing, followed by an appeal request."", ""has_internal_contradiction"": false, ""internal_contradiction_score"": 0.0}","{""main_topic"": ""Removal of 120 names from the voter register and the affected voters' appeal"", ""subtopics"": [""The election commission's stated protective motive""], ""central_entities"": [""The election commission"", ""The affected voters"", ""the voter register""], ""central_relations"": [{""subject"": ""The election commission"", ""action"": ""removed 120 names from"", ""object"": ""the voter register""}, {""subject"": ""The affected voters"", ""action"": ""requested"", ""object"": ""an appeal""}, {""subject"": ""The election commission"", ""action"": ""removed the names to protect"", ""object"": ""the voters""}], ""narrative_frame"": ""Names were removed from the voter register as a measure the commission said was intended to protect voters."", ""has_internal_contradiction"": false, ""internal_contradiction_score"": 0.0}",
government_identity_replicate_2,government,en,True,Negotiations with the teachers union,The government postponed negotiations with the teachers union for two days. The union requested a new meeting.,identity,The government postponed negotiations with the teachers union for two days. The union requested a new meeting.,None; exactly identical text.,extraction_repeat,717b5c0417d3cfbbb3d17791a924e9d59f4743e1c6e36c3c12db56cf8a5a4ca3,717b5c0417d3cfbbb3d17791a924e9d59f4743e1c6e36c3c12db56cf8a5a4ca3_replicate_2,0.0,0.649706,0.0,0.051262,0.0,0.0,0.0,0.0,0.0,0.175242,0.175242,0.175242,0.0,0.012816,"{""theme"": {""similarity"": 1.0, ""embedding_similarity"": 1.0, ""original_cluster"": 1, ""modified_cluster"": 1}, ""subtopic"": {""similarity"": 0.350294, ""original_count"": 2, ""modified_count"": 1}, ""entity"": {""similarity"": 1.0, ""original_count"": 2, ""modified_count"": 2}, ""relation"": {""similarity"": 0.948738, ""original_count"": 2, ""modified_count"": 2}}","{""main_topic"": ""Postponement of negotiations with the teachers union"", ""subtopics"": [""The union requested a new meeting"", ""Negotiations were postponed for two days""], ""central_entities"": [""government"", ""teachers union""], ""central_relations"": [{""subject"": ""government"", ""action"": ""postponed"", ""object"": ""negotiations with the teachers union for two days""}, {""subject"": ""teachers union"", ""action"": ""requested"", ""object"": ""a new meeting""}], ""narrative_frame"": ""Negotiations were delayed, and the union sought a new meeting."", ""has_internal_contradiction"": false, ""internal_contradiction_score"": 0.0}","{""main_topic"": ""Postponement of negotiations with the teachers union"", ""subtopics"": [""Request for a new meeting""], ""central_entities"": [""government"", ""teachers union""], ""central_relations"": [{""subject"": ""government"", ""action"": ""postponed negotiations with"", ""object"": ""teachers union""}, {""subject"": ""teachers union"", ""action"": ""requested"", ""object"": ""a new meeting""}], ""narrative_frame"": ""Negotiations were delayed, and the union sought a new meeting."", ""has_internal_contradiction"": false, ""internal_contradiction_score"": 0.0}",2
government_identity_replicate_3,government,en,True,Negotiations with the teachers union,The government postponed negotiations with the teachers union for two days. The union requested a new meeting.,identity,The government postponed negotiations with the teachers union for two days. The union requested a new meeting.,None; exactly identical text.,extraction_repeat,717b5c0417d3cfbbb3d17791a924e9d59f4743e1c6e36c3c12db56cf8a5a4ca3,717b5c0417d3cfbbb3d17791a924e9d59f4743e1c6e36c3c12db56cf8a5a4ca3_replicate_3,0.04347,0.528121,0.04267,0.065936,0.0,0.0,0.0,0.0,0.0,0.170049,0.170049,0.170049,0.0,0.016484,"{""theme"": {""similarity"": 0.95653, ""embedding_similarity"": 0.95653, ""original_cluster"": 1, ""modified_cluster"": 1}, ""subtopic"": {""similarity"": 0.471879, ""original_count"": 2, ""modified_count"": 1}, ""entity"": {""similarity"": 0.95733, ""original_count"": 2, ""modified_count"": 2}, ""relation"": {""similarity"": 0.934064, ""original_count"": 2, ""modified_count"": 2}}","{""main_topic"": ""Postponement of negotiations with the teachers union"", ""subtopics"": [""The union requested a new meeting"", ""Negotiations were postponed for two days""], ""central_entities"": [""government"", ""teachers union""], ""central_relations"": [{""subject"": ""government"", ""action"": ""postponed"", ""object"": ""negotiations with the teachers union for two days""}, {""subject"": ""teachers union"", ""action"": ""requested"", ""object"": ""a new meeting""}], ""narrative_frame"": ""Negotiations were delayed, and the union sought a new meeting."", ""has_internal_contradiction"": false, ""internal_contradiction_score"": 0.0}","{""main_topic"": ""Postponement of negotiations between the government and the teachers union"", ""subtopics"": [""The union's request for a new meeting""], ""central_entities"": [""The government"", ""the teachers union""], ""central_relations"": [{""subject"": ""The government"", ""action"": ""postponed negotiations with for two days"", ""object"": ""the teachers union""}, {""subject"": ""the teachers union"", ""action"": ""requested"", ""object"": ""a new meeting""}], ""narrative_frame"": ""Negotiations are postponed while the union seeks a new meeting."", ""has_internal_contradiction"": false, ""internal_contradiction_score"": 0.0}",3
government_motive_asserted_replicate_2,government,en,True,Negotiations with the teachers union,The government postponed negotiations with the teachers union for two days. The union requested a new meeting.,motive_asserted,The government postponed negotiations with the teachers union for two days. The union requested a new meeting. The government deliberately delayed the talks to weaken the union.,Add the same unsupported intention as a categorical assertion.,extraction_repeat,717b5c0417d3cfbbb3d17791a924e9d59f4743e1c6e36c3c12db56cf8a5a4ca3,8a30227e3d457ea6050bb2b8ed45fe861adf49f0d37e7e7aff44ddf5234e8cf6_replicate_2,0.048845,0.288577,0.0,0.367508,0.0,0.033796,0.0096,0.020883,0.021426,0.176232,0.179763,0.176232,0.003531,0.091877,"{""theme"": {""similarity"": 0.951155, ""embedding_similarity"": 0.951155, ""original_cluster"": 1, ""modified_cluster"": 1}, ""subtopic"": {""similarity"": 0.711423, ""original_count"": 2, ""modified_count"": 2}, ""entity"": {""similarity"": 1.0, ""original_count"": 2, ""modified_count"": 2}, ""relation"": {""similarity"": 0.632492, ""original_count"": 2, ""modified_count"": 3}}","{""main_topic"": ""Postponement of negotiations with the teachers union"", ""subtopics"": [""The union requested a new meeting"", ""Negotiations were postponed for two days""], ""central_entities"": [""government"", ""teachers union""], ""central_relations"": [{""subject"": ""government"", ""action"": ""postponed"", ""object"": ""negotiations with the teachers union for two days""}, {""subject"": ""teachers union"", ""action"": ""requested"", ""object"": ""a new meeting""}], ""narrative_frame"": ""Negotiations were delayed, and the union sought a new meeting."", ""has_internal_contradiction"": false, ""internal_contradiction_score"": 0.0}","{""main_topic"": ""The government’s postponement of negotiations with the teachers union"", ""subtopics"": [""The union requested a new meeting"", ""The delay was intended to weaken the union""], ""central_entities"": [""government"", ""teachers union""], ""central_relations"": [{""subject"": ""government"", ""action"": ""postponed negotiations with"", ""object"": ""teachers union""}, {""subject"": ""teachers union"", ""action"": ""requested"", ""object"": ""a new meeting""}, {""subject"": ""government"", ""action"": ""delayed talks to weaken"", ""object"": ""teachers union""}], ""narrative_frame"": ""The government deliberately delayed negotiations as a tactic to weaken the union."", ""has_internal_contradiction"": false, ""internal_contradiction_score"": 0.0}",2
government_motive_asserted_replicate_3,government,en,True,Negotiations with the teachers union,The government postponed negotiations with the teachers union for two days. The union requested a new meeting.,motive_asserted,The government postponed negotiations with the teachers union for two days. The union requested a new meeting. The government deliberately delayed the talks to weaken the union.,Add the same unsupported intention as a categorical assertion.,extraction_repeat,717b5c0417d3cfbbb3d17791a924e9d59f4743e1c6e36c3c12db56cf8a5a4ca3,8a30227e3d457ea6050bb2b8ed45fe861adf49f0d37e7e7aff44ddf5234e8cf6_replicate_3,0.114812,0.008475,0.04267,0.375313,0.0,0.033796,0.0096,0.020883,0.021426,0.135318,0.139023,0.135318,0.003705,0.093828,"{""theme"": {""similarity"": 0.885188, ""embedding_similarity"": 0.885188, ""original_cluster"": 1, ""modified_cluster"": 1}, ""subtopic"": {""similarity"": 0.991525, ""original_count"": 2, ""modified_count"": 2}, ""entity"": {""similarity"": 0.95733, ""original_count"": 2, ""modified_count"": 2}, ""relation"": {""similarity"": 0.624687, ""original_count"": 2, ""modified_count"": 3}}","{""main_topic"": ""Postponement of negotiations with the teachers union"", ""subtopics"": [""The union requested a new meeting"", ""Negotiations were postponed for two days""], ""central_entities"": [""government"", ""teachers union""], ""central_relations"": [{""subject"": ""government"", ""action"": ""postponed"", ""object"": ""negotiations with the teachers union for two days""}, {""subject"": ""teachers union"", ""action"": ""requested"", ""object"": ""a new meeting""}], ""narrative_frame"": ""Negotiations were delayed, and the union sought a new meeting."", ""has_internal_contradiction"": false, ""internal_contradiction_score"": 0.0}","{""main_topic"": ""The government’s deliberate postponement of negotiations with the teachers union to weaken it"", ""subtopics"": [""Negotiations postponed for two days"", ""The union requested a new meeting""], ""central_entities"": [""The government"", ""the teachers union""], ""central_relations"": [{""subject"": ""The government"", ""action"": ""postponed negotiations with"", ""object"": ""the teachers union""}, {""subject"": ""the teachers union"", ""action"": ""requested"", ""object"": ""a new meeting""}, {""subject"": ""The government"", ""action"": ""deliberately delayed talks to weaken"", ""object"": ""the teachers union""}], ""narrative_frame"": ""The government’s delay is framed as a deliberate tactic to weaken the union."", ""has_internal_contradiction"": false, ""internal_contradiction_score"": 0.0}",3
government_negation_replicate_2,government,en,True,Negotiations with the teachers union,The government postponed negotiations with the teachers union for two days. The union requested a new meeting.,negation,The government did not postpone negotiations with the teachers union for two days. The union requested a new meeting.,"Deny the original postponement claim; this is a between-text conflict, not internal contradiction.",extraction_repeat,717b5c0417d3cfbbb3d17791a924e9d59f4743e1c6e36c3c12db56cf8a5a4ca3,6a2047c9e7cc99ab35786c9ab497194cba577532557c52b78b5483e6c768f2c5_replicate_2,0.162625,0.594582,0.0,0.036764,0.0,0.021852,0.003651,0.02336,0.016288,0.198493,0.201104,0.198493,0.002611,0.009191,"{""theme"": {""similarity"": 0.837375, ""embedding_similarity"": 0.837375, ""original_cluster"": 1, ""modified_cluster"": 1}, ""subtopic"": {""similarity"": 0.405418, ""original_count"": 2, ""modified_count"": 1}, ""entity"": {""similarity"": 1.0, ""original_count"": 2, ""modified_count"": 2}, ""relation"": {""similarity"": 0.963236, ""original_count"": 2, ""modified_count"": 2}}","{""main_topic"": ""Postponement of negotiations with the teachers union"", ""subtopics"": [""The union requested a new meeting"", ""Negotiations were postponed for two days""], ""central_entities"": [""government"", ""teachers union""], ""central_relations"": [{""subject"": ""government"", ""action"": ""postponed"", ""object"": ""negotiations with the teachers union for two days""}, {""subject"": ""teachers union"", ""action"": ""requested"", ""object"": ""a new meeting""}], ""narrative_frame"": ""Negotiations were delayed, and the union sought a new meeting."", ""has_internal_contradiction"": false, ""internal_contradiction_score"": 0.0}","{""main_topic"": ""Government negotiations with the teachers union and the union’s request for a new meeting"", ""subtopics"": [""No two-day postponement of negotiations""], ""central_entities"": [""government"", ""teachers union""], ""central_relations"": [{""subject"": ""government"", ""action"": ""did not postpone"", ""object"": ""negotiations with the teachers union for two days""}, {""subject"": ""teachers union"", ""action"": ""requested"", ""object"": ""a new meeting""}], ""narrative_frame"": ""Clarification that negotiations were not postponed, alongside the union’s request for a new meeting."", ""has_internal_contradiction"": false, ""internal_contradiction_score"": 0.0}",2
government_negation_replicate_3,government,en,True,Negotiations with the teachers union,The government postponed negotiations with the teachers union for two days. The union requested a new meeting.,negation,The government did not postpone negotiations with the teachers union for two days. The union requested a new meeting.,"Deny the original postponement claim; this is a between-text conflict, not internal contradiction.",extraction_repeat,717b5c0417d3cfbbb3d17791a924e9d59f4743e1c6e36c3c12db56cf8a5a4ca3,6a2047c9e7cc99ab35786c9ab497194cba577532557c52b78b5483e6c768f2c5_replicate_3,0.140175,0.011306,0.0,0.081352,0.0,0.021852,0.003651,0.02336,0.016288,0.058208,0.061276,0.058208,0.003068,0.020338,"{""theme"": {""similarity"": 0.859825, ""embedding_similarity"": 0.859825, ""original_cluster"": 1, ""modified_cluster"": 1}, ""subtopic"": {""similarity"": 0.988694, ""original_count"": 2, ""modified_count"": 2}, ""entity"": {""similarity"": 1.0, ""original_count"": 2, ""modified_count"": 2}, ""relation"": {""similarity"": 0.918648, ""original_count"": 2, ""modified_count"": 2}}","{""main_topic"": ""Postponement of negotiations with the teachers union"", ""subtopics"": [""The union requested a new meeting"", ""Negotiations were postponed for two days""], ""central_entities"": [""government"", ""teachers union""], ""central_relations"": [{""subject"": ""government"", ""action"": ""postponed"", ""object"": ""negotiations with the teachers union for two days""}, {""subject"": ""teachers union"", ""action"": ""requested"", ""object"": ""a new meeting""}], ""narrative_frame"": ""Negotiations were delayed, and the union sought a new meeting."", ""has_internal_contradiction"": false, ""internal_contradiction_score"": 0.0}","{""main_topic"": ""Negotiations between the government and the teachers union"", ""subtopics"": [""The union requested a new meeting"", ""Negotiations were not postponed for two days""], ""central_entities"": [""government"", ""teachers union""], ""central_relations"": [{""subject"": ""government"", ""action"": ""did not postpone negotiations with"", ""object"": ""teachers union""}, {""subject"": ""teachers union"", ""action"": ""requested"", ""object"": ""a new meeting""}], ""narrative_frame"": ""Clarifies that negotiations were not postponed and reports the union's request for a new meeting."", ""has_internal_contradiction"": false, ""internal_contradiction_score"": 0.0}",3
