run_id,batch_id,graph_id,chain_code,chain_label,news_id,step_index,node_id,node_label,metadata_title,rewrite_status,stdi_vs_original,stdi_incremental,stdi_cumulative,theme_drift_vs_original,subtopic_drift_vs_original,entity_drift_vs_original,relation_drift_vs_original,contradiction_drift_vs_original,vad_drift_vs_original,valence_drift_vs_original,arousal_drift_vs_original,dominance_drift_vs_original
simulation_ui_20260918_000717_01_01_ssss,01,01,SSSS,01 · SSSS,03d15c304dd6358c32fe4fdcb841b43a,1,p1,1. Investigative skeptic,"APO INVESTOR DEADLINE APPROACHING: Faruqi & Faruqi, LLP Reminds Apollo Global Management (APO) Investors of Securities Class Action Deadline on May 1, 2026",success,0.10712,0.10712,0.10712,0.044073,0.288517,0.004069,0.086226,0.0,0.007822,0.015482,0.003151,0.004834
simulation_ui_20260918_000717_01_01_ssss,01,01,SSSS,01 · SSSS,03d15c304dd6358c32fe4fdcb841b43a,2,p2,2. Investigative skeptic,"APO INVESTOR DEADLINE APPROACHING: Faruqi & Faruqi, LLP Reminds Apollo Global Management (APO) Investors of Securities Class Action Deadline on May 1, 2026",success,0.275034,0.206821,0.313941,0.044073,0.452839,0.1761,0.423292,0.0,0.006601,0.001633,0.004911,0.013258
simulation_ui_20260918_000717_01_01_ssss,01,01,SSSS,01 · SSSS,03d15c304dd6358c32fe4fdcb841b43a,3,p3,3. Investigative skeptic,"APO INVESTOR DEADLINE APPROACHING: Faruqi & Faruqi, LLP Reminds Apollo Global Management (APO) Investors of Securities Class Action Deadline on May 1, 2026",success,0.368998,0.490663,0.804604,1.0,0.301403,0.0,0.170025,0.0,0.009026,0.009359,0.005418,0.0123
simulation_ui_20260918_000717_01_01_ssss,01,01,SSSS,01 · SSSS,03d15c304dd6358c32fe4fdcb841b43a,4,p4,4. Investigative skeptic,"APO INVESTOR DEADLINE APPROACHING: Faruqi & Faruqi, LLP Reminds Apollo Global Management (APO) Investors of Securities Class Action Deadline on May 1, 2026",success,0.401692,0.170662,0.975266,1.0,0.288517,0.0,0.312573,0.0,0.011833,0.010239,0.008195,0.017065
simulation_ui_20260918_000717_01_01_ssss,01,01,SSSS,01 · SSSS,03d1d324c6615b5fbc7455135584ac57,1,p1,1. Investigative skeptic,Canadian Imperial Bank of Commerce (CM) To Go Ex-Dividend on March 27th,success,0.194815,0.194815,0.194815,0.0,0.298611,0.402167,0.068497,0.0,0.015452,0.020501,0.00462,0.021235
simulation_ui_20260918_000717_01_01_ssss,01,01,SSSS,01 · SSSS,03d1d324c6615b5fbc7455135584ac57,2,p2,2. Investigative skeptic,Canadian Imperial Bank of Commerce (CM) To Go Ex-Dividend on March 27th,success,0.176256,0.28438,0.479195,0.0,0.192946,0.0,0.503819,0.0,0.012499,0.020358,0.002423,0.014715
simulation_ui_20260918_000717_01_01_ssss,01,01,SSSS,01 · SSSS,03d1d324c6615b5fbc7455135584ac57,3,p3,3. Investigative skeptic,Canadian Imperial Bank of Commerce (CM) To Go Ex-Dividend on March 27th,success,0.187199,0.294736,0.773931,0.0,0.315039,0.333333,0.085878,0.0,0.022272,0.022802,0.014333,0.02968
simulation_ui_20260918_000717_01_01_ssss,01,01,SSSS,01 · SSSS,03d1d324c6615b5fbc7455135584ac57,4,p4,4. Investigative skeptic,Canadian Imperial Bank of Commerce (CM) To Go Ex-Dividend on March 27th,success,0.258504,0.308495,1.082426,0.178528,0.369111,0.081983,0.387539,0.0,0.02825,0.0284,0.020959,0.035391
simulation_ui_20260918_000717_01_01_ssss,01,01,SSSS,01 · SSSS,0883a2f27500aaeca578c2b397002506,1,p1,1. Investigative skeptic,'A crater': Pollster says Trump suffers 'objective measure' of 'failed presidency',success,0.246306,0.246306,0.246306,0.160085,0.252622,0.088366,0.471141,0.0,0.021483,0.019273,0.040802,0.004373
simulation_ui_20260918_000717_01_01_ssss,01,01,SSSS,01 · SSSS,0883a2f27500aaeca578c2b397002506,2,p2,2. Investigative skeptic,'A crater': Pollster says Trump suffers 'objective measure' of 'failed presidency',success,0.262912,0.25553,0.501836,0.061723,0.233917,0.37408,0.363845,0.0,0.030476,0.037962,0.041592,0.011873
simulation_ui_20260918_000717_01_01_ssss,01,01,SSSS,01 · SSSS,0883a2f27500aaeca578c2b397002506,3,p3,3. Investigative skeptic,'A crater': Pollster says Trump suffers 'objective measure' of 'failed presidency',success,0.199794,0.236746,0.738582,0.061723,0.233806,0.0,0.482945,0.0,0.032131,0.041352,0.046114,0.008926
simulation_ui_20260918_000717_01_01_ssss,01,01,SSSS,01 · SSSS,0883a2f27500aaeca578c2b397002506,4,p4,4. Investigative skeptic,'A crater': Pollster says Trump suffers 'objective measure' of 'failed presidency',success,0.222779,0.121922,0.860504,0.020481,0.201777,0.088366,0.559436,0.0,0.033635,0.052589,0.046402,0.001915
simulation_ui_20260918_000717_01_01_ssss,01,01,SSSS,01 · SSSS,0b30ae6eaf7bab834a4906766ba2ecb2,1,p1,1. Investigative skeptic,Britain introduces “plug-in” solar panels for homes to tackle the energy crisis caused by the war in Iran,success,0.166529,0.166529,0.166529,0.0,0.086097,0.167537,0.411319,0.0,0.001743,0.001092,0.001331,0.002806
simulation_ui_20260918_000717_01_01_ssss,01,01,SSSS,01 · SSSS,0b30ae6eaf7bab834a4906766ba2ecb2,2,p2,2. Investigative skeptic,Britain introduces “plug-in” solar panels for homes to tackle the energy crisis caused by the war in Iran,success,0.193051,0.129238,0.295767,0.001213,0.283291,0.167537,0.311646,0.0,0.013158,0.016457,0.0118,0.011217
simulation_ui_20260918_000717_01_01_ssss,01,01,SSSS,01 · SSSS,0b30ae6eaf7bab834a4906766ba2ecb2,3,p3,3. Investigative skeptic,Britain introduces “plug-in” solar panels for homes to tackle the energy crisis caused by the war in Iran,success,0.228357,0.079727,0.375494,0.006666,0.351447,0.167537,0.376224,0.0,0.018646,0.037096,0.000409,0.018432
simulation_ui_20260918_000717_01_01_ssss,01,01,SSSS,01 · SSSS,0b30ae6eaf7bab834a4906766ba2ecb2,4,p4,4. Investigative skeptic,Britain introduces “plug-in” solar panels for homes to tackle the energy crisis caused by the war in Iran,success,0.218291,0.056484,0.431978,0.009705,0.358723,0.167537,0.327428,0.0,0.015574,0.030263,0.000914,0.015546
simulation_ui_20260918_000717_01_01_ssss,01,01,SSSS,01 · SSSS,0c84c580588b0f1f5c9070df32dfc5a6,1,p1,1. Investigative skeptic,"$1,000 ‘Dog Tax Credit’? Americans eye big payout — don’t miss this April date",success,0.269254,0.269254,0.269254,0.189365,0.19693,0.333333,0.337523,0.0,0.033754,0.037401,0.049282,0.014578
simulation_ui_20260918_000717_01_01_ssss,01,01,SSSS,01 · SSSS,0c84c580588b0f1f5c9070df32dfc5a6,2,p2,2. Investigative skeptic,"$1,000 ‘Dog Tax Credit’? Americans eye big payout — don’t miss this April date",success,0.311247,0.25224,0.521494,0.127786,0.442213,0.344776,0.30695,0.0,0.041867,0.051168,0.06116,0.013273
simulation_ui_20260918_000717_01_01_ssss,01,01,SSSS,01 · SSSS,0c84c580588b0f1f5c9070df32dfc5a6,3,p3,3. Investigative skeptic,"$1,000 ‘Dog Tax Credit’? Americans eye big payout — don’t miss this April date",success,0.343256,0.135062,0.656556,0.218192,0.445908,0.344776,0.342505,0.0,0.040858,0.048098,0.060998,0.013477
simulation_ui_20260918_000717_01_01_ssss,01,01,SSSS,01 · SSSS,0c84c580588b0f1f5c9070df32dfc5a6,4,p4,4. Investigative skeptic,"$1,000 ‘Dog Tax Credit’? Americans eye big payout — don’t miss this April date",success,0.375713,0.266688,0.923244,0.125424,0.468329,0.508582,0.378028,0.0,0.044625,0.051789,0.065129,0.016958
simulation_ui_20260918_000717_01_01_ssss,01,01,SSSS,01 · SSSS,0ccfe99f5612d8b22298e5942170415d,1,p1,1. Investigative skeptic,Cambria Tax Aware ETF (NASDAQ:TAX) Short Interest Down 67.0% in March,success,0.257525,0.257525,0.257525,0.053813,0.06741,0.452411,0.448781,0.0,0.012906,0.023689,0.014148,0.00088
simulation_ui_20260918_000717_01_01_ssss,01,01,SSSS,01 · SSSS,0ccfe99f5612d8b22298e5942170415d,2,p2,2. Investigative skeptic,Cambria Tax Aware ETF (NASDAQ:TAX) Short Interest Down 67.0% in March,success,0.158548,0.165443,0.422968,0.042474,0.130859,0.0,0.448781,0.0,0.017877,0.003416,0.043411,0.006803
simulation_ui_20260918_000717_01_01_ssss,01,01,SSSS,01 · SSSS,0ccfe99f5612d8b22298e5942170415d,3,p3,3. Investigative skeptic,Cambria Tax Aware ETF (NASDAQ:TAX) Short Interest Down 67.0% in March,success,0.262709,0.240181,0.663149,0.078478,0.109159,0.465267,0.389642,0.0,0.014017,0.008382,0.029122,0.004548
simulation_ui_20260918_000717_01_01_ssss,01,01,SSSS,01 · SSSS,0ccfe99f5612d8b22298e5942170415d,4,p4,4. Investigative skeptic,Cambria Tax Aware ETF (NASDAQ:TAX) Short Interest Down 67.0% in March,success,0.143376,0.221593,0.884742,0.053813,0.130859,0.0,0.372389,0.0,0.023879,0.024878,0.036984,0.009775
simulation_ui_20260918_000717_01_01_ssss,01,01,SSSS,01 · SSSS,11c9275c35fecd97efe0ba12a17b00da,1,p1,1. Investigative skeptic,CPA questions legal basis of GACL takeover of McDan Jet Terminal,success,0.240201,0.240201,0.240201,0.186195,0.435063,0.2,0.131924,0.0,0.012507,0.026205,0.000842,0.010475
simulation_ui_20260918_000717_01_01_ssss,01,01,SSSS,01 · SSSS,11c9275c35fecd97efe0ba12a17b00da,2,p2,2. Investigative skeptic,CPA questions legal basis of GACL takeover of McDan Jet Terminal,success,0.183842,0.154321,0.394522,0.186195,0.378097,0.0,0.163012,0.0,0.012322,0.022258,0.005818,0.008889
simulation_ui_20260918_000717_01_01_ssss,01,01,SSSS,01 · SSSS,11c9275c35fecd97efe0ba12a17b00da,3,p3,3. Investigative skeptic,CPA questions legal basis of GACL takeover of McDan Jet Terminal,success,0.148107,0.217099,0.611621,0.054656,0.433529,0.0,0.09413,0.0,0.014793,0.021359,0.003732,0.019288
simulation_ui_20260918_000717_01_01_ssss,01,01,SSSS,01 · SSSS,11c9275c35fecd97efe0ba12a17b00da,4,p4,4. Investigative skeptic,CPA questions legal basis of GACL takeover of McDan Jet Terminal,success,0.16571,0.230031,0.841652,0.186195,0.342165,0.0,0.129765,0.0,0.007053,0.00845,0.003013,0.009695
simulation_ui_20260918_000717_01_01_ssss,01,01,SSSS,01 · SSSS,11fde5af588f2d6f6a0c145a6d089324,1,p1,1. Investigative skeptic,"BSNL Posts ₹5,000 Crore Profit After 18 Years, Scindia Signals ₹10,000 Crore Target & India Post IPO Plans",success,0.197985,0.197985,0.197985,0.262496,0.166437,0.25,0.096505,0.0,0.025586,0.03658,0.023994,0.016185
simulation_ui_20260918_000717_01_01_ssss,01,01,SSSS,01 · SSSS,11fde5af588f2d6f6a0c145a6d089324,2,p2,2. Investigative skeptic,"BSNL Posts ₹5,000 Crore Profit After 18 Years, Scindia Signals ₹10,000 Crore Target & India Post IPO Plans",success,0.155624,0.236225,0.43421,0.212904,0.25,0.0,0.12125,0.0,0.056126,0.07524,0.067226,0.025913
simulation_ui_20260918_000717_01_01_ssss,01,01,SSSS,01 · SSSS,11fde5af588f2d6f6a0c145a6d089324,3,p3,3. Investigative skeptic,"BSNL Posts ₹5,000 Crore Profit After 18 Years, Scindia Signals ₹10,000 Crore Target & India Post IPO Plans",success,0.124538,0.136931,0.571141,0.102781,0.233275,0.0,0.117394,0.0,0.063023,0.094156,0.063818,0.031096
simulation_ui_20260918_000717_01_01_ssss,01,01,SSSS,01 · SSSS,11fde5af588f2d6f6a0c145a6d089324,4,p4,4. Investigative skeptic,"BSNL Posts ₹5,000 Crore Profit After 18 Years, Scindia Signals ₹10,000 Crore Target & India Post IPO Plans",success,0.238253,0.190913,0.762054,0.210338,0.325722,0.25,0.128102,0.0,0.062949,0.091587,0.069709,0.02755
simulation_ui_20260918_000717_01_01_ssss,01,01,SSSS,01 · SSSS,17cd8c3587799d6f5551faf3e5895209,1,p1,1. Investigative skeptic,"Credit Union of Colorado Foundation invests $50,000 in community college scholarships",success,0.19007,0.19007,0.19007,0.006591,0.177933,0.333333,0.234698,0.0,0.011896,0.010076,0.008153,0.017458
simulation_ui_20260918_000717_01_01_ssss,01,01,SSSS,01 · SSSS,17cd8c3587799d6f5551faf3e5895209,2,p2,2. Investigative skeptic,"Credit Union of Colorado Foundation invests $50,000 in community college scholarships",success,0.111367,0.110126,0.300196,0.006451,0.188809,0.0,0.239647,0.0,0.014812,0.027892,0.002471,0.014072
simulation_ui_20260918_000717_01_01_ssss,01,01,SSSS,01 · SSSS,17cd8c3587799d6f5551faf3e5895209,3,p3,3. Investigative skeptic,"Credit Union of Colorado Foundation invests $50,000 in community college scholarships",success,0.150856,0.078654,0.37885,0.006451,0.334783,0.0,0.239647,0.0,0.032969,0.041979,0.030243,0.026686
simulation_ui_20260918_000717_01_01_ssss,01,01,SSSS,01 · SSSS,17cd8c3587799d6f5551faf3e5895209,4,p4,4. Investigative skeptic,"Credit Union of Colorado Foundation invests $50,000 in community college scholarships",success,0.185655,0.150939,0.529789,0.08362,0.382878,0.0,0.251553,0.0,0.037431,0.063616,0.025472,0.023205
simulation_ui_20260918_000717_01_01_ssss,01,01,SSSS,01 · SSSS,1e83ba34429a85f3fbafdb5671e23f1d,1,p1,1. Investigative skeptic,Delhi PWD Accelerates PNG Pipeline Laying with 24-Hour Approvals,success,0.088443,0.088443,0.088443,0.05231,0.150483,0.0,0.14712,0.0,0.005284,0.000235,0.008695,0.006922
simulation_ui_20260918_000717_01_01_ssss,01,01,SSSS,01 · SSSS,1e83ba34429a85f3fbafdb5671e23f1d,2,p2,2. Investigative skeptic,Delhi PWD Accelerates PNG Pipeline Laying with 24-Hour Approvals,success,0.151581,0.171611,0.260054,0.093014,0.214617,0.25,0.037254,0.0,0.016794,0.018094,0.0183,0.013987
simulation_ui_20260918_000717_01_01_ssss,01,01,SSSS,01 · SSSS,1e83ba34429a85f3fbafdb5671e23f1d,3,p3,3. Investigative skeptic,Delhi PWD Accelerates PNG Pipeline Laying with 24-Hour Approvals,success,0.192094,0.219595,0.479649,0.232628,0.382492,0.0,0.139196,0.0,0.021658,0.024035,0.023,0.01794
simulation_ui_20260918_000717_01_01_ssss,01,01,SSSS,01 · SSSS,1e83ba34429a85f3fbafdb5671e23f1d,4,p4,4. Investigative skeptic,Delhi PWD Accelerates PNG Pipeline Laying with 24-Hour Approvals,success,0.197576,0.211955,0.691604,0.131656,0.245205,0.25,0.155196,0.0,0.012811,0.020004,0.002477,0.015952
simulation_ui_20260918_000717_01_01_ssss,01,01,SSSS,01 · SSSS,1eb77463838b3d1f2ea74f8bfa272767,1,p1,1. Investigative skeptic,Afghanistan urges regional water cooperation at Tashkent Forum,success,0.319886,0.319886,0.319886,1.0,0.0,0.265739,0.012254,0.0,0.002851,0.005993,0.0012,0.001361
simulation_ui_20260918_000717_01_01_ssss,01,01,SSSS,01 · SSSS,1eb77463838b3d1f2ea74f8bfa272767,2,p2,2. Investigative skeptic,Afghanistan urges regional water cooperation at Tashkent Forum,success,0.394496,0.394998,0.714884,1.0,0.309355,0.262479,0.004788,0.0,0.002812,0.000754,0.003866,0.003815
simulation_ui_20260918_000717_01_01_ssss,01,01,SSSS,01 · SSSS,1eb77463838b3d1f2ea74f8bfa272767,3,p3,3. Investigative skeptic,Afghanistan urges regional water cooperation at Tashkent Forum,success,0.502882,0.159551,0.874435,1.0,0.309355,0.261554,0.438988,0.0,0.004098,0.001482,0.005339,0.005473
simulation_ui_20260918_000717_01_01_ssss,01,01,SSSS,01 · SSSS,1eb77463838b3d1f2ea74f8bfa272767,4,p4,4. Investigative skeptic,Afghanistan urges regional water cooperation at Tashkent Forum,success,0.367882,0.155141,1.029576,1.0,0.309355,0.0,0.156986,0.0,0.010235,0.006809,0.015932,0.007963
simulation_ui_20260918_000717_01_01_ssss,01,01,SSSS,01 · SSSS,20df5253ec5e5a2623c8823c2b38083b,1,p1,1. Investigative skeptic,Contango ORE (NYSEAMERICAN:CTGO) Now Covered by Analysts at Canaccord Genuity Group,success,0.044107,0.044107,0.044107,0.005848,0.0,0.0,0.161617,0.0,0.011692,0.009584,0.015419,0.010072
simulation_ui_20260918_000717_01_01_ssss,01,01,SSSS,01 · SSSS,20df5253ec5e5a2623c8823c2b38083b,2,p2,2. Investigative skeptic,Contango ORE (NYSEAMERICAN:CTGO) Now Covered by Analysts at Canaccord Genuity Group,success,0.234643,0.259275,0.303382,0.088,0.461711,0.333333,0.049651,0.0,0.009583,0.006741,0.020801,0.001206
simulation_ui_20260918_000717_01_01_ssss,01,01,SSSS,01 · SSSS,20df5253ec5e5a2623c8823c2b38083b,3,p3,3. Investigative skeptic,Contango ORE (NYSEAMERICAN:CTGO) Now Covered by Analysts at Canaccord Genuity Group,success,0.116852,0.221331,0.524713,0.010982,0.09006,0.333333,0.027396,0.0,0.007966,0.000544,0.01938,0.003973
simulation_ui_20260918_000717_01_01_ssss,01,01,SSSS,01 · SSSS,20df5253ec5e5a2623c8823c2b38083b,4,p4,4. Investigative skeptic,Contango ORE (NYSEAMERICAN:CTGO) Now Covered by Analysts at Canaccord Genuity Group,success,0.231751,0.179682,0.704395,0.107798,0.44714,0.333333,0.027396,0.0,0.018376,0.008026,0.032942,0.014159
simulation_ui_20260918_000717_01_01_ssss,01,01,SSSS,01 · SSSS,285f86ba6e2a489c2d4a3ab84f18a6a4,1,p1,1. Investigative skeptic,Company Banned from Marketing Business Opportunities to Settle FTC Charges it Misled Consumers About Earnings Potential,success,0.328425,0.328425,0.328425,1.0,0.046978,0.0,0.259452,0.0,0.013493,0.028201,0.00374,0.008539
simulation_ui_20260918_000717_01_01_ssss,01,01,SSSS,01 · SSSS,285f86ba6e2a489c2d4a3ab84f18a6a4,2,p2,2. Investigative skeptic,Company Banned from Marketing Business Opportunities to Settle FTC Charges it Misled Consumers About Earnings Potential,success,0.218755,0.449578,0.778003,0.107243,0.277348,0.285714,0.198712,0.0,0.009586,0.012872,0.004798,0.011087
simulation_ui_20260918_000717_01_01_ssss,01,01,SSSS,01 · SSSS,285f86ba6e2a489c2d4a3ab84f18a6a4,3,p3,3. Investigative skeptic,Company Banned from Marketing Business Opportunities to Settle FTC Charges it Misled Consumers About Earnings Potential,success,0.229943,0.113819,0.891822,0.155127,0.389905,0.166667,0.201211,0.0,0.011114,0.02157,0.005407,0.006364
simulation_ui_20260918_000717_01_01_ssss,01,01,SSSS,01 · SSSS,285f86ba6e2a489c2d4a3ab84f18a6a4,4,p4,4. Investigative skeptic,Company Banned from Marketing Business Opportunities to Settle FTC Charges it Misled Consumers About Earnings Potential,success,0.352669,0.472527,1.364349,1.0,0.035628,0.0,0.368661,0.0,0.012303,0.013141,0.010045,0.013724
simulation_ui_20260918_000717_01_01_ssss,01,01,SSSS,01 · SSSS,3343849e4bfdca882e24cd916fa75ec6,1,p1,1. Investigative skeptic,ASMALLWORLD Introduces New Marriott Bonvoy® Benefit for Members,success,0.02875,0.02875,0.02875,0.080693,0.0,0.0,0.030446,0.0,0.004965,0.001002,0.008463,0.00543
simulation_ui_20260918_000717_01_01_ssss,01,01,SSSS,01 · SSSS,3343849e4bfdca882e24cd916fa75ec6,2,p2,2. Investigative skeptic,ASMALLWORLD Introduces New Marriott Bonvoy® Benefit for Members,success,0.119882,0.100536,0.129286,0.05873,0.0449,0.333333,0.038317,0.0,0.006024,0.004328,0.00566,0.008084
simulation_ui_20260918_000717_01_01_ssss,01,01,SSSS,01 · SSSS,3343849e4bfdca882e24cd916fa75ec6,3,p3,3. Investigative skeptic,ASMALLWORLD Introduces New Marriott Bonvoy® Benefit for Members,success,0.121496,0.092328,0.221614,0.102213,0.0449,0.333333,0.0,0.0,0.007869,0.005593,0.013158,0.004855
simulation_ui_20260918_000717_01_01_ssss,01,01,SSSS,01 · SSSS,3343849e4bfdca882e24cd916fa75ec6,4,p4,4. Investigative skeptic,ASMALLWORLD Introduces New Marriott Bonvoy® Benefit for Members,success,0.020941,0.114109,0.335723,0.073371,0.0,0.0,0.005286,0.0,0.006513,0.006143,0.005174,0.008222
simulation_ui_20260918_000717_01_01_ssss,01,01,SSSS,01 · SSSS,3e908966e0393a684386f1e186c5c6e3,1,p1,1. Investigative skeptic,CAAS defers sustainable aviation fuel levy,success,0.211826,0.211826,0.211826,0.145617,0.079824,0.247165,0.368877,0.0,0.009212,0.00308,0.009081,0.015475
simulation_ui_20260918_000717_01_01_ssss,01,01,SSSS,01 · SSSS,3e908966e0393a684386f1e186c5c6e3,2,p2,2. Investigative skeptic,CAAS defers sustainable aviation fuel levy,success,0.184947,0.11135,0.323176,0.0,0.079824,0.300452,0.355692,0.0,0.005851,0.002064,0.00296,0.012529
simulation_ui_20260918_000717_01_01_ssss,01,01,SSSS,01 · SSSS,3e908966e0393a684386f1e186c5c6e3,3,p3,3. Investigative skeptic,CAAS defers sustainable aviation fuel levy,success,0.195914,0.056468,0.379644,0.1027,0.028904,0.300452,0.346591,0.0,0.007776,0.000624,0.009903,0.012802
simulation_ui_20260918_000717_01_01_ssss,01,01,SSSS,01 · SSSS,3e908966e0393a684386f1e186c5c6e3,4,p4,4. Investigative skeptic,CAAS defers sustainable aviation fuel levy,success,0.205104,0.088923,0.468567,0.145617,0.079824,0.247165,0.341455,0.0,0.009975,0.012646,0.001658,0.015622
simulation_ui_20260918_000717_01_01_ssss,01,01,SSSS,01 · SSSS,4284601d27a88508e23bb7ecf1e26740,1,p1,1. Investigative skeptic,Blackbaud Opens Registration for bbcon 2026 to Rally Social Impact Sector Around AI Innovation,success,0.219541,0.219541,0.219541,0.339452,0.25,0.0,0.277331,0.0,0.018159,0.01347,0.037136,0.003871
simulation_ui_20260918_000717_01_01_ssss,01,01,SSSS,01 · SSSS,4284601d27a88508e23bb7ecf1e26740,2,p2,2. Investigative skeptic,Blackbaud Opens Registration for bbcon 2026 to Rally Social Impact Sector Around AI Innovation,success,0.197476,0.071649,0.29119,0.339452,0.25,0.0,0.191616,0.0,0.013722,0.019463,0.011533,0.01017
simulation_ui_20260918_000717_01_01_ssss,01,01,SSSS,01 · SSSS,4284601d27a88508e23bb7ecf1e26740,3,p3,3. Investigative skeptic,Blackbaud Opens Registration for bbcon 2026 to Rally Social Impact Sector Around AI Innovation,success,0.22227,0.030552,0.321742,0.430105,0.25,0.0,0.194731,0.0,0.022791,0.027428,0.02385,0.017095
simulation_ui_20260918_000717_01_01_ssss,01,01,SSSS,01 · SSSS,4284601d27a88508e23bb7ecf1e26740,4,p4,4. Investigative skeptic,Blackbaud Opens Registration for bbcon 2026 to Rally Social Impact Sector Around AI Innovation,success,0.248387,0.093462,0.415204,0.339452,0.25,0.0,0.398904,0.0,0.00862,0.006239,0.009406,0.010216
simulation_ui_20260918_000717_01_01_ssss,01,01,SSSS,01 · SSSS,43b305aebbf654fd9464eb6d39cf900b,1,p1,1. Investigative skeptic,CS Atal Dulloo Reviews Progress Of Tawi Artificial Lake And Riverfront Development Projects,success,0.124433,0.124433,0.124433,0.006769,0.062328,0.031792,0.38678,0.0,0.014324,0.00922,0.024566,0.009186
simulation_ui_20260918_000717_01_01_ssss,01,01,SSSS,01 · SSSS,43b305aebbf654fd9464eb6d39cf900b,2,p2,2. Investigative skeptic,CS Atal Dulloo Reviews Progress Of Tawi Artificial Lake And Riverfront Development Projects,success,0.121297,0.105478,0.229911,0.006495,0.015651,0.0,0.447542,0.0,0.021955,0.012017,0.034899,0.018949
simulation_ui_20260918_000717_01_01_ssss,01,01,SSSS,01 · SSSS,43b305aebbf654fd9464eb6d39cf900b,3,p3,3. Investigative skeptic,CS Atal Dulloo Reviews Progress Of Tawi Artificial Lake And Riverfront Development Projects,success,0.183525,0.13747,0.367381,0.007782,0.235017,0.031792,0.448156,0.0,0.017322,0.012764,0.023872,0.01533
simulation_ui_20260918_000717_01_01_ssss,01,01,SSSS,01 · SSSS,43b305aebbf654fd9464eb6d39cf900b,4,p4,4. Investigative skeptic,CS Atal Dulloo Reviews Progress Of Tawi Artificial Lake And Riverfront Development Projects,success,0.183448,0.150981,0.518362,0.006495,0.0,0.224998,0.49226,0.0,0.015321,0.013426,0.024111,0.008425
simulation_ui_20260918_000717_01_01_ssss,01,01,SSSS,01 · SSSS,43d218dc30bd89b0c4da158243e74603,1,p1,1. Investigative skeptic,Amesite Executes Trading Partner Agreement Enabling Secure Connectivity with Leading Homecare Technology Platform,success,0.275008,0.275008,0.275008,0.375802,0.245955,0.288245,0.170806,0.0,0.032926,0.028398,0.022534,0.047847
simulation_ui_20260918_000717_01_01_ssss,01,01,SSSS,01 · SSSS,43d218dc30bd89b0c4da158243e74603,2,p2,2. Investigative skeptic,Amesite Executes Trading Partner Agreement Enabling Secure Connectivity with Leading Homecare Technology Platform,success,0.300281,0.060009,0.335017,0.438559,0.245955,0.324056,0.171315,0.0,0.037655,0.031086,0.031886,0.049992
simulation_ui_20260918_000717_01_01_ssss,01,01,SSSS,01 · SSSS,43d218dc30bd89b0c4da158243e74603,3,p3,3. Investigative skeptic,Amesite Executes Trading Partner Agreement Enabling Secure Connectivity with Leading Homecare Technology Platform,success,0.265561,0.069075,0.404092,0.275416,0.245955,0.324056,0.191765,0.0,0.042275,0.036609,0.037438,0.052778
simulation_ui_20260918_000717_01_01_ssss,01,01,SSSS,01 · SSSS,43d218dc30bd89b0c4da158243e74603,4,p4,4. Investigative skeptic,Amesite Executes Trading Partner Agreement Enabling Secure Connectivity with Leading Homecare Technology Platform,success,0.269842,0.079956,0.484048,0.359654,0.245955,0.288245,0.166547,0.0,0.032261,0.01462,0.037511,0.044653
simulation_ui_20260918_000717_01_01_ssss,01,01,SSSS,01 · SSSS,45a67f6f54cd92c32163be9459300052,1,p1,1. Investigative skeptic,"Bitcoin Miners, Now AI Compute Leaders, Face Profitability Concerns",success,0.210302,0.210302,0.210302,0.070025,0.33118,0.333333,0.099062,0.0,0.012011,0.026658,0.004346,0.005028
simulation_ui_20260918_000717_01_01_ssss,01,01,SSSS,01 · SSSS,45a67f6f54cd92c32163be9459300052,2,p2,2. Investigative skeptic,"Bitcoin Miners, Now AI Compute Leaders, Face Profitability Concerns",success,0.26251,0.11009,0.320392,0.076382,0.398285,0.5,0.069115,0.0,0.010587,0.002833,0.009749,0.01918
simulation_ui_20260918_000717_01_01_ssss,01,01,SSSS,01 · SSSS,45a67f6f54cd92c32163be9459300052,3,p3,3. Investigative skeptic,"Bitcoin Miners, Now AI Compute Leaders, Face Profitability Concerns",success,0.349044,0.125832,0.446224,0.063702,0.448367,0.5,0.37941,0.0,0.009001,0.011965,0.014617,0.000421
simulation_ui_20260918_000717_01_01_ssss,01,01,SSSS,01 · SSSS,45a67f6f54cd92c32163be9459300052,4,p4,4. Investigative skeptic,"Bitcoin Miners, Now AI Compute Leaders, Face Profitability Concerns",success,0.371758,0.111305,0.557529,0.063702,0.546699,0.5,0.369923,0.0,0.013309,0.005948,0.02614,0.00784
simulation_ui_20260918_000717_01_01_ssss,01,01,SSSS,01 · SSSS,48375acfba2ffc7f64822005eaab01e9,1,p1,1. Investigative skeptic,"Capitan Silver Commences Trading on the OTCQX Market Under Symbol ""CAPTF""",success,0.170293,0.170293,0.170293,0.120949,0.548128,0.0,0.0,0.0,0.018157,0.043464,0.003684,0.007324
simulation_ui_20260918_000717_01_01_ssss,01,01,SSSS,01 · SSSS,48375acfba2ffc7f64822005eaab01e9,2,p2,2. Investigative skeptic,"Capitan Silver Commences Trading on the OTCQX Market Under Symbol ""CAPTF""",success,0.152075,0.06021,0.230503,0.0,0.598678,0.0,0.0,0.0,0.014145,0.016381,0.009966,0.016088
simulation_ui_20260918_000717_01_01_ssss,01,01,SSSS,01 · SSSS,48375acfba2ffc7f64822005eaab01e9,3,p3,3. Investigative skeptic,"Capitan Silver Commences Trading on the OTCQX Market Under Symbol ""CAPTF""",success,0.104384,0.118579,0.349082,0.029487,0.333333,0.0,0.044027,0.0,0.014873,0.021302,0.005138,0.018178
simulation_ui_20260918_000717_01_01_ssss,01,01,SSSS,01 · SSSS,48375acfba2ffc7f64822005eaab01e9,4,p4,4. Investigative skeptic,"Capitan Silver Commences Trading on the OTCQX Market Under Symbol ""CAPTF""",success,0.089234,0.166187,0.515269,0.033986,0.0,0.25,0.049271,0.0,0.03229,0.064844,0.02395,0.008076
simulation_ui_20260918_000717_01_01_ssss,01,01,SSSS,01 · SSSS,4980763ccff9b986f6829df1e9489341,1,p1,1. Investigative skeptic,Cabana Target Drawdown 7 ETF (NASDAQ:TDSB) Short Interest Down 96.6% in March,success,0.070517,0.070517,0.070517,0.0,0.09043,0.0,0.186023,0.0,0.007542,0.006804,0.00976,0.006061
simulation_ui_20260918_000717_01_01_ssss,01,01,SSSS,01 · SSSS,4980763ccff9b986f6829df1e9489341,2,p2,2. Investigative skeptic,Cabana Target Drawdown 7 ETF (NASDAQ:TDSB) Short Interest Down 96.6% in March,success,0.113965,0.107352,0.177869,0.0,0.308837,0.0,0.138536,0.0,0.011942,0.02894,0.001266,0.005619
simulation_ui_20260918_000717_01_01_ssss,01,01,SSSS,01 · SSSS,4980763ccff9b986f6829df1e9489341,3,p3,3. Investigative skeptic,Cabana Target Drawdown 7 ETF (NASDAQ:TDSB) Short Interest Down 96.6% in March,success,0.292633,0.299196,0.477065,0.0,0.484988,0.42645,0.246036,0.0,0.022971,0.04926,0.002131,0.017523
simulation_ui_20260918_000717_01_01_ssss,01,01,SSSS,01 · SSSS,4980763ccff9b986f6829df1e9489341,4,p4,4. Investigative skeptic,Cabana Target Drawdown 7 ETF (NASDAQ:TDSB) Short Interest Down 96.6% in March,success,0.233958,0.359114,0.836179,0.0,0.566305,0.0,0.357005,0.0,0.020348,0.04468,0.009782,0.006583
simulation_ui_20260918_000717_01_01_ssss,01,01,SSSS,01 · SSSS,4ac6395408a9caf70c7d2ffc4ca362c7,1,p1,1. Investigative skeptic,Continuing Unemployment Claims Dip to Nearly 2-Year Low,success,0.266551,0.266551,0.266551,0.351058,0.352425,0.144321,0.19987,0.0,0.031384,0.052391,0.006323,0.035437
simulation_ui_20260918_000717_01_01_ssss,01,01,SSSS,01 · SSSS,4ac6395408a9caf70c7d2ffc4ca362c7,2,p2,2. Investigative skeptic,Continuing Unemployment Claims Dip to Nearly 2-Year Low,success,0.187702,0.310388,0.576939,0.0,0.122848,0.353677,0.265053,0.0,0.014164,0.008445,0.023402,0.010644
simulation_ui_20260918_000717_01_01_ssss,01,01,SSSS,01 · SSSS,4ac6395408a9caf70c7d2ffc4ca362c7,3,p3,3. Investigative skeptic,Continuing Unemployment Claims Dip to Nearly 2-Year Low,success,0.414405,0.325874,0.902813,0.398844,0.537409,0.333333,0.374145,0.0,0.029476,0.051937,0.001324,0.035168
simulation_ui_20260918_000717_01_01_ssss,01,01,SSSS,01 · SSSS,4ac6395408a9caf70c7d2ffc4ca362c7,4,p4,4. Investigative skeptic,Continuing Unemployment Claims Dip to Nearly 2-Year Low,success,0.397381,0.129589,1.032402,0.351058,0.537409,0.333333,0.351344,0.0,0.033746,0.061955,0.007293,0.031991
simulation_ui_20260918_000717_01_01_ssss,01,01,SSSS,01 · SSSS,59a0fb71f66cefb61fc91c97affb1dbe,1,p1,1. Investigative skeptic,"Bank of Montreal targets 15% return on equity on wealth, US businesses growth",success,0.188797,0.188797,0.188797,0.02918,0.179907,0.486463,0.055185,0.0,0.006854,0.011881,0.005271,0.003409
simulation_ui_20260918_000717_01_01_ssss,01,01,SSSS,01 · SSSS,59a0fb71f66cefb61fc91c97affb1dbe,2,p2,2. Investigative skeptic,"Bank of Montreal targets 15% return on equity on wealth, US businesses growth",success,0.169193,0.306546,0.495343,0.0,0.136942,0.006387,0.50221,0.0,0.046557,0.066286,0.041049,0.032337
simulation_ui_20260918_000717_01_01_ssss,01,01,SSSS,01 · SSSS,59a0fb71f66cefb61fc91c97affb1dbe,3,p3,3. Investigative skeptic,"Bank of Montreal targets 15% return on equity on wealth, US businesses growth",success,0.176167,0.25721,0.752553,0.0,0.352706,0.267479,0.054632,0.0,0.044888,0.075145,0.019577,0.039943
simulation_ui_20260918_000717_01_01_ssss,01,01,SSSS,01 · SSSS,59a0fb71f66cefb61fc91c97affb1dbe,4,p4,4. Investigative skeptic,"Bank of Montreal targets 15% return on equity on wealth, US businesses growth",success,0.151231,0.105377,0.85793,0.02918,0.233173,0.267479,0.045254,0.0,0.043558,0.058605,0.02622,0.04585
simulation_ui_20260918_000717_01_01_ssss,01,01,SSSS,01 · SSSS,6282ee092c7147c978409e71f0096515,1,p1,1. Investigative skeptic,Backdoor bet. How federal regulators are sidestepping Alabama: op-ed,success,0.226846,0.226846,0.226846,0.188322,0.411644,0.101833,0.194483,0.0,0.017884,0.010923,0.018199,0.024531
simulation_ui_20260918_000717_01_01_ssss,01,01,SSSS,01 · SSSS,6282ee092c7147c978409e71f0096515,2,p2,2. Investigative skeptic,Backdoor bet. How federal regulators are sidestepping Alabama: op-ed,success,0.184759,0.294086,0.520932,0.072291,0.057119,0.326375,0.266544,0.0,0.025484,0.00232,0.039136,0.034995
simulation_ui_20260918_000717_01_01_ssss,01,01,SSSS,01 · SSSS,6282ee092c7147c978409e71f0096515,3,p3,3. Investigative skeptic,Backdoor bet. How federal regulators are sidestepping Alabama: op-ed,success,0.294689,0.336262,0.857194,0.283854,0.39871,0.101833,0.376541,0.0,0.031383,0.002201,0.055459,0.03649
simulation_ui_20260918_000717_01_01_ssss,01,01,SSSS,01 · SSSS,6282ee092c7147c978409e71f0096515,4,p4,4. Investigative skeptic,Backdoor bet. How federal regulators are sidestepping Alabama: op-ed,success,0.165532,0.206349,1.063543,0.087986,0.185506,0.101833,0.268621,0.0,0.027086,0.004501,0.040122,0.036634
simulation_ui_20260918_000717_01_01_ssss,01,01,SSSS,01 · SSSS,6296ce617808e446ef3e272b65cb5b46,1,p1,1. Investigative skeptic,Apple Adds New Partners to Expand Its U.S. Supply Chain,success,0.005184,0.005184,0.005184,0.0,0.0,0.0,0.012205,0.0,0.010698,0.000453,0.015681,0.015961
simulation_ui_20260918_000717_01_01_ssss,01,01,SSSS,01 · SSSS,6296ce617808e446ef3e272b65cb5b46,2,p2,2. Investigative skeptic,Apple Adds New Partners to Expand Its U.S. Supply Chain,success,0.269608,0.268208,0.273392,0.0,0.342143,0.142857,0.579047,0.0,0.024499,0.032595,0.040683,0.000218
simulation_ui_20260918_000717_01_01_ssss,01,01,SSSS,01 · SSSS,6296ce617808e446ef3e272b65cb5b46,3,p3,3. Investigative skeptic,Apple Adds New Partners to Expand Its U.S. Supply Chain,success,0.088258,0.260355,0.533747,0.0,0.172368,0.0,0.163431,0.0,0.023514,0.01273,0.047423,0.010389
simulation_ui_20260918_000717_01_01_ssss,01,01,SSSS,01 · SSSS,6296ce617808e446ef3e272b65cb5b46,4,p4,4. Investigative skeptic,Apple Adds New Partners to Expand Its U.S. Supply Chain,success,0.225011,0.205203,0.73895,0.026363,0.33132,0.142857,0.387432,0.0,0.019397,0.022409,0.032852,0.002931
simulation_ui_20260918_000717_01_01_ssss,01,01,SSSS,01 · SSSS,64aefc05d7d6e883d857202942daa279,1,p1,1. Investigative skeptic,Competition Commission clears merger of Udemy with Coursera's arm,success,0.023548,0.023548,0.023548,0.012206,0.0,0.0,0.061856,0.0,0.025635,0.013901,0.017862,0.045141
simulation_ui_20260918_000717_01_01_ssss,01,01,SSSS,01 · SSSS,64aefc05d7d6e883d857202942daa279,2,p2,2. Investigative skeptic,Competition Commission clears merger of Udemy with Coursera's arm,success,0.245772,0.233594,0.257142,0.026533,0.292731,0.333333,0.310599,0.0,0.032753,0.020189,0.029683,0.048386
simulation_ui_20260918_000717_01_01_ssss,01,01,SSSS,01 · SSSS,64aefc05d7d6e883d857202942daa279,3,p3,3. Investigative skeptic,Competition Commission clears merger of Udemy with Coursera's arm,success,0.151391,0.198873,0.456015,0.026533,0.463984,0.0,0.095696,0.0,0.02834,0.016504,0.030404,0.038112
simulation_ui_20260918_000717_01_01_ssss,01,01,SSSS,01 · SSSS,64aefc05d7d6e883d857202942daa279,4,p4,4. Investigative skeptic,Competition Commission clears merger of Udemy with Coursera's arm,success,0.257358,0.250579,0.706594,0.012206,0.326434,0.333333,0.340677,0.0,0.028086,0.019769,0.033214,0.031276
simulation_ui_20260918_000717_01_01_ssss,01,01,SSSS,01 · SSSS,675d6df42ab1fa2c25fcb6c96a0801ba,1,p1,1. Investigative skeptic,"Cohen & Steers Infrastructure Fund, Inc (NYSE:UTF) Plans $0.17 Monthly Dividend",success,0.152348,0.152348,0.152348,0.053597,0.0,0.0,0.544277,0.0,0.016928,0.015094,0.02591,0.009781
simulation_ui_20260918_000717_01_01_ssss,01,01,SSSS,01 · SSSS,675d6df42ab1fa2c25fcb6c96a0801ba,2,p2,2. Investigative skeptic,"Cohen & Steers Infrastructure Fund, Inc (NYSE:UTF) Plans $0.17 Monthly Dividend",success,0.22333,0.200121,0.352469,0.055018,0.407675,0.0,0.420274,0.0,0.016605,0.019792,0.018147,0.011876
simulation_ui_20260918_000717_01_01_ssss,01,01,SSSS,01 · SSSS,675d6df42ab1fa2c25fcb6c96a0801ba,3,p3,3. Investigative skeptic,"Cohen & Steers Infrastructure Fund, Inc (NYSE:UTF) Plans $0.17 Monthly Dividend",success,0.226056,0.168527,0.520996,0.066222,0.387845,0.106612,0.335718,0.0,0.012607,0.016711,0.015395,0.005714
simulation_ui_20260918_000717_01_01_ssss,01,01,SSSS,01 · SSSS,675d6df42ab1fa2c25fcb6c96a0801ba,4,p4,4. Investigative skeptic,"Cohen & Steers Infrastructure Fund, Inc (NYSE:UTF) Plans $0.17 Monthly Dividend",success,0.176698,0.201205,0.722201,0.053597,0.0,0.106612,0.534324,0.0,0.018542,0.025431,0.01752,0.012675
simulation_ui_20260918_000717_01_01_ssss,01,01,SSSS,01 · SSSS,73939fe081f6d0ef3ed498b2dd7f4039,1,p1,1. Investigative skeptic,Coastal Electric plans rate increase,success,0.219836,0.219836,0.219836,0.03966,0.243341,0.5,0.083696,0.0,0.020184,0.002482,0.04291,0.015161
simulation_ui_20260918_000717_01_01_ssss,01,01,SSSS,01 · SSSS,73939fe081f6d0ef3ed498b2dd7f4039,2,p2,2. Investigative skeptic,Coastal Electric plans rate increase,success,0.176409,0.219252,0.439088,0.03966,0.243341,0.0,0.409607,0.0,0.019693,0.020234,0.027963,0.010881
simulation_ui_20260918_000717_01_01_ssss,01,01,SSSS,01 · SSSS,73939fe081f6d0ef3ed498b2dd7f4039,3,p3,3. Investigative skeptic,Coastal Electric plans rate increase,success,0.215842,0.230554,0.669642,0.03966,0.243341,0.5,0.075976,0.0,0.006991,5.2e-05,0.015722,0.0052
simulation_ui_20260918_000717_01_01_ssss,01,01,SSSS,01 · SSSS,73939fe081f6d0ef3ed498b2dd7f4039,4,p4,4. Investigative skeptic,Coastal Electric plans rate increase,success,0.355598,0.166015,0.835657,0.03966,0.462838,0.5,0.411127,0.0,0.016947,0.00228,0.037008,0.011552
simulation_ui_20260918_000717_01_01_ssss,01,01,SSSS,01 · SSSS,764d938e82fccdeec46aa43984936af9,1,p1,1. Investigative skeptic,Centre Highlights Border Infrastructure Push Through BADP and Vibrant Villages Programmes,success,0.346701,0.346701,0.346701,0.278342,0.253295,0.561538,0.277733,0.0,0.030229,0.023013,0.042936,0.024739
simulation_ui_20260918_000717_01_01_ssss,01,01,SSSS,01 · SSSS,764d938e82fccdeec46aa43984936af9,2,p2,2. Investigative skeptic,Centre Highlights Border Infrastructure Push Through BADP and Vibrant Villages Programmes,success,0.351404,0.200314,0.547015,0.171293,0.218363,0.549922,0.446634,0.0,0.03712,0.026706,0.057445,0.027208
simulation_ui_20260918_000717_01_01_ssss,01,01,SSSS,01 · SSSS,764d938e82fccdeec46aa43984936af9,3,p3,3. Investigative skeptic,Centre Highlights Border Infrastructure Push Through BADP and Vibrant Villages Programmes,success,0.413531,0.191817,0.738832,0.155211,0.31511,0.549922,0.614117,0.0,0.04177,0.02851,0.067472,0.029329
simulation_ui_20260918_000717_01_01_ssss,01,01,SSSS,01 · SSSS,764d938e82fccdeec46aa43984936af9,4,p4,4. Investigative skeptic,Centre Highlights Border Infrastructure Push Through BADP and Vibrant Villages Programmes,success,0.433778,0.269116,1.007948,0.238637,0.288189,0.561538,0.627045,0.0,0.043121,0.032331,0.067749,0.029284
simulation_ui_20260918_000717_01_01_ssss,01,01,SSSS,01 · SSSS,80a390c3c68815dadd42b1ea065fd1af,1,p1,1. Investigative skeptic,Contract OK’d to extend sidewalk repairs,success,0.271918,0.271918,0.271918,0.148121,0.538129,0.0,0.396942,0.0,0.007679,0.001478,0.005022,0.016536
simulation_ui_20260918_000717_01_01_ssss,01,01,SSSS,01 · SSSS,80a390c3c68815dadd42b1ea065fd1af,2,p2,2. Investigative skeptic,Contract OK’d to extend sidewalk repairs,success,0.211762,0.241112,0.51303,0.169617,0.628662,0.0,0.045901,0.0,0.004547,0.006938,0.004308,0.002396
simulation_ui_20260918_000717_01_01_ssss,01,01,SSSS,01 · SSSS,80a390c3c68815dadd42b1ea065fd1af,3,p3,3. Investigative skeptic,Contract OK’d to extend sidewalk repairs,success,0.08918,0.232683,0.745713,0.038053,0.169357,0.0,0.142846,0.0,0.008854,0.006933,0.000289,0.019339
simulation_ui_20260918_000717_01_01_ssss,01,01,SSSS,01 · SSSS,80a390c3c68815dadd42b1ea065fd1af,4,p4,4. Investigative skeptic,Contract OK’d to extend sidewalk repairs,success,0.387464,0.347434,1.093147,0.085252,0.538129,0.333333,0.590956,0.0,0.004456,7.1e-05,0.000999,0.012298
simulation_ui_20260918_000717_01_01_ssss,01,01,SSSS,01 · SSSS,80e1561246e5483a76211bd892a06bcb,1,p1,1. Investigative skeptic,Aldi inches closer to being hit with unprecedented $15 policy at all locations in the state,success,0.317964,0.317964,0.317964,0.223897,0.329025,0.25,0.466224,0.0,0.004965,0.006444,0.004643,0.003808
simulation_ui_20260918_000717_01_01_ssss,01,01,SSSS,01 · SSSS,80e1561246e5483a76211bd892a06bcb,2,p2,2. Investigative skeptic,Aldi inches closer to being hit with unprecedented $15 policy at all locations in the state,success,0.375175,0.103116,0.42108,0.252514,0.531638,0.25,0.458442,0.0,0.016161,0.004847,0.035697,0.007939
simulation_ui_20260918_000717_01_01_ssss,01,01,SSSS,01 · SSSS,80e1561246e5483a76211bd892a06bcb,3,p3,3. Investigative skeptic,Aldi inches closer to being hit with unprecedented $15 policy at all locations in the state,success,0.250372,0.315641,0.736721,0.252514,0.446909,0.051738,0.234313,0.0,0.026563,0.025032,0.036971,0.017686
simulation_ui_20260918_000717_01_01_ssss,01,01,SSSS,01 · SSSS,80e1561246e5483a76211bd892a06bcb,4,p4,4. Investigative skeptic,Aldi inches closer to being hit with unprecedented $15 policy at all locations in the state,success,0.338368,0.27526,1.011981,0.252514,0.418332,0.25,0.417032,0.0,0.029292,0.029353,0.045526,0.012997
simulation_ui_20260918_000717_01_01_ssss,01,01,SSSS,01 · SSSS,954401161f2ebcd5c5ec0961fa417e31,1,p1,1. Investigative skeptic,Biodiversity strategy is a must for mining companies,success,0.327911,0.327911,0.327911,0.116264,0.400133,0.333333,0.457077,0.0,0.008977,0.010135,0.000722,0.016074
simulation_ui_20260918_000717_01_01_ssss,01,01,SSSS,01 · SSSS,954401161f2ebcd5c5ec0961fa417e31,2,p2,2. Investigative skeptic,Biodiversity strategy is a must for mining companies,success,0.227322,0.297002,0.624913,0.117532,0.544364,0.0,0.242101,0.0,0.008543,0.002818,0.011547,0.011265
simulation_ui_20260918_000717_01_01_ssss,01,01,SSSS,01 · SSSS,954401161f2ebcd5c5ec0961fa417e31,3,p3,3. Investigative skeptic,Biodiversity strategy is a must for mining companies,success,0.171402,0.139003,0.763916,0.0,0.405346,0.0,0.265362,0.0,0.022379,0.02917,0.017016,0.020951
simulation_ui_20260918_000717_01_01_ssss,01,01,SSSS,01 · SSSS,954401161f2ebcd5c5ec0961fa417e31,4,p4,4. Investigative skeptic,Biodiversity strategy is a must for mining companies,success,0.242495,0.115413,0.879329,0.032109,0.616787,0.0,0.306971,0.0,0.023179,0.026724,0.020738,0.022074
simulation_ui_20260918_000717_01_01_ssss,01,01,SSSS,01 · SSSS,96039628b3a89f4a9134fd1dc3b666d7,1,p1,1. Investigative skeptic,Air travel to become expensive from April 1? Civil Aviation Minister clarifies amid Middle East crisis,success,0.305947,0.305947,0.305947,0.087054,0.429449,0.317319,0.364678,0.0,0.04513,0.039391,0.083541,0.012457
simulation_ui_20260918_000717_01_01_ssss,01,01,SSSS,01 · SSSS,96039628b3a89f4a9134fd1dc3b666d7,2,p2,2. Investigative skeptic,Air travel to become expensive from April 1? Civil Aviation Minister clarifies amid Middle East crisis,success,0.423846,0.286616,0.592563,0.194216,0.543295,0.317319,0.624551,0.0,0.034481,0.013285,0.085909,0.004248
simulation_ui_20260918_000717_01_01_ssss,01,01,SSSS,01 · SSSS,96039628b3a89f4a9134fd1dc3b666d7,3,p3,3. Investigative skeptic,Air travel to become expensive from April 1? Civil Aviation Minister clarifies amid Middle East crisis,success,0.449249,0.216847,0.80941,0.488687,0.437555,0.317319,0.534576,0.0,0.042444,0.02409,0.096041,0.007202
simulation_ui_20260918_000717_01_01_ssss,01,01,SSSS,01 · SSSS,96039628b3a89f4a9134fd1dc3b666d7,4,p4,4. Investigative skeptic,Air travel to become expensive from April 1? Civil Aviation Minister clarifies amid Middle East crisis,success,0.385209,0.226285,1.035695,0.34137,0.437555,0.317319,0.422366,0.0,0.044782,0.035357,0.095676,0.003313
simulation_ui_20260918_000717_01_01_ssss,01,01,SSSS,01 · SSSS,9dee564f6a8f10132f19e6a4b2b8e1a7,1,p1,1. Investigative skeptic,"Better and Coinbase Launch the First Token-Backed, Conforming Mortgage",success,0.247184,0.247184,0.247184,0.020224,0.437741,0.247469,0.267425,0.0,0.026225,0.032725,0.014316,0.031635
simulation_ui_20260918_000717_01_01_ssss,01,01,SSSS,01 · SSSS,9dee564f6a8f10132f19e6a4b2b8e1a7,2,p2,2. Investigative skeptic,"Better and Coinbase Launch the First Token-Backed, Conforming Mortgage",success,0.213882,0.22292,0.470104,0.042199,0.208489,0.21387,0.364877,0.0,0.041149,0.05827,0.029022,0.036155
simulation_ui_20260918_000717_01_01_ssss,01,01,SSSS,01 · SSSS,9dee564f6a8f10132f19e6a4b2b8e1a7,3,p3,3. Investigative skeptic,"Better and Coinbase Launch the First Token-Backed, Conforming Mortgage",success,0.28205,0.207192,0.677296,0.020224,0.601493,0.21387,0.267861,0.0,0.042726,0.055028,0.036045,0.037106
simulation_ui_20260918_000717_01_01_ssss,01,01,SSSS,01 · SSSS,9dee564f6a8f10132f19e6a4b2b8e1a7,4,p4,4. Investigative skeptic,"Better and Coinbase Launch the First Token-Backed, Conforming Mortgage",success,0.227076,0.201521,0.878817,0.0,0.363134,0.21387,0.306192,0.0,0.040281,0.047388,0.036055,0.0374
simulation_ui_20260918_000717_01_01_ssss,01,01,SSSS,01 · SSSS,a83c7d9bd4c9948f8104f95aa8914a60,1,p1,1. Investigative skeptic,Another cinema in Singapore is closing... but the big,success,0.025112,0.025112,0.025112,0.045288,0.0,0.0,0.045353,0.0,0.012542,0.022247,0.005965,0.009415
simulation_ui_20260918_000717_01_01_ssss,01,01,SSSS,01 · SSSS,a83c7d9bd4c9948f8104f95aa8914a60,2,p2,2. Investigative skeptic,Another cinema in Singapore is closing... but the big,success,0.110571,0.10424,0.129352,0.038009,0.114431,0.049795,0.234499,0.0,0.007785,0.014747,0.001558,0.00705
simulation_ui_20260918_000717_01_01_ssss,01,01,SSSS,01 · SSSS,a83c7d9bd4c9948f8104f95aa8914a60,3,p3,3. Investigative skeptic,Another cinema in Singapore is closing... but the big,success,0.188351,0.224771,0.354123,0.112406,0.373733,0.125,0.135851,0.0,0.009861,0.018111,0.00484,0.006633
simulation_ui_20260918_000717_01_01_ssss,01,01,SSSS,01 · SSSS,a83c7d9bd4c9948f8104f95aa8914a60,4,p4,4. Investigative skeptic,Another cinema in Singapore is closing... but the big,success,0.168525,0.203795,0.557918,0.031358,0.283325,0.125,0.232678,0.0,0.002611,0.002553,0.003492,0.001789
simulation_ui_20260918_000717_01_01_ssss,01,01,SSSS,01 · SSSS,b8147bef700007b0dbccc9eaf88c04ac,1,p1,1. Investigative skeptic,CLEO Expands Its Reach as Crypto Prop Traders Rally Around the Prop Firm Trading Platform Built for Them,success,0.298631,0.298631,0.298631,0.111107,0.408187,0.300684,0.359287,0.0,0.02705,0.022815,0.043627,0.014709
simulation_ui_20260918_000717_01_01_ssss,01,01,SSSS,01 · SSSS,b8147bef700007b0dbccc9eaf88c04ac,2,p2,2. Investigative skeptic,CLEO Expands Its Reach as Crypto Prop Traders Rally Around the Prop Firm Trading Platform Built for Them,success,0.27381,0.11492,0.413551,0.151955,0.408187,0.300684,0.217248,0.0,0.029374,0.019855,0.051767,0.0165
simulation_ui_20260918_000717_01_01_ssss,01,01,SSSS,01 · SSSS,b8147bef700007b0dbccc9eaf88c04ac,3,p3,3. Investigative skeptic,CLEO Expands Its Reach as Crypto Prop Traders Rally Around the Prop Firm Trading Platform Built for Them,success,0.28333,0.065849,0.4794,0.160832,0.453373,0.300684,0.203181,0.0,0.026455,0.018338,0.044312,0.016715
simulation_ui_20260918_000717_01_01_ssss,01,01,SSSS,01 · SSSS,b8147bef700007b0dbccc9eaf88c04ac,4,p4,4. Investigative skeptic,CLEO Expands Its Reach as Crypto Prop Traders Rally Around the Prop Firm Trading Platform Built for Them,success,0.324705,0.153477,0.632877,0.148778,0.408187,0.300684,0.422005,0.0,0.035224,0.03095,0.053546,0.021177
simulation_ui_20260918_000717_01_01_ssss,01,01,SSSS,01 · SSSS,c24889258ff4d93fcb33d3ad9328f7e5,1,p1,1. Investigative skeptic,Clearlake buys Qualus from New Mountain amid soaring power demand; KKR’s exit provides CoolIT employees with handsome payout,success,0.159501,0.159501,0.159501,0.373932,0.075825,0.0,0.142743,0.0,0.066773,0.086153,0.05761,0.056557
simulation_ui_20260918_000717_01_01_ssss,01,01,SSSS,01 · SSSS,c24889258ff4d93fcb33d3ad9328f7e5,2,p2,2. Investigative skeptic,Clearlake buys Qualus from New Mountain amid soaring power demand; KKR’s exit provides CoolIT employees with handsome payout,success,0.100554,0.150868,0.310369,0.030907,0.050179,0.019876,0.250259,0.0,0.06988,0.09555,0.057949,0.056141
simulation_ui_20260918_000717_01_01_ssss,01,01,SSSS,01 · SSSS,c24889258ff4d93fcb33d3ad9328f7e5,3,p3,3. Investigative skeptic,Clearlake buys Qualus from New Mountain amid soaring power demand; KKR’s exit provides CoolIT employees with handsome payout,success,0.239429,0.236405,0.546774,0.452471,0.167224,0.0,0.292395,0.0,0.073879,0.089833,0.070404,0.0614
simulation_ui_20260918_000717_01_01_ssss,01,01,SSSS,01 · SSSS,c24889258ff4d93fcb33d3ad9328f7e5,4,p4,4. Investigative skeptic,Clearlake buys Qualus from New Mountain amid soaring power demand; KKR’s exit provides CoolIT employees with handsome payout,success,0.310342,0.1929,0.739674,0.434882,0.535319,0.0,0.230646,0.0,0.072382,0.098066,0.064263,0.054817
simulation_ui_20260918_000717_01_01_ssss,01,01,SSSS,01 · SSSS,c431d4ae9339f97a7ca5409d975805a3,1,p1,1. Investigative skeptic,Anavex Life Sciences Stock Is Deeply Oversold. Should You Buy the Dip?,success,0.267496,0.267496,0.267496,0.223513,0.374579,0.056213,0.406812,0.0,0.015086,0.025389,0.010727,0.009143
simulation_ui_20260918_000717_01_01_ssss,01,01,SSSS,01 · SSSS,c431d4ae9339f97a7ca5409d975805a3,2,p2,2. Investigative skeptic,Anavex Life Sciences Stock Is Deeply Oversold. Should You Buy the Dip?,success,0.430614,0.257812,0.525308,0.370895,0.644158,0.30112,0.398815,0.0,0.016343,0.017527,0.019311,0.012191
simulation_ui_20260918_000717_01_01_ssss,01,01,SSSS,01 · SSSS,c431d4ae9339f97a7ca5409d975805a3,3,p3,3. Investigative skeptic,Anavex Life Sciences Stock Is Deeply Oversold. Should You Buy the Dip?,success,0.384566,0.168027,0.693335,0.370895,0.577752,0.301744,0.278934,0.0,0.018094,0.026694,0.020621,0.006967
simulation_ui_20260918_000717_01_01_ssss,01,01,SSSS,01 · SSSS,c431d4ae9339f97a7ca5409d975805a3,4,p4,4. Investigative skeptic,Anavex Life Sciences Stock Is Deeply Oversold. Should You Buy the Dip?,success,0.29831,0.218546,0.911881,0.236149,0.476012,0.178527,0.295272,0.0,0.012935,0.02271,0.011826,0.004268
simulation_ui_20260918_000717_01_01_ssss,01,01,SSSS,01 · SSSS,ce21e05271d5e7a4e182ceb46e706964,1,p1,1. Investigative skeptic,"Arizona opinion: European mandate means costlier food, groceries",success,0.250614,0.250614,0.250614,0.152251,0.380947,0.373965,0.086658,0.0,0.014363,0.007487,0.01865,0.016953
simulation_ui_20260918_000717_01_01_ssss,01,01,SSSS,01 · SSSS,ce21e05271d5e7a4e182ceb46e706964,2,p2,2. Investigative skeptic,"Arizona opinion: European mandate means costlier food, groceries",success,0.326939,0.156659,0.407273,0.291587,0.532101,0.373965,0.102871,0.0,0.013394,0.006072,0.0281,0.006009
simulation_ui_20260918_000717_01_01_ssss,01,01,SSSS,01 · SSSS,ce21e05271d5e7a4e182ceb46e706964,3,p3,3. Investigative skeptic,"Arizona opinion: European mandate means costlier food, groceries",success,0.212364,0.307276,0.714549,0.152251,0.269651,0.099767,0.314461,0.0,0.021057,0.016856,0.024241,0.022074
simulation_ui_20260918_000717_01_01_ssss,01,01,SSSS,01 · SSSS,ce21e05271d5e7a4e182ceb46e706964,4,p4,4. Investigative skeptic,"Arizona opinion: European mandate means costlier food, groceries",success,0.194457,0.095555,0.810104,0.03033,0.378619,0.099767,0.255074,0.0,0.021691,0.007505,0.027797,0.029772
simulation_ui_20260918_000717_01_01_ssss,01,01,SSSS,01 · SSSS,d66c6c1dfd9c66c9f17f51b8a1ecc92d,1,p1,1. Investigative skeptic,"Cadre Holdings to Acquire Assets of Tedder Industries, Including Alien Gear Holsters",success,0.026501,0.026501,0.026501,0.0,0.092162,0.0,0.0,0.0,0.017713,0.008588,0.026041,0.018509
simulation_ui_20260918_000717_01_01_ssss,01,01,SSSS,01 · SSSS,d66c6c1dfd9c66c9f17f51b8a1ecc92d,2,p2,2. Investigative skeptic,"Cadre Holdings to Acquire Assets of Tedder Industries, Including Alien Gear Holsters",success,0.030376,0.005016,0.031517,0.0,0.092162,0.0,0.01778,0.0,0.014862,0.008615,0.020487,0.015485
simulation_ui_20260918_000717_01_01_ssss,01,01,SSSS,01 · SSSS,d66c6c1dfd9c66c9f17f51b8a1ecc92d,3,p3,3. Investigative skeptic,"Cadre Holdings to Acquire Assets of Tedder Industries, Including Alien Gear Holsters",success,0.031946,0.02749,0.059007,0.006403,0.101183,0.0,0.004978,0.0,0.019576,0.01763,0.024544,0.016555
simulation_ui_20260918_000717_01_01_ssss,01,01,SSSS,01 · SSSS,d66c6c1dfd9c66c9f17f51b8a1ecc92d,4,p4,4. Investigative skeptic,"Cadre Holdings to Acquire Assets of Tedder Industries, Including Alien Gear Holsters",success,0.092829,0.088428,0.147435,0.002474,0.092162,0.0,0.264015,0.0,0.017392,0.01615,0.023547,0.012479
simulation_ui_20260918_000717_01_01_ssss,01,01,SSSS,01 · SSSS,de1ef9dc3d1297e42a2fb05392a32d49,1,p1,1. Investigative skeptic,Constellation Software Inc. (CSU) to Issue Quarterly Dividend of $1.00 on April 15th,success,0.111406,0.111406,0.111406,0.020507,0.087628,0.088043,0.241991,0.0,0.010465,0.010283,0.006132,0.014979
simulation_ui_20260918_000717_01_01_ssss,01,01,SSSS,01 · SSSS,de1ef9dc3d1297e42a2fb05392a32d49,2,p2,2. Investigative skeptic,Constellation Software Inc. (CSU) to Issue Quarterly Dividend of $1.00 on April 15th,success,0.177613,0.158956,0.270362,0.095813,0.149564,0.088043,0.369067,0.0,0.012079,0.018229,0.000155,0.017854
simulation_ui_20260918_000717_01_01_ssss,01,01,SSSS,01 · SSSS,de1ef9dc3d1297e42a2fb05392a32d49,3,p3,3. Investigative skeptic,Constellation Software Inc. (CSU) to Issue Quarterly Dividend of $1.00 on April 15th,success,0.197205,0.059784,0.330146,0.01515,0.309605,0.088043,0.369067,0.0,0.010803,0.011793,0.006068,0.014548
simulation_ui_20260918_000717_01_01_ssss,01,01,SSSS,01 · SSSS,de1ef9dc3d1297e42a2fb05392a32d49,4,p4,4. Investigative skeptic,Constellation Software Inc. (CSU) to Issue Quarterly Dividend of $1.00 on April 15th,success,0.205947,0.019508,0.349654,0.056323,0.309605,0.088043,0.362862,0.0,0.010926,0.012889,0.010978,0.00891
simulation_ui_20260918_000717_01_01_ssss,01,01,SSSS,01 · SSSS,e0d8c78139dd28d077ec2c768043d7ca,1,p1,1. Investigative skeptic,Change in LHV Group Audit Committee,success,0.191315,0.191315,0.191315,0.092215,0.538777,0.034887,0.097727,0.0,0.002558,0.000751,0.004204,0.002719
simulation_ui_20260918_000717_01_01_ssss,01,01,SSSS,01 · SSSS,e0d8c78139dd28d077ec2c768043d7ca,2,p2,2. Investigative skeptic,Change in LHV Group Audit Committee,success,0.197015,0.123331,0.314646,0.103262,0.560247,0.003154,0.116683,0.0,0.00733,0.005504,0.014765,0.00172
simulation_ui_20260918_000717_01_01_ssss,01,01,SSSS,01 · SSSS,e0d8c78139dd28d077ec2c768043d7ca,3,p3,3. Investigative skeptic,Change in LHV Group Audit Committee,success,0.239618,0.174936,0.489582,0.093388,0.759959,0.010183,0.091722,0.0,0.00529,0.007049,0.007535,0.001287
simulation_ui_20260918_000717_01_01_ssss,01,01,SSSS,01 · SSSS,e0d8c78139dd28d077ec2c768043d7ca,4,p4,4. Investigative skeptic,Change in LHV Group Audit Committee,success,0.226132,0.205528,0.69511,0.103262,0.598868,0.011714,0.184351,0.0,0.010206,0.008569,0.015593,0.006456
simulation_ui_20260918_000717_01_01_ssss,01,01,SSSS,01 · SSSS,e42774600d5c0fd2405b181105990603,1,p1,1. Investigative skeptic,Canada is losing more air traffic controllers than it’s hiring: aviation expert,success,0.124458,0.124458,0.124458,0.151764,0.031025,0.068835,0.238589,0.0,0.010854,0.015048,0.003923,0.013591
simulation_ui_20260918_000717_01_01_ssss,01,01,SSSS,01 · SSSS,e42774600d5c0fd2405b181105990603,2,p2,2. Investigative skeptic,Canada is losing more air traffic controllers than it’s hiring: aviation expert,success,0.14349,0.078389,0.202847,0.159143,0.059789,0.068835,0.275427,0.0,0.01566,0.021511,0.005645,0.019823
simulation_ui_20260918_000717_01_01_ssss,01,01,SSSS,01 · SSSS,e42774600d5c0fd2405b181105990603,3,p3,3. Investigative skeptic,Canada is losing more air traffic controllers than it’s hiring: aviation expert,success,0.305948,0.259019,0.461866,0.166304,0.333333,0.068835,0.639913,0.0,0.027593,0.04913,0.016792,0.016857
simulation_ui_20260918_000717_01_01_ssss,01,01,SSSS,01 · SSSS,e42774600d5c0fd2405b181105990603,4,p4,4. Investigative skeptic,Canada is losing more air traffic controllers than it’s hiring: aviation expert,success,0.285048,0.311373,0.773239,0.112851,0.512714,0.068835,0.426417,0.0,0.03365,0.045956,0.027546,0.027449
simulation_ui_20260918_000717_01_01_ssss,01,01,SSSS,01 · SSSS,e68862b7bac57065b34e1018a51ce3f2,1,p1,1. Investigative skeptic,"Cruisebound Launches ""Search by Map,"" Redefining How Travelers Discover Cruises",success,0.257986,0.257986,0.257986,0.108689,0.487124,0.0,0.420499,0.0,0.026193,0.020773,0.048635,0.00917
simulation_ui_20260918_000717_01_01_ssss,01,01,SSSS,01 · SSSS,e68862b7bac57065b34e1018a51ce3f2,2,p2,2. Investigative skeptic,"Cruisebound Launches ""Search by Map,"" Redefining How Travelers Discover Cruises",success,0.334869,0.26917,0.527156,0.024561,0.557861,0.333333,0.402089,0.0,0.040327,0.040193,0.050473,0.030316
simulation_ui_20260918_000717_01_01_ssss,01,01,SSSS,01 · SSSS,e68862b7bac57065b34e1018a51ce3f2,3,p3,3. Investigative skeptic,"Cruisebound Launches ""Search by Map,"" Redefining How Travelers Discover Cruises",success,0.335751,0.085887,0.613043,0.018687,0.55994,0.333333,0.402718,0.0,0.052744,0.049765,0.070673,0.037794
simulation_ui_20260918_000717_01_01_ssss,01,01,SSSS,01 · SSSS,e68862b7bac57065b34e1018a51ce3f2,4,p4,4. Investigative skeptic,"Cruisebound Launches ""Search by Map,"" Redefining How Travelers Discover Cruises",success,0.384846,0.27992,0.892963,0.016968,0.569139,0.333333,0.316723,0.5,0.053945,0.061221,0.069807,0.030807
simulation_ui_20260918_000717_01_01_ssss,01,01,SSSS,01 · SSSS,ea67fb6d8317500951f4bf21966a33ea,1,p1,1. Investigative skeptic,China's 'Africa Diaper King' Delivers Strong Annual Profit Post-IPO,success,0.277332,0.277332,0.277332,0.093725,0.526284,0.171719,0.308337,0.0,0.015968,0.023009,0.019874,0.005021
simulation_ui_20260918_000717_01_01_ssss,01,01,SSSS,01 · SSSS,ea67fb6d8317500951f4bf21966a33ea,2,p2,2. Investigative skeptic,China's 'Africa Diaper King' Delivers Strong Annual Profit Post-IPO,success,0.239078,0.210951,0.488283,0.174126,0.321229,0.171719,0.274485,0.0,0.024119,0.030062,0.027975,0.01432
simulation_ui_20260918_000717_01_01_ssss,01,01,SSSS,01 · SSSS,ea67fb6d8317500951f4bf21966a33ea,3,p3,3. Investigative skeptic,China's 'Africa Diaper King' Delivers Strong Annual Profit Post-IPO,success,0.23872,0.209181,0.697464,0.149034,0.205546,0.337278,0.248164,0.0,0.02428,0.025401,0.035097,0.012343
simulation_ui_20260918_000717_01_01_ssss,01,01,SSSS,01 · SSSS,ea67fb6d8317500951f4bf21966a33ea,4,p4,4. Investigative skeptic,China's 'Africa Diaper King' Delivers Strong Annual Profit Post-IPO,success,0.251873,0.196204,0.893668,0.123585,0.445686,0.171719,0.25413,0.0,0.020588,0.024269,0.025885,0.01161
simulation_ui_20260918_000717_01_01_ssss,01,01,SSSS,01 · SSSS,edd97daf51d7e0bb7d9da3f3e2c9bfa8,1,p1,1. Investigative skeptic,Amazon and Walmart fined for selling banned refrigerant in Washington state,success,0.13111,0.13111,0.13111,0.0,0.113488,0.0,0.400533,0.0,0.014946,0.014962,0.008313,0.021564
simulation_ui_20260918_000717_01_01_ssss,01,01,SSSS,01 · SSSS,edd97daf51d7e0bb7d9da3f3e2c9bfa8,2,p2,2. Investigative skeptic,Amazon and Walmart fined for selling banned refrigerant in Washington state,success,0.169448,0.276886,0.407996,0.010947,0.396184,0.25,0.010702,0.0,0.014946,0.014962,0.008313,0.021564
simulation_ui_20260918_000717_01_01_ssss,01,01,SSSS,01 · SSSS,edd97daf51d7e0bb7d9da3f3e2c9bfa8,3,p3,3. Investigative skeptic,Amazon and Walmart fined for selling banned refrigerant in Washington state,success,0.143914,0.225215,0.633211,0.010947,0.497378,0.0,0.057065,0.0,0.014946,0.014962,0.008313,0.021564
simulation_ui_20260918_000717_01_01_ssss,01,01,SSSS,01 · SSSS,edd97daf51d7e0bb7d9da3f3e2c9bfa8,4,p4,4. Investigative skeptic,Amazon and Walmart fined for selling banned refrigerant in Washington state,success,0.220549,0.156815,0.790026,0.046275,0.531586,0.25,0.047638,0.0,0.010715,0.012594,0.003537,0.016014
simulation_ui_20260918_000717_01_01_ssss,01,01,SSSS,01 · SSSS,efc05dd0bbe1b970e1f97452c3e0b5a4,1,p1,1. Investigative skeptic,Blackstone (BX) Slipped Amid Private Credit Concerns Despite Strong Long-Term Outlook,success,0.079771,0.079771,0.079771,0.0,0.100734,0.2,0.012431,0.0,0.008025,0.008004,0.010823,0.005249
simulation_ui_20260918_000717_01_01_ssss,01,01,SSSS,01 · SSSS,efc05dd0bbe1b970e1f97452c3e0b5a4,2,p2,2. Investigative skeptic,Blackstone (BX) Slipped Amid Private Credit Concerns Despite Strong Long-Term Outlook,success,0.160809,0.08417,0.163941,0.0,0.100734,0.224685,0.310525,0.0,0.01084,0.012186,0.018975,0.00136
simulation_ui_20260918_000717_01_01_ssss,01,01,SSSS,01 · SSSS,efc05dd0bbe1b970e1f97452c3e0b5a4,3,p3,3. Investigative skeptic,Blackstone (BX) Slipped Amid Private Credit Concerns Despite Strong Long-Term Outlook,success,0.252935,0.11412,0.278061,0.021585,0.437479,0.224685,0.321004,0.0,0.011665,0.007385,0.024676,0.002935
simulation_ui_20260918_000717_01_01_ssss,01,01,SSSS,01 · SSSS,efc05dd0bbe1b970e1f97452c3e0b5a4,4,p4,4. Investigative skeptic,Blackstone (BX) Slipped Amid Private Credit Concerns Despite Strong Long-Term Outlook,success,0.177736,0.129579,0.40764,0.0,0.158588,0.224685,0.321004,0.0,0.010114,0.007352,0.013264,0.009726
simulation_ui_20260918_000717_01_01_ssss,01,01,SSSS,01 · SSSS,f46dd28ab257311f8706feca1dc99708,1,p1,1. Investigative skeptic,Bevvy: Downtown’s New ‘Dirty’ Soda,success,0.207968,0.207968,0.207968,0.045377,0.523737,0.0,0.251905,0.0,0.017069,0.018371,0.022763,0.010072
simulation_ui_20260918_000717_01_01_ssss,01,01,SSSS,01 · SSSS,f46dd28ab257311f8706feca1dc99708,2,p2,2. Investigative skeptic,Bevvy: Downtown’s New ‘Dirty’ Soda,success,0.233326,0.164043,0.372011,0.250319,0.336326,0.0,0.319564,0.0,0.043791,0.045834,0.048363,0.037177
simulation_ui_20260918_000717_01_01_ssss,01,01,SSSS,01 · SSSS,f46dd28ab257311f8706feca1dc99708,3,p3,3. Investigative skeptic,Bevvy: Downtown’s New ‘Dirty’ Soda,success,0.241494,0.008904,0.380915,0.250319,0.359936,0.0,0.319564,0.0,0.058884,0.058242,0.065828,0.052581
simulation_ui_20260918_000717_01_01_ssss,01,01,SSSS,01 · SSSS,f46dd28ab257311f8706feca1dc99708,4,p4,4. Investigative skeptic,Bevvy: Downtown’s New ‘Dirty’ Soda,success,0.236727,0.02454,0.405455,0.267344,0.336326,0.0,0.314114,0.0,0.047246,0.049204,0.060064,0.032471
simulation_ui_20260918_000717_01_01_ssss,01,01,SSSS,01 · SSSS,f7a4ad54b51a7d28de6970e46285b0f2,1,p1,1. Investigative skeptic,5G Services Market Surges to $497.24 billion by 2028 | CAGR 19.3%,success,0.244015,0.244015,0.244015,0.0,0.399101,0.090919,0.474925,0.0,0.018313,0.019128,0.025716,0.010095
simulation_ui_20260918_000717_01_01_ssss,01,01,SSSS,01 · SSSS,f7a4ad54b51a7d28de6970e46285b0f2,2,p2,2. Investigative skeptic,5G Services Market Surges to $497.24 billion by 2028 | CAGR 19.3%,success,0.229637,0.111318,0.355333,0.03639,0.399101,0.0,0.466471,0.0,0.026767,0.032464,0.037553,0.010283
simulation_ui_20260918_000717_01_01_ssss,01,01,SSSS,01 · SSSS,f7a4ad54b51a7d28de6970e46285b0f2,3,p3,3. Investigative skeptic,5G Services Market Surges to $497.24 billion by 2028 | CAGR 19.3%,success,0.233534,0.028527,0.38386,0.03639,0.399101,0.0,0.4909,0.0,0.012598,0.024415,0.003788,0.00959
simulation_ui_20260918_000717_01_01_ssss,01,01,SSSS,01 · SSSS,f7a4ad54b51a7d28de6970e46285b0f2,4,p4,4. Investigative skeptic,5G Services Market Surges to $497.24 billion by 2028 | CAGR 19.3%,success,0.240255,0.175472,0.559332,0.0,0.399101,0.090919,0.45482,0.0,0.02648,0.052554,0.025007,0.001878
simulation_ui_20260918_000717_01_01_ssss,01,01,SSSS,01 · SSSS,ff437d173cf94bd173d62a3ee1c4dc9e,1,p1,1. Investigative skeptic,Deputy minister: Belarus is among global leaders in dairy and meat exports,success,0.231475,0.231475,0.231475,0.280346,0.385061,0.099567,0.15292,0.0,0.012985,0.023533,0.011034,0.004389
simulation_ui_20260918_000717_01_01_ssss,01,01,SSSS,01 · SSSS,ff437d173cf94bd173d62a3ee1c4dc9e,2,p2,2. Investigative skeptic,Deputy minister: Belarus is among global leaders in dairy and meat exports,success,0.379007,0.309305,0.54078,0.283187,0.551372,0.25,0.422379,0.0,0.018232,0.017812,0.021532,0.015352
simulation_ui_20260918_000717_01_01_ssss,01,01,SSSS,01 · SSSS,ff437d173cf94bd173d62a3ee1c4dc9e,3,p3,3. Investigative skeptic,Deputy minister: Belarus is among global leaders in dairy and meat exports,success,0.351449,0.141568,0.682348,0.250257,0.49436,0.25,0.401445,0.0,0.018691,0.017845,0.020295,0.017934
simulation_ui_20260918_000717_01_01_ssss,01,01,SSSS,01 · SSSS,ff437d173cf94bd173d62a3ee1c4dc9e,4,p4,4. Investigative skeptic,Deputy minister: Belarus is among global leaders in dairy and meat exports,success,0.305052,0.158794,0.841142,0.267742,0.521881,0.0,0.422379,0.0,0.014717,0.025518,0.006695,0.011938
simulation_ui_20260918_000717_02_02_cccc,02,02,CCCC,02 · CCCC,03d15c304dd6358c32fe4fdcb841b43a,1,p1,1. Conservative,"APO INVESTOR DEADLINE APPROACHING: Faruqi & Faruqi, LLP Reminds Apollo Global Management (APO) Investors of Securities Class Action Deadline on May 1, 2026",success,0.087909,0.087909,0.087909,0.044073,0.127221,0.0,0.173875,0.0,0.008849,0.011309,0.012263,0.002975
simulation_ui_20260918_000717_02_02_cccc,02,02,CCCC,02 · CCCC,03d15c304dd6358c32fe4fdcb841b43a,2,p2,2. Conservative,"APO INVESTOR DEADLINE APPROACHING: Faruqi & Faruqi, LLP Reminds Apollo Global Management (APO) Investors of Securities Class Action Deadline on May 1, 2026",success,0.122097,0.041993,0.129902,0.044073,0.197563,0.0,0.240528,0.0,0.008849,0.011309,0.012263,0.002975
simulation_ui_20260918_000717_02_02_cccc,02,02,CCCC,02 · CCCC,03d15c304dd6358c32fe4fdcb841b43a,3,p3,3. Conservative,"APO INVESTOR DEADLINE APPROACHING: Faruqi & Faruqi, LLP Reminds Apollo Global Management (APO) Investors of Securities Class Action Deadline on May 1, 2026",success,0.205871,0.200263,0.330165,0.044073,0.43883,0.2,0.134257,0.0,0.009934,0.012829,0.014009,0.002963
simulation_ui_20260918_000717_02_02_cccc,02,02,CCCC,02 · CCCC,03d15c304dd6358c32fe4fdcb841b43a,4,p4,4. Conservative,"APO INVESTOR DEADLINE APPROACHING: Faruqi & Faruqi, LLP Reminds Apollo Global Management (APO) Investors of Securities Class Action Deadline on May 1, 2026",success,0.151854,0.141018,0.471183,0.044073,0.141871,0.2,0.213061,0.0,0.012367,0.017191,0.012106,0.007804
simulation_ui_20260918_000717_02_02_cccc,02,02,CCCC,02 · CCCC,03d1d324c6615b5fbc7455135584ac57,1,p1,1. Conservative,Canadian Imperial Bank of Commerce (CM) To Go Ex-Dividend on March 27th,success,0.304799,0.304799,0.304799,0.178528,0.371268,0.400639,0.264147,0.0,0.008283,0.000358,0.019985,0.004507
simulation_ui_20260918_000717_02_02_cccc,02,02,CCCC,02 · CCCC,03d1d324c6615b5fbc7455135584ac57,2,p2,2. Conservative,Canadian Imperial Bank of Commerce (CM) To Go Ex-Dividend on March 27th,success,0.174493,0.14802,0.452819,0.113853,0.278418,0.0,0.300755,0.0,0.007479,0.003237,0.018939,0.000261
simulation_ui_20260918_000717_02_02_cccc,02,02,CCCC,02 · CCCC,03d1d324c6615b5fbc7455135584ac57,3,p3,3. Conservative,Canadian Imperial Bank of Commerce (CM) To Go Ex-Dividend on March 27th,success,0.229429,0.084515,0.537334,0.113853,0.278418,0.0,0.519454,0.0,0.009702,0.002726,0.024549,0.001832
simulation_ui_20260918_000717_02_02_cccc,02,02,CCCC,02 · CCCC,03d1d324c6615b5fbc7455135584ac57,4,p4,4. Conservative,Canadian Imperial Bank of Commerce (CM) To Go Ex-Dividend on March 27th,success,0.193013,0.195275,0.732609,0.113853,0.296641,0.081983,0.273298,0.0,0.009702,0.002726,0.024549,0.001832
simulation_ui_20260918_000717_02_02_cccc,02,02,CCCC,02 · CCCC,0883a2f27500aaeca578c2b397002506,1,p1,1. Conservative,'A crater': Pollster says Trump suffers 'objective measure' of 'failed presidency',success,0.21229,0.21229,0.21229,0.148268,0.0,0.166667,0.531069,0.0,0.005001,0.003892,0.008618,0.002494
simulation_ui_20260918_000717_02_02_cccc,02,02,CCCC,02 · CCCC,0883a2f27500aaeca578c2b397002506,2,p2,2. Conservative,'A crater': Pollster says Trump suffers 'objective measure' of 'failed presidency',success,0.186133,0.164416,0.376706,0.025594,0.173768,0.166667,0.371613,0.0,0.010562,0.011563,0.011781,0.008343
simulation_ui_20260918_000717_02_02_cccc,02,02,CCCC,02 · CCCC,0883a2f27500aaeca578c2b397002506,3,p3,3. Conservative,'A crater': Pollster says Trump suffers 'objective measure' of 'failed presidency',success,0.268248,0.197651,0.574357,0.148268,0.057457,0.437724,0.423627,0.0,0.010088,0.014072,0.012179,0.004012
simulation_ui_20260918_000717_02_02_cccc,02,02,CCCC,02 · CCCC,0883a2f27500aaeca578c2b397002506,4,p4,4. Conservative,'A crater': Pollster says Trump suffers 'objective measure' of 'failed presidency',success,0.200441,0.16279,0.737147,0.200732,0.007856,0.166667,0.419305,0.0,0.011236,0.016291,0.007683,0.009733
simulation_ui_20260918_000717_02_02_cccc,02,02,CCCC,02 · CCCC,0b30ae6eaf7bab834a4906766ba2ecb2,1,p1,1. Conservative,Britain introduces “plug-in” solar panels for homes to tackle the energy crisis caused by the war in Iran,success,0.22942,0.22942,0.22942,0.0,0.33541,0.2,0.372047,0.0,0.016528,0.001914,0.036235,0.011436
simulation_ui_20260918_000717_02_02_cccc,02,02,CCCC,02 · CCCC,0b30ae6eaf7bab834a4906766ba2ecb2,2,p2,2. Conservative,Britain introduces “plug-in” solar panels for homes to tackle the energy crisis caused by the war in Iran,success,0.253523,0.090566,0.319986,0.088252,0.297905,0.2,0.416887,0.0,0.018435,0.031924,0.022231,0.001151
simulation_ui_20260918_000717_02_02_cccc,02,02,CCCC,02 · CCCC,0b30ae6eaf7bab834a4906766ba2ecb2,3,p3,3. Conservative,Britain introduces “plug-in” solar panels for homes to tackle the energy crisis caused by the war in Iran,success,0.308702,0.1241,0.444086,0.141659,0.468328,0.2,0.418232,0.0,0.011884,0.01715,0.015078,0.003424
simulation_ui_20260918_000717_02_02_cccc,02,02,CCCC,02 · CCCC,0b30ae6eaf7bab834a4906766ba2ecb2,4,p4,4. Conservative,Britain introduces “plug-in” solar panels for homes to tackle the energy crisis caused by the war in Iran,success,0.272911,0.169478,0.613564,0.121032,0.297905,0.2,0.464941,0.0,0.013313,0.010756,0.024332,0.00485
simulation_ui_20260918_000717_02_02_cccc,02,02,CCCC,02 · CCCC,0c84c580588b0f1f5c9070df32dfc5a6,1,p1,1. Conservative,"$1,000 ‘Dog Tax Credit’? Americans eye big payout — don’t miss this April date",success,0.091533,0.091533,0.091533,0.0,0.126855,0.015032,0.212972,0.0,0.015464,0.015046,0.023972,0.007375
simulation_ui_20260918_000717_02_02_cccc,02,02,CCCC,02 · CCCC,0c84c580588b0f1f5c9070df32dfc5a6,2,p2,2. Conservative,"$1,000 ‘Dog Tax Credit’? Americans eye big payout — don’t miss this April date",success,0.284951,0.20077,0.292303,0.177785,0.318371,0.353517,0.279066,0.0,0.019271,0.018242,0.031349,0.008223
simulation_ui_20260918_000717_02_02_cccc,02,02,CCCC,02 · CCCC,0c84c580588b0f1f5c9070df32dfc5a6,3,p3,3. Conservative,"$1,000 ‘Dog Tax Credit’? Americans eye big payout — don’t miss this April date",success,0.189707,0.175666,0.467969,0.023641,0.180024,0.258582,0.280743,0.0,0.024313,0.02635,0.036311,0.010279
simulation_ui_20260918_000717_02_02_cccc,02,02,CCCC,02 · CCCC,0c84c580588b0f1f5c9070df32dfc5a6,4,p4,4. Conservative,"$1,000 ‘Dog Tax Credit’? Americans eye big payout — don’t miss this April date",success,0.250825,0.179797,0.647766,0.144415,0.244842,0.33584,0.26397,0.0,0.023635,0.032689,0.029744,0.008472
simulation_ui_20260918_000717_02_02_cccc,02,02,CCCC,02 · CCCC,0ccfe99f5612d8b22298e5942170415d,1,p1,1. Conservative,Cambria Tax Aware ETF (NASDAQ:TAX) Short Interest Down 67.0% in March,success,0.270469,0.270469,0.270469,0.013969,0.588762,0.0,0.471349,0.0,0.01332,0.001073,0.025235,0.013652
simulation_ui_20260918_000717_02_02_cccc,02,02,CCCC,02 · CCCC,0ccfe99f5612d8b22298e5942170415d,2,p2,2. Conservative,Cambria Tax Aware ETF (NASDAQ:TAX) Short Interest Down 67.0% in March,success,0.294708,0.297695,0.568164,0.0,0.436699,0.333333,0.403737,0.0,0.008957,0.007113,0.018072,0.001687
simulation_ui_20260918_000717_02_02_cccc,02,02,CCCC,02 · CCCC,0ccfe99f5612d8b22298e5942170415d,3,p3,3. Conservative,Cambria Tax Aware ETF (NASDAQ:TAX) Short Interest Down 67.0% in March,success,0.220948,0.292402,0.860566,0.013969,0.60825,0.0,0.254554,0.0,0.011237,0.007872,0.014198,0.01164
simulation_ui_20260918_000717_02_02_cccc,02,02,CCCC,02 · CCCC,0ccfe99f5612d8b22298e5942170415d,4,p4,4. Conservative,Cambria Tax Aware ETF (NASDAQ:TAX) Short Interest Down 67.0% in March,success,0.345737,0.260526,1.121092,0.013969,0.544773,0.333333,0.48803,0.0,0.005428,0.000585,0.010156,0.005542
simulation_ui_20260918_000717_02_02_cccc,02,02,CCCC,02 · CCCC,11c9275c35fecd97efe0ba12a17b00da,1,p1,1. Conservative,CPA questions legal basis of GACL takeover of McDan Jet Terminal,success,0.179725,0.179725,0.179725,0.162717,0.25,0.2,0.098334,0.0,0.011935,0.019525,0.00227,0.01401
simulation_ui_20260918_000717_02_02_cccc,02,02,CCCC,02 · CCCC,11c9275c35fecd97efe0ba12a17b00da,2,p2,2. Conservative,CPA questions legal basis of GACL takeover of McDan Jet Terminal,success,0.212668,0.054648,0.234373,0.1697,0.374504,0.2,0.104273,0.0,0.003482,0.007474,0.000268,0.002703
simulation_ui_20260918_000717_02_02_cccc,02,02,CCCC,02 · CCCC,11c9275c35fecd97efe0ba12a17b00da,3,p3,3. Conservative,CPA questions legal basis of GACL takeover of McDan Jet Terminal,success,0.242211,0.155428,0.389801,0.169165,0.25,0.2,0.337109,0.0,0.020647,0.028566,0.013978,0.019398
simulation_ui_20260918_000717_02_02_cccc,02,02,CCCC,02 · CCCC,11c9275c35fecd97efe0ba12a17b00da,4,p4,4. Conservative,CPA questions legal basis of GACL takeover of McDan Jet Terminal,success,0.273518,0.26149,0.651291,0.162717,0.585632,0.2,0.142668,0.0,0.005253,0.005077,0.00255,0.008133
simulation_ui_20260918_000717_02_02_cccc,02,02,CCCC,02 · CCCC,11fde5af588f2d6f6a0c145a6d089324,1,p1,1. Conservative,"BSNL Posts ₹5,000 Crore Profit After 18 Years, Scindia Signals ₹10,000 Crore Target & India Post IPO Plans",success,0.189134,0.189134,0.189134,0.336201,0.301286,0.0,0.116787,0.0,0.003485,0.001745,0.00522,0.003491
simulation_ui_20260918_000717_02_02_cccc,02,02,CCCC,02 · CCCC,11fde5af588f2d6f6a0c145a6d089324,2,p2,2. Conservative,"BSNL Posts ₹5,000 Crore Profit After 18 Years, Scindia Signals ₹10,000 Crore Target & India Post IPO Plans",success,0.257223,0.106998,0.296132,0.353601,0.301286,0.25,0.116606,0.0,0.012419,0.01076,0.02039,0.006106
simulation_ui_20260918_000717_02_02_cccc,02,02,CCCC,02 · CCCC,11fde5af588f2d6f6a0c145a6d089324,3,p3,3. Conservative,"BSNL Posts ₹5,000 Crore Profit After 18 Years, Scindia Signals ₹10,000 Crore Target & India Post IPO Plans",success,0.242142,0.217933,0.514065,0.312387,0.609881,0.0,0.041309,0.0,0.008217,0.008621,0.01511,0.00092
simulation_ui_20260918_000717_02_02_cccc,02,02,CCCC,02 · CCCC,11fde5af588f2d6f6a0c145a6d089324,4,p4,4. Conservative,"BSNL Posts ₹5,000 Crore Profit After 18 Years, Scindia Signals ₹10,000 Crore Target & India Post IPO Plans",success,0.188967,0.212253,0.726318,0.058828,0.337048,0.25,0.101955,0.0,0.012357,0.022471,0.01424,0.000361
simulation_ui_20260918_000717_02_02_cccc,02,02,CCCC,02 · CCCC,17cd8c3587799d6f5551faf3e5895209,1,p1,1. Conservative,"Credit Union of Colorado Foundation invests $50,000 in community college scholarships",success,0.042575,0.042575,0.042575,0.006451,0.16385,0.0,0.0,0.0,0.0,0.0,0.0,0.0
simulation_ui_20260918_000717_02_02_cccc,02,02,CCCC,02 · CCCC,17cd8c3587799d6f5551faf3e5895209,2,p2,2. Conservative,"Credit Union of Colorado Foundation invests $50,000 in community college scholarships",success,0.063852,0.074117,0.116692,0.0,0.114942,0.0,0.133871,0.0,0.008792,0.016079,0.008663,0.001633
simulation_ui_20260918_000717_02_02_cccc,02,02,CCCC,02 · CCCC,17cd8c3587799d6f5551faf3e5895209,3,p3,3. Conservative,"Credit Union of Colorado Foundation invests $50,000 in community college scholarships",success,0.084428,0.108756,0.225448,0.006451,0.207629,0.0,0.111046,0.0,0.017123,0.023406,0.018798,0.009165
simulation_ui_20260918_000717_02_02_cccc,02,02,CCCC,02 · CCCC,17cd8c3587799d6f5551faf3e5895209,4,p4,4. Conservative,"Credit Union of Colorado Foundation invests $50,000 in community college scholarships",success,0.202056,0.159498,0.384946,0.075508,0.254295,0.333333,0.134866,0.0,0.015963,0.024484,0.016218,0.007187
simulation_ui_20260918_000717_02_02_cccc,02,02,CCCC,02 · CCCC,1e83ba34429a85f3fbafdb5671e23f1d,1,p1,1. Conservative,Delhi PWD Accelerates PNG Pipeline Laying with 24-Hour Approvals,success,0.225365,0.225365,0.225365,0.213578,0.358453,0.0,0.324856,0.0,0.00737,0.00891,0.002097,0.011104
simulation_ui_20260918_000717_02_02_cccc,02,02,CCCC,02 · CCCC,1e83ba34429a85f3fbafdb5671e23f1d,2,p2,2. Conservative,Delhi PWD Accelerates PNG Pipeline Laying with 24-Hour Approvals,success,0.17265,0.205433,0.430798,0.242586,0.139085,0.0,0.301443,0.0,0.011285,0.007412,0.011971,0.014471
simulation_ui_20260918_000717_02_02_cccc,02,02,CCCC,02 · CCCC,1e83ba34429a85f3fbafdb5671e23f1d,3,p3,3. Conservative,Delhi PWD Accelerates PNG Pipeline Laying with 24-Hour Approvals,success,0.272733,0.178026,0.608824,0.213578,0.311982,0.236142,0.325208,0.0,0.006903,0.017557,0.001544,0.001607
simulation_ui_20260918_000717_02_02_cccc,02,02,CCCC,02 · CCCC,1e83ba34429a85f3fbafdb5671e23f1d,4,p4,4. Conservative,Delhi PWD Accelerates PNG Pipeline Laying with 24-Hour Approvals,success,0.268869,0.039927,0.648751,0.172452,0.386153,0.236142,0.275707,0.0,0.008572,0.006778,0.01264,0.006297
simulation_ui_20260918_000717_02_02_cccc,02,02,CCCC,02 · CCCC,1eb77463838b3d1f2ea74f8bfa272767,1,p1,1. Conservative,Afghanistan urges regional water cooperation at Tashkent Forum,success,0.148263,0.148263,0.148263,0.002676,0.293951,0.281032,0.013964,0.0,0.002097,0.002942,0.000457,0.002891
simulation_ui_20260918_000717_02_02_cccc,02,02,CCCC,02 · CCCC,1eb77463838b3d1f2ea74f8bfa272767,2,p2,2. Conservative,Afghanistan urges regional water cooperation at Tashkent Forum,success,0.018048,0.134981,0.283244,0.002676,0.058601,0.000641,0.007217,0.0,0.003887,0.000835,0.004806,0.006021
simulation_ui_20260918_000717_02_02_cccc,02,02,CCCC,02 · CCCC,1eb77463838b3d1f2ea74f8bfa272767,3,p3,3. Conservative,Afghanistan urges regional water cooperation at Tashkent Forum,success,0.199502,0.189104,0.472348,0.002676,0.355725,0.051919,0.385955,0.0,0.002706,0.002762,0.002542,0.002815
simulation_ui_20260918_000717_02_02_cccc,02,02,CCCC,02 · CCCC,1eb77463838b3d1f2ea74f8bfa272767,4,p4,4. Conservative,Afghanistan urges regional water cooperation at Tashkent Forum,success,0.240469,0.086547,0.558895,0.002676,0.350812,0.251919,0.353315,0.0,0.005184,0.008988,0.004587,0.001977
simulation_ui_20260918_000717_02_02_cccc,02,02,CCCC,02 · CCCC,20df5253ec5e5a2623c8823c2b38083b,1,p1,1. Conservative,Contango ORE (NYSEAMERICAN:CTGO) Now Covered by Analysts at Canaccord Genuity Group,success,0.306954,0.306954,0.306954,0.090707,0.411658,0.333333,0.387781,0.0,0.007813,0.017184,0.000544,0.005712
simulation_ui_20260918_000717_02_02_cccc,02,02,CCCC,02 · CCCC,20df5253ec5e5a2623c8823c2b38083b,2,p2,2. Conservative,Contango ORE (NYSEAMERICAN:CTGO) Now Covered by Analysts at Canaccord Genuity Group,success,0.217118,0.108651,0.415605,0.010982,0.117391,0.333333,0.4045,0.0,0.003617,0.003118,0.00309,0.004642
simulation_ui_20260918_000717_02_02_cccc,02,02,CCCC,02 · CCCC,20df5253ec5e5a2623c8823c2b38083b,3,p3,3. Conservative,Contango ORE (NYSEAMERICAN:CTGO) Now Covered by Analysts at Canaccord Genuity Group,success,0.353574,0.229813,0.645418,0.088,0.586593,0.333333,0.4045,0.0,0.003617,0.003118,0.00309,0.004642
simulation_ui_20260918_000717_02_02_cccc,02,02,CCCC,02 · CCCC,20df5253ec5e5a2623c8823c2b38083b,4,p4,4. Conservative,Contango ORE (NYSEAMERICAN:CTGO) Now Covered by Analysts at Canaccord Genuity Group,success,0.38945,0.13704,0.782458,0.089727,0.716836,0.333333,0.411568,0.0,0.012935,0.023371,0.012106,0.003328
simulation_ui_20260918_000717_02_02_cccc,02,02,CCCC,02 · CCCC,285f86ba6e2a489c2d4a3ab84f18a6a4,1,p1,1. Conservative,Company Banned from Marketing Business Opportunities to Settle FTC Charges it Misled Consumers About Earnings Potential,success,0.360686,0.360686,0.360686,1.0,0.302047,0.036088,0.09701,0.0,0.01481,0.018382,0.018041,0.008007
simulation_ui_20260918_000717_02_02_cccc,02,02,CCCC,02 · CCCC,285f86ba6e2a489c2d4a3ab84f18a6a4,2,p2,2. Conservative,Company Banned from Marketing Business Opportunities to Settle FTC Charges it Misled Consumers About Earnings Potential,success,0.440144,0.231966,0.592652,1.0,0.065787,0.397555,0.289539,0.0,0.017123,0.015213,0.028015,0.00814
simulation_ui_20260918_000717_02_02_cccc,02,02,CCCC,02 · CCCC,285f86ba6e2a489c2d4a3ab84f18a6a4,3,p3,3. Conservative,Company Banned from Marketing Business Opportunities to Settle FTC Charges it Misled Consumers About Earnings Potential,success,0.405061,0.25481,0.847462,1.0,0.270568,0.036088,0.305437,0.0,0.017071,0.012724,0.027603,0.010885
simulation_ui_20260918_000717_02_02_cccc,02,02,CCCC,02 · CCCC,285f86ba6e2a489c2d4a3ab84f18a6a4,4,p4,4. Conservative,Company Banned from Marketing Business Opportunities to Settle FTC Charges it Misled Consumers About Earnings Potential,success,0.388094,0.126266,0.973728,1.0,0.249833,0.19674,0.09701,0.0,0.017901,0.014414,0.026471,0.012818
simulation_ui_20260918_000717_02_02_cccc,02,02,CCCC,02 · CCCC,3343849e4bfdca882e24cd916fa75ec6,1,p1,1. Conservative,ASMALLWORLD Introduces New Marriott Bonvoy® Benefit for Members,success,0.125207,0.125207,0.125207,0.022681,0.0449,0.281216,0.143021,0.0,0.01284,0.017181,0.00031,0.02103
simulation_ui_20260918_000717_02_02_cccc,02,02,CCCC,02 · CCCC,3343849e4bfdca882e24cd916fa75ec6,2,p2,2. Conservative,ASMALLWORLD Introduces New Marriott Bonvoy® Benefit for Members,success,0.184281,0.130559,0.255766,0.0,0.113037,0.281216,0.333333,0.0,0.014571,0.016367,0.008801,0.018544
simulation_ui_20260918_000717_02_02_cccc,02,02,CCCC,02 · CCCC,3343849e4bfdca882e24cd916fa75ec6,3,p3,3. Conservative,ASMALLWORLD Introduces New Marriott Bonvoy® Benefit for Members,success,0.138686,0.167361,0.423127,0.016775,0.10418,0.275276,0.152398,0.0,0.008856,0.0039,0.010406,0.012261
simulation_ui_20260918_000717_02_02_cccc,02,02,CCCC,02 · CCCC,3343849e4bfdca882e24cd916fa75ec6,4,p4,4. Conservative,ASMALLWORLD Introduces New Marriott Bonvoy® Benefit for Members,success,0.213486,0.180324,0.603451,0.05873,0.327449,0.333333,0.125533,0.0,0.014102,0.015413,0.008399,0.018495
simulation_ui_20260918_000717_02_02_cccc,02,02,CCCC,02 · CCCC,3e908966e0393a684386f1e186c5c6e3,1,p1,1. Conservative,CAAS defers sustainable aviation fuel levy,success,0.1491,0.1491,0.1491,0.0,0.293191,0.196713,0.094224,0.0,0.017962,0.024054,0.011484,0.018348
simulation_ui_20260918_000717_02_02_cccc,02,02,CCCC,02 · CCCC,3e908966e0393a684386f1e186c5c6e3,2,p2,2. Conservative,CAAS defers sustainable aviation fuel levy,success,0.075522,0.08481,0.23391,0.0,0.027963,0.196713,0.065108,0.0,0.016583,0.021706,0.010612,0.01743
simulation_ui_20260918_000717_02_02_cccc,02,02,CCCC,02 · CCCC,3e908966e0393a684386f1e186c5c6e3,3,p3,3. Conservative,CAAS defers sustainable aviation fuel levy,success,0.265116,0.249309,0.483219,0.213766,0.363193,0.300452,0.171296,0.0,0.019916,0.025427,0.014885,0.019436
simulation_ui_20260918_000717_02_02_cccc,02,02,CCCC,02 · CCCC,3e908966e0393a684386f1e186c5c6e3,4,p4,4. Conservative,CAAS defers sustainable aviation fuel levy,success,0.268241,0.258224,0.741443,0.215977,0.299932,0.180229,0.364609,0.0,0.02078,0.026816,0.015391,0.020134
simulation_ui_20260918_000717_02_02_cccc,02,02,CCCC,02 · CCCC,4284601d27a88508e23bb7ecf1e26740,1,p1,1. Conservative,Blackbaud Opens Registration for bbcon 2026 to Rally Social Impact Sector Around AI Innovation,success,0.179986,0.179986,0.179986,0.0,0.069743,0.25,0.394133,0.0,0.009231,0.013057,0.013795,0.000842
simulation_ui_20260918_000717_02_02_cccc,02,02,CCCC,02 · CCCC,4284601d27a88508e23bb7ecf1e26740,2,p2,2. Conservative,Blackbaud Opens Registration for bbcon 2026 to Rally Social Impact Sector Around AI Innovation,success,0.131245,0.116187,0.296173,0.0,0.114095,0.0,0.40509,0.0,0.008322,0.010367,0.01236,0.002238
simulation_ui_20260918_000717_02_02_cccc,02,02,CCCC,02 · CCCC,4284601d27a88508e23bb7ecf1e26740,3,p3,3. Conservative,Blackbaud Opens Registration for bbcon 2026 to Rally Social Impact Sector Around AI Innovation,success,0.185595,0.120738,0.416911,0.02668,0.069743,0.25,0.38912,0.0,0.010469,0.015135,0.015294,0.000977
simulation_ui_20260918_000717_02_02_cccc,02,02,CCCC,02 · CCCC,4284601d27a88508e23bb7ecf1e26740,4,p4,4. Conservative,Blackbaud Opens Registration for bbcon 2026 to Rally Social Impact Sector Around AI Innovation,success,0.439468,0.278202,0.695113,1.0,0.131287,0.25,0.374454,0.0,0.004752,0.00115,0.005825,0.007282
simulation_ui_20260918_000717_02_02_cccc,02,02,CCCC,02 · CCCC,43b305aebbf654fd9464eb6d39cf900b,1,p1,1. Conservative,CS Atal Dulloo Reviews Progress Of Tawi Artificial Lake And Riverfront Development Projects,success,0.0606,0.0606,0.0606,0.0,0.207903,0.0,0.02955,0.0,0.006576,0.000991,0.01853,0.000206
simulation_ui_20260918_000717_02_02_cccc,02,02,CCCC,02 · CCCC,43b305aebbf654fd9464eb6d39cf900b,2,p2,2. Conservative,CS Atal Dulloo Reviews Progress Of Tawi Artificial Lake And Riverfront Development Projects,success,0.111624,0.167933,0.228533,0.041289,0.0,0.0,0.396334,0.0,0.012451,0.01212,0.020614,0.00462
simulation_ui_20260918_000717_02_02_cccc,02,02,CCCC,02 · CCCC,43b305aebbf654fd9464eb6d39cf900b,3,p3,3. Conservative,CS Atal Dulloo Reviews Progress Of Tawi Artificial Lake And Riverfront Development Projects,success,0.110841,0.132355,0.360888,0.041289,0.0,0.224998,0.170978,0.0,0.008558,0.006467,0.010272,0.008935
simulation_ui_20260918_000717_02_02_cccc,02,02,CCCC,02 · CCCC,43b305aebbf654fd9464eb6d39cf900b,4,p4,4. Conservative,CS Atal Dulloo Reviews Progress Of Tawi Artificial Lake And Riverfront Development Projects,success,0.209546,0.152419,0.513307,0.041289,0.199912,0.224998,0.366562,0.0,0.008558,0.006467,0.010272,0.008935
simulation_ui_20260918_000717_02_02_cccc,02,02,CCCC,02 · CCCC,43d218dc30bd89b0c4da158243e74603,1,p1,1. Conservative,Amesite Executes Trading Partner Agreement Enabling Secure Connectivity with Leading Homecare Technology Platform,success,0.327715,0.327715,0.327715,1.0,0.227721,0.0,0.069252,0.0,0.025686,0.04299,0.021155,0.012912
simulation_ui_20260918_000717_02_02_cccc,02,02,CCCC,02 · CCCC,43d218dc30bd89b0c4da158243e74603,2,p2,2. Conservative,Amesite Executes Trading Partner Agreement Enabling Secure Connectivity with Leading Homecare Technology Platform,success,0.379157,0.137526,0.465241,1.0,0.274376,0.0,0.22804,0.0,0.028455,0.046496,0.003289,0.03558
simulation_ui_20260918_000717_02_02_cccc,02,02,CCCC,02 · CCCC,43d218dc30bd89b0c4da158243e74603,3,p3,3. Conservative,Amesite Executes Trading Partner Agreement Enabling Secure Connectivity with Leading Homecare Technology Platform,success,0.458903,0.175411,0.640652,1.0,0.259197,0.333333,0.232012,0.0,0.025439,0.020245,0.02893,0.027143
simulation_ui_20260918_000717_02_02_cccc,02,02,CCCC,02 · CCCC,43d218dc30bd89b0c4da158243e74603,4,p4,4. Conservative,Amesite Executes Trading Partner Agreement Enabling Secure Connectivity with Leading Homecare Technology Platform,success,0.443932,0.218106,0.858758,1.0,0.419501,0.333333,0.011583,0.0,0.025294,0.025522,0.029169,0.021191
simulation_ui_20260918_000717_02_02_cccc,02,02,CCCC,02 · CCCC,45a67f6f54cd92c32163be9459300052,1,p1,1. Conservative,"Bitcoin Miners, Now AI Compute Leaders, Face Profitability Concerns",success,0.222355,0.222355,0.222355,0.0,0.469435,0.333333,0.07441,0.0,0.019598,0.028568,0.030164,6.3e-05
simulation_ui_20260918_000717_02_02_cccc,02,02,CCCC,02 · CCCC,45a67f6f54cd92c32163be9459300052,2,p2,2. Conservative,"Bitcoin Miners, Now AI Compute Leaders, Face Profitability Concerns",success,0.226442,0.143315,0.36567,0.003179,0.430934,0.298851,0.158809,0.0,0.022511,0.028124,0.029764,0.009646
simulation_ui_20260918_000717_02_02_cccc,02,02,CCCC,02 · CCCC,45a67f6f54cd92c32163be9459300052,3,p3,3. Conservative,"Bitcoin Miners, Now AI Compute Leaders, Face Profitability Concerns",success,0.322916,0.160448,0.526118,0.0,0.536465,0.298851,0.43984,0.0,0.030288,0.048804,0.022552,0.019507
simulation_ui_20260918_000717_02_02_cccc,02,02,CCCC,02 · CCCC,45a67f6f54cd92c32163be9459300052,4,p4,4. Conservative,"Bitcoin Miners, Now AI Compute Leaders, Face Profitability Concerns",success,0.322446,0.124576,0.650694,0.009361,0.596136,0.298851,0.372573,0.0,0.023615,0.024823,0.036719,0.009302
simulation_ui_20260918_000717_02_02_cccc,02,02,CCCC,02 · CCCC,48375acfba2ffc7f64822005eaab01e9,1,p1,1. Conservative,"Capitan Silver Commences Trading on the OTCQX Market Under Symbol ""CAPTF""",success,0.20685,0.20685,0.20685,0.11333,0.383367,0.25,0.068809,0.0,0.018674,0.0352,0.014034,0.006787
simulation_ui_20260918_000717_02_02_cccc,02,02,CCCC,02 · CCCC,48375acfba2ffc7f64822005eaab01e9,2,p2,2. Conservative,"Capitan Silver Commences Trading on the OTCQX Market Under Symbol ""CAPTF""",success,0.131865,0.125463,0.332313,0.137321,0.355485,0.0,0.022131,0.0,0.017964,0.035672,0.012117,0.006103
simulation_ui_20260918_000717_02_02_cccc,02,02,CCCC,02 · CCCC,48375acfba2ffc7f64822005eaab01e9,3,p3,3. Conservative,"Capitan Silver Commences Trading on the OTCQX Market Under Symbol ""CAPTF""",success,0.23217,0.253606,0.585919,0.11333,0.530846,0.25,0.023049,0.0,0.018579,0.042499,0.003532,0.009705
simulation_ui_20260918_000717_02_02_cccc,02,02,CCCC,02 · CCCC,48375acfba2ffc7f64822005eaab01e9,4,p4,4. Conservative,"Capitan Silver Commences Trading on the OTCQX Market Under Symbol ""CAPTF""",success,0.254872,0.046956,0.632875,0.137321,0.530846,0.25,0.089588,0.0,0.019606,0.038782,0.006689,0.013347
simulation_ui_20260918_000717_02_02_cccc,02,02,CCCC,02 · CCCC,4980763ccff9b986f6829df1e9489341,1,p1,1. Conservative,Cabana Target Drawdown 7 ETF (NASDAQ:TDSB) Short Interest Down 96.6% in March,success,0.278138,0.278138,0.278138,0.004134,0.554472,0.0,0.547304,0.0,0.011478,0.008141,0.009655,0.016637
simulation_ui_20260918_000717_02_02_cccc,02,02,CCCC,02 · CCCC,4980763ccff9b986f6829df1e9489341,2,p2,2. Conservative,Cabana Target Drawdown 7 ETF (NASDAQ:TDSB) Short Interest Down 96.6% in March,success,0.273468,0.20417,0.482308,0.0,0.535563,0.0,0.549408,0.0,0.015267,0.02034,0.011824,0.013636
simulation_ui_20260918_000717_02_02_cccc,02,02,CCCC,02 · CCCC,4980763ccff9b986f6829df1e9489341,3,p3,3. Conservative,Cabana Target Drawdown 7 ETF (NASDAQ:TDSB) Short Interest Down 96.6% in March,success,0.364827,0.272387,0.754695,0.0,0.631684,0.42645,0.396153,0.0,0.009863,0.014206,0.003489,0.011895
simulation_ui_20260918_000717_02_02_cccc,02,02,CCCC,02 · CCCC,4980763ccff9b986f6829df1e9489341,4,p4,4. Conservative,Cabana Target Drawdown 7 ETF (NASDAQ:TDSB) Short Interest Down 96.6% in March,success,0.213789,0.326169,1.080864,0.0,0.531746,0.0,0.318476,0.0,0.00783,0.00382,0.008897,0.010772
simulation_ui_20260918_000717_02_02_cccc,02,02,CCCC,02 · CCCC,4ac6395408a9caf70c7d2ffc4ca362c7,1,p1,1. Conservative,Continuing Unemployment Claims Dip to Nearly 2-Year Low,success,0.282374,0.282374,0.282374,0.179347,0.394652,0.306249,0.242997,0.0,0.010864,0.016935,0.001214,0.014443
simulation_ui_20260918_000717_02_02_cccc,02,02,CCCC,02 · CCCC,4ac6395408a9caf70c7d2ffc4ca362c7,2,p2,2. Conservative,Continuing Unemployment Claims Dip to Nearly 2-Year Low,success,0.208026,0.187619,0.469993,0.179347,0.201684,0.333333,0.112763,0.0,0.00784,0.008914,0.004108,0.010498
simulation_ui_20260918_000717_02_02_cccc,02,02,CCCC,02 · CCCC,4ac6395408a9caf70c7d2ffc4ca362c7,3,p3,3. Conservative,Continuing Unemployment Claims Dip to Nearly 2-Year Low,success,0.211627,0.125289,0.595282,0.0,0.201684,0.333333,0.307894,0.0,0.005695,0.012861,0.004054,0.000169
simulation_ui_20260918_000717_02_02_cccc,02,02,CCCC,02 · CCCC,4ac6395408a9caf70c7d2ffc4ca362c7,4,p4,4. Conservative,Continuing Unemployment Claims Dip to Nearly 2-Year Low,success,0.191483,0.099244,0.694526,0.0,0.201684,0.253845,0.305473,0.0,0.007612,0.009442,0.00754,0.005853
simulation_ui_20260918_000717_02_02_cccc,02,02,CCCC,02 · CCCC,59a0fb71f66cefb61fc91c97affb1dbe,1,p1,1. Conservative,"Bank of Montreal targets 15% return on equity on wealth, US businesses growth",success,0.116906,0.116906,0.116906,0.032611,0.381948,0.0,0.030549,0.0,0.031669,0.049835,0.006081,0.039092
simulation_ui_20260918_000717_02_02_cccc,02,02,CCCC,02 · CCCC,59a0fb71f66cefb61fc91c97affb1dbe,2,p2,2. Conservative,"Bank of Montreal targets 15% return on equity on wealth, US businesses growth",success,0.094159,0.170315,0.287221,0.15705,0.074694,0.031824,0.092148,0.0,0.028702,0.024253,0.027552,0.034302
simulation_ui_20260918_000717_02_02_cccc,02,02,CCCC,02 · CCCC,59a0fb71f66cefb61fc91c97affb1dbe,3,p3,3. Conservative,"Bank of Montreal targets 15% return on equity on wealth, US businesses growth",success,0.123212,0.109504,0.396725,0.228799,0.149177,0.0,0.092916,0.0,0.031108,0.022222,0.01742,0.053681
simulation_ui_20260918_000717_02_02_cccc,02,02,CCCC,02 · CCCC,59a0fb71f66cefb61fc91c97affb1dbe,4,p4,4. Conservative,"Bank of Montreal targets 15% return on equity on wealth, US businesses growth",success,0.115679,0.163654,0.560379,0.032611,0.284752,0.031824,0.089319,0.0,0.033989,0.050698,0.02472,0.026549
simulation_ui_20260918_000717_02_02_cccc,02,02,CCCC,02 · CCCC,6282ee092c7147c978409e71f0096515,1,p1,1. Conservative,Backdoor bet. How federal regulators are sidestepping Alabama: op-ed,success,0.235079,0.235079,0.235079,0.039913,0.400455,0.23477,0.257223,0.0,0.012964,0.032336,0.000893,0.005664
simulation_ui_20260918_000717_02_02_cccc,02,02,CCCC,02 · CCCC,6282ee092c7147c978409e71f0096515,2,p2,2. Conservative,Backdoor bet. How federal regulators are sidestepping Alabama: op-ed,success,0.334604,0.178064,0.413143,0.152201,0.548282,0.23477,0.395948,0.0,0.01352,0.030787,0.005878,0.003896
simulation_ui_20260918_000717_02_02_cccc,02,02,CCCC,02 · CCCC,6282ee092c7147c978409e71f0096515,3,p3,3. Conservative,Backdoor bet. How federal regulators are sidestepping Alabama: op-ed,success,0.265775,0.213174,0.626317,0.193457,0.279716,0.23477,0.344421,0.0,0.018214,0.012048,0.014527,0.028068
simulation_ui_20260918_000717_02_02_cccc,02,02,CCCC,02 · CCCC,6282ee092c7147c978409e71f0096515,4,p4,4. Conservative,Backdoor bet. How federal regulators are sidestepping Alabama: op-ed,success,0.253663,0.096812,0.723129,0.165664,0.295503,0.238736,0.305407,0.0,0.015598,0.005812,0.020064,0.020917
simulation_ui_20260918_000717_02_02_cccc,02,02,CCCC,02 · CCCC,6296ce617808e446ef3e272b65cb5b46,1,p1,1. Conservative,Apple Adds New Partners to Expand Its U.S. Supply Chain,success,0.119418,0.119418,0.119418,0.0,0.418087,0.0,0.057793,0.0,0.002541,0.004191,0.000103,0.00333
simulation_ui_20260918_000717_02_02_cccc,02,02,CCCC,02 · CCCC,6296ce617808e446ef3e272b65cb5b46,2,p2,2. Conservative,Apple Adds New Partners to Expand Its U.S. Supply Chain,success,0.121273,0.028777,0.148195,0.0,0.419686,0.0,0.064497,0.0,0.00129,0.000822,0.002384,0.000664
simulation_ui_20260918_000717_02_02_cccc,02,02,CCCC,02 · CCCC,6296ce617808e446ef3e272b65cb5b46,3,p3,3. Conservative,Apple Adds New Partners to Expand Its U.S. Supply Chain,success,0.198425,0.159402,0.307597,0.0,0.405887,0.0,0.374387,0.0,0.02085,0.014021,0.001277,0.047251
simulation_ui_20260918_000717_02_02_cccc,02,02,CCCC,02 · CCCC,6296ce617808e446ef3e272b65cb5b46,4,p4,4. Conservative,Apple Adds New Partners to Expand Its U.S. Supply Chain,success,0.143844,0.146473,0.45407,0.0,0.411739,0.142857,0.006649,0.0,0.020547,0.008797,0.007279,0.045565
simulation_ui_20260918_000717_02_02_cccc,02,02,CCCC,02 · CCCC,64aefc05d7d6e883d857202942daa279,1,p1,1. Conservative,Competition Commission clears merger of Udemy with Coursera's arm,success,0.131277,0.131277,0.131277,0.026533,0.08896,0.333333,0.062414,0.0,0.019876,0.021511,0.024749,0.013367
simulation_ui_20260918_000717_02_02_cccc,02,02,CCCC,02 · CCCC,64aefc05d7d6e883d857202942daa279,2,p2,2. Conservative,Competition Commission clears merger of Udemy with Coursera's arm,success,0.041701,0.08988,0.221157,0.006019,0.08896,0.0,0.059428,0.0,0.016119,0.021377,0.021071,0.005909
simulation_ui_20260918_000717_02_02_cccc,02,02,CCCC,02 · CCCC,64aefc05d7d6e883d857202942daa279,3,p3,3. Conservative,Competition Commission clears merger of Udemy with Coursera's arm,success,0.16414,0.164765,0.385922,0.0,0.25,0.333333,0.062414,0.0,0.016119,0.021377,0.021071,0.005909
simulation_ui_20260918_000717_02_02_cccc,02,02,CCCC,02 · CCCC,64aefc05d7d6e883d857202942daa279,4,p4,4. Conservative,Competition Commission clears merger of Udemy with Coursera's arm,success,0.174687,0.123711,0.509633,0.026533,0.238016,0.333333,0.088794,0.0,0.018218,0.020596,0.019019,0.015038
simulation_ui_20260918_000717_02_02_cccc,02,02,CCCC,02 · CCCC,675d6df42ab1fa2c25fcb6c96a0801ba,1,p1,1. Conservative,"Cohen & Steers Infrastructure Fund, Inc (NYSE:UTF) Plans $0.17 Monthly Dividend",success,0.220769,0.220769,0.220769,0.030864,0.234488,0.25,0.362365,0.0,0.008585,0.001256,0.010835,0.013664
simulation_ui_20260918_000717_02_02_cccc,02,02,CCCC,02 · CCCC,675d6df42ab1fa2c25fcb6c96a0801ba,2,p2,2. Conservative,"Cohen & Steers Infrastructure Fund, Inc (NYSE:UTF) Plans $0.17 Monthly Dividend",success,0.224825,0.244167,0.464936,0.123746,0.390663,0.079959,0.291379,0.0,0.021759,0.014218,0.020737,0.030321
simulation_ui_20260918_000717_02_02_cccc,02,02,CCCC,02 · CCCC,675d6df42ab1fa2c25fcb6c96a0801ba,3,p3,3. Conservative,"Cohen & Steers Infrastructure Fund, Inc (NYSE:UTF) Plans $0.17 Monthly Dividend",success,0.221887,0.19026,0.655196,0.103322,0.234488,0.25,0.294631,0.0,0.00819,0.002079,0.002295,0.020196
simulation_ui_20260918_000717_02_02_cccc,02,02,CCCC,02 · CCCC,675d6df42ab1fa2c25fcb6c96a0801ba,4,p4,4. Conservative,"Cohen & Steers Infrastructure Fund, Inc (NYSE:UTF) Plans $0.17 Monthly Dividend",success,0.219026,0.050754,0.70595,0.098735,0.234488,0.25,0.287059,0.0,0.009298,0.007655,0.004739,0.015501
simulation_ui_20260918_000717_02_02_cccc,02,02,CCCC,02 · CCCC,73939fe081f6d0ef3ed498b2dd7f4039,1,p1,1. Conservative,Coastal Electric plans rate increase,success,0.203766,0.203766,0.203766,0.0,0.156379,0.5,0.146402,0.0,0.019211,0.028771,0.020534,0.008329
simulation_ui_20260918_000717_02_02_cccc,02,02,CCCC,02 · CCCC,73939fe081f6d0ef3ed498b2dd7f4039,2,p2,2. Conservative,Coastal Electric plans rate increase,success,0.136258,0.194003,0.397769,0.0,0.406037,0.0,0.131102,0.0,0.011398,0.006005,0.023362,0.004828
simulation_ui_20260918_000717_02_02_cccc,02,02,CCCC,02 · CCCC,73939fe081f6d0ef3ed498b2dd7f4039,3,p3,3. Conservative,Coastal Electric plans rate increase,success,0.268058,0.159429,0.557198,0.0,0.415619,0.5,0.150015,0.0,0.011246,0.009955,0.021513,0.002269
simulation_ui_20260918_000717_02_02_cccc,02,02,CCCC,02 · CCCC,73939fe081f6d0ef3ed498b2dd7f4039,4,p4,4. Conservative,Coastal Electric plans rate increase,success,0.219128,0.102276,0.659474,0.0,0.222128,0.5,0.144922,0.0,0.015102,0.016756,0.02126,0.007291
simulation_ui_20260918_000717_02_02_cccc,02,02,CCCC,02 · CCCC,764d938e82fccdeec46aa43984936af9,1,p1,1. Conservative,Centre Highlights Border Infrastructure Push Through BADP and Vibrant Villages Programmes,success,0.437294,0.437294,0.437294,0.37037,0.220257,0.552527,0.603897,0.0,0.004716,0.000373,0.007998,0.005776
simulation_ui_20260918_000717_02_02_cccc,02,02,CCCC,02 · CCCC,764d938e82fccdeec46aa43984936af9,2,p2,2. Conservative,Centre Highlights Border Infrastructure Push Through BADP and Vibrant Villages Programmes,success,0.367836,0.345544,0.782838,0.225758,0.40175,0.521129,0.319313,0.0,0.006702,0.007263,0.007252,0.005592
simulation_ui_20260918_000717_02_02_cccc,02,02,CCCC,02 · CCCC,764d938e82fccdeec46aa43984936af9,3,p3,3. Conservative,Centre Highlights Border Infrastructure Push Through BADP and Vibrant Villages Programmes,success,0.34907,0.210206,0.993044,0.256235,0.343164,0.533893,0.25887,0.0,0.007897,0.002556,0.012512,0.008623
simulation_ui_20260918_000717_02_02_cccc,02,02,CCCC,02 · CCCC,764d938e82fccdeec46aa43984936af9,4,p4,4. Conservative,Centre Highlights Border Infrastructure Push Through BADP and Vibrant Villages Programmes,success,0.343789,0.151028,1.144072,0.0,0.521641,0.545508,0.304128,0.0,0.007376,0.00957,0.002412,0.010145
simulation_ui_20260918_000717_02_02_cccc,02,02,CCCC,02 · CCCC,80a390c3c68815dadd42b1ea065fd1af,1,p1,1. Conservative,Contract OK’d to extend sidewalk repairs,success,0.13662,0.13662,0.13662,0.026686,0.498919,0.007969,0.004443,0.0,0.012225,0.002636,0.014955,0.019084
simulation_ui_20260918_000717_02_02_cccc,02,02,CCCC,02 · CCCC,80a390c3c68815dadd42b1ea065fd1af,2,p2,2. Conservative,Contract OK’d to extend sidewalk repairs,success,0.0769,0.1687,0.30532,0.131435,0.097692,0.0,0.070947,0.0,0.010173,0.001438,0.013939,0.015141
simulation_ui_20260918_000717_02_02_cccc,02,02,CCCC,02 · CCCC,80a390c3c68815dadd42b1ea065fd1af,3,p3,3. Conservative,Contract OK’d to extend sidewalk repairs,success,0.157306,0.087068,0.392388,0.131435,0.097692,0.007969,0.383593,0.0,0.012629,0.003841,0.009403,0.024644
simulation_ui_20260918_000717_02_02_cccc,02,02,CCCC,02 · CCCC,80a390c3c68815dadd42b1ea065fd1af,4,p4,4. Conservative,Contract OK’d to extend sidewalk repairs,success,0.213377,0.312673,0.705061,0.183499,0.331892,0.333333,0.0,0.0,0.007591,0.001123,0.006245,0.015404
simulation_ui_20260918_000717_02_02_cccc,02,02,CCCC,02 · CCCC,80e1561246e5483a76211bd892a06bcb,1,p1,1. Conservative,Aldi inches closer to being hit with unprecedented $15 policy at all locations in the state,success,0.332425,0.332425,0.332425,0.234473,0.296289,0.25,0.545162,0.0,0.007064,0.002268,0.013412,0.005511
simulation_ui_20260918_000717_02_02_cccc,02,02,CCCC,02 · CCCC,80e1561246e5483a76211bd892a06bcb,2,p2,2. Conservative,Aldi inches closer to being hit with unprecedented $15 policy at all locations in the state,success,0.269808,0.390102,0.722527,0.048271,0.500761,0.268616,0.251874,0.0,0.016564,0.0213,0.017667,0.010724
simulation_ui_20260918_000717_02_02_cccc,02,02,CCCC,02 · CCCC,80e1561246e5483a76211bd892a06bcb,3,p3,3. Conservative,Aldi inches closer to being hit with unprecedented $15 policy at all locations in the state,success,0.305341,0.297264,1.019791,0.070482,0.455797,0.512411,0.165418,0.0,0.030858,0.07498,0.001701,0.015892
simulation_ui_20260918_000717_02_02_cccc,02,02,CCCC,02 · CCCC,80e1561246e5483a76211bd892a06bcb,4,p4,4. Conservative,Aldi inches closer to being hit with unprecedented $15 policy at all locations in the state,success,0.34321,0.188735,1.208526,0.070482,0.56325,0.5,0.218736,0.0,0.038471,0.081037,0.006854,0.027521
simulation_ui_20260918_000717_02_02_cccc,02,02,CCCC,02 · CCCC,954401161f2ebcd5c5ec0961fa417e31,1,p1,1. Conservative,Biodiversity strategy is a must for mining companies,success,0.359655,0.359655,0.359655,0.117532,0.469474,0.333333,0.505573,0.0,0.024681,0.027975,0.007984,0.038085
simulation_ui_20260918_000717_02_02_cccc,02,02,CCCC,02 · CCCC,954401161f2ebcd5c5ec0961fa417e31,2,p2,2. Conservative,Biodiversity strategy is a must for mining companies,success,0.285003,0.282073,0.641728,0.117532,0.508325,0.0,0.4907,0.0,0.040673,0.019708,0.016582,0.085729
simulation_ui_20260918_000717_02_02_cccc,02,02,CCCC,02 · CCCC,954401161f2ebcd5c5ec0961fa417e31,3,p3,3. Conservative,Biodiversity strategy is a must for mining companies,success,0.381455,0.149816,0.791544,0.117532,0.568471,0.333333,0.483714,0.0,0.045597,0.024075,0.02696,0.085755
simulation_ui_20260918_000717_02_02_cccc,02,02,CCCC,02 · CCCC,954401161f2ebcd5c5ec0961fa417e31,4,p4,4. Conservative,Biodiversity strategy is a must for mining companies,success,0.192869,0.288979,1.080523,0.0,0.501746,0.0,0.23605,0.0,0.051619,0.034946,0.017963,0.101949
simulation_ui_20260918_000717_02_02_cccc,02,02,CCCC,02 · CCCC,96039628b3a89f4a9134fd1dc3b666d7,1,p1,1. Conservative,Air travel to become expensive from April 1? Civil Aviation Minister clarifies amid Middle East crisis,success,0.244308,0.244308,0.244308,0.0079,0.436793,0.0,0.50893,0.0,0.038749,0.007337,0.070408,0.038503
simulation_ui_20260918_000717_02_02_cccc,02,02,CCCC,02 · CCCC,96039628b3a89f4a9134fd1dc3b666d7,2,p2,2. Conservative,Air travel to become expensive from April 1? Civil Aviation Minister clarifies amid Middle East crisis,success,0.281244,0.160268,0.404576,0.168269,0.419721,0.02249,0.4869,0.0,0.047537,0.014324,0.084487,0.043799
simulation_ui_20260918_000717_02_02_cccc,02,02,CCCC,02 · CCCC,96039628b3a89f4a9134fd1dc3b666d7,3,p3,3. Conservative,Air travel to become expensive from April 1? Civil Aviation Minister clarifies amid Middle East crisis,success,0.384646,0.341615,0.746191,0.371242,0.162669,0.413494,0.571289,0.0,0.04008,0.015816,0.085819,0.018605
simulation_ui_20260918_000717_02_02_cccc,02,02,CCCC,02 · CCCC,96039628b3a89f4a9134fd1dc3b666d7,4,p4,4. Conservative,Air travel to become expensive from April 1? Civil Aviation Minister clarifies amid Middle East crisis,success,0.374357,0.387372,1.133563,0.230737,0.577061,0.266868,0.390509,0.0,0.063618,0.064816,0.102331,0.023708
simulation_ui_20260918_000717_02_02_cccc,02,02,CCCC,02 · CCCC,9dee564f6a8f10132f19e6a4b2b8e1a7,1,p1,1. Conservative,"Better and Coinbase Launch the First Token-Backed, Conforming Mortgage",success,0.161615,0.161615,0.161615,0.020224,0.2,0.0,0.4185,0.0,0.011506,0.011125,0.018243,0.005149
simulation_ui_20260918_000717_02_02_cccc,02,02,CCCC,02 · CCCC,9dee564f6a8f10132f19e6a4b2b8e1a7,2,p2,2. Conservative,"Better and Coinbase Launch the First Token-Backed, Conforming Mortgage",success,0.223913,0.277754,0.439369,0.11115,0.471472,0.0,0.300096,0.0,0.020743,0.034776,0.016978,0.010475
simulation_ui_20260918_000717_02_02_cccc,02,02,CCCC,02 · CCCC,9dee564f6a8f10132f19e6a4b2b8e1a7,3,p3,3. Conservative,"Better and Coinbase Launch the First Token-Backed, Conforming Mortgage",success,0.10044,0.201431,0.6408,0.020224,0.148844,0.0,0.220235,0.0,0.017252,0.02801,0.019463,0.004282
simulation_ui_20260918_000717_02_02_cccc,02,02,CCCC,02 · CCCC,9dee564f6a8f10132f19e6a4b2b8e1a7,4,p4,4. Conservative,"Better and Coinbase Launch the First Token-Backed, Conforming Mortgage",success,0.239628,0.213243,0.854043,0.11115,0.446556,0.104986,0.286935,0.0,0.014565,0.017877,0.01549,0.010328
simulation_ui_20260918_000717_02_02_cccc,02,02,CCCC,02 · CCCC,a83c7d9bd4c9948f8104f95aa8914a60,1,p1,1. Conservative,Another cinema in Singapore is closing... but the big,success,0.09877,0.09877,0.09877,0.005807,0.055758,0.0,0.318636,0.0,0.020554,0.022475,0.009532,0.029654
simulation_ui_20260918_000717_02_02_cccc,02,02,CCCC,02 · CCCC,a83c7d9bd4c9948f8104f95aa8914a60,2,p2,2. Conservative,Another cinema in Singapore is closing... but the big,success,0.151854,0.084929,0.183699,0.11526,0.194254,0.0,0.285497,0.0,0.018217,0.021245,0.005143,0.028263
simulation_ui_20260918_000717_02_02_cccc,02,02,CCCC,02 · CCCC,a83c7d9bd4c9948f8104f95aa8914a60,3,p3,3. Conservative,Another cinema in Singapore is closing... but the big,success,0.214968,0.177671,0.36137,0.033094,0.19032,0.285714,0.338191,0.0,0.01991,0.026153,0.013515,0.020063
simulation_ui_20260918_000717_02_02_cccc,02,02,CCCC,02 · CCCC,a83c7d9bd4c9948f8104f95aa8914a60,4,p4,4. Conservative,Another cinema in Singapore is closing... but the big,success,0.15121,0.120863,0.482233,0.02571,0.231165,0.0,0.336017,0.0,0.017531,0.0222,0.007167,0.023225
simulation_ui_20260918_000717_02_02_cccc,02,02,CCCC,02 · CCCC,b8147bef700007b0dbccc9eaf88c04ac,1,p1,1. Conservative,CLEO Expands Its Reach as Crypto Prop Traders Rally Around the Prop Firm Trading Platform Built for Them,success,0.264201,0.264201,0.264201,0.183024,0.298478,0.4,0.167586,0.0,0.013072,0.008038,0.019991,0.011187
simulation_ui_20260918_000717_02_02_cccc,02,02,CCCC,02 · CCCC,b8147bef700007b0dbccc9eaf88c04ac,2,p2,2. Conservative,CLEO Expands Its Reach as Crypto Prop Traders Rally Around the Prop Firm Trading Platform Built for Them,success,0.195301,0.159036,0.423237,0.144424,0.335449,0.25,0.041522,0.0,0.015192,0.008776,0.020364,0.016436
simulation_ui_20260918_000717_02_02_cccc,02,02,CCCC,02 · CCCC,b8147bef700007b0dbccc9eaf88c04ac,3,p3,3. Conservative,CLEO Expands Its Reach as Crypto Prop Traders Rally Around the Prop Firm Trading Platform Built for Them,success,0.218156,0.033051,0.456288,0.144424,0.335449,0.25,0.130958,0.0,0.018785,0.011033,0.024065,0.021258
simulation_ui_20260918_000717_02_02_cccc,02,02,CCCC,02 · CCCC,b8147bef700007b0dbccc9eaf88c04ac,4,p4,4. Conservative,CLEO Expands Its Reach as Crypto Prop Traders Rally Around the Prop Firm Trading Platform Built for Them,success,0.211274,0.117112,0.5734,0.207041,0.301963,0.25,0.075606,0.0,0.016561,0.0103,0.025833,0.013549
simulation_ui_20260918_000717_02_02_cccc,02,02,CCCC,02 · CCCC,c24889258ff4d93fcb33d3ad9328f7e5,1,p1,1. Conservative,Clearlake buys Qualus from New Mountain amid soaring power demand; KKR’s exit provides CoolIT employees with handsome payout,success,0.154617,0.154617,0.154617,0.03049,0.321961,0.0,0.235832,0.0,0.044236,0.043005,0.053664,0.036039
simulation_ui_20260918_000717_02_02_cccc,02,02,CCCC,02 · CCCC,c24889258ff4d93fcb33d3ad9328f7e5,2,p2,2. Conservative,Clearlake buys Qualus from New Mountain amid soaring power demand; KKR’s exit provides CoolIT employees with handsome payout,success,0.339445,0.342305,0.496922,0.595615,0.652798,0.0,0.082739,0.0,0.049885,0.050215,0.066362,0.033079
simulation_ui_20260918_000717_02_02_cccc,02,02,CCCC,02 · CCCC,c24889258ff4d93fcb33d3ad9328f7e5,3,p3,3. Conservative,Clearlake buys Qualus from New Mountain amid soaring power demand; KKR’s exit provides CoolIT employees with handsome payout,success,0.369206,0.177351,0.674273,0.439497,0.543442,0.0,0.467443,0.0,0.051856,0.052988,0.064453,0.038127
simulation_ui_20260918_000717_02_02_cccc,02,02,CCCC,02 · CCCC,c24889258ff4d93fcb33d3ad9328f7e5,4,p4,4. Conservative,Clearlake buys Qualus from New Mountain amid soaring power demand; KKR’s exit provides CoolIT employees with handsome payout,success,0.423515,0.265485,0.939758,0.762707,0.548216,0.142857,0.215812,0.0,0.052498,0.049838,0.068094,0.039561
simulation_ui_20260918_000717_02_02_cccc,02,02,CCCC,02 · CCCC,c431d4ae9339f97a7ca5409d975805a3,1,p1,1. Conservative,Anavex Life Sciences Stock Is Deeply Oversold. Should You Buy the Dip?,success,0.326362,0.326362,0.326362,0.40833,0.421661,0.051704,0.415129,0.0,0.015948,0.022112,0.018877,0.006855
simulation_ui_20260918_000717_02_02_cccc,02,02,CCCC,02 · CCCC,c431d4ae9339f97a7ca5409d975805a3,2,p2,2. Conservative,Anavex Life Sciences Stock Is Deeply Oversold. Should You Buy the Dip?,success,0.358276,0.299468,0.62583,0.291269,0.43126,0.261541,0.435368,0.0,0.026477,0.03877,0.031219,0.009442
simulation_ui_20260918_000717_02_02_cccc,02,02,CCCC,02 · CCCC,c431d4ae9339f97a7ca5409d975805a3,3,p3,3. Conservative,Anavex Life Sciences Stock Is Deeply Oversold. Should You Buy the Dip?,success,0.322927,0.134904,0.760734,0.112051,0.423077,0.253887,0.489725,0.0,0.023829,0.014281,0.044747,0.012458
simulation_ui_20260918_000717_02_02_cccc,02,02,CCCC,02 · CCCC,c431d4ae9339f97a7ca5409d975805a3,4,p4,4. Conservative,Anavex Life Sciences Stock Is Deeply Oversold. Should You Buy the Dip?,success,0.263158,0.238357,0.999091,0.110751,0.373068,0.065983,0.488705,0.0,0.023851,0.002935,0.059654,0.008965
simulation_ui_20260918_000717_02_02_cccc,02,02,CCCC,02 · CCCC,ce21e05271d5e7a4e182ceb46e706964,1,p1,1. Conservative,"Arizona opinion: European mandate means costlier food, groceries",success,0.573799,0.573799,0.573799,0.749751,0.497801,0.365597,0.678383,0.0,0.010721,0.016504,0.009371,0.006288
simulation_ui_20260918_000717_02_02_cccc,02,02,CCCC,02 · CCCC,ce21e05271d5e7a4e182ceb46e706964,2,p2,2. Conservative,"Arizona opinion: European mandate means costlier food, groceries",success,0.504667,0.394563,0.968362,0.67633,0.388674,0.465214,0.484249,0.0,0.010581,0.015319,0.014617,0.001806
simulation_ui_20260918_000717_02_02_cccc,02,02,CCCC,02 · CCCC,ce21e05271d5e7a4e182ceb46e706964,3,p3,3. Conservative,"Arizona opinion: European mandate means costlier food, groceries",success,0.557453,0.203373,1.171735,0.697192,0.388674,0.457557,0.67963,0.0,0.019017,0.024386,0.003536,0.029128
simulation_ui_20260918_000717_02_02_cccc,02,02,CCCC,02 · CCCC,ce21e05271d5e7a4e182ceb46e706964,4,p4,4. Conservative,"Arizona opinion: European mandate means costlier food, groceries",success,0.56105,0.053953,1.225688,0.67633,0.421439,0.457557,0.682498,0.0,0.01809,0.002682,0.046809,0.00478
simulation_ui_20260918_000717_02_02_cccc,02,02,CCCC,02 · CCCC,d66c6c1dfd9c66c9f17f51b8a1ecc92d,1,p1,1. Conservative,"Cadre Holdings to Acquire Assets of Tedder Industries, Including Alien Gear Holsters",success,0.170772,0.170772,0.170772,0.006403,0.371051,0.0,0.301848,0.0,0.005698,0.006369,0.003157,0.007568
simulation_ui_20260918_000717_02_02_cccc,02,02,CCCC,02 · CCCC,d66c6c1dfd9c66c9f17f51b8a1ecc92d,2,p2,2. Conservative,"Cadre Holdings to Acquire Assets of Tedder Industries, Including Alien Gear Holsters",success,0.085937,0.115331,0.286103,0.003303,0.25,0.0,0.085297,0.0,0.00703,0.004546,0.003157,0.013387
simulation_ui_20260918_000717_02_02_cccc,02,02,CCCC,02 · CCCC,d66c6c1dfd9c66c9f17f51b8a1ecc92d,3,p3,3. Conservative,"Cadre Holdings to Acquire Assets of Tedder Industries, Including Alien Gear Holsters",success,0.122534,0.061513,0.347616,0.004328,0.25,0.0,0.232398,0.0,0.004854,0.000408,0.002553,0.0116
simulation_ui_20260918_000717_02_02_cccc,02,02,CCCC,02 · CCCC,d66c6c1dfd9c66c9f17f51b8a1ecc92d,4,p4,4. Conservative,"Cadre Holdings to Acquire Assets of Tedder Industries, Including Alien Gear Holsters",success,0.138796,0.071535,0.419151,0.003303,0.290503,0.0,0.252713,0.0,0.012547,0.001344,0.016289,0.020008
simulation_ui_20260918_000717_02_02_cccc,02,02,CCCC,02 · CCCC,de1ef9dc3d1297e42a2fb05392a32d49,1,p1,1. Conservative,Constellation Software Inc. (CSU) to Issue Quarterly Dividend of $1.00 on April 15th,success,0.173098,0.173098,0.173098,0.104795,0.449023,0.0,0.135256,0.0,0.005011,0.000584,0.013778,0.000671
simulation_ui_20260918_000717_02_02_cccc,02,02,CCCC,02 · CCCC,de1ef9dc3d1297e42a2fb05392a32d49,2,p2,2. Conservative,Constellation Software Inc. (CSU) to Issue Quarterly Dividend of $1.00 on April 15th,success,0.275125,0.179703,0.352801,0.107673,0.398148,0.311487,0.277965,0.0,0.008994,0.003992,0.021206,0.001783
simulation_ui_20260918_000717_02_02_cccc,02,02,CCCC,02 · CCCC,de1ef9dc3d1297e42a2fb05392a32d49,3,p3,3. Conservative,Constellation Software Inc. (CSU) to Issue Quarterly Dividend of $1.00 on April 15th,success,0.368366,0.307033,0.659834,0.104795,0.486501,0.470945,0.406794,0.0,0.008746,0.004271,0.021358,0.000608
simulation_ui_20260918_000717_02_02_cccc,02,02,CCCC,02 · CCCC,de1ef9dc3d1297e42a2fb05392a32d49,4,p4,4. Conservative,Constellation Software Inc. (CSU) to Issue Quarterly Dividend of $1.00 on April 15th,success,0.306816,0.226642,0.886476,0.11761,0.491084,0.137612,0.475281,0.0,0.010214,0.007494,0.021241,0.001908
simulation_ui_20260918_000717_02_02_cccc,02,02,CCCC,02 · CCCC,e0d8c78139dd28d077ec2c768043d7ca,1,p1,1. Conservative,Change in LHV Group Audit Committee,success,0.161105,0.161105,0.161105,0.011047,0.430895,0.034887,0.164648,0.0,0.004379,0.006575,0.006467,9.4e-05
simulation_ui_20260918_000717_02_02_cccc,02,02,CCCC,02 · CCCC,e0d8c78139dd28d077ec2c768043d7ca,2,p2,2. Conservative,Change in LHV Group Audit Committee,success,0.24328,0.179487,0.340592,0.006305,0.768229,0.034887,0.161044,0.0,0.004379,0.006575,0.006467,9.4e-05
simulation_ui_20260918_000717_02_02_cccc,02,02,CCCC,02 · CCCC,e0d8c78139dd28d077ec2c768043d7ca,3,p3,3. Conservative,Change in LHV Group Audit Committee,success,0.101641,0.206554,0.547146,0.011047,0.257264,0.034887,0.099271,0.0,0.005689,0.006786,0.009927,0.000355
simulation_ui_20260918_000717_02_02_cccc,02,02,CCCC,02 · CCCC,e0d8c78139dd28d077ec2c768043d7ca,4,p4,4. Conservative,Change in LHV Group Audit Committee,success,0.227054,0.204235,0.751381,0.0,0.737622,0.0,0.165424,0.0,0.008346,0.003924,0.013765,0.007348
simulation_ui_20260918_000717_02_02_cccc,02,02,CCCC,02 · CCCC,e42774600d5c0fd2405b181105990603,1,p1,1. Conservative,Canada is losing more air traffic controllers than it’s hiring: aviation expert,success,0.19629,0.19629,0.19629,0.074486,0.142617,0.0,0.566206,0.0,0.002875,0.000886,0.005964,0.001774
simulation_ui_20260918_000717_02_02_cccc,02,02,CCCC,02 · CCCC,e42774600d5c0fd2405b181105990603,2,p2,2. Conservative,Canada is losing more air traffic controllers than it’s hiring: aviation expert,success,0.299481,0.287876,0.484166,0.133438,0.356962,0.25,0.452049,0.0,0.009748,0.01729,0.00352,0.008434
simulation_ui_20260918_000717_02_02_cccc,02,02,CCCC,02 · CCCC,e42774600d5c0fd2405b181105990603,3,p3,3. Conservative,Canada is losing more air traffic controllers than it’s hiring: aviation expert,success,0.187005,0.223179,0.707345,0.0,0.356962,0.0,0.383232,0.0,0.012004,0.025134,0.001168,0.009709
simulation_ui_20260918_000717_02_02_cccc,02,02,CCCC,02 · CCCC,e42774600d5c0fd2405b181105990603,4,p4,4. Conservative,Canada is losing more air traffic controllers than it’s hiring: aviation expert,success,0.432442,0.406369,1.113714,1.0,0.356962,0.0,0.37013,0.0,0.005888,0.003085,0.000206,0.014373
simulation_ui_20260918_000717_02_02_cccc,02,02,CCCC,02 · CCCC,e68862b7bac57065b34e1018a51ce3f2,1,p1,1. Conservative,"Cruisebound Launches ""Search by Map,"" Redefining How Travelers Discover Cruises",success,0.148298,0.148298,0.148298,0.014584,0.0,0.333333,0.228175,0.0,0.024972,0.009827,0.063684,0.001406
simulation_ui_20260918_000717_02_02_cccc,02,02,CCCC,02 · CCCC,e68862b7bac57065b34e1018a51ce3f2,2,p2,2. Conservative,"Cruisebound Launches ""Search by Map,"" Redefining How Travelers Discover Cruises",success,0.055277,0.104805,0.253103,0.003107,0.0,0.0,0.19196,0.0,0.034218,0.020907,0.079665,0.002083
simulation_ui_20260918_000717_02_02_cccc,02,02,CCCC,02 · CCCC,e68862b7bac57065b34e1018a51ce3f2,3,p3,3. Conservative,"Cruisebound Launches ""Search by Map,"" Redefining How Travelers Discover Cruises",success,0.065219,0.018746,0.271849,0.003107,0.050676,0.0,0.184278,0.0,0.030324,0.015953,0.071582,0.003436
simulation_ui_20260918_000717_02_02_cccc,02,02,CCCC,02 · CCCC,e68862b7bac57065b34e1018a51ce3f2,4,p4,4. Conservative,"Cruisebound Launches ""Search by Map,"" Redefining How Travelers Discover Cruises",success,0.083869,0.017424,0.289273,0.07821,0.050676,0.0,0.184278,0.0,0.03026,0.014619,0.071582,0.004579
simulation_ui_20260918_000717_02_02_cccc,02,02,CCCC,02 · CCCC,ea67fb6d8317500951f4bf21966a33ea,1,p1,1. Conservative,China's 'Africa Diaper King' Delivers Strong Annual Profit Post-IPO,success,0.265402,0.265402,0.265402,0.118231,0.314649,0.428571,0.197326,0.0,0.00481,0.013012,0.000964,0.000453
simulation_ui_20260918_000717_02_02_cccc,02,02,CCCC,02 · CCCC,ea67fb6d8317500951f4bf21966a33ea,2,p2,2. Conservative,China's 'Africa Diaper King' Delivers Strong Annual Profit Post-IPO,success,0.261392,0.202724,0.468126,0.123585,0.38719,0.333333,0.196989,0.0,0.007553,0.007644,0.0103,0.004714
simulation_ui_20260918_000717_02_02_cccc,02,02,CCCC,02 · CCCC,ea67fb6d8317500951f4bf21966a33ea,3,p3,3. Conservative,China's 'Africa Diaper King' Delivers Strong Annual Profit Post-IPO,success,0.305984,0.220375,0.688501,0.145509,0.366239,0.428571,0.280217,0.0,0.006116,0.002154,0.007916,0.008277
simulation_ui_20260918_000717_02_02_cccc,02,02,CCCC,02 · CCCC,ea67fb6d8317500951f4bf21966a33ea,4,p4,4. Conservative,China's 'Africa Diaper King' Delivers Strong Annual Profit Post-IPO,success,0.244817,0.233207,0.921708,0.118231,0.392075,0.2,0.264697,0.0,0.007048,0.005566,0.005169,0.01041
simulation_ui_20260918_000717_02_02_cccc,02,02,CCCC,02 · CCCC,edd97daf51d7e0bb7d9da3f3e2c9bfa8,1,p1,1. Conservative,Amazon and Walmart fined for selling banned refrigerant in Washington state,success,0.064499,0.064499,0.064499,0.009225,0.113488,0.0,0.128091,0.0,0.00959,0.007193,0.004501,0.017075
simulation_ui_20260918_000717_02_02_cccc,02,02,CCCC,02 · CCCC,edd97daf51d7e0bb7d9da3f3e2c9bfa8,2,p2,2. Conservative,Amazon and Walmart fined for selling banned refrigerant in Washington state,success,0.149706,0.108059,0.172558,0.009225,0.126485,0.0,0.457855,0.0,0.00772,0.002954,0.004005,0.016202
simulation_ui_20260918_000717_02_02_cccc,02,02,CCCC,02 · CCCC,edd97daf51d7e0bb7d9da3f3e2c9bfa8,3,p3,3. Conservative,Amazon and Walmart fined for selling banned refrigerant in Washington state,success,0.128223,0.236165,0.408723,0.0,0.0,0.351362,0.153431,0.0,0.011584,0.012131,0.002354,0.020268
simulation_ui_20260918_000717_02_02_cccc,02,02,CCCC,02 · CCCC,edd97daf51d7e0bb7d9da3f3e2c9bfa8,4,p4,4. Conservative,Amazon and Walmart fined for selling banned refrigerant in Washington state,success,0.219985,0.132202,0.540925,0.034254,0.414101,0.351362,0.072978,0.0,0.011584,0.012131,0.002354,0.020268
simulation_ui_20260918_000717_02_02_cccc,02,02,CCCC,02 · CCCC,efc05dd0bbe1b970e1f97452c3e0b5a4,1,p1,1. Conservative,Blackstone (BX) Slipped Amid Private Credit Concerns Despite Strong Long-Term Outlook,success,0.095639,0.095639,0.095639,0.082299,0.285623,0.0,0.013252,0.0,0.001907,0.003842,0.001469,0.00041
simulation_ui_20260918_000717_02_02_cccc,02,02,CCCC,02 · CCCC,efc05dd0bbe1b970e1f97452c3e0b5a4,2,p2,2. Conservative,Blackstone (BX) Slipped Amid Private Credit Concerns Despite Strong Long-Term Outlook,success,0.082899,0.147154,0.242793,0.0,0.291412,0.0,0.033131,0.0,0.009595,0.023479,0.003249,0.002058
simulation_ui_20260918_000717_02_02_cccc,02,02,CCCC,02 · CCCC,efc05dd0bbe1b970e1f97452c3e0b5a4,3,p3,3. Conservative,Blackstone (BX) Slipped Amid Private Credit Concerns Despite Strong Long-Term Outlook,success,0.192435,0.127397,0.37019,0.003175,0.26458,0.0,0.492911,0.0,0.014004,0.030222,0.003573,0.008217
simulation_ui_20260918_000717_02_02_cccc,02,02,CCCC,02 · CCCC,efc05dd0bbe1b970e1f97452c3e0b5a4,4,p4,4. Conservative,Blackstone (BX) Slipped Amid Private Credit Concerns Despite Strong Long-Term Outlook,success,0.13826,0.064284,0.434474,0.012097,0.26458,0.0,0.270634,0.0,0.008297,0.014094,0.005146,0.005651
simulation_ui_20260918_000717_02_02_cccc,02,02,CCCC,02 · CCCC,f46dd28ab257311f8706feca1dc99708,1,p1,1. Conservative,Bevvy: Downtown’s New ‘Dirty’ Soda,success,0.093385,0.093385,0.093385,0.010757,0.109675,0.0,0.25,0.0,0.004284,0.004859,0.006638,0.001354
simulation_ui_20260918_000717_02_02_cccc,02,02,CCCC,02 · CCCC,f46dd28ab257311f8706feca1dc99708,2,p2,2. Conservative,Bevvy: Downtown’s New ‘Dirty’ Soda,success,0.151081,0.068899,0.162284,0.024085,0.110146,0.2,0.257847,0.0,0.017968,0.011126,0.03095,0.011829
simulation_ui_20260918_000717_02_02_cccc,02,02,CCCC,02 · CCCC,f46dd28ab257311f8706feca1dc99708,3,p3,3. Conservative,Bevvy: Downtown’s New ‘Dirty’ Soda,success,0.111028,0.071523,0.233807,0.045377,0.128062,0.0,0.257847,0.0,0.017968,0.011126,0.03095,0.011829
simulation_ui_20260918_000717_02_02_cccc,02,02,CCCC,02 · CCCC,f46dd28ab257311f8706feca1dc99708,4,p4,4. Conservative,Bevvy: Downtown’s New ‘Dirty’ Soda,success,0.165916,0.120536,0.354343,0.024085,0.368145,0.0,0.257847,0.0,0.020277,0.013221,0.034386,0.013225
simulation_ui_20260918_000717_02_02_cccc,02,02,CCCC,02 · CCCC,f7a4ad54b51a7d28de6970e46285b0f2,1,p1,1. Conservative,5G Services Market Surges to $497.24 billion by 2028 | CAGR 19.3%,success,0.335582,0.335582,0.335582,1.0,0.338055,0.0,0.0,0.0,0.008029,0.004715,0.018169,0.001203
simulation_ui_20260918_000717_02_02_cccc,02,02,CCCC,02 · CCCC,f7a4ad54b51a7d28de6970e46285b0f2,2,p2,2. Conservative,5G Services Market Surges to $497.24 billion by 2028 | CAGR 19.3%,success,0.188635,0.384952,0.720534,0.077668,0.28042,0.333333,0.055445,0.0,0.011794,0.022531,0.007568,0.005284
simulation_ui_20260918_000717_02_02_cccc,02,02,CCCC,02 · CCCC,f7a4ad54b51a7d28de6970e46285b0f2,3,p3,3. Conservative,5G Services Market Surges to $497.24 billion by 2028 | CAGR 19.3%,success,0.279014,0.200144,0.920678,0.0,0.436802,0.393946,0.280544,0.0,0.008244,0.018431,0.006255,4.5e-05
simulation_ui_20260918_000717_02_02_cccc,02,02,CCCC,02 · CCCC,f7a4ad54b51a7d28de6970e46285b0f2,4,p4,4. Conservative,5G Services Market Surges to $497.24 billion by 2028 | CAGR 19.3%,success,0.208794,0.137129,1.057807,0.0,0.436802,0.333333,0.055445,0.0,0.015114,0.029639,0.011281,0.004421
simulation_ui_20260918_000717_02_02_cccc,02,02,CCCC,02 · CCCC,ff437d173cf94bd173d62a3ee1c4dc9e,1,p1,1. Conservative,Deputy minister: Belarus is among global leaders in dairy and meat exports,success,0.236109,0.236109,0.236109,0.12844,0.52244,0.105108,0.183055,0.0,0.00881,0.00411,0.005895,0.016425
simulation_ui_20260918_000717_02_02_cccc,02,02,CCCC,02 · CCCC,ff437d173cf94bd173d62a3ee1c4dc9e,2,p2,2. Conservative,Deputy minister: Belarus is among global leaders in dairy and meat exports,success,0.386464,0.377574,0.613683,0.328997,0.41949,0.328831,0.465674,0.0,0.005831,0.014488,0.001644,0.001361
simulation_ui_20260918_000717_02_02_cccc,02,02,CCCC,02 · CCCC,ff437d173cf94bd173d62a3ee1c4dc9e,3,p3,3. Conservative,Deputy minister: Belarus is among global leaders in dairy and meat exports,success,0.287163,0.397347,1.01103,0.204832,0.507134,0.0,0.43452,0.0,0.003794,0.005552,0.000947,0.004884
simulation_ui_20260918_000717_02_02_cccc,02,02,CCCC,02 · CCCC,ff437d173cf94bd173d62a3ee1c4dc9e,4,p4,4. Conservative,Deputy minister: Belarus is among global leaders in dairy and meat exports,success,0.287668,0.266437,1.277467,0.105365,0.33204,0.25,0.451184,0.0,0.021114,0.018972,0.028544,0.015825
simulation_ui_20260918_000717_03_03_pppp,03,03,PPPP,03 · PPPP,03d15c304dd6358c32fe4fdcb841b43a,1,p1,1. Progressive,"APO INVESTOR DEADLINE APPROACHING: Faruqi & Faruqi, LLP Reminds Apollo Global Management (APO) Investors of Securities Class Action Deadline on May 1, 2026",success,0.432947,0.432947,0.432947,1.0,0.285208,0.2,0.242654,0.0,0.008642,0.015185,0.009296,0.001444
simulation_ui_20260918_000717_03_03_pppp,03,03,PPPP,03 · PPPP,03d15c304dd6358c32fe4fdcb841b43a,2,p2,2. Progressive,"APO INVESTOR DEADLINE APPROACHING: Faruqi & Faruqi, LLP Reminds Apollo Global Management (APO) Investors of Securities Class Action Deadline on May 1, 2026",success,0.474313,0.097414,0.530361,1.0,0.28168,0.2,0.411796,0.0,0.008963,0.016326,0.009408,0.001155
simulation_ui_20260918_000717_03_03_pppp,03,03,PPPP,03 · PPPP,03d15c304dd6358c32fe4fdcb841b43a,3,p3,3. Progressive,"APO INVESTOR DEADLINE APPROACHING: Faruqi & Faruqi, LLP Reminds Apollo Global Management (APO) Investors of Securities Class Action Deadline on May 1, 2026",success,0.433558,0.101418,0.631779,1.0,0.286966,0.2,0.242654,0.0,0.010159,0.016804,0.012326,0.001347
simulation_ui_20260918_000717_03_03_pppp,03,03,PPPP,03 · PPPP,03d15c304dd6358c32fe4fdcb841b43a,4,p4,4. Progressive,"APO INVESTOR DEADLINE APPROACHING: Faruqi & Faruqi, LLP Reminds Apollo Global Management (APO) Investors of Securities Class Action Deadline on May 1, 2026",success,0.425973,0.03222,0.663999,1.0,0.28168,0.2,0.217591,0.0,0.010045,0.01769,0.011188,0.001256
simulation_ui_20260918_000717_03_03_pppp,03,03,PPPP,03 · PPPP,03d1d324c6615b5fbc7455135584ac57,1,p1,1. Progressive,Canadian Imperial Bank of Commerce (CM) To Go Ex-Dividend on March 27th,success,0.191887,0.191887,0.191887,0.0,0.296641,0.188554,0.279025,0.0,0.005141,0.005178,0.007046,0.003198
simulation_ui_20260918_000717_03_03_pppp,03,03,PPPP,03 · PPPP,03d1d324c6615b5fbc7455135584ac57,2,p2,2. Progressive,Canadian Imperial Bank of Commerce (CM) To Go Ex-Dividend on March 27th,success,0.262317,0.203647,0.395534,0.175664,0.371268,0.169613,0.330612,0.0,0.003572,0.004236,0.005509,0.00097
simulation_ui_20260918_000717_03_03_pppp,03,03,PPPP,03 · PPPP,03d1d324c6615b5fbc7455135584ac57,3,p3,3. Progressive,Canadian Imperial Bank of Commerce (CM) To Go Ex-Dividend on March 27th,success,0.308751,0.26006,0.655594,0.070687,0.361509,0.32365,0.478674,0.0,0.000876,0.001573,0.000635,0.000419
simulation_ui_20260918_000717_03_03_pppp,03,03,PPPP,03 · PPPP,03d1d324c6615b5fbc7455135584ac57,4,p4,4. Progressive,Canadian Imperial Bank of Commerce (CM) To Go Ex-Dividend on March 27th,success,0.232394,0.17549,0.831084,0.0,0.296641,0.32365,0.308745,0.0,0.000876,0.001573,0.000635,0.000419
simulation_ui_20260918_000717_03_03_pppp,03,03,PPPP,03 · PPPP,0883a2f27500aaeca578c2b397002506,1,p1,1. Progressive,'A crater': Pollster says Trump suffers 'objective measure' of 'failed presidency',success,0.147408,0.147408,0.147408,0.262854,0.086446,0.0,0.229171,0.0,0.01631,0.008903,0.023116,0.016911
simulation_ui_20260918_000717_03_03_pppp,03,03,PPPP,03 · PPPP,0883a2f27500aaeca578c2b397002506,2,p2,2. Progressive,'A crater': Pollster says Trump suffers 'objective measure' of 'failed presidency',success,0.340361,0.286905,0.434313,0.357395,0.137756,0.339578,0.517416,0.0,0.017558,0.002753,0.034525,0.015397
simulation_ui_20260918_000717_03_03_pppp,03,03,PPPP,03 · PPPP,0883a2f27500aaeca578c2b397002506,3,p3,3. Progressive,'A crater': Pollster says Trump suffers 'objective measure' of 'failed presidency',success,0.249711,0.191139,0.625452,0.088628,0.140942,0.303027,0.45514,0.0,0.018437,0.005963,0.035578,0.013769
simulation_ui_20260918_000717_03_03_pppp,03,03,PPPP,03 · PPPP,0883a2f27500aaeca578c2b397002506,4,p4,4. Progressive,'A crater': Pollster says Trump suffers 'objective measure' of 'failed presidency',success,0.233426,0.163566,0.789018,0.192241,0.19761,0.053864,0.481445,0.0,0.013894,0.001279,0.031309,0.009095
simulation_ui_20260918_000717_03_03_pppp,03,03,PPPP,03 · PPPP,0b30ae6eaf7bab834a4906766ba2ecb2,1,p1,1. Progressive,Britain introduces “plug-in” solar panels for homes to tackle the energy crisis caused by the war in Iran,success,0.171835,0.171835,0.171835,0.001213,0.099937,0.102841,0.472775,0.0,0.01591,0.012647,0.024497,0.010585
simulation_ui_20260918_000717_03_03_pppp,03,03,PPPP,03 · PPPP,0b30ae6eaf7bab834a4906766ba2ecb2,2,p2,2. Progressive,Britain introduces “plug-in” solar panels for homes to tackle the energy crisis caused by the war in Iran,success,0.175093,0.156027,0.327862,0.089468,0.211453,0.102841,0.288228,0.0,0.01267,0.006702,0.016023,0.015285
simulation_ui_20260918_000717_03_03_pppp,03,03,PPPP,03 · PPPP,0b30ae6eaf7bab834a4906766ba2ecb2,3,p3,3. Progressive,Britain introduces “plug-in” solar panels for homes to tackle the energy crisis caused by the war in Iran,success,0.272362,0.160352,0.488214,0.146162,0.346371,0.102841,0.485563,0.0,0.014576,0.01671,0.023143,0.003876
simulation_ui_20260918_000717_03_03_pppp,03,03,PPPP,03 · PPPP,0b30ae6eaf7bab834a4906766ba2ecb2,4,p4,4. Progressive,Britain introduces “plug-in” solar panels for homes to tackle the energy crisis caused by the war in Iran,success,0.200288,0.171559,0.659773,0.144537,0.211453,0.102841,0.321945,0.0,0.031647,0.036702,0.033022,0.025218
simulation_ui_20260918_000717_03_03_pppp,03,03,PPPP,03 · PPPP,0c84c580588b0f1f5c9070df32dfc5a6,1,p1,1. Progressive,"$1,000 ‘Dog Tax Credit’? Americans eye big payout — don’t miss this April date",success,0.27275,0.27275,0.27275,0.128253,0.424196,0.349612,0.163479,0.0,0.043383,0.06837,0.03687,0.024908
simulation_ui_20260918_000717_03_03_pppp,03,03,PPPP,03 · PPPP,0c84c580588b0f1f5c9070df32dfc5a6,2,p2,2. Progressive,"$1,000 ‘Dog Tax Credit’? Americans eye big payout — don’t miss this April date",success,0.251355,0.10336,0.37611,0.023641,0.370622,0.333333,0.251809,0.0,0.04306,0.064886,0.04172,0.022573
simulation_ui_20260918_000717_03_03_pppp,03,03,PPPP,03 · PPPP,0c84c580588b0f1f5c9070df32dfc5a6,3,p3,3. Progressive,"$1,000 ‘Dog Tax Credit’? Americans eye big payout — don’t miss this April date",success,0.280799,0.248023,0.624133,0.023641,0.455446,0.333333,0.290247,0.0,0.035425,0.056418,0.02934,0.020517
simulation_ui_20260918_000717_03_03_pppp,03,03,PPPP,03 · PPPP,0c84c580588b0f1f5c9070df32dfc5a6,4,p4,4. Progressive,"$1,000 ‘Dog Tax Credit’? Americans eye big payout — don’t miss this April date",success,0.248303,0.207974,0.832107,0.023641,0.332681,0.333333,0.28392,0.0,0.03244,0.051794,0.031691,0.013836
simulation_ui_20260918_000717_03_03_pppp,03,03,PPPP,03 · PPPP,0ccfe99f5612d8b22298e5942170415d,1,p1,1. Progressive,Cambria Tax Aware ETF (NASDAQ:TAX) Short Interest Down 67.0% in March,success,0.265438,0.265438,0.265438,0.013969,0.450747,0.197901,0.390202,0.0,0.015158,0.024147,0.01015,0.011176
simulation_ui_20260918_000717_03_03_pppp,03,03,PPPP,03 · PPPP,0ccfe99f5612d8b22298e5942170415d,2,p2,2. Progressive,Cambria Tax Aware ETF (NASDAQ:TAX) Short Interest Down 67.0% in March,success,0.240992,0.172199,0.437637,0.013969,0.441612,0.0,0.502747,0.0,0.009273,0.01058,0.012898,0.004342
simulation_ui_20260918_000717_03_03_pppp,03,03,PPPP,03 · PPPP,0ccfe99f5612d8b22298e5942170415d,3,p3,3. Progressive,Cambria Tax Aware ETF (NASDAQ:TAX) Short Interest Down 67.0% in March,success,0.216361,0.260685,0.698322,0.050874,0.375344,0.197901,0.227415,0.0,0.022087,0.022881,0.02241,0.02097
simulation_ui_20260918_000717_03_03_pppp,03,03,PPPP,03 · PPPP,0ccfe99f5612d8b22298e5942170415d,4,p4,4. Progressive,Cambria Tax Aware ETF (NASDAQ:TAX) Short Interest Down 67.0% in March,success,0.225784,0.232707,0.931029,0.009055,0.379139,0.0,0.508301,0.0,0.010697,0.011759,0.015844,0.004488
simulation_ui_20260918_000717_03_03_pppp,03,03,PPPP,03 · PPPP,11c9275c35fecd97efe0ba12a17b00da,1,p1,1. Progressive,CPA questions legal basis of GACL takeover of McDan Jet Terminal,success,0.297864,0.297864,0.297864,0.192481,0.378097,0.2,0.419527,0.0,0.002405,0.002909,0.001266,0.003041
simulation_ui_20260918_000717_03_03_pppp,03,03,PPPP,03 · PPPP,11c9275c35fecd97efe0ba12a17b00da,2,p2,2. Progressive,CPA questions legal basis of GACL takeover of McDan Jet Terminal,success,0.329692,0.143351,0.441215,0.175551,0.545593,0.2,0.394805,0.0,0.005253,0.00165,0.000926,0.013184
simulation_ui_20260918_000717_03_03_pppp,03,03,PPPP,03 · PPPP,11c9275c35fecd97efe0ba12a17b00da,3,p3,3. Progressive,CPA questions legal basis of GACL takeover of McDan Jet Terminal,success,0.363083,0.049502,0.490717,0.175551,0.54258,0.333333,0.394805,0.0,0.011873,0.016401,0.000384,0.018835
simulation_ui_20260918_000717_03_03_pppp,03,03,PPPP,03 · PPPP,11c9275c35fecd97efe0ba12a17b00da,4,p4,4. Progressive,CPA questions legal basis of GACL takeover of McDan Jet Terminal,success,0.343468,0.098712,0.589429,0.207566,0.590942,0.2,0.367248,0.0,0.015404,0.017875,0.012774,0.015563
simulation_ui_20260918_000717_03_03_pppp,03,03,PPPP,03 · PPPP,11fde5af588f2d6f6a0c145a6d089324,1,p1,1. Progressive,"BSNL Posts ₹5,000 Crore Profit After 18 Years, Scindia Signals ₹10,000 Crore Target & India Post IPO Plans",success,0.286246,0.286246,0.286246,0.343286,0.494197,0.25,0.05439,0.0,0.005439,0.008611,0.006445,0.00126
simulation_ui_20260918_000717_03_03_pppp,03,03,PPPP,03 · PPPP,11fde5af588f2d6f6a0c145a6d089324,2,p2,2. Progressive,"BSNL Posts ₹5,000 Crore Profit After 18 Years, Scindia Signals ₹10,000 Crore Target & India Post IPO Plans",success,0.286164,0.096206,0.382452,0.368587,0.466473,0.25,0.05439,0.0,0.009102,0.010777,0.015515,0.001014
simulation_ui_20260918_000717_03_03_pppp,03,03,PPPP,03 · PPPP,11fde5af588f2d6f6a0c145a6d089324,3,p3,3. Progressive,"BSNL Posts ₹5,000 Crore Profit After 18 Years, Scindia Signals ₹10,000 Crore Target & India Post IPO Plans",success,0.260001,0.087593,0.470045,0.369811,0.369305,0.25,0.04707,0.0,0.006442,0.007847,0.008862,0.002618
simulation_ui_20260918_000717_03_03_pppp,03,03,PPPP,03 · PPPP,11fde5af588f2d6f6a0c145a6d089324,4,p4,4. Progressive,"BSNL Posts ₹5,000 Crore Profit After 18 Years, Scindia Signals ₹10,000 Crore Target & India Post IPO Plans",success,0.217375,0.213181,0.683226,0.308006,0.499003,0.0,0.05439,0.0,0.012906,0.019626,0.016732,0.002361
simulation_ui_20260918_000717_03_03_pppp,03,03,PPPP,03 · PPPP,17cd8c3587799d6f5551faf3e5895209,1,p1,1. Progressive,"Credit Union of Colorado Foundation invests $50,000 in community college scholarships",success,0.200243,0.200243,0.200243,0.006451,0.459396,0.333333,0.0,0.0,0.002798,0.001548,0.001092,0.005754
simulation_ui_20260918_000717_03_03_pppp,03,03,PPPP,03 · PPPP,17cd8c3587799d6f5551faf3e5895209,2,p2,2. Progressive,"Credit Union of Colorado Foundation invests $50,000 in community college scholarships",success,0.185226,0.116455,0.316698,0.0,0.378083,0.333333,0.026676,0.0,0.004312,0.000337,0.003306,0.009292
simulation_ui_20260918_000717_03_03_pppp,03,03,PPPP,03 · PPPP,17cd8c3587799d6f5551faf3e5895209,3,p3,3. Progressive,"Credit Union of Colorado Foundation invests $50,000 in community college scholarships",success,0.293696,0.204755,0.521453,0.0,0.459396,0.333333,0.379056,0.0,0.005302,0.002329,0.003015,0.010563
simulation_ui_20260918_000717_03_03_pppp,03,03,PPPP,03 · PPPP,17cd8c3587799d6f5551faf3e5895209,4,p4,4. Progressive,"Credit Union of Colorado Foundation invests $50,000 in community college scholarships",success,0.177071,0.178835,0.700288,0.006451,0.361279,0.0,0.333333,0.0,0.010945,0.005462,0.014754,0.012618
simulation_ui_20260918_000717_03_03_pppp,03,03,PPPP,03 · PPPP,1e83ba34429a85f3fbafdb5671e23f1d,1,p1,1. Progressive,Delhi PWD Accelerates PNG Pipeline Laying with 24-Hour Approvals,success,0.157687,0.157687,0.157687,0.0,0.128299,0.25,0.245404,0.0,0.010431,0.017309,0.011969,0.002016
simulation_ui_20260918_000717_03_03_pppp,03,03,PPPP,03 · PPPP,1e83ba34429a85f3fbafdb5671e23f1d,2,p2,2. Progressive,Delhi PWD Accelerates PNG Pipeline Laying with 24-Hour Approvals,success,0.163711,0.170449,0.328136,0.0,0.274799,0.25,0.12634,0.0,0.00553,0.006463,0.00804,0.002087
simulation_ui_20260918_000717_03_03_pppp,03,03,PPPP,03 · PPPP,1e83ba34429a85f3fbafdb5671e23f1d,3,p3,3. Progressive,Delhi PWD Accelerates PNG Pipeline Laying with 24-Hour Approvals,success,0.209556,0.153697,0.481833,0.0,0.281618,0.25,0.302617,0.0,0.006301,0.005414,0.012097,0.001391
simulation_ui_20260918_000717_03_03_pppp,03,03,PPPP,03 · PPPP,1e83ba34429a85f3fbafdb5671e23f1d,4,p4,4. Progressive,Delhi PWD Accelerates PNG Pipeline Laying with 24-Hour Approvals,success,0.201183,0.059651,0.541484,0.037287,0.281618,0.25,0.229353,0.0,0.010109,0.006395,0.016582,0.007351
simulation_ui_20260918_000717_03_03_pppp,03,03,PPPP,03 · PPPP,1eb77463838b3d1f2ea74f8bfa272767,1,p1,1. Progressive,Afghanistan urges regional water cooperation at Tashkent Forum,success,0.357142,0.357142,0.357142,1.0,0.0,0.003468,0.423781,0.0,0.00256,0.003143,0.00355,0.000988
simulation_ui_20260918_000717_03_03_pppp,03,03,PPPP,03 · PPPP,1eb77463838b3d1f2ea74f8bfa272767,2,p2,2. Progressive,Afghanistan urges regional water cooperation at Tashkent Forum,success,0.292045,0.401981,0.759123,0.157625,0.30797,0.280391,0.419782,0.0,0.004254,0.007303,0.003534,0.001924
simulation_ui_20260918_000717_03_03_pppp,03,03,PPPP,03 · PPPP,1eb77463838b3d1f2ea74f8bfa272767,3,p3,3. Progressive,Afghanistan urges regional water cooperation at Tashkent Forum,success,0.149891,0.189832,0.948955,0.0,0.05797,0.283166,0.255645,0.0,0.004089,0.00579,0.002245,0.004233
simulation_ui_20260918_000717_03_03_pppp,03,03,PPPP,03 · PPPP,1eb77463838b3d1f2ea74f8bfa272767,4,p4,4. Progressive,Afghanistan urges regional water cooperation at Tashkent Forum,success,0.311886,0.352933,1.301888,1.0,0.0,0.036589,0.208782,0.0,0.003946,0.002091,0.001845,0.007902
simulation_ui_20260918_000717_03_03_pppp,03,03,PPPP,03 · PPPP,20df5253ec5e5a2623c8823c2b38083b,1,p1,1. Progressive,Contango ORE (NYSEAMERICAN:CTGO) Now Covered by Analysts at Canaccord Genuity Group,success,0.241239,0.241239,0.241239,0.04298,0.555998,0.333333,0.025004,0.0,0.012556,0.014802,0.011903,0.010964
simulation_ui_20260918_000717_03_03_pppp,03,03,PPPP,03 · PPPP,20df5253ec5e5a2623c8823c2b38083b,2,p2,2. Progressive,Contango ORE (NYSEAMERICAN:CTGO) Now Covered by Analysts at Canaccord Genuity Group,success,0.188979,0.193172,0.434411,0.088,0.29452,0.333333,0.029935,0.0,0.015562,0.024103,0.017923,0.004659
simulation_ui_20260918_000717_03_03_pppp,03,03,PPPP,03 · PPPP,20df5253ec5e5a2623c8823c2b38083b,3,p3,3. Progressive,Contango ORE (NYSEAMERICAN:CTGO) Now Covered by Analysts at Canaccord Genuity Group,success,0.190062,0.066352,0.500763,0.082427,0.29452,0.333333,0.039852,0.0,0.015562,0.024103,0.017923,0.004659
simulation_ui_20260918_000717_03_03_pppp,03,03,PPPP,03 · PPPP,20df5253ec5e5a2623c8823c2b38083b,4,p4,4. Progressive,Contango ORE (NYSEAMERICAN:CTGO) Now Covered by Analysts at Canaccord Genuity Group,success,0.159411,0.211529,0.712292,0.064741,0.522554,0.0,0.039852,0.0,0.015562,0.024103,0.017923,0.004659
simulation_ui_20260918_000717_03_03_pppp,03,03,PPPP,03 · PPPP,285f86ba6e2a489c2d4a3ab84f18a6a4,1,p1,1. Progressive,Company Banned from Marketing Business Opportunities to Settle FTC Charges it Misled Consumers About Earnings Potential,success,0.131547,0.131547,0.131547,0.137484,0.231086,0.0,0.149571,0.0,0.011557,0.016528,0.006713,0.011429
simulation_ui_20260918_000717_03_03_pppp,03,03,PPPP,03 · PPPP,285f86ba6e2a489c2d4a3ab84f18a6a4,2,p2,2. Progressive,Company Banned from Marketing Business Opportunities to Settle FTC Charges it Misled Consumers About Earnings Potential,success,0.398591,0.406242,0.537789,1.0,0.209683,0.166667,0.209494,0.0,0.017648,0.029926,0.005123,0.017896
simulation_ui_20260918_000717_03_03_pppp,03,03,PPPP,03 · PPPP,285f86ba6e2a489c2d4a3ab84f18a6a4,3,p3,3. Progressive,Company Banned from Marketing Business Opportunities to Settle FTC Charges it Misled Consumers About Earnings Potential,success,0.433436,0.201501,0.73929,1.0,0.116186,0.386433,0.222862,0.0,0.018168,0.02914,0.00773,0.017634
simulation_ui_20260918_000717_03_03_pppp,03,03,PPPP,03 · PPPP,285f86ba6e2a489c2d4a3ab84f18a6a4,4,p4,4. Progressive,Company Banned from Marketing Business Opportunities to Settle FTC Charges it Misled Consumers About Earnings Potential,success,0.434453,0.43619,1.17548,1.0,0.290375,0.284172,0.154593,0.0,0.019093,0.032585,0.004851,0.019844
simulation_ui_20260918_000717_03_03_pppp,03,03,PPPP,03 · PPPP,3343849e4bfdca882e24cd916fa75ec6,1,p1,1. Progressive,ASMALLWORLD Introduces New Marriott Bonvoy® Benefit for Members,success,0.133878,0.133878,0.133878,0.0,0.065164,0.333333,0.133385,0.0,0.005231,0.002166,0.011534,0.001994
simulation_ui_20260918_000717_03_03_pppp,03,03,PPPP,03 · PPPP,3343849e4bfdca882e24cd916fa75ec6,2,p2,2. Progressive,ASMALLWORLD Introduces New Marriott Bonvoy® Benefit for Members,success,0.050632,0.083333,0.217211,0.0,0.065164,0.0,0.133385,0.0,0.005231,0.002166,0.011534,0.001994
simulation_ui_20260918_000717_03_03_pppp,03,03,PPPP,03 · PPPP,3343849e4bfdca882e24cd916fa75ec6,3,p3,3. Progressive,ASMALLWORLD Introduces New Marriott Bonvoy® Benefit for Members,success,0.10171,0.126746,0.343957,0.0,0.077915,0.281216,0.04434,0.0,0.004684,0.003796,0.008413,0.001844
simulation_ui_20260918_000717_03_03_pppp,03,03,PPPP,03 · PPPP,3343849e4bfdca882e24cd916fa75ec6,4,p4,4. Progressive,ASMALLWORLD Introduces New Marriott Bonvoy® Benefit for Members,success,0.071615,0.113681,0.457638,0.05842,0.077915,0.0,0.148323,0.0,0.002425,0.002367,0.000847,0.004062
simulation_ui_20260918_000717_03_03_pppp,03,03,PPPP,03 · PPPP,3e908966e0393a684386f1e186c5c6e3,1,p1,1. Progressive,CAAS defers sustainable aviation fuel levy,success,0.27416,0.27416,0.27416,0.290839,0.0,0.503822,0.295807,0.0,0.010609,0.004188,0.025353,0.002285
simulation_ui_20260918_000717_03_03_pppp,03,03,PPPP,03 · PPPP,3e908966e0393a684386f1e186c5c6e3,2,p2,2. Progressive,CAAS defers sustainable aviation fuel levy,success,0.185309,0.133862,0.408022,0.290839,0.0,0.2,0.240505,0.0,0.01513,0.014897,0.029343,0.00115
simulation_ui_20260918_000717_03_03_pppp,03,03,PPPP,03 · PPPP,3e908966e0393a684386f1e186c5c6e3,3,p3,3. Progressive,CAAS defers sustainable aviation fuel levy,success,0.201519,0.167646,0.575668,0.069803,0.028904,0.4,0.28714,0.0,0.03147,0.042617,0.031475,0.020319
simulation_ui_20260918_000717_03_03_pppp,03,03,PPPP,03 · PPPP,3e908966e0393a684386f1e186c5c6e3,4,p4,4. Progressive,CAAS defers sustainable aviation fuel levy,success,0.310863,0.327546,0.903214,0.194502,0.366578,0.466895,0.189122,0.0,0.04735,0.067762,0.039435,0.034854
simulation_ui_20260918_000717_03_03_pppp,03,03,PPPP,03 · PPPP,4284601d27a88508e23bb7ecf1e26740,1,p1,1. Progressive,Blackbaud Opens Registration for bbcon 2026 to Rally Social Impact Sector Around AI Innovation,success,0.186386,0.186386,0.186386,0.0,0.100621,0.25,0.381534,0.0,0.020489,0.015707,0.039197,0.006564
simulation_ui_20260918_000717_03_03_pppp,03,03,PPPP,03 · PPPP,4284601d27a88508e23bb7ecf1e26740,2,p2,2. Progressive,Blackbaud Opens Registration for bbcon 2026 to Rally Social Impact Sector Around AI Innovation,success,0.236307,0.217046,0.403432,0.139528,0.261231,0.221835,0.313058,0.0,0.015624,0.022593,0.023347,0.000933
simulation_ui_20260918_000717_03_03_pppp,03,03,PPPP,03 · PPPP,4284601d27a88508e23bb7ecf1e26740,3,p3,3. Progressive,Blackbaud Opens Registration for bbcon 2026 to Rally Social Impact Sector Around AI Innovation,success,0.324329,0.243074,0.646506,0.380004,0.376835,0.215797,0.317238,0.0,0.013727,0.016867,0.018609,0.005706
simulation_ui_20260918_000717_03_03_pppp,03,03,PPPP,03 · PPPP,4284601d27a88508e23bb7ecf1e26740,4,p4,4. Progressive,Blackbaud Opens Registration for bbcon 2026 to Rally Social Impact Sector Around AI Innovation,success,0.209639,0.234112,0.880618,0.0,0.261231,0.25,0.319612,0.0,0.012167,0.012922,0.019586,0.003994
simulation_ui_20260918_000717_03_03_pppp,03,03,PPPP,03 · PPPP,43b305aebbf654fd9464eb6d39cf900b,1,p1,1. Progressive,CS Atal Dulloo Reviews Progress Of Tawi Artificial Lake And Riverfront Development Projects,success,0.197078,0.197078,0.197078,0.00966,0.218606,0.224998,0.333333,0.0,0.002668,0.002518,0.002706,0.00278
simulation_ui_20260918_000717_03_03_pppp,03,03,PPPP,03 · PPPP,43b305aebbf654fd9464eb6d39cf900b,2,p2,2. Progressive,CS Atal Dulloo Reviews Progress Of Tawi Artificial Lake And Riverfront Development Projects,success,0.238287,0.132191,0.329269,0.00966,0.277907,0.224998,0.434916,0.0,0.009283,0.001558,0.01811,0.008181
simulation_ui_20260918_000717_03_03_pppp,03,03,PPPP,03 · PPPP,43b305aebbf654fd9464eb6d39cf900b,3,p3,3. Progressive,CS Atal Dulloo Reviews Progress Of Tawi Artificial Lake And Riverfront Development Projects,success,0.220988,0.115304,0.444573,0.00966,0.149139,0.224998,0.494499,0.0,0.009061,0.002811,0.015022,0.00935
simulation_ui_20260918_000717_03_03_pppp,03,03,PPPP,03 · PPPP,43b305aebbf654fd9464eb6d39cf900b,4,p4,4. Progressive,CS Atal Dulloo Reviews Progress Of Tawi Artificial Lake And Riverfront Development Projects,success,0.173451,0.09795,0.542523,0.00966,0.194051,0.0,0.483958,0.0,0.00926,0.00133,0.014857,0.011594
simulation_ui_20260918_000717_03_03_pppp,03,03,PPPP,03 · PPPP,43d218dc30bd89b0c4da158243e74603,1,p1,1. Progressive,Amesite Executes Trading Partner Agreement Enabling Secure Connectivity with Leading Homecare Technology Platform,success,0.241507,0.241507,0.241507,0.250337,0.299977,0.333333,0.074295,0.0,0.01329,0.028531,0.005283,0.006057
simulation_ui_20260918_000717_03_03_pppp,03,03,PPPP,03 · PPPP,43d218dc30bd89b0c4da158243e74603,2,p2,2. Progressive,Amesite Executes Trading Partner Agreement Enabling Secure Connectivity with Leading Homecare Technology Platform,success,0.252129,0.258114,0.499621,0.222354,0.152784,0.5,0.121059,0.0,0.020506,0.042933,0.013377,0.005207
simulation_ui_20260918_000717_03_03_pppp,03,03,PPPP,03 · PPPP,43d218dc30bd89b0c4da158243e74603,3,p3,3. Progressive,Amesite Executes Trading Partner Agreement Enabling Secure Connectivity with Leading Homecare Technology Platform,success,0.23223,0.166798,0.666419,0.225255,0.225084,0.333333,0.132476,0.0,0.020711,0.048625,0.00787,0.005639
simulation_ui_20260918_000717_03_03_pppp,03,03,PPPP,03 · PPPP,43d218dc30bd89b0c4da158243e74603,4,p4,4. Progressive,Amesite Executes Trading Partner Agreement Enabling Secure Connectivity with Leading Homecare Technology Platform,success,0.24505,0.293336,0.959755,0.148857,0.163847,0.5,0.158014,0.0,0.015652,0.01976,0.02216,0.005035
simulation_ui_20260918_000717_03_03_pppp,03,03,PPPP,03 · PPPP,45a67f6f54cd92c32163be9459300052,1,p1,1. Progressive,"Bitcoin Miners, Now AI Compute Leaders, Face Profitability Concerns",success,0.299597,0.299597,0.299597,0.114296,0.351757,0.333333,0.381001,0.0,0.03192,0.046513,0.034556,0.01469
simulation_ui_20260918_000717_03_03_pppp,03,03,PPPP,03 · PPPP,45a67f6f54cd92c32163be9459300052,2,p2,2. Progressive,"Bitcoin Miners, Now AI Compute Leaders, Face Profitability Concerns",success,0.280375,0.124362,0.423959,0.109795,0.278036,0.333333,0.388117,0.0,0.021136,0.005325,0.049418,0.008664
simulation_ui_20260918_000717_03_03_pppp,03,03,PPPP,03 · PPPP,45a67f6f54cd92c32163be9459300052,3,p3,3. Progressive,"Bitcoin Miners, Now AI Compute Leaders, Face Profitability Concerns",success,0.304657,0.149419,0.573378,0.057611,0.4249,0.333333,0.393722,0.0,0.016237,0.008785,0.032743,0.007184
simulation_ui_20260918_000717_03_03_pppp,03,03,PPPP,03 · PPPP,45a67f6f54cd92c32163be9459300052,4,p4,4. Progressive,"Bitcoin Miners, Now AI Compute Leaders, Face Profitability Concerns",success,0.304606,0.001047,0.574425,0.057611,0.4249,0.333333,0.393722,0.0,0.015873,0.016093,0.028747,0.00278
simulation_ui_20260918_000717_03_03_pppp,03,03,PPPP,03 · PPPP,48375acfba2ffc7f64822005eaab01e9,1,p1,1. Progressive,"Capitan Silver Commences Trading on the OTCQX Market Under Symbol ""CAPTF""",success,0.044398,0.044398,0.044398,0.11333,0.006859,0.0,0.044027,0.0,0.017438,0.014307,0.024194,0.013813
simulation_ui_20260918_000717_03_03_pppp,03,03,PPPP,03 · PPPP,48375acfba2ffc7f64822005eaab01e9,2,p2,2. Progressive,"Capitan Silver Commences Trading on the OTCQX Market Under Symbol ""CAPTF""",success,0.241399,0.196959,0.241357,0.152506,0.477309,0.25,0.075161,0.0,0.017438,0.014307,0.024194,0.013813
simulation_ui_20260918_000717_03_03_pppp,03,03,PPPP,03 · PPPP,48375acfba2ffc7f64822005eaab01e9,3,p3,3. Progressive,"Capitan Silver Commences Trading on the OTCQX Market Under Symbol ""CAPTF""",success,0.140709,0.225026,0.466383,0.021405,0.485373,0.0,0.044027,0.0,0.017438,0.014307,0.024194,0.013813
simulation_ui_20260918_000717_03_03_pppp,03,03,PPPP,03 · PPPP,48375acfba2ffc7f64822005eaab01e9,4,p4,4. Progressive,"Capitan Silver Commences Trading on the OTCQX Market Under Symbol ""CAPTF""",success,0.177888,0.155258,0.621641,0.11333,0.546771,0.0,0.044027,0.0,0.011263,0.022309,0.00568,0.005799
simulation_ui_20260918_000717_03_03_pppp,03,03,PPPP,03 · PPPP,4980763ccff9b986f6829df1e9489341,1,p1,1. Progressive,Cabana Target Drawdown 7 ETF (NASDAQ:TDSB) Short Interest Down 96.6% in March,success,0.295356,0.295356,0.295356,0.035238,0.636583,0.333333,0.171964,0.0,0.007629,0.001608,0.006915,0.014363
simulation_ui_20260918_000717_03_03_pppp,03,03,PPPP,03 · PPPP,4980763ccff9b986f6829df1e9489341,2,p2,2. Progressive,Cabana Target Drawdown 7 ETF (NASDAQ:TDSB) Short Interest Down 96.6% in March,success,0.206152,0.312127,0.607483,0.012326,0.49394,0.0,0.311873,0.0,0.010167,0.01561,0.011307,0.003584
simulation_ui_20260918_000717_03_03_pppp,03,03,PPPP,03 · PPPP,4980763ccff9b986f6829df1e9489341,3,p3,3. Progressive,Cabana Target Drawdown 7 ETF (NASDAQ:TDSB) Short Interest Down 96.6% in March,success,0.208864,0.03655,0.644033,0.006901,0.514759,0.0,0.30735,0.0,0.010167,0.01561,0.011307,0.003584
simulation_ui_20260918_000717_03_03_pppp,03,03,PPPP,03 · PPPP,4980763ccff9b986f6829df1e9489341,4,p4,4. Progressive,Cabana Target Drawdown 7 ETF (NASDAQ:TDSB) Short Interest Down 96.6% in March,success,0.340092,0.226499,0.870532,0.0,0.566479,0.42645,0.362059,0.0,0.010167,0.01561,0.011307,0.003584
simulation_ui_20260918_000717_03_03_pppp,03,03,PPPP,03 · PPPP,4ac6395408a9caf70c7d2ffc4ca362c7,1,p1,1. Progressive,Continuing Unemployment Claims Dip to Nearly 2-Year Low,success,0.340519,0.340519,0.340519,0.398844,0.466192,0.266629,0.224974,0.0,0.010284,0.015271,0.008073,0.007508
simulation_ui_20260918_000717_03_03_pppp,03,03,PPPP,03 · PPPP,4ac6395408a9caf70c7d2ffc4ca362c7,2,p2,2. Progressive,Continuing Unemployment Claims Dip to Nearly 2-Year Low,success,0.148244,0.247759,0.588278,0.127068,0.073158,0.185516,0.185978,0.0,0.031003,0.058186,0.009475,0.025349
simulation_ui_20260918_000717_03_03_pppp,03,03,PPPP,03 · PPPP,4ac6395408a9caf70c7d2ffc4ca362c7,3,p3,3. Progressive,Continuing Unemployment Claims Dip to Nearly 2-Year Low,success,0.294069,0.181198,0.769476,0.351058,0.324058,0.165172,0.314635,0.0,0.037529,0.079984,0.01132,0.021282
simulation_ui_20260918_000717_03_03_pppp,03,03,PPPP,03 · PPPP,4ac6395408a9caf70c7d2ffc4ca362c7,4,p4,4. Progressive,Continuing Unemployment Claims Dip to Nearly 2-Year Low,success,0.327491,0.140743,0.910219,0.420605,0.387352,0.286973,0.192981,0.0,0.040658,0.079801,0.018995,0.023179
simulation_ui_20260918_000717_03_03_pppp,03,03,PPPP,03 · PPPP,59a0fb71f66cefb61fc91c97affb1dbe,1,p1,1. Progressive,"Bank of Montreal targets 15% return on equity on wealth, US businesses growth",success,0.287037,0.287037,0.287037,0.0,0.375874,0.333333,0.436742,0.0,0.003851,0.009821,0.000994,0.000739
simulation_ui_20260918_000717_03_03_pppp,03,03,PPPP,03 · PPPP,59a0fb71f66cefb61fc91c97affb1dbe,2,p2,2. Progressive,"Bank of Montreal targets 15% return on equity on wealth, US businesses growth",success,0.264126,0.237928,0.524965,0.032611,0.2336,0.252783,0.528554,0.0,0.015166,0.008202,0.02618,0.011117
simulation_ui_20260918_000717_03_03_pppp,03,03,PPPP,03 · PPPP,59a0fb71f66cefb61fc91c97affb1dbe,3,p3,3. Progressive,"Bank of Montreal targets 15% return on equity on wealth, US businesses growth",success,0.277873,0.128531,0.653496,0.103857,0.375874,0.252783,0.371729,0.0,0.012518,0.010575,0.023412,0.003568
simulation_ui_20260918_000717_03_03_pppp,03,03,PPPP,03 · PPPP,59a0fb71f66cefb61fc91c97affb1dbe,4,p4,4. Progressive,"Bank of Montreal targets 15% return on equity on wealth, US businesses growth",success,0.262424,0.093691,0.747187,0.013475,0.329831,0.252783,0.446017,0.0,0.01283,0.00387,0.022282,0.012339
simulation_ui_20260918_000717_03_03_pppp,03,03,PPPP,03 · PPPP,6282ee092c7147c978409e71f0096515,1,p1,1. Progressive,Backdoor bet. How federal regulators are sidestepping Alabama: op-ed,success,0.267683,0.267683,0.267683,0.273455,0.305116,0.318618,0.166704,0.0,0.011647,0.023709,0.007342,0.003891
simulation_ui_20260918_000717_03_03_pppp,03,03,PPPP,03 · PPPP,6282ee092c7147c978409e71f0096515,2,p2,2. Progressive,Backdoor bet. How federal regulators are sidestepping Alabama: op-ed,success,0.264318,0.225558,0.493241,0.274912,0.468395,0.09149,0.208257,0.0,0.024045,0.031545,0.020489,0.020101
simulation_ui_20260918_000717_03_03_pppp,03,03,PPPP,03 · PPPP,6282ee092c7147c978409e71f0096515,3,p3,3. Progressive,Backdoor bet. How federal regulators are sidestepping Alabama: op-ed,success,0.386398,0.272836,0.766077,0.255155,0.555515,0.318618,0.407023,0.0,0.018838,0.023894,0.002597,0.030022
simulation_ui_20260918_000717_03_03_pppp,03,03,PPPP,03 · PPPP,6282ee092c7147c978409e71f0096515,4,p4,4. Progressive,Backdoor bet. How federal regulators are sidestepping Alabama: op-ed,success,0.263068,0.181776,0.947853,0.264952,0.465614,0.09149,0.208665,0.0,0.036292,0.054512,0.024408,0.029957
simulation_ui_20260918_000717_03_03_pppp,03,03,PPPP,03 · PPPP,6296ce617808e446ef3e272b65cb5b46,1,p1,1. Progressive,Apple Adds New Partners to Expand Its U.S. Supply Chain,success,0.015927,0.015927,0.015927,0.0,0.0,0.0,0.061677,0.0,0.002579,0.003271,0.003692,0.000775
simulation_ui_20260918_000717_03_03_pppp,03,03,PPPP,03 · PPPP,6296ce617808e446ef3e272b65cb5b46,2,p2,2. Progressive,Apple Adds New Partners to Expand Its U.S. Supply Chain,success,0.136382,0.123508,0.139435,0.0,0.394584,0.0,0.135137,0.0,0.022773,0.015655,0.013325,0.039339
simulation_ui_20260918_000717_03_03_pppp,03,03,PPPP,03 · PPPP,6296ce617808e446ef3e272b65cb5b46,3,p3,3. Progressive,Apple Adds New Partners to Expand Its U.S. Supply Chain,success,0.156058,0.088131,0.227566,0.0,0.482052,0.0,0.125268,0.0,0.024923,0.008199,0.011047,0.055523
simulation_ui_20260918_000717_03_03_pppp,03,03,PPPP,03 · PPPP,6296ce617808e446ef3e272b65cb5b46,4,p4,4. Progressive,Apple Adds New Partners to Expand Its U.S. Supply Chain,success,0.09766,0.061716,0.289282,0.0,0.25,0.0,0.125268,0.0,0.021203,0.009989,0.013916,0.039704
simulation_ui_20260918_000717_03_03_pppp,03,03,PPPP,03 · PPPP,64aefc05d7d6e883d857202942daa279,1,p1,1. Progressive,Competition Commission clears merger of Udemy with Coursera's arm,success,0.140785,0.140785,0.140785,0.026316,0.510083,0.0,0.01714,0.0,0.013929,0.018374,0.01399,0.009422
simulation_ui_20260918_000717_03_03_pppp,03,03,PPPP,03 · PPPP,64aefc05d7d6e883d857202942daa279,2,p2,2. Progressive,Competition Commission clears merger of Udemy with Coursera's arm,success,0.137256,0.0276,0.168385,0.026533,0.505741,0.0,0.004119,0.0,0.018231,0.007568,0.027815,0.019309
simulation_ui_20260918_000717_03_03_pppp,03,03,PPPP,03 · PPPP,64aefc05d7d6e883d857202942daa279,3,p3,3. Progressive,Competition Commission clears merger of Udemy with Coursera's arm,success,0.240049,0.159299,0.327684,0.026533,0.684178,0.0,0.23306,0.0,0.026873,0.038852,0.014971,0.026797
simulation_ui_20260918_000717_03_03_pppp,03,03,PPPP,03 · PPPP,64aefc05d7d6e883d857202942daa279,4,p4,4. Progressive,Competition Commission clears merger of Udemy with Coursera's arm,success,0.19321,0.172806,0.50049,0.040968,0.6752,0.0,0.038708,0.0,0.02768,0.050865,0.009712,0.022462
simulation_ui_20260918_000717_03_03_pppp,03,03,PPPP,03 · PPPP,675d6df42ab1fa2c25fcb6c96a0801ba,1,p1,1. Progressive,"Cohen & Steers Infrastructure Fund, Inc (NYSE:UTF) Plans $0.17 Monthly Dividend",success,0.222334,0.222334,0.222334,0.058064,0.487111,0.0,0.336375,0.0,0.012481,0.00426,0.023814,0.009368
simulation_ui_20260918_000717_03_03_pppp,03,03,PPPP,03 · PPPP,675d6df42ab1fa2c25fcb6c96a0801ba,2,p2,2. Progressive,"Cohen & Steers Infrastructure Fund, Inc (NYSE:UTF) Plans $0.17 Monthly Dividend",success,0.1793,0.100853,0.323187,0.002148,0.376164,0.0,0.333333,0.0,0.008448,0.001037,0.017498,0.006809
simulation_ui_20260918_000717_03_03_pppp,03,03,PPPP,03 · PPPP,675d6df42ab1fa2c25fcb6c96a0801ba,3,p3,3. Progressive,"Cohen & Steers Infrastructure Fund, Inc (NYSE:UTF) Plans $0.17 Monthly Dividend",success,0.144807,0.192363,0.51555,0.094337,0.233194,0.0,0.247636,0.0,0.005926,0.011439,0.003163,0.003176
simulation_ui_20260918_000717_03_03_pppp,03,03,PPPP,03 · PPPP,675d6df42ab1fa2c25fcb6c96a0801ba,4,p4,4. Progressive,"Cohen & Steers Infrastructure Fund, Inc (NYSE:UTF) Plans $0.17 Monthly Dividend",success,0.254542,0.270004,0.785554,0.058064,0.510075,0.106612,0.338808,0.0,0.007716,0.015581,0.003604,0.003963
simulation_ui_20260918_000717_03_03_pppp,03,03,PPPP,03 · PPPP,73939fe081f6d0ef3ed498b2dd7f4039,1,p1,1. Progressive,Coastal Electric plans rate increase,success,0.308114,0.308114,0.308114,0.010853,0.333333,0.5,0.37216,0.0,0.028935,0.050941,0.026002,0.009861
simulation_ui_20260918_000717_03_03_pppp,03,03,PPPP,03 · PPPP,73939fe081f6d0ef3ed498b2dd7f4039,2,p2,2. Progressive,Coastal Electric plans rate increase,success,0.346819,0.138373,0.446487,0.0,0.337063,0.666667,0.374819,0.0,0.016649,0.019137,0.024802,0.006009
simulation_ui_20260918_000717_03_03_pppp,03,03,PPPP,03 · PPPP,73939fe081f6d0ef3ed498b2dd7f4039,3,p3,3. Progressive,Coastal Electric plans rate increase,success,0.34285,0.048464,0.494951,0.0,0.329155,0.666667,0.360752,0.0,0.028046,0.077321,0.004161,0.002656
simulation_ui_20260918_000717_03_03_pppp,03,03,PPPP,03 · PPPP,73939fe081f6d0ef3ed498b2dd7f4039,4,p4,4. Progressive,Coastal Electric plans rate increase,success,0.38276,0.176004,0.670955,0.0,0.485458,0.666667,0.360752,0.0,0.036514,0.084447,0.014,0.011095
simulation_ui_20260918_000717_03_03_pppp,03,03,PPPP,03 · PPPP,764d938e82fccdeec46aa43984936af9,1,p1,1. Progressive,Centre Highlights Border Infrastructure Push Through BADP and Vibrant Villages Programmes,success,0.409074,0.409074,0.409074,0.212256,0.317082,0.447594,0.65143,0.0,0.01673,0.020784,0.023634,0.005772
simulation_ui_20260918_000717_03_03_pppp,03,03,PPPP,03 · PPPP,764d938e82fccdeec46aa43984936af9,2,p2,2. Progressive,Centre Highlights Border Infrastructure Push Through BADP and Vibrant Villages Programmes,success,0.476665,0.195661,0.604735,0.177919,0.516211,0.540383,0.663194,0.0,0.021296,0.02541,0.029148,0.009331
simulation_ui_20260918_000717_03_03_pppp,03,03,PPPP,03 · PPPP,764d938e82fccdeec46aa43984936af9,3,p3,3. Progressive,Centre Highlights Border Infrastructure Push Through BADP and Vibrant Villages Programmes,success,0.473084,0.207711,0.812446,0.221072,0.487201,0.540383,0.635335,0.0,0.019722,0.025931,0.029267,0.003968
simulation_ui_20260918_000717_03_03_pppp,03,03,PPPP,03 · PPPP,764d938e82fccdeec46aa43984936af9,4,p4,4. Progressive,Centre Highlights Border Infrastructure Push Through BADP and Vibrant Villages Programmes,success,0.490269,0.148758,0.961204,0.221072,0.545018,0.540383,0.645571,0.0,0.022055,0.028679,0.03551,0.001977
simulation_ui_20260918_000717_03_03_pppp,03,03,PPPP,03 · PPPP,80a390c3c68815dadd42b1ea065fd1af,1,p1,1. Progressive,Contract OK’d to extend sidewalk repairs,success,0.245255,0.245255,0.245255,0.164424,0.433162,0.0,0.369713,0.0,0.022623,0.030257,0.017676,0.019937
simulation_ui_20260918_000717_03_03_pppp,03,03,PPPP,03 · PPPP,80a390c3c68815dadd42b1ea065fd1af,2,p2,2. Progressive,Contract OK’d to extend sidewalk repairs,success,0.309146,0.298917,0.544172,0.164424,0.291453,0.463755,0.303409,0.0,0.024387,0.031024,0.030681,0.011456
simulation_ui_20260918_000717_03_03_pppp,03,03,PPPP,03 · PPPP,80a390c3c68815dadd42b1ea065fd1af,3,p3,3. Progressive,Contract OK’d to extend sidewalk repairs,success,0.36613,0.157453,0.701625,0.164424,0.427725,0.463755,0.39874,0.0,0.0194,0.023172,0.020624,0.014405
simulation_ui_20260918_000717_03_03_pppp,03,03,PPPP,03 · PPPP,80a390c3c68815dadd42b1ea065fd1af,4,p4,4. Progressive,Contract OK’d to extend sidewalk repairs,success,0.312653,0.153091,0.854716,0.164424,0.291453,0.480886,0.303481,0.0,0.018782,0.021453,0.020416,0.014477
simulation_ui_20260918_000717_03_03_pppp,03,03,PPPP,03 · PPPP,80e1561246e5483a76211bd892a06bcb,1,p1,1. Progressive,Aldi inches closer to being hit with unprecedented $15 policy at all locations in the state,success,0.324684,0.324684,0.324684,0.093833,0.476893,0.214893,0.502651,0.0,0.019297,0.030294,0.010692,0.016904
simulation_ui_20260918_000717_03_03_pppp,03,03,PPPP,03 · PPPP,80e1561246e5483a76211bd892a06bcb,2,p2,2. Progressive,Aldi inches closer to being hit with unprecedented $15 policy at all locations in the state,success,0.332858,0.082913,0.407597,0.081259,0.495127,0.214893,0.532611,0.0,0.014089,0.022614,0.005097,0.014557
simulation_ui_20260918_000717_03_03_pppp,03,03,PPPP,03 · PPPP,80e1561246e5483a76211bd892a06bcb,3,p3,3. Progressive,Aldi inches closer to being hit with unprecedented $15 policy at all locations in the state,success,0.38403,0.218836,0.626433,0.247383,0.572623,0.273793,0.432637,0.0,0.019577,0.026803,0.008934,0.022994
simulation_ui_20260918_000717_03_03_pppp,03,03,PPPP,03 · PPPP,80e1561246e5483a76211bd892a06bcb,4,p4,4. Progressive,Aldi inches closer to being hit with unprecedented $15 policy at all locations in the state,success,0.427213,0.275434,0.901867,0.158469,0.54047,0.345744,0.655117,0.0,0.019674,0.0344,0.001176,0.023445
simulation_ui_20260918_000717_03_03_pppp,03,03,PPPP,03 · PPPP,954401161f2ebcd5c5ec0961fa417e31,1,p1,1. Progressive,Biodiversity strategy is a must for mining companies,success,0.312954,0.312954,0.312954,0.0,0.524074,0.333333,0.37516,0.0,0.034777,0.025199,0.024845,0.054288
simulation_ui_20260918_000717_03_03_pppp,03,03,PPPP,03 · PPPP,954401161f2ebcd5c5ec0961fa417e31,2,p2,2. Progressive,Biodiversity strategy is a must for mining companies,success,0.321299,0.284019,0.596973,0.0,0.483476,0.271536,0.511585,0.0,0.034021,0.022728,0.02398,0.055354
simulation_ui_20260918_000717_03_03_pppp,03,03,PPPP,03 · PPPP,954401161f2ebcd5c5ec0961fa417e31,3,p3,3. Progressive,Biodiversity strategy is a must for mining companies,success,0.428702,0.264529,0.861502,0.0,0.566444,0.52011,0.612638,0.0,0.033938,0.02331,0.01743,0.061073
simulation_ui_20260918_000717_03_03_pppp,03,03,PPPP,03 · PPPP,954401161f2ebcd5c5ec0961fa417e31,4,p4,4. Progressive,Biodiversity strategy is a must for mining companies,success,0.389955,0.336557,1.198059,0.117532,0.640199,0.501292,0.282133,0.0,0.03795,0.047143,0.02042,0.046287
simulation_ui_20260918_000717_03_03_pppp,03,03,PPPP,03 · PPPP,96039628b3a89f4a9134fd1dc3b666d7,1,p1,1. Progressive,Air travel to become expensive from April 1? Civil Aviation Minister clarifies amid Middle East crisis,success,0.280804,0.280804,0.280804,0.265581,0.372996,0.148039,0.299968,0.0,0.062868,0.071591,0.081597,0.035417
simulation_ui_20260918_000717_03_03_pppp,03,03,PPPP,03 · PPPP,96039628b3a89f4a9134fd1dc3b666d7,2,p2,2. Progressive,Air travel to become expensive from April 1? Civil Aviation Minister clarifies amid Middle East crisis,success,0.357102,0.348611,0.629415,0.106957,0.478084,0.25,0.56116,0.0,0.061847,0.075193,0.079713,0.030636
simulation_ui_20260918_000717_03_03_pppp,03,03,PPPP,03 · PPPP,96039628b3a89f4a9134fd1dc3b666d7,3,p3,3. Progressive,Air travel to become expensive from April 1? Civil Aviation Minister clarifies amid Middle East crisis,success,0.393163,0.132259,0.761674,0.18653,0.543667,0.25,0.56116,0.0,0.063644,0.078699,0.070113,0.042121
simulation_ui_20260918_000717_03_03_pppp,03,03,PPPP,03 · PPPP,96039628b3a89f4a9134fd1dc3b666d7,4,p4,4. Progressive,Air travel to become expensive from April 1? Civil Aviation Minister clarifies amid Middle East crisis,success,0.417748,0.182928,0.944602,0.360897,0.486141,0.25,0.546611,0.0,0.058024,0.061085,0.076323,0.036663
simulation_ui_20260918_000717_03_03_pppp,03,03,PPPP,03 · PPPP,9dee564f6a8f10132f19e6a4b2b8e1a7,1,p1,1. Progressive,"Better and Coinbase Launch the First Token-Backed, Conforming Mortgage",success,0.124377,0.124377,0.124377,0.042199,0.159135,0.056643,0.215138,0.0,0.034582,0.038863,0.039227,0.025657
simulation_ui_20260918_000717_03_03_pppp,03,03,PPPP,03 · PPPP,9dee564f6a8f10132f19e6a4b2b8e1a7,2,p2,2. Progressive,"Better and Coinbase Launch the First Token-Backed, Conforming Mortgage",success,0.215834,0.169347,0.293724,0.042199,0.340987,0.16163,0.302436,0.0,0.025511,0.02146,0.031889,0.023184
simulation_ui_20260918_000717_03_03_pppp,03,03,PPPP,03 · PPPP,9dee564f6a8f10132f19e6a4b2b8e1a7,3,p3,3. Progressive,"Better and Coinbase Launch the First Token-Backed, Conforming Mortgage",success,0.153848,0.184807,0.478531,0.042199,0.268821,0.056643,0.216408,0.0,0.045844,0.062163,0.028715,0.046654
simulation_ui_20260918_000717_03_03_pppp,03,03,PPPP,03 · PPPP,9dee564f6a8f10132f19e6a4b2b8e1a7,4,p4,4. Progressive,"Better and Coinbase Launch the First Token-Backed, Conforming Mortgage",success,0.271573,0.203465,0.681996,0.042199,0.509178,0.16163,0.354383,0.0,0.032229,0.040325,0.037009,0.019354
simulation_ui_20260918_000717_03_03_pppp,03,03,PPPP,03 · PPPP,a83c7d9bd4c9948f8104f95aa8914a60,1,p1,1. Progressive,Another cinema in Singapore is closing... but the big,success,0.209944,0.209944,0.209944,0.026274,0.376872,0.125,0.304051,0.0,0.011964,0.010482,0.023517,0.001894
simulation_ui_20260918_000717_03_03_pppp,03,03,PPPP,03 · PPPP,a83c7d9bd4c9948f8104f95aa8914a60,2,p2,2. Progressive,Another cinema in Singapore is closing... but the big,success,0.136659,0.146516,0.35646,0.026274,0.389364,0.0,0.124538,0.0,0.009338,0.004321,0.01291,0.010783
simulation_ui_20260918_000717_03_03_pppp,03,03,PPPP,03 · PPPP,a83c7d9bd4c9948f8104f95aa8914a60,3,p3,3. Progressive,Another cinema in Singapore is closing... but the big,success,0.162414,0.060124,0.416584,0.029005,0.362609,0.125,0.124412,0.0,0.012846,0.026954,0.006695,0.00489
simulation_ui_20260918_000717_03_03_pppp,03,03,PPPP,03 · PPPP,a83c7d9bd4c9948f8104f95aa8914a60,4,p4,4. Progressive,Another cinema in Singapore is closing... but the big,success,0.129039,0.155933,0.572517,0.118503,0.292461,0.0,0.0981,0.0,0.01016,0.02511,0.004092,0.001278
simulation_ui_20260918_000717_03_03_pppp,03,03,PPPP,03 · PPPP,b8147bef700007b0dbccc9eaf88c04ac,1,p1,1. Progressive,CLEO Expands Its Reach as Crypto Prop Traders Rally Around the Prop Firm Trading Platform Built for Them,success,0.235445,0.235445,0.235445,0.073686,0.38008,0.25,0.226712,0.0,0.018412,0.039531,0.012262,0.003442
simulation_ui_20260918_000717_03_03_pppp,03,03,PPPP,03 · PPPP,b8147bef700007b0dbccc9eaf88c04ac,2,p2,2. Progressive,CLEO Expands Its Reach as Crypto Prop Traders Rally Around the Prop Firm Trading Platform Built for Them,success,0.23165,0.155572,0.391017,0.074424,0.299563,0.34903,0.191311,0.0,0.019888,0.024692,0.031946,0.003026
simulation_ui_20260918_000717_03_03_pppp,03,03,PPPP,03 · PPPP,b8147bef700007b0dbccc9eaf88c04ac,3,p3,3. Progressive,CLEO Expands Its Reach as Crypto Prop Traders Rally Around the Prop Firm Trading Platform Built for Them,success,0.251343,0.164038,0.555055,0.114602,0.370406,0.34903,0.158218,0.0,0.021804,0.024559,0.037943,0.002911
simulation_ui_20260918_000717_03_03_pppp,03,03,PPPP,03 · PPPP,b8147bef700007b0dbccc9eaf88c04ac,4,p4,4. Progressive,CLEO Expands Its Reach as Crypto Prop Traders Rally Around the Prop Firm Trading Platform Built for Them,success,0.243892,0.117413,0.672468,0.074424,0.408978,0.34903,0.128787,0.0,0.023609,0.021473,0.04404,0.005314
simulation_ui_20260918_000717_03_03_pppp,03,03,PPPP,03 · PPPP,c24889258ff4d93fcb33d3ad9328f7e5,1,p1,1. Progressive,Clearlake buys Qualus from New Mountain amid soaring power demand; KKR’s exit provides CoolIT employees with handsome payout,success,0.196852,0.196852,0.196852,0.0,0.373367,0.0,0.400836,0.0,0.020467,0.030515,0.017611,0.013274
simulation_ui_20260918_000717_03_03_pppp,03,03,PPPP,03 · PPPP,c24889258ff4d93fcb33d3ad9328f7e5,2,p2,2. Progressive,Clearlake buys Qualus from New Mountain amid soaring power demand; KKR’s exit provides CoolIT employees with handsome payout,success,0.276072,0.249744,0.446596,0.43785,0.273854,0.0,0.371976,0.0,0.035332,0.048375,0.035375,0.022245
simulation_ui_20260918_000717_03_03_pppp,03,03,PPPP,03 · PPPP,c24889258ff4d93fcb33d3ad9328f7e5,3,p3,3. Progressive,Clearlake buys Qualus from New Mountain amid soaring power demand; KKR’s exit provides CoolIT employees with handsome payout,success,0.337017,0.119529,0.566125,0.597913,0.370973,0.0,0.360311,0.0,0.035326,0.044684,0.039306,0.021988
simulation_ui_20260918_000717_03_03_pppp,03,03,PPPP,03 · PPPP,c24889258ff4d93fcb33d3ad9328f7e5,4,p4,4. Progressive,Clearlake buys Qualus from New Mountain amid soaring power demand; KKR’s exit provides CoolIT employees with handsome payout,success,0.38407,0.257354,0.823479,0.43785,0.670933,0.0,0.408845,0.0,0.037567,0.042624,0.045596,0.024481
simulation_ui_20260918_000717_03_03_pppp,03,03,PPPP,03 · PPPP,c431d4ae9339f97a7ca5409d975805a3,1,p1,1. Progressive,Anavex Life Sciences Stock Is Deeply Oversold. Should You Buy the Dip?,success,0.364402,0.364402,0.364402,0.044818,0.584749,0.204302,0.615802,0.0,0.01556,0.032432,0.006806,0.007441
simulation_ui_20260918_000717_03_03_pppp,03,03,PPPP,03 · PPPP,c431d4ae9339f97a7ca5409d975805a3,2,p2,2. Progressive,Anavex Life Sciences Stock Is Deeply Oversold. Should You Buy the Dip?,success,0.338517,0.114926,0.479328,0.035984,0.520114,0.205086,0.582126,0.0,0.020247,0.041044,0.000163,0.019533
simulation_ui_20260918_000717_03_03_pppp,03,03,PPPP,03 · PPPP,c431d4ae9339f97a7ca5409d975805a3,3,p3,3. Progressive,Anavex Life Sciences Stock Is Deeply Oversold. Should You Buy the Dip?,success,0.411932,0.351956,0.831284,0.261076,0.558015,0.209515,0.611622,0.0,0.015889,0.033105,0.001822,0.01274
simulation_ui_20260918_000717_03_03_pppp,03,03,PPPP,03 · PPPP,c431d4ae9339f97a7ca5409d975805a3,4,p4,4. Progressive,Anavex Life Sciences Stock Is Deeply Oversold. Should You Buy the Dip?,success,0.286071,0.307256,1.13854,0.044818,0.384335,0.090302,0.611622,0.0,0.023015,0.052838,0.005283,0.010924
simulation_ui_20260918_000717_03_03_pppp,03,03,PPPP,03 · PPPP,ce21e05271d5e7a4e182ceb46e706964,1,p1,1. Progressive,"Arizona opinion: European mandate means costlier food, groceries",success,0.267439,0.267439,0.267439,0.264703,0.163956,0.133022,0.503396,0.0,0.00797,0.007296,0.007679,0.008936
simulation_ui_20260918_000717_03_03_pppp,03,03,PPPP,03 · PPPP,ce21e05271d5e7a4e182ceb46e706964,2,p2,2. Progressive,"Arizona opinion: European mandate means costlier food, groceries",success,0.397588,0.255804,0.523243,0.548653,0.309739,0.25,0.470519,0.0,0.023628,0.032873,0.03481,0.003201
simulation_ui_20260918_000717_03_03_pppp,03,03,PPPP,03 · PPPP,ce21e05271d5e7a4e182ceb46e706964,3,p3,3. Progressive,"Arizona opinion: European mandate means costlier food, groceries",success,0.428977,0.500889,1.024132,0.24847,0.279858,0.596638,0.57413,0.0,0.036534,0.048782,0.025439,0.035381
simulation_ui_20260918_000717_03_03_pppp,03,03,PPPP,03 · PPPP,ce21e05271d5e7a4e182ceb46e706964,4,p4,4. Progressive,"Arizona opinion: European mandate means costlier food, groceries",success,0.413831,0.310713,1.334845,0.452561,0.457748,0.303102,0.425229,0.0,0.035323,0.052263,0.020784,0.032921
simulation_ui_20260918_000717_03_03_pppp,03,03,PPPP,03 · PPPP,d66c6c1dfd9c66c9f17f51b8a1ecc92d,1,p1,1. Progressive,"Cadre Holdings to Acquire Assets of Tedder Industries, Including Alien Gear Holsters",success,0.077177,0.077177,0.077177,0.006403,0.277363,0.0,0.02236,0.0,0.003495,5.1e-05,0.004579,0.005856
simulation_ui_20260918_000717_03_03_pppp,03,03,PPPP,03 · PPPP,d66c6c1dfd9c66c9f17f51b8a1ecc92d,2,p2,2. Progressive,"Cadre Holdings to Acquire Assets of Tedder Industries, Including Alien Gear Holsters",success,0.063216,0.014571,0.091748,0.0,0.244243,0.0,0.006001,0.0,0.003495,5.1e-05,0.004579,0.005856
simulation_ui_20260918_000717_03_03_pppp,03,03,PPPP,03 · PPPP,d66c6c1dfd9c66c9f17f51b8a1ecc92d,3,p3,3. Progressive,"Cadre Holdings to Acquire Assets of Tedder Industries, Including Alien Gear Holsters",success,0.16608,0.122633,0.214381,0.0,0.621495,0.0,0.036508,0.0,0.00945,0.014809,0.011771,0.00177
simulation_ui_20260918_000717_03_03_pppp,03,03,PPPP,03 · PPPP,d66c6c1dfd9c66c9f17f51b8a1ecc92d,4,p4,4. Progressive,"Cadre Holdings to Acquire Assets of Tedder Industries, Including Alien Gear Holsters",success,0.205939,0.209747,0.424128,0.2705,0.480883,0.0,0.066105,0.0,0.009845,0.012538,0.016185,0.000811
simulation_ui_20260918_000717_03_03_pppp,03,03,PPPP,03 · PPPP,de1ef9dc3d1297e42a2fb05392a32d49,1,p1,1. Progressive,Constellation Software Inc. (CSU) to Issue Quarterly Dividend of $1.00 on April 15th,success,0.156012,0.156012,0.156012,0.107673,0.245554,0.0,0.266455,0.0,0.006457,0.002343,0.01055,0.006478
simulation_ui_20260918_000717_03_03_pppp,03,03,PPPP,03 · PPPP,de1ef9dc3d1297e42a2fb05392a32d49,2,p2,2. Progressive,Constellation Software Inc. (CSU) to Issue Quarterly Dividend of $1.00 on April 15th,success,0.193438,0.082853,0.238865,0.104795,0.302086,0.081983,0.279977,0.0,0.007602,0.006801,0.0079,0.008106
simulation_ui_20260918_000717_03_03_pppp,03,03,PPPP,03 · PPPP,de1ef9dc3d1297e42a2fb05392a32d49,3,p3,3. Progressive,Constellation Software Inc. (CSU) to Issue Quarterly Dividend of $1.00 on April 15th,success,0.232312,0.1305,0.369365,0.120888,0.243347,0.081983,0.475014,0.0,0.013019,0.005032,0.022916,0.011109
simulation_ui_20260918_000717_03_03_pppp,03,03,PPPP,03 · PPPP,de1ef9dc3d1297e42a2fb05392a32d49,4,p4,4. Progressive,Constellation Software Inc. (CSU) to Issue Quarterly Dividend of $1.00 on April 15th,success,0.273376,0.21584,0.585205,0.084741,0.341598,0.311487,0.352912,0.0,0.004753,0.007799,0.002212,0.004249
simulation_ui_20260918_000717_03_03_pppp,03,03,PPPP,03 · PPPP,e0d8c78139dd28d077ec2c768043d7ca,1,p1,1. Progressive,Change in LHV Group Audit Committee,success,0.204991,0.204991,0.204991,0.0,0.518251,0.0,0.300343,0.0,0.002152,0.000637,0.000152,0.005666
simulation_ui_20260918_000717_03_03_pppp,03,03,PPPP,03 · PPPP,e0d8c78139dd28d077ec2c768043d7ca,2,p2,2. Progressive,Change in LHV Group Audit Committee,success,0.229445,0.216468,0.421459,0.0,0.382392,0.1362,0.393639,0.0,0.008987,0.006798,0.011303,0.008861
simulation_ui_20260918_000717_03_03_pppp,03,03,PPPP,03 · PPPP,e0d8c78139dd28d077ec2c768043d7ca,3,p3,3. Progressive,Change in LHV Group Audit Committee,success,0.231063,0.170755,0.592214,0.093388,0.39185,0.132029,0.302817,0.0,0.006764,0.010925,0.00459,0.004778
simulation_ui_20260918_000717_03_03_pppp,03,03,PPPP,03 · PPPP,e0d8c78139dd28d077ec2c768043d7ca,4,p4,4. Progressive,Change in LHV Group Audit Committee,success,0.273894,0.138261,0.730475,0.396075,0.39185,0.033828,0.26083,0.0,0.022269,0.013294,0.029388,0.024124
simulation_ui_20260918_000717_03_03_pppp,03,03,PPPP,03 · PPPP,e42774600d5c0fd2405b181105990603,1,p1,1. Progressive,Canada is losing more air traffic controllers than it’s hiring: aviation expert,success,0.249095,0.249095,0.249095,0.0,0.495284,0.068835,0.425975,0.0,0.010443,0.009286,0.010245,0.011799
simulation_ui_20260918_000717_03_03_pppp,03,03,PPPP,03 · PPPP,e42774600d5c0fd2405b181105990603,2,p2,2. Progressive,Canada is losing more air traffic controllers than it’s hiring: aviation expert,success,0.48429,0.284382,0.533477,1.0,0.495284,0.0,0.433433,0.0,0.020382,0.020052,0.010041,0.031053
simulation_ui_20260918_000717_03_03_pppp,03,03,PPPP,03 · PPPP,e42774600d5c0fd2405b181105990603,3,p3,3. Progressive,Canada is losing more air traffic controllers than it’s hiring: aviation expert,success,0.455281,0.183262,0.716739,1.0,0.474521,0.0,0.3369,0.0,0.022171,0.030361,0.003039,0.033112
simulation_ui_20260918_000717_03_03_pppp,03,03,PPPP,03 · PPPP,e42774600d5c0fd2405b181105990603,4,p4,4. Progressive,Canada is losing more air traffic controllers than it’s hiring: aviation expert,success,0.273961,0.410308,1.127047,0.0,0.547263,0.0,0.541326,0.0,0.012457,0.022837,0.011231,0.003303
simulation_ui_20260918_000717_03_03_pppp,03,03,PPPP,03 · PPPP,e68862b7bac57065b34e1018a51ce3f2,1,p1,1. Progressive,"Cruisebound Launches ""Search by Map,"" Redefining How Travelers Discover Cruises",success,0.172571,0.172571,0.172571,0.091553,0.176538,0.0,0.396635,0.0,0.038313,0.024904,0.067594,0.022442
simulation_ui_20260918_000717_03_03_pppp,03,03,PPPP,03 · PPPP,e68862b7bac57065b34e1018a51ce3f2,2,p2,2. Progressive,"Cruisebound Launches ""Search by Map,"" Redefining How Travelers Discover Cruises",success,0.124271,0.052656,0.225227,0.068159,0.0,0.0,0.39766,0.0,0.044232,0.026019,0.084109,0.022569
simulation_ui_20260918_000717_03_03_pppp,03,03,PPPP,03 · PPPP,e68862b7bac57065b34e1018a51ce3f2,3,p3,3. Progressive,"Cruisebound Launches ""Search by Map,"" Redefining How Travelers Discover Cruises",success,0.229687,0.115559,0.340786,0.077645,0.083947,0.333333,0.396321,0.0,0.044232,0.026019,0.084109,0.022569
simulation_ui_20260918_000717_03_03_pppp,03,03,PPPP,03 · PPPP,e68862b7bac57065b34e1018a51ce3f2,4,p4,4. Progressive,"Cruisebound Launches ""Search by Map,"" Redefining How Travelers Discover Cruises",success,0.119895,0.146831,0.487617,0.028894,0.0,0.0,0.420499,0.0,0.042512,0.021275,0.082177,0.024084
simulation_ui_20260918_000717_03_03_pppp,03,03,PPPP,03 · PPPP,ea67fb6d8317500951f4bf21966a33ea,1,p1,1. Progressive,China's 'Africa Diaper King' Delivers Strong Annual Profit Post-IPO,success,0.30513,0.30513,0.30513,0.145509,0.346867,0.303606,0.419761,0.0,0.008577,0.012867,0.001601,0.011263
simulation_ui_20260918_000717_03_03_pppp,03,03,PPPP,03 · PPPP,ea67fb6d8317500951f4bf21966a33ea,2,p2,2. Progressive,China's 'Africa Diaper King' Delivers Strong Annual Profit Post-IPO,success,0.292594,0.243121,0.548251,0.123585,0.486372,0.297743,0.254988,0.0,0.013548,0.014025,0.014641,0.011977
simulation_ui_20260918_000717_03_03_pppp,03,03,PPPP,03 · PPPP,ea67fb6d8317500951f4bf21966a33ea,3,p3,3. Progressive,China's 'Africa Diaper King' Delivers Strong Annual Profit Post-IPO,success,0.200098,0.281101,0.829352,0.160992,0.413558,0.0,0.220008,0.0,0.009101,0.009267,0.012017,0.00602
simulation_ui_20260918_000717_03_03_pppp,03,03,PPPP,03 · PPPP,ea67fb6d8317500951f4bf21966a33ea,4,p4,4. Progressive,China's 'Africa Diaper King' Delivers Strong Annual Profit Post-IPO,success,0.283659,0.15215,0.981502,0.182063,0.526408,0.171719,0.250323,0.0,0.007181,0.003852,0.009705,0.007987
simulation_ui_20260918_000717_03_03_pppp,03,03,PPPP,03 · PPPP,edd97daf51d7e0bb7d9da3f3e2c9bfa8,1,p1,1. Progressive,Amazon and Walmart fined for selling banned refrigerant in Washington state,success,0.015835,0.015835,0.015835,0.0,0.0,0.0,0.05834,0.0,0.006345,0.001299,0.002791,0.014944
simulation_ui_20260918_000717_03_03_pppp,03,03,PPPP,03 · PPPP,edd97daf51d7e0bb7d9da3f3e2c9bfa8,2,p2,2. Progressive,Amazon and Walmart fined for selling banned refrigerant in Washington state,success,0.116047,0.100339,0.116174,0.040992,0.360365,0.0,0.05834,0.0,0.006345,0.001299,0.002791,0.014944
simulation_ui_20260918_000717_03_03_pppp,03,03,PPPP,03 · PPPP,edd97daf51d7e0bb7d9da3f3e2c9bfa8,3,p3,3. Progressive,Amazon and Walmart fined for selling banned refrigerant in Washington state,success,0.102789,0.188754,0.304928,0.033179,0.096106,0.25,0.02575,0.0,0.008514,0.002234,0.001237,0.022071
simulation_ui_20260918_000717_03_03_pppp,03,03,PPPP,03 · PPPP,edd97daf51d7e0bb7d9da3f3e2c9bfa8,4,p4,4. Progressive,Amazon and Walmart fined for selling banned refrigerant in Washington state,success,0.302838,0.233917,0.538845,0.033179,0.470216,0.25,0.443363,0.0,0.026034,0.028605,0.001391,0.048107
simulation_ui_20260918_000717_03_03_pppp,03,03,PPPP,03 · PPPP,efc05dd0bbe1b970e1f97452c3e0b5a4,1,p1,1. Progressive,Blackstone (BX) Slipped Amid Private Credit Concerns Despite Strong Long-Term Outlook,success,0.093109,0.093109,0.093109,0.095606,0.178995,0.0,0.095685,0.0,0.002962,0.006035,0.000673,0.002177
simulation_ui_20260918_000717_03_03_pppp,03,03,PPPP,03 · PPPP,efc05dd0bbe1b970e1f97452c3e0b5a4,2,p2,2. Progressive,Blackstone (BX) Slipped Amid Private Credit Concerns Despite Strong Long-Term Outlook,success,0.136749,0.125815,0.218924,0.095606,0.102077,0.0,0.344527,0.0,0.006918,0.017134,0.001409,0.00221
simulation_ui_20260918_000717_03_03_pppp,03,03,PPPP,03 · PPPP,efc05dd0bbe1b970e1f97452c3e0b5a4,3,p3,3. Progressive,Blackstone (BX) Slipped Amid Private Credit Concerns Despite Strong Long-Term Outlook,success,0.066713,0.090946,0.30987,0.090179,0.102077,0.0,0.067318,0.0,0.009728,0.023019,0.004716,0.001448
simulation_ui_20260918_000717_03_03_pppp,03,03,PPPP,03 · PPPP,efc05dd0bbe1b970e1f97452c3e0b5a4,4,p4,4. Progressive,Blackstone (BX) Slipped Amid Private Credit Concerns Despite Strong Long-Term Outlook,success,0.219422,0.206834,0.516704,0.114478,0.140495,0.270401,0.344326,0.0,0.012758,0.003125,0.0103,0.024849
simulation_ui_20260918_000717_03_03_pppp,03,03,PPPP,03 · PPPP,f46dd28ab257311f8706feca1dc99708,1,p1,1. Progressive,Bevvy: Downtown’s New ‘Dirty’ Soda,success,0.128558,0.128558,0.128558,0.030477,0.217503,0.0,0.257847,0.0,0.012027,0.007532,0.026041,0.002509
simulation_ui_20260918_000717_03_03_pppp,03,03,PPPP,03 · PPPP,f46dd28ab257311f8706feca1dc99708,2,p2,2. Progressive,Bevvy: Downtown’s New ‘Dirty’ Soda,success,0.104649,0.02593,0.154488,0.030477,0.121638,0.0,0.257847,0.0,0.012027,0.007532,0.026041,0.002509
simulation_ui_20260918_000717_03_03_pppp,03,03,PPPP,03 · PPPP,f46dd28ab257311f8706feca1dc99708,3,p3,3. Progressive,Bevvy: Downtown’s New ‘Dirty’ Soda,success,0.080407,0.024301,0.178789,0.030477,0.024433,0.0,0.257847,0.0,0.012027,0.007532,0.026041,0.002509
simulation_ui_20260918_000717_03_03_pppp,03,03,PPPP,03 · PPPP,f46dd28ab257311f8706feca1dc99708,4,p4,4. Progressive,Bevvy: Downtown’s New ‘Dirty’ Soda,success,0.080407,0.0,0.178789,0.030477,0.024433,0.0,0.257847,0.0,0.012027,0.007532,0.026041,0.002509
simulation_ui_20260918_000717_03_03_pppp,03,03,PPPP,03 · PPPP,f7a4ad54b51a7d28de6970e46285b0f2,1,p1,1. Progressive,5G Services Market Surges to $497.24 billion by 2028 | CAGR 19.3%,success,0.368283,0.368283,0.368283,1.0,0.419076,0.0,0.04931,0.0,0.009371,0.008519,0.019425,0.00017
simulation_ui_20260918_000717_03_03_pppp,03,03,PPPP,03 · PPPP,f7a4ad54b51a7d28de6970e46285b0f2,2,p2,2. Progressive,5G Services Market Surges to $497.24 billion by 2028 | CAGR 19.3%,success,0.169232,0.43252,0.800803,0.0,0.284183,0.333333,0.055447,0.0,0.005959,0.004114,0.012542,0.001222
simulation_ui_20260918_000717_03_03_pppp,03,03,PPPP,03 · PPPP,f7a4ad54b51a7d28de6970e46285b0f2,3,p3,3. Progressive,5G Services Market Surges to $497.24 billion by 2028 | CAGR 19.3%,success,0.441515,0.322481,1.123284,1.0,0.349328,0.333333,0.074244,0.0,0.020405,0.012809,0.044692,0.003713
simulation_ui_20260918_000717_03_03_pppp,03,03,PPPP,03 · PPPP,f7a4ad54b51a7d28de6970e46285b0f2,4,p4,4. Progressive,5G Services Market Surges to $497.24 billion by 2028 | CAGR 19.3%,success,0.40534,0.061933,1.185217,1.0,0.195282,0.333333,0.089059,0.0,0.007735,0.004782,0.016744,0.00168
simulation_ui_20260918_000717_03_03_pppp,03,03,PPPP,03 · PPPP,ff437d173cf94bd173d62a3ee1c4dc9e,1,p1,1. Progressive,Deputy minister: Belarus is among global leaders in dairy and meat exports,success,0.261778,0.261778,0.261778,0.010222,0.363908,0.25,0.418571,0.0,0.007459,0.003748,0.012095,0.006534
simulation_ui_20260918_000717_03_03_pppp,03,03,PPPP,03 · PPPP,ff437d173cf94bd173d62a3ee1c4dc9e,2,p2,2. Progressive,Deputy minister: Belarus is among global leaders in dairy and meat exports,success,0.294666,0.248753,0.510531,0.052812,0.427638,0.25,0.442544,0.0,0.010026,0.000131,0.014553,0.015394
simulation_ui_20260918_000717_03_03_pppp,03,03,PPPP,03 · PPPP,ff437d173cf94bd173d62a3ee1c4dc9e,3,p3,3. Progressive,Deputy minister: Belarus is among global leaders in dairy and meat exports,success,0.165165,0.259106,0.769637,0.083355,0.413945,0.0,0.151591,0.0,0.017557,0.015533,0.021058,0.016079
simulation_ui_20260918_000717_03_03_pppp,03,03,PPPP,03 · PPPP,ff437d173cf94bd173d62a3ee1c4dc9e,4,p4,4. Progressive,Deputy minister: Belarus is among global leaders in dairy and meat exports,success,0.203483,0.179877,0.949514,0.103693,0.337067,0.25,0.115618,0.0,0.011829,0.000897,0.019978,0.014613
simulation_ui_20260918_000717_04_04_dddd,04,04,DDDD,04 · DDDD,03d15c304dd6358c32fe4fdcb841b43a,1,p1,1. Conspiratorial,"APO INVESTOR DEADLINE APPROACHING: Faruqi & Faruqi, LLP Reminds Apollo Global Management (APO) Investors of Securities Class Action Deadline on May 1, 2026",success,0.155146,0.155146,0.155146,0.0,0.284792,0.0,0.327413,0.0,0.012367,0.021451,0.011921,0.003729
simulation_ui_20260918_000717_04_04_dddd,04,04,DDDD,04 · DDDD,03d15c304dd6358c32fe4fdcb841b43a,2,p2,2. Conspiratorial,"APO INVESTOR DEADLINE APPROACHING: Faruqi & Faruqi, LLP Reminds Apollo Global Management (APO) Investors of Securities Class Action Deadline on May 1, 2026",success,0.204464,0.077687,0.232833,0.067279,0.302746,0.0,0.437137,0.0,0.016748,0.02995,0.018865,0.00143
simulation_ui_20260918_000717_04_04_dddd,04,04,DDDD,04 · DDDD,03d15c304dd6358c32fe4fdcb841b43a,3,p3,3. Conspiratorial,"APO INVESTOR DEADLINE APPROACHING: Faruqi & Faruqi, LLP Reminds Apollo Global Management (APO) Investors of Securities Class Action Deadline on May 1, 2026",success,0.174552,0.098458,0.331291,0.067279,0.284792,0.0,0.334621,0.0,0.017379,0.030519,0.020507,0.001112
simulation_ui_20260918_000717_04_04_dddd,04,04,DDDD,04 · DDDD,03d15c304dd6358c32fe4fdcb841b43a,4,p4,4. Conspiratorial,"APO INVESTOR DEADLINE APPROACHING: Faruqi & Faruqi, LLP Reminds Apollo Global Management (APO) Investors of Securities Class Action Deadline on May 1, 2026",success,0.217655,0.068578,0.399869,0.067279,0.269173,0.126063,0.397305,0.0,0.017198,0.032614,0.013953,0.005026
simulation_ui_20260918_000717_04_04_dddd,04,04,DDDD,04 · DDDD,03d1d324c6615b5fbc7455135584ac57,1,p1,1. Conspiratorial,Canadian Imperial Bank of Commerce (CM) To Go Ex-Dividend on March 27th,success,0.238321,0.238321,0.238321,0.047826,0.129407,0.6,0.172372,0.0,0.006028,0.007772,0.002514,0.007799
simulation_ui_20260918_000717_04_04_dddd,04,04,DDDD,04 · DDDD,03d1d324c6615b5fbc7455135584ac57,2,p2,2. Conspiratorial,Canadian Imperial Bank of Commerce (CM) To Go Ex-Dividend on March 27th,success,0.279155,0.122397,0.360718,0.09366,0.325446,0.6,0.092459,0.0,0.008747,0.008514,0.011793,0.005935
simulation_ui_20260918_000717_04_04_dddd,04,04,DDDD,04 · DDDD,03d1d324c6615b5fbc7455135584ac57,3,p3,3. Conspiratorial,Canadian Imperial Bank of Commerce (CM) To Go Ex-Dividend on March 27th,success,0.276216,0.20887,0.569588,0.0,0.317754,0.44919,0.331808,0.0,0.010532,0.019707,0.007961,0.003929
simulation_ui_20260918_000717_04_04_dddd,04,04,DDDD,04 · DDDD,03d1d324c6615b5fbc7455135584ac57,4,p4,4. Conspiratorial,Canadian Imperial Bank of Commerce (CM) To Go Ex-Dividend on March 27th,success,0.240625,0.091565,0.661153,0.0,0.326273,0.44919,0.178948,0.0,0.01328,0.025429,0.010874,0.003536
simulation_ui_20260918_000717_04_04_dddd,04,04,DDDD,04 · DDDD,0883a2f27500aaeca578c2b397002506,1,p1,1. Conspiratorial,'A crater': Pollster says Trump suffers 'objective measure' of 'failed presidency',success,0.331216,0.331216,0.331216,0.394054,0.444627,0.050774,0.429411,0.0,0.011184,0.013011,0.013937,0.006603
simulation_ui_20260918_000717_04_04_dddd,04,04,DDDD,04 · DDDD,0883a2f27500aaeca578c2b397002506,2,p2,2. Conspiratorial,'A crater': Pollster says Trump suffers 'objective measure' of 'failed presidency',success,0.183216,0.253931,0.585147,0.021246,0.335672,0.053864,0.3096,0.0,0.019027,0.027583,0.023434,0.006064
simulation_ui_20260918_000717_04_04_dddd,04,04,DDDD,04 · DDDD,0883a2f27500aaeca578c2b397002506,3,p3,3. Conspiratorial,'A crater': Pollster says Trump suffers 'objective measure' of 'failed presidency',success,0.245291,0.147999,0.733146,0.16163,0.422256,0.050774,0.33774,0.0,0.014473,0.02373,0.017775,0.001913
simulation_ui_20260918_000717_04_04_dddd,04,04,DDDD,04 · DDDD,0883a2f27500aaeca578c2b397002506,4,p4,4. Conspiratorial,'A crater': Pollster says Trump suffers 'objective measure' of 'failed presidency',success,0.224413,0.178995,0.912141,0.132211,0.342601,0.196721,0.218214,0.0,0.012707,0.018063,0.020027,3.1e-05
simulation_ui_20260918_000717_04_04_dddd,04,04,DDDD,04 · DDDD,0b30ae6eaf7bab834a4906766ba2ecb2,1,p1,1. Conspiratorial,Britain introduces “plug-in” solar panels for homes to tackle the energy crisis caused by the war in Iran,success,0.249337,0.249337,0.249337,0.0,0.354209,0.2,0.434197,0.0,0.014844,0.002678,0.036084,0.00577
simulation_ui_20260918_000717_04_04_dddd,04,04,DDDD,04 · DDDD,0b30ae6eaf7bab834a4906766ba2ecb2,2,p2,2. Conspiratorial,Britain introduces “plug-in” solar panels for homes to tackle the energy crisis caused by the war in Iran,success,0.241589,0.253788,0.503125,0.08594,0.371784,0.2,0.287255,0.0,0.034987,0.050713,0.043025,0.011222
simulation_ui_20260918_000717_04_04_dddd,04,04,DDDD,04 · DDDD,0b30ae6eaf7bab834a4906766ba2ecb2,3,p3,3. Conspiratorial,Britain introduces “plug-in” solar panels for homes to tackle the energy crisis caused by the war in Iran,success,0.318893,0.188135,0.69126,0.036434,0.488564,0.2,0.536964,0.0,0.024852,0.038795,0.033966,0.001796
simulation_ui_20260918_000717_04_04_dddd,04,04,DDDD,04 · DDDD,0b30ae6eaf7bab834a4906766ba2ecb2,4,p4,4. Conspiratorial,Britain introduces “plug-in” solar panels for homes to tackle the energy crisis caused by the war in Iran,success,0.274088,0.16915,0.86041,0.036434,0.370855,0.205286,0.471937,0.0,0.020302,0.047195,0.012749,0.000961
simulation_ui_20260918_000717_04_04_dddd,04,04,DDDD,04 · DDDD,0c84c580588b0f1f5c9070df32dfc5a6,1,p1,1. Conspiratorial,"$1,000 ‘Dog Tax Credit’? Americans eye big payout — don’t miss this April date",success,0.245444,0.245444,0.245444,0.144415,0.369771,0.15561,0.29387,0.0,0.029824,0.040626,0.039836,0.009009
simulation_ui_20260918_000717_04_04_dddd,04,04,DDDD,04 · DDDD,0c84c580588b0f1f5c9070df32dfc5a6,2,p2,2. Conspiratorial,"$1,000 ‘Dog Tax Credit’? Americans eye big payout — don’t miss this April date",success,0.322374,0.245311,0.490755,0.095893,0.472498,0.339452,0.361117,0.0,0.037595,0.069377,0.023954,0.019453
simulation_ui_20260918_000717_04_04_dddd,04,04,DDDD,04 · DDDD,0c84c580588b0f1f5c9070df32dfc5a6,3,p3,3. Conspiratorial,"$1,000 ‘Dog Tax Credit’? Americans eye big payout — don’t miss this April date",success,0.329337,0.19275,0.683505,0.128494,0.522712,0.37529,0.270665,0.0,0.037343,0.083867,0.019267,0.008894
simulation_ui_20260918_000717_04_04_dddd,04,04,DDDD,04 · DDDD,0c84c580588b0f1f5c9070df32dfc5a6,4,p4,4. Conspiratorial,"$1,000 ‘Dog Tax Credit’? Americans eye big payout — don’t miss this April date",success,0.337601,0.182691,0.866196,0.128494,0.398007,0.37529,0.430433,0.0,0.034075,0.057668,0.031018,0.01354
simulation_ui_20260918_000717_04_04_dddd,04,04,DDDD,04 · DDDD,0ccfe99f5612d8b22298e5942170415d,1,p1,1. Conspiratorial,Cambria Tax Aware ETF (NASDAQ:TAX) Short Interest Down 67.0% in March,success,0.161915,0.161915,0.161915,0.092572,0.094166,0.0,0.445384,0.0,0.023068,0.041058,0.012465,0.015682
simulation_ui_20260918_000717_04_04_dddd,04,04,DDDD,04 · DDDD,0ccfe99f5612d8b22298e5942170415d,2,p2,2. Conspiratorial,Cambria Tax Aware ETF (NASDAQ:TAX) Short Interest Down 67.0% in March,success,0.199282,0.112018,0.273933,0.074992,0.267813,0.0,0.443786,0.0,0.016394,0.030045,0.006839,0.012298
simulation_ui_20260918_000717_04_04_dddd,04,04,DDDD,04 · DDDD,0ccfe99f5612d8b22298e5942170415d,3,p3,3. Conspiratorial,Cambria Tax Aware ETF (NASDAQ:TAX) Short Interest Down 67.0% in March,success,0.244464,0.110014,0.383947,0.051353,0.25,0.197901,0.468686,0.0,0.01635,0.029043,0.011636,0.00837
simulation_ui_20260918_000717_04_04_dddd,04,04,DDDD,04 · DDDD,0ccfe99f5612d8b22298e5942170415d,4,p4,4. Conspiratorial,Cambria Tax Aware ETF (NASDAQ:TAX) Short Interest Down 67.0% in March,success,0.257911,0.287859,0.671806,0.080459,0.330331,0.333333,0.278272,0.0,0.015529,0.022951,0.015345,0.008291
simulation_ui_20260918_000717_04_04_dddd,04,04,DDDD,04 · DDDD,11c9275c35fecd97efe0ba12a17b00da,1,p1,1. Conspiratorial,CPA questions legal basis of GACL takeover of McDan Jet Terminal,success,0.203545,0.203545,0.203545,0.253876,0.322355,0.013667,0.21889,0.0,0.00845,0.015215,0.007331,0.002803
simulation_ui_20260918_000717_04_04_dddd,04,04,DDDD,04 · DDDD,11c9275c35fecd97efe0ba12a17b00da,2,p2,2. Conspiratorial,CPA questions legal basis of GACL takeover of McDan Jet Terminal,success,0.149796,0.154344,0.357889,0.210377,0.285932,0.013667,0.080166,0.0,0.013261,0.0029,0.019196,0.017688
simulation_ui_20260918_000717_04_04_dddd,04,04,DDDD,04 · DDDD,11c9275c35fecd97efe0ba12a17b00da,3,p3,3. Conspiratorial,CPA questions legal basis of GACL takeover of McDan Jet Terminal,success,0.172612,0.08942,0.447309,0.195352,0.25,0.013667,0.227356,0.0,0.006148,0.005659,0.011199,0.001585
simulation_ui_20260918_000717_04_04_dddd,04,04,DDDD,04 · DDDD,11c9275c35fecd97efe0ba12a17b00da,4,p4,4. Conspiratorial,CPA questions legal basis of GACL takeover of McDan Jet Terminal,success,0.208091,0.087902,0.535211,0.210377,0.25,0.013667,0.354605,0.0,0.00586,0.006707,0.009635,0.001237
simulation_ui_20260918_000717_04_04_dddd,04,04,DDDD,04 · DDDD,11fde5af588f2d6f6a0c145a6d089324,1,p1,1. Conspiratorial,"BSNL Posts ₹5,000 Crore Profit After 18 Years, Scindia Signals ₹10,000 Crore Target & India Post IPO Plans",success,0.182911,0.182911,0.182911,0.113698,0.40577,0.0,0.189184,0.0,0.034928,0.046793,0.035042,0.022948
simulation_ui_20260918_000717_04_04_dddd,04,04,DDDD,04 · DDDD,11fde5af588f2d6f6a0c145a6d089324,2,p2,2. Conspiratorial,"BSNL Posts ₹5,000 Crore Profit After 18 Years, Scindia Signals ₹10,000 Crore Target & India Post IPO Plans",success,0.287981,0.234193,0.417104,0.162035,0.517233,0.25,0.203634,0.0,0.033175,0.040774,0.034305,0.024445
simulation_ui_20260918_000717_04_04_dddd,04,04,DDDD,04 · DDDD,11fde5af588f2d6f6a0c145a6d089324,3,p3,3. Conspiratorial,"BSNL Posts ₹5,000 Crore Profit After 18 Years, Scindia Signals ₹10,000 Crore Target & India Post IPO Plans",success,0.256745,0.114845,0.531949,0.030295,0.524905,0.25,0.196432,0.0,0.042272,0.073104,0.035603,0.01811
simulation_ui_20260918_000717_04_04_dddd,04,04,DDDD,04 · DDDD,11fde5af588f2d6f6a0c145a6d089324,4,p4,4. Conspiratorial,"BSNL Posts ₹5,000 Crore Profit After 18 Years, Scindia Signals ₹10,000 Crore Target & India Post IPO Plans",success,0.200513,0.200072,0.732021,0.119269,0.477992,0.0,0.184627,0.0,0.031328,0.051413,0.01808,0.024491
simulation_ui_20260918_000717_04_04_dddd,04,04,DDDD,04 · DDDD,17cd8c3587799d6f5551faf3e5895209,1,p1,1. Conspiratorial,"Credit Union of Colorado Foundation invests $50,000 in community college scholarships",success,0.093303,0.093303,0.093303,0.006451,0.301075,0.0,0.054241,0.0,0.01573,0.020075,0.011842,0.015273
simulation_ui_20260918_000717_04_04_dddd,04,04,DDDD,04 · DDDD,17cd8c3587799d6f5551faf3e5895209,2,p2,2. Conspiratorial,"Credit Union of Colorado Foundation invests $50,000 in community college scholarships",success,0.151631,0.116774,0.210077,0.011602,0.203266,0.333333,0.0532,0.0,0.007537,0.011407,0.003763,0.007441
simulation_ui_20260918_000717_04_04_dddd,04,04,DDDD,04 · DDDD,17cd8c3587799d6f5551faf3e5895209,3,p3,3. Conspiratorial,"Credit Union of Colorado Foundation invests $50,000 in community college scholarships",success,0.177176,0.048658,0.258735,0.006451,0.30765,0.333333,0.054393,0.0,0.010423,0.010348,0.010408,0.010512
simulation_ui_20260918_000717_04_04_dddd,04,04,DDDD,04 · DDDD,17cd8c3587799d6f5551faf3e5895209,4,p4,4. Conspiratorial,"Credit Union of Colorado Foundation invests $50,000 in community college scholarships",success,0.103283,0.132475,0.39121,0.0,0.350117,0.0,0.054393,0.0,0.011988,0.016995,0.008674,0.010295
simulation_ui_20260918_000717_04_04_dddd,04,04,DDDD,04 · DDDD,1e83ba34429a85f3fbafdb5671e23f1d,1,p1,1. Conspiratorial,Delhi PWD Accelerates PNG Pipeline Laying with 24-Hour Approvals,success,0.235884,0.235884,0.235884,0.071544,0.216827,0.25,0.400441,0.0,0.007719,0.020237,0.001575,0.001344
simulation_ui_20260918_000717_04_04_dddd,04,04,DDDD,04 · DDDD,1e83ba34429a85f3fbafdb5671e23f1d,2,p2,2. Conspiratorial,Delhi PWD Accelerates PNG Pipeline Laying with 24-Hour Approvals,success,0.28415,0.235833,0.471717,0.256016,0.41482,0.25,0.205078,0.0,0.018588,0.02043,0.01687,0.018463
simulation_ui_20260918_000717_04_04_dddd,04,04,DDDD,04 · DDDD,1e83ba34429a85f3fbafdb5671e23f1d,3,p3,3. Conspiratorial,Delhi PWD Accelerates PNG Pipeline Laying with 24-Hour Approvals,success,0.208337,0.147087,0.618804,0.170275,0.235625,0.25,0.168661,0.0,0.013835,0.016021,0.009313,0.01617
simulation_ui_20260918_000717_04_04_dddd,04,04,DDDD,04 · DDDD,1e83ba34429a85f3fbafdb5671e23f1d,4,p4,4. Conspiratorial,Delhi PWD Accelerates PNG Pipeline Laying with 24-Hour Approvals,success,0.332747,0.208602,0.827406,0.228832,0.463036,0.25,0.377764,0.0,0.021185,0.029447,0.017812,0.016296
simulation_ui_20260918_000717_04_04_dddd,04,04,DDDD,04 · DDDD,1eb77463838b3d1f2ea74f8bfa272767,1,p1,1. Conspiratorial,Afghanistan urges regional water cooperation at Tashkent Forum,success,0.283196,0.283196,0.283196,0.0,0.377807,0.370442,0.380599,0.0,0.006853,0.00666,0.01296,0.000939
simulation_ui_20260918_000717_04_04_dddd,04,04,DDDD,04 · DDDD,1eb77463838b3d1f2ea74f8bfa272767,2,p2,2. Conspiratorial,Afghanistan urges regional water cooperation at Tashkent Forum,success,0.237485,0.264845,0.548041,0.114997,0.0,0.254053,0.576166,0.0,0.007732,0.013613,0.006984,0.0026
simulation_ui_20260918_000717_04_04_dddd,04,04,DDDD,04 · DDDD,1eb77463838b3d1f2ea74f8bfa272767,3,p3,3. Conspiratorial,Afghanistan urges regional water cooperation at Tashkent Forum,success,0.456968,0.397446,0.945487,1.0,0.0,0.42882,0.395522,0.0,0.008115,0.00904,0.012715,0.002589
simulation_ui_20260918_000717_04_04_dddd,04,04,DDDD,04 · DDDD,1eb77463838b3d1f2ea74f8bfa272767,4,p4,4. Conspiratorial,Afghanistan urges regional water cooperation at Tashkent Forum,success,0.237485,0.37209,1.317577,0.114997,0.25,0.2,0.380599,0.0,0.007112,0.014091,0.004799,0.002447
simulation_ui_20260918_000717_04_04_dddd,04,04,DDDD,04 · DDDD,20df5253ec5e5a2623c8823c2b38083b,1,p1,1. Conspiratorial,Contango ORE (NYSEAMERICAN:CTGO) Now Covered by Analysts at Canaccord Genuity Group,success,0.042125,0.042125,0.042125,0.0,0.146674,0.0,0.016218,0.0,0.007308,0.005128,0.0043,0.012495
simulation_ui_20260918_000717_04_04_dddd,04,04,DDDD,04 · DDDD,20df5253ec5e5a2623c8823c2b38083b,2,p2,2. Conspiratorial,Contango ORE (NYSEAMERICAN:CTGO) Now Covered by Analysts at Canaccord Genuity Group,success,0.081392,0.040475,0.0826,0.0,0.286488,0.0,0.034871,0.0,0.005721,0.00945,0.001656,0.006056
simulation_ui_20260918_000717_04_04_dddd,04,04,DDDD,04 · DDDD,20df5253ec5e5a2623c8823c2b38083b,3,p3,3. Conspiratorial,Contango ORE (NYSEAMERICAN:CTGO) Now Covered by Analysts at Canaccord Genuity Group,success,0.145765,0.130455,0.213055,0.005848,0.20662,0.0,0.366334,0.0,0.006224,0.0133,0.002798,0.002573
simulation_ui_20260918_000717_04_04_dddd,04,04,DDDD,04 · DDDD,20df5253ec5e5a2623c8823c2b38083b,4,p4,4. Conspiratorial,Contango ORE (NYSEAMERICAN:CTGO) Now Covered by Analysts at Canaccord Genuity Group,success,0.078613,0.129167,0.342222,0.005848,0.286488,0.0,0.016218,0.0,0.007991,0.016651,0.006674,0.000649
simulation_ui_20260918_000717_04_04_dddd,04,04,DDDD,04 · DDDD,285f86ba6e2a489c2d4a3ab84f18a6a4,1,p1,1. Conspiratorial,Company Banned from Marketing Business Opportunities to Settle FTC Charges it Misled Consumers About Earnings Potential,success,0.222901,0.222901,0.222901,0.095445,0.142053,0.233448,0.419923,0.0,0.001183,0.001269,0.001972,0.000309
simulation_ui_20260918_000717_04_04_dddd,04,04,DDDD,04 · DDDD,285f86ba6e2a489c2d4a3ab84f18a6a4,2,p2,2. Conspiratorial,Company Banned from Marketing Business Opportunities to Settle FTC Charges it Misled Consumers About Earnings Potential,success,0.240015,0.182509,0.40541,0.03753,0.242744,0.278209,0.398336,0.0,0.005322,2.3e-05,0.009096,0.006847
simulation_ui_20260918_000717_04_04_dddd,04,04,DDDD,04 · DDDD,285f86ba6e2a489c2d4a3ab84f18a6a4,3,p3,3. Conspiratorial,Company Banned from Marketing Business Opportunities to Settle FTC Charges it Misled Consumers About Earnings Potential,success,0.514247,0.413549,0.818959,1.0,0.240378,0.398508,0.413423,0.0,0.012009,0.008809,0.016195,0.011022
simulation_ui_20260918_000717_04_04_dddd,04,04,DDDD,04 · DDDD,285f86ba6e2a489c2d4a3ab84f18a6a4,4,p4,4. Conspiratorial,Company Banned from Marketing Business Opportunities to Settle FTC Charges it Misled Consumers About Earnings Potential,success,0.514811,0.074793,0.893752,1.0,0.221445,0.409199,0.423211,0.0,0.013844,0.007534,0.01844,0.015559
simulation_ui_20260918_000717_04_04_dddd,04,04,DDDD,04 · DDDD,3343849e4bfdca882e24cd916fa75ec6,1,p1,1. Conspiratorial,ASMALLWORLD Introduces New Marriott Bonvoy® Benefit for Members,success,0.095192,0.095192,0.095192,0.069783,0.0,0.281216,0.025475,0.0,0.005923,0.007188,0.01053,5.1e-05
simulation_ui_20260918_000717_04_04_dddd,04,04,DDDD,04 · DDDD,3343849e4bfdca882e24cd916fa75ec6,2,p2,2. Conspiratorial,ASMALLWORLD Introduces New Marriott Bonvoy® Benefit for Members,success,0.085395,0.018214,0.113406,0.05873,0.0,0.281216,0.0,0.0,0.002233,0.002804,0.002285,0.00161
simulation_ui_20260918_000717_04_04_dddd,04,04,DDDD,04 · DDDD,3343849e4bfdca882e24cd916fa75ec6,3,p3,3. Conspiratorial,ASMALLWORLD Introduces New Marriott Bonvoy® Benefit for Members,success,0.090084,0.005149,0.118555,0.05873,0.0,0.281216,0.015066,0.0,0.007303,0.003663,0.014748,0.003498
simulation_ui_20260918_000717_04_04_dddd,04,04,DDDD,04 · DDDD,3343849e4bfdca882e24cd916fa75ec6,4,p4,4. Conspiratorial,ASMALLWORLD Introduces New Marriott Bonvoy® Benefit for Members,success,0.147744,0.130284,0.248839,0.096584,0.0,0.333333,0.156852,0.0,0.006164,0.009956,0.006144,0.002393
simulation_ui_20260918_000717_04_04_dddd,04,04,DDDD,04 · DDDD,3e908966e0393a684386f1e186c5c6e3,1,p1,1. Conspiratorial,CAAS defers sustainable aviation fuel levy,success,0.276315,0.276315,0.276315,0.0,0.271678,0.421748,0.407045,0.0,0.008259,0.003239,0.000791,0.020748
simulation_ui_20260918_000717_04_04_dddd,04,04,DDDD,04 · DDDD,3e908966e0393a684386f1e186c5c6e3,2,p2,2. Conspiratorial,CAAS defers sustainable aviation fuel levy,success,0.271185,0.186675,0.46299,0.0,0.271678,0.2222,0.580137,0.0,0.018329,0.024526,0.002145,0.028317
simulation_ui_20260918_000717_04_04_dddd,04,04,DDDD,04 · DDDD,3e908966e0393a684386f1e186c5c6e3,3,p3,3. Conspiratorial,CAAS defers sustainable aviation fuel levy,success,0.313149,0.107209,0.570199,0.001319,0.309868,0.37776,0.556673,0.0,0.012663,0.008944,0.006607,0.022439
simulation_ui_20260918_000717_04_04_dddd,04,04,DDDD,04 · DDDD,3e908966e0393a684386f1e186c5c6e3,4,p4,4. Conspiratorial,CAAS defers sustainable aviation fuel levy,success,0.313232,0.161026,0.731225,0.095612,0.447894,0.171748,0.529503,0.0,0.014827,0.014573,0.001724,0.028183
simulation_ui_20260918_000717_04_04_dddd,04,04,DDDD,04 · DDDD,4284601d27a88508e23bb7ecf1e26740,1,p1,1. Conspiratorial,Blackbaud Opens Registration for bbcon 2026 to Rally Social Impact Sector Around AI Innovation,success,0.098359,0.098359,0.098359,0.0,0.25,0.0,0.141178,0.0,0.003127,0.001133,0.002655,0.005594
simulation_ui_20260918_000717_04_04_dddd,04,04,DDDD,04 · DDDD,4284601d27a88508e23bb7ecf1e26740,2,p2,2. Conspiratorial,Blackbaud Opens Registration for bbcon 2026 to Rally Social Impact Sector Around AI Innovation,success,0.135329,0.053679,0.152038,0.0,0.36176,0.0,0.170568,0.0,0.01296,5.3e-05,0.024544,0.014282
simulation_ui_20260918_000717_04_04_dddd,04,04,DDDD,04 · DDDD,4284601d27a88508e23bb7ecf1e26740,3,p3,3. Conspiratorial,Blackbaud Opens Registration for bbcon 2026 to Rally Social Impact Sector Around AI Innovation,success,0.103825,0.1382,0.290238,0.0,0.069743,0.0,0.334316,0.0,0.015628,0.003376,0.029961,0.013547
simulation_ui_20260918_000717_04_04_dddd,04,04,DDDD,04 · DDDD,4284601d27a88508e23bb7ecf1e26740,4,p4,4. Conspiratorial,Blackbaud Opens Registration for bbcon 2026 to Rally Social Impact Sector Around AI Innovation,success,0.08948,0.040859,0.331097,0.0,0.069743,0.0,0.278469,0.0,0.013292,0.005875,0.021808,0.012194
simulation_ui_20260918_000717_04_04_dddd,04,04,DDDD,04 · DDDD,43b305aebbf654fd9464eb6d39cf900b,1,p1,1. Conspiratorial,CS Atal Dulloo Reviews Progress Of Tawi Artificial Lake And Riverfront Development Projects,success,0.121389,0.121389,0.121389,0.00966,0.039247,0.251526,0.178362,0.0,0.0096,0.009349,0.008599,0.010852
simulation_ui_20260918_000717_04_04_dddd,04,04,DDDD,04 · DDDD,43b305aebbf654fd9464eb6d39cf900b,2,p2,2. Conspiratorial,CS Atal Dulloo Reviews Progress Of Tawi Artificial Lake And Riverfront Development Projects,success,0.127656,0.08795,0.209339,0.00966,0.188774,0.251526,0.056952,0.0,0.005315,0.005651,0.000977,0.009318
simulation_ui_20260918_000717_04_04_dddd,04,04,DDDD,04 · DDDD,43b305aebbf654fd9464eb6d39cf900b,3,p3,3. Conspiratorial,CS Atal Dulloo Reviews Progress Of Tawi Artificial Lake And Riverfront Development Projects,success,0.065944,0.064541,0.27388,0.00966,0.026528,0.224998,0.0,0.0,0.003466,0.001836,0.000392,0.008169
simulation_ui_20260918_000717_04_04_dddd,04,04,DDDD,04 · DDDD,43b305aebbf654fd9464eb6d39cf900b,4,p4,4. Conspiratorial,CS Atal Dulloo Reviews Progress Of Tawi Artificial Lake And Riverfront Development Projects,success,0.18748,0.126428,0.400308,0.00966,0.088856,0.297364,0.34932,0.0,0.007253,0.004281,0.011358,0.006119
simulation_ui_20260918_000717_04_04_dddd,04,04,DDDD,04 · DDDD,43d218dc30bd89b0c4da158243e74603,1,p1,1. Conspiratorial,Amesite Executes Trading Partner Agreement Enabling Secure Connectivity with Leading Homecare Technology Platform,success,0.242268,0.242268,0.242268,0.185234,0.030732,0.5,0.241526,0.0,0.019031,0.020739,0.019763,0.01659
simulation_ui_20260918_000717_04_04_dddd,04,04,DDDD,04 · DDDD,43d218dc30bd89b0c4da158243e74603,2,p2,2. Conspiratorial,Amesite Executes Trading Partner Agreement Enabling Secure Connectivity with Leading Homecare Technology Platform,success,0.387647,0.21035,0.452618,0.305738,0.511431,0.5,0.221789,0.0,0.02363,0.023025,0.029372,0.018492
simulation_ui_20260918_000717_04_04_dddd,04,04,DDDD,04 · DDDD,43d218dc30bd89b0c4da158243e74603,3,p3,3. Conspiratorial,Amesite Executes Trading Partner Agreement Enabling Secure Connectivity with Leading Homecare Technology Platform,success,0.292665,0.338302,0.79092,0.266133,0.328137,0.333333,0.221789,0.0,0.037301,0.046414,0.017409,0.048081
simulation_ui_20260918_000717_04_04_dddd,04,04,DDDD,04 · DDDD,43d218dc30bd89b0c4da158243e74603,4,p4,4. Conspiratorial,Amesite Executes Trading Partner Agreement Enabling Secure Connectivity with Leading Homecare Technology Platform,success,0.131074,0.171236,0.962156,0.18854,0.069176,0.0,0.235175,0.0,0.044772,0.062633,0.000877,0.070807
simulation_ui_20260918_000717_04_04_dddd,04,04,DDDD,04 · DDDD,45a67f6f54cd92c32163be9459300052,1,p1,1. Conspiratorial,"Bitcoin Miners, Now AI Compute Leaders, Face Profitability Concerns",success,0.302456,0.302456,0.302456,0.075298,0.375752,0.333333,0.410825,0.0,0.026056,0.038644,0.011161,0.028364
simulation_ui_20260918_000717_04_04_dddd,04,04,DDDD,04 · DDDD,45a67f6f54cd92c32163be9459300052,2,p2,2. Conspiratorial,"Bitcoin Miners, Now AI Compute Leaders, Face Profitability Concerns",success,0.362012,0.299753,0.602209,0.016958,0.504587,0.5,0.410825,0.0,0.030527,0.055018,0.021497,0.015065
simulation_ui_20260918_000717_04_04_dddd,04,04,DDDD,04 · DDDD,45a67f6f54cd92c32163be9459300052,3,p3,3. Conspiratorial,"Bitcoin Miners, Now AI Compute Leaders, Face Profitability Concerns",success,0.398028,0.184494,0.786703,0.073158,0.577793,0.5,0.435881,0.0,0.010942,0.007777,0.020516,0.004533
simulation_ui_20260918_000717_04_04_dddd,04,04,DDDD,04 · DDDD,45a67f6f54cd92c32163be9459300052,4,p4,4. Conspiratorial,"Bitcoin Miners, Now AI Compute Leaders, Face Profitability Concerns",success,0.387177,0.200555,0.987258,0.035879,0.562885,0.5,0.44203,0.0,0.016087,0.019235,0.028397,0.00063
simulation_ui_20260918_000717_04_04_dddd,04,04,DDDD,04 · DDDD,48375acfba2ffc7f64822005eaab01e9,1,p1,1. Conspiratorial,"Capitan Silver Commences Trading on the OTCQX Market Under Symbol ""CAPTF""",success,0.236461,0.236461,0.236461,0.029487,0.496367,0.0,0.40482,0.0,0.024713,0.04852,0.013876,0.011743
simulation_ui_20260918_000717_04_04_dddd,04,04,DDDD,04 · DDDD,48375acfba2ffc7f64822005eaab01e9,2,p2,2. Conspiratorial,"Capitan Silver Commences Trading on the OTCQX Market Under Symbol ""CAPTF""",success,0.232265,0.314098,0.550559,0.11214,0.508931,0.25,0.044027,0.0,0.022628,0.044548,0.015846,0.00749
simulation_ui_20260918_000717_04_04_dddd,04,04,DDDD,04 · DDDD,48375acfba2ffc7f64822005eaab01e9,3,p3,3. Conspiratorial,"Capitan Silver Commences Trading on the OTCQX Market Under Symbol ""CAPTF""",success,0.162927,0.160177,0.710736,0.0,0.427483,0.198753,0.007873,0.0,0.026144,0.057813,0.014817,0.005803
simulation_ui_20260918_000717_04_04_dddd,04,04,DDDD,04 · DDDD,48375acfba2ffc7f64822005eaab01e9,4,p4,4. Conspiratorial,"Capitan Silver Commences Trading on the OTCQX Market Under Symbol ""CAPTF""",success,0.21155,0.170256,0.880992,0.156403,0.41146,0.218331,0.049271,0.0,0.016964,0.044494,0.002426,0.003971
simulation_ui_20260918_000717_04_04_dddd,04,04,DDDD,04 · DDDD,4980763ccff9b986f6829df1e9489341,1,p1,1. Conspiratorial,Cabana Target Drawdown 7 ETF (NASDAQ:TDSB) Short Interest Down 96.6% in March,success,0.282891,0.282891,0.282891,0.076776,0.672849,0.0,0.372808,0.0,0.015864,0.016252,0.028756,0.002583
simulation_ui_20260918_000717_04_04_dddd,04,04,DDDD,04 · DDDD,4980763ccff9b986f6829df1e9489341,2,p2,2. Conspiratorial,Cabana Target Drawdown 7 ETF (NASDAQ:TDSB) Short Interest Down 96.6% in March,success,0.40194,0.252903,0.535794,0.076776,0.722282,0.333333,0.465329,0.0,0.020896,0.011783,0.033341,0.017565
simulation_ui_20260918_000717_04_04_dddd,04,04,DDDD,04 · DDDD,4980763ccff9b986f6829df1e9489341,3,p3,3. Conspiratorial,Cabana Target Drawdown 7 ETF (NASDAQ:TDSB) Short Interest Down 96.6% in March,success,0.398201,0.105867,0.641661,0.076776,0.743544,0.333333,0.432256,0.0,0.014284,0.001815,0.030615,0.010423
simulation_ui_20260918_000717_04_04_dddd,04,04,DDDD,04 · DDDD,4980763ccff9b986f6829df1e9489341,4,p4,4. Conspiratorial,Cabana Target Drawdown 7 ETF (NASDAQ:TDSB) Short Interest Down 96.6% in March,success,0.38504,0.093382,0.735043,0.076776,0.722282,0.333333,0.397394,0.0,0.020997,0.002572,0.042308,0.018112
simulation_ui_20260918_000717_04_04_dddd,04,04,DDDD,04 · DDDD,4ac6395408a9caf70c7d2ffc4ca362c7,1,p1,1. Conspiratorial,Continuing Unemployment Claims Dip to Nearly 2-Year Low,success,0.362143,0.362143,0.362143,0.284353,0.296014,0.353677,0.509936,0.0,0.008985,0.003126,0.021094,0.002734
simulation_ui_20260918_000717_04_04_dddd,04,04,DDDD,04 · DDDD,4ac6395408a9caf70c7d2ffc4ca362c7,2,p2,2. Conspiratorial,Continuing Unemployment Claims Dip to Nearly 2-Year Low,success,0.346777,0.273306,0.635449,0.127068,0.385722,0.333333,0.537607,0.0,0.006456,0.018468,0.000874,2.6e-05
simulation_ui_20260918_000717_04_04_dddd,04,04,DDDD,04 · DDDD,4ac6395408a9caf70c7d2ffc4ca362c7,3,p3,3. Conspiratorial,Continuing Unemployment Claims Dip to Nearly 2-Year Low,success,0.309697,0.389514,1.024963,0.428375,0.452845,0.020344,0.328607,0.0,0.015555,0.015541,0.008974,0.022149
simulation_ui_20260918_000717_04_04_dddd,04,04,DDDD,04 · DDDD,4ac6395408a9caf70c7d2ffc4ca362c7,4,p4,4. Conspiratorial,Continuing Unemployment Claims Dip to Nearly 2-Year Low,success,0.259025,0.27416,1.299123,0.12709,0.25,0.333333,0.319576,0.0,0.010272,0.007117,0.012906,0.010794
simulation_ui_20260918_000717_04_04_dddd,04,04,DDDD,04 · DDDD,59a0fb71f66cefb61fc91c97affb1dbe,1,p1,1. Conspiratorial,"Bank of Montreal targets 15% return on equity on wealth, US businesses growth",success,0.163474,0.163474,0.163474,0.094715,0.476968,0.031824,0.040179,0.0,0.015212,0.016655,0.010649,0.018332
simulation_ui_20260918_000717_04_04_dddd,04,04,DDDD,04 · DDDD,59a0fb71f66cefb61fc91c97affb1dbe,2,p2,2. Conspiratorial,"Bank of Montreal targets 15% return on equity on wealth, US businesses growth",success,0.235007,0.258536,0.42201,0.0,0.304195,0.273868,0.349411,0.0,0.020432,0.037852,0.001106,0.022339
simulation_ui_20260918_000717_04_04_dddd,04,04,DDDD,04 · DDDD,59a0fb71f66cefb61fc91c97affb1dbe,3,p3,3. Conspiratorial,"Bank of Montreal targets 15% return on equity on wealth, US businesses growth",success,0.313393,0.160799,0.582809,0.004197,0.306414,0.527177,0.405385,0.0,0.018857,0.035612,0.003729,0.017231
simulation_ui_20260918_000717_04_04_dddd,04,04,DDDD,04 · DDDD,59a0fb71f66cefb61fc91c97affb1dbe,4,p4,4. Conspiratorial,"Bank of Montreal targets 15% return on equity on wealth, US businesses growth",success,0.244742,0.184879,0.767688,0.004197,0.306269,0.25,0.405283,0.0,0.021783,0.043082,0.004047,0.018221
simulation_ui_20260918_000717_04_04_dddd,04,04,DDDD,04 · DDDD,6282ee092c7147c978409e71f0096515,1,p1,1. Conspiratorial,Backdoor bet. How federal regulators are sidestepping Alabama: op-ed,success,0.1548,0.1548,0.1548,0.055227,0.32646,0.09149,0.140002,0.0,0.008887,0.013054,0.009215,0.004392
simulation_ui_20260918_000717_04_04_dddd,04,04,DDDD,04 · DDDD,6282ee092c7147c978409e71f0096515,2,p2,2. Conspiratorial,Backdoor bet. How federal regulators are sidestepping Alabama: op-ed,success,0.28062,0.228512,0.383312,0.274994,0.372273,0.318618,0.149402,0.0,0.012468,0.023135,0.008683,0.005586
simulation_ui_20260918_000717_04_04_dddd,04,04,DDDD,04 · DDDD,6282ee092c7147c978409e71f0096515,3,p3,3. Conspiratorial,Backdoor bet. How federal regulators are sidestepping Alabama: op-ed,success,0.244917,0.070853,0.454165,0.132001,0.374674,0.318618,0.149402,0.0,0.00822,0.00713,0.003145,0.014386
simulation_ui_20260918_000717_04_04_dddd,04,04,DDDD,04 · DDDD,6282ee092c7147c978409e71f0096515,4,p4,4. Conspiratorial,Backdoor bet. How federal regulators are sidestepping Alabama: op-ed,success,0.22573,0.070171,0.524336,0.082574,0.373789,0.318618,0.122395,0.0,0.008932,0.017557,0.000209,0.009031
simulation_ui_20260918_000717_04_04_dddd,04,04,DDDD,04 · DDDD,6296ce617808e446ef3e272b65cb5b46,1,p1,1. Conspiratorial,Apple Adds New Partners to Expand Its U.S. Supply Chain,success,0.120922,0.120922,0.120922,0.0,0.410516,0.0,0.066909,0.0,0.008892,0.018783,0.006692,0.0012
simulation_ui_20260918_000717_04_04_dddd,04,04,DDDD,04 · DDDD,6296ce617808e446ef3e272b65cb5b46,2,p2,2. Conspiratorial,Apple Adds New Partners to Expand Its U.S. Supply Chain,success,0.098316,0.157835,0.278757,0.0,0.248996,0.0,0.138219,0.0,0.00837,0.009043,0.007692,0.008376
simulation_ui_20260918_000717_04_04_dddd,04,04,DDDD,04 · DDDD,6296ce617808e446ef3e272b65cb5b46,3,p3,3. Conspiratorial,Apple Adds New Partners to Expand Its U.S. Supply Chain,success,0.113926,0.116062,0.394819,0.0,0.323615,0.0,0.125494,0.0,0.009284,0.016183,0.004217,0.007452
simulation_ui_20260918_000717_04_04_dddd,04,04,DDDD,04 · DDDD,6296ce617808e446ef3e272b65cb5b46,4,p4,4. Conspiratorial,Apple Adds New Partners to Expand Its U.S. Supply Chain,success,0.140517,0.103351,0.49817,0.0,0.415974,0.0,0.139493,0.0,0.00958,0.012758,0.005335,0.010646
simulation_ui_20260918_000717_04_04_dddd,04,04,DDDD,04 · DDDD,64aefc05d7d6e883d857202942daa279,1,p1,1. Conspiratorial,Competition Commission clears merger of Udemy with Coursera's arm,success,0.202673,0.202673,0.202673,0.026533,0.393483,0.333333,0.048938,0.0,0.013142,0.00062,0.033549,0.005256
simulation_ui_20260918_000717_04_04_dddd,04,04,DDDD,04 · DDDD,64aefc05d7d6e883d857202942daa279,2,p2,2. Conspiratorial,Competition Commission clears merger of Udemy with Coursera's arm,success,0.21753,0.143141,0.345814,0.0,0.440309,0.333333,0.089687,0.0,0.010822,0.01073,0.019106,0.002631
simulation_ui_20260918_000717_04_04_dddd,04,04,DDDD,04 · DDDD,64aefc05d7d6e883d857202942daa279,3,p3,3. Conspiratorial,Competition Commission clears merger of Udemy with Coursera's arm,success,0.178035,0.069921,0.415735,0.026533,0.253746,0.333333,0.08957,0.0,0.013587,0.017696,0.019907,0.003157
simulation_ui_20260918_000717_04_04_dddd,04,04,DDDD,04 · DDDD,64aefc05d7d6e883d857202942daa279,4,p4,4. Conspiratorial,Competition Commission clears merger of Udemy with Coursera's arm,success,0.125792,0.125877,0.541612,0.026533,0.375598,0.0,0.090554,0.0,0.014945,0.026974,0.011699,0.006162
simulation_ui_20260918_000717_04_04_dddd,04,04,DDDD,04 · DDDD,675d6df42ab1fa2c25fcb6c96a0801ba,1,p1,1. Conspiratorial,"Cohen & Steers Infrastructure Fund, Inc (NYSE:UTF) Plans $0.17 Monthly Dividend",success,0.233551,0.233551,0.233551,0.058064,0.407675,0.106612,0.355546,0.0,0.010268,0.003569,0.017928,0.009307
simulation_ui_20260918_000717_04_04_dddd,04,04,DDDD,04 · DDDD,675d6df42ab1fa2c25fcb6c96a0801ba,2,p2,2. Conspiratorial,"Cohen & Steers Infrastructure Fund, Inc (NYSE:UTF) Plans $0.17 Monthly Dividend",success,0.173313,0.241869,0.47542,0.058064,0.260668,0.305168,0.060198,0.0,0.013803,0.007716,0.021444,0.01225
simulation_ui_20260918_000717_04_04_dddd,04,04,DDDD,04 · DDDD,675d6df42ab1fa2c25fcb6c96a0801ba,3,p3,3. Conspiratorial,"Cohen & Steers Infrastructure Fund, Inc (NYSE:UTF) Plans $0.17 Monthly Dividend",success,0.229416,0.2168,0.69222,0.058064,0.387845,0.106612,0.358122,0.0,0.01136,0.017647,0.006096,0.010336
simulation_ui_20260918_000717_04_04_dddd,04,04,DDDD,04 · DDDD,675d6df42ab1fa2c25fcb6c96a0801ba,4,p4,4. Conspiratorial,"Cohen & Steers Infrastructure Fund, Inc (NYSE:UTF) Plans $0.17 Monthly Dividend",success,0.233491,0.030044,0.722264,0.05859,0.407675,0.106612,0.355546,0.0,0.009023,0.007922,0.011929,0.007218
simulation_ui_20260918_000717_04_04_dddd,04,04,DDDD,04 · DDDD,73939fe081f6d0ef3ed498b2dd7f4039,1,p1,1. Conspiratorial,Coastal Electric plans rate increase,success,0.094507,0.094507,0.094507,0.010853,0.25,0.0,0.107974,0.0,0.012671,0.00681,0.024049,0.007153
simulation_ui_20260918_000717_04_04_dddd,04,04,DDDD,04 · DDDD,73939fe081f6d0ef3ed498b2dd7f4039,2,p2,2. Conspiratorial,Coastal Electric plans rate increase,success,0.11469,0.126675,0.221182,0.010853,0.299602,0.0,0.142449,0.0,0.008256,0.010558,0.004988,0.009221
simulation_ui_20260918_000717_04_04_dddd,04,04,DDDD,04 · DDDD,73939fe081f6d0ef3ed498b2dd7f4039,3,p3,3. Conspiratorial,Coastal Electric plans rate increase,success,0.288689,0.242603,0.463785,0.03966,0.320983,0.666667,0.117219,0.0,0.017905,0.050425,0.000658,0.002631
simulation_ui_20260918_000717_04_04_dddd,04,04,DDDD,04 · DDDD,73939fe081f6d0ef3ed498b2dd7f4039,4,p4,4. Conspiratorial,Coastal Electric plans rate increase,success,0.103921,0.244447,0.708232,0.0,0.299602,0.0,0.107974,0.0,0.011285,0.020309,0.008678,0.004869
simulation_ui_20260918_000717_04_04_dddd,04,04,DDDD,04 · DDDD,764d938e82fccdeec46aa43984936af9,1,p1,1. Conspiratorial,Centre Highlights Border Infrastructure Push Through BADP and Vibrant Villages Programmes,success,0.2856,0.2856,0.2856,0.03582,0.26235,0.295778,0.536068,0.0,0.021578,0.024314,0.027344,0.013075
simulation_ui_20260918_000717_04_04_dddd,04,04,DDDD,04 · DDDD,764d938e82fccdeec46aa43984936af9,2,p2,2. Conspiratorial,Centre Highlights Border Infrastructure Push Through BADP and Vibrant Villages Programmes,success,0.339581,0.278269,0.563869,0.244456,0.077937,0.511541,0.510386,0.0,0.026369,0.052108,0.002272,0.024727
simulation_ui_20260918_000717_04_04_dddd,04,04,DDDD,04 · DDDD,764d938e82fccdeec46aa43984936af9,3,p3,3. Conspiratorial,Centre Highlights Border Infrastructure Push Through BADP and Vibrant Villages Programmes,success,0.384383,0.163518,0.727387,0.249164,0.243393,0.5,0.53597,0.0,0.01822,0.038143,0.006176,0.010341
simulation_ui_20260918_000717_04_04_dddd,04,04,DDDD,04 · DDDD,764d938e82fccdeec46aa43984936af9,4,p4,4. Conspiratorial,Centre Highlights Border Infrastructure Push Through BADP and Vibrant Villages Programmes,success,0.202446,0.244447,0.971834,0.244456,0.161622,0.0,0.394941,0.0,0.013701,0.030274,0.010524,0.000305
simulation_ui_20260918_000717_04_04_dddd,04,04,DDDD,04 · DDDD,80a390c3c68815dadd42b1ea065fd1af,1,p1,1. Conspiratorial,Contract OK’d to extend sidewalk repairs,success,0.297645,0.297645,0.297645,0.182296,0.594977,0.0,0.409583,0.0,0.006622,0.000195,0.005542,0.01413
simulation_ui_20260918_000717_04_04_dddd,04,04,DDDD,04 · DDDD,80a390c3c68815dadd42b1ea065fd1af,2,p2,2. Conspiratorial,Contract OK’d to extend sidewalk repairs,success,0.390051,0.391388,0.689033,0.379733,0.388615,0.344345,0.439726,0.0,0.015904,0.029057,0.011706,0.00695
simulation_ui_20260918_000717_04_04_dddd,04,04,DDDD,04 · DDDD,80a390c3c68815dadd42b1ea065fd1af,3,p3,3. Conspiratorial,Contract OK’d to extend sidewalk repairs,success,0.407098,0.206661,0.895694,0.257462,0.526999,0.398324,0.439726,0.0,0.012367,0.02137,0.012843,0.002888
simulation_ui_20260918_000717_04_04_dddd,04,04,DDDD,04 · DDDD,80a390c3c68815dadd42b1ea065fd1af,4,p4,4. Conspiratorial,Contract OK’d to extend sidewalk repairs,success,0.300069,0.250906,1.1466,0.24333,0.539356,0.175481,0.231334,0.0,0.019168,0.026398,0.030666,0.00044
simulation_ui_20260918_000717_04_04_dddd,04,04,DDDD,04 · DDDD,80e1561246e5483a76211bd892a06bcb,1,p1,1. Conspiratorial,Aldi inches closer to being hit with unprecedented $15 policy at all locations in the state,success,0.197008,0.197008,0.197008,0.05795,0.304109,0.193321,0.227897,0.0,0.007394,0.004841,0.011827,0.005513
simulation_ui_20260918_000717_04_04_dddd,04,04,DDDD,04 · DDDD,80e1561246e5483a76211bd892a06bcb,2,p2,2. Conspiratorial,Aldi inches closer to being hit with unprecedented $15 policy at all locations in the state,success,0.311091,0.282299,0.479307,0.30931,0.492714,0.186975,0.250161,0.0,0.009427,0.021935,0.004977,0.00137
simulation_ui_20260918_000717_04_04_dddd,04,04,DDDD,04 · DDDD,80e1561246e5483a76211bd892a06bcb,3,p3,3. Conspiratorial,Aldi inches closer to being hit with unprecedented $15 policy at all locations in the state,success,0.317525,0.211434,0.690741,0.30931,0.25,0.248413,0.45968,0.0,0.004937,0.004272,0.002425,0.008115
simulation_ui_20260918_000717_04_04_dddd,04,04,DDDD,04 · DDDD,80e1561246e5483a76211bd892a06bcb,4,p4,4. Conspiratorial,Aldi inches closer to being hit with unprecedented $15 policy at all locations in the state,success,0.305662,0.258524,0.949265,0.221891,0.489489,0.051738,0.448011,0.0,0.020653,0.03029,0.005574,0.026096
simulation_ui_20260918_000717_04_04_dddd,04,04,DDDD,04 · DDDD,954401161f2ebcd5c5ec0961fa417e31,1,p1,1. Conspiratorial,Biodiversity strategy is a must for mining companies,success,0.240513,0.240513,0.240513,0.0,0.470359,0.0,0.47616,0.0,0.025433,0.035086,0.024507,0.016705
simulation_ui_20260918_000717_04_04_dddd,04,04,DDDD,04 · DDDD,954401161f2ebcd5c5ec0961fa417e31,2,p2,2. Conspiratorial,Biodiversity strategy is a must for mining companies,success,0.261807,0.104095,0.344608,0.063761,0.475768,0.0,0.497119,0.0,0.017851,0.040409,0.005615,0.007528
simulation_ui_20260918_000717_04_04_dddd,04,04,DDDD,04 · DDDD,954401161f2ebcd5c5ec0961fa417e31,3,p3,3. Conspiratorial,Biodiversity strategy is a must for mining companies,success,0.295581,0.10269,0.447298,0.063761,0.611917,0.0,0.492436,0.0,0.025092,0.053538,0.007348,0.014389
simulation_ui_20260918_000717_04_04_dddd,04,04,DDDD,04 · DDDD,954401161f2ebcd5c5ec0961fa417e31,4,p4,4. Conspiratorial,Biodiversity strategy is a must for mining companies,success,0.259293,0.162393,0.609691,0.063761,0.467496,0.0,0.497297,0.0,0.014504,0.036538,0.002551,0.004424
simulation_ui_20260918_000717_04_04_dddd,04,04,DDDD,04 · DDDD,96039628b3a89f4a9134fd1dc3b666d7,1,p1,1. Conspiratorial,Air travel to become expensive from April 1? Civil Aviation Minister clarifies amid Middle East crisis,success,0.241101,0.241101,0.241101,0.199189,0.366436,0.067269,0.315151,0.0,0.026801,0.031605,0.042005,0.006792
simulation_ui_20260918_000717_04_04_dddd,04,04,DDDD,04 · DDDD,96039628b3a89f4a9134fd1dc3b666d7,2,p2,2. Conspiratorial,Air travel to become expensive from April 1? Civil Aviation Minister clarifies amid Middle East crisis,success,0.276792,0.317486,0.558587,0.254655,0.303618,0.0,0.540728,0.0,0.014076,0.01294,0.015966,0.013322
simulation_ui_20260918_000717_04_04_dddd,04,04,DDDD,04 · DDDD,96039628b3a89f4a9134fd1dc3b666d7,3,p3,3. Conspiratorial,Air travel to become expensive from April 1? Civil Aviation Minister clarifies amid Middle East crisis,success,0.362573,0.313782,0.872369,0.237604,0.467995,0.300452,0.436241,0.0,0.015642,0.031512,0.01216,0.003255
simulation_ui_20260918_000717_04_04_dddd,04,04,DDDD,04 · DDDD,96039628b3a89f4a9134fd1dc3b666d7,4,p4,4. Conspiratorial,Air travel to become expensive from April 1? Civil Aviation Minister clarifies amid Middle East crisis,success,0.408893,0.387182,1.259551,0.222056,0.560773,0.317319,0.528109,0.0,0.015421,0.014305,0.028932,0.003027
simulation_ui_20260918_000717_04_04_dddd,04,04,DDDD,04 · DDDD,9dee564f6a8f10132f19e6a4b2b8e1a7,1,p1,1. Conspiratorial,"Better and Coinbase Launch the First Token-Backed, Conforming Mortgage",success,0.243145,0.243145,0.243145,0.259608,0.160096,0.104986,0.439342,0.0,0.014081,0.02961,0.002113,0.010519
simulation_ui_20260918_000717_04_04_dddd,04,04,DDDD,04 · DDDD,9dee564f6a8f10132f19e6a4b2b8e1a7,2,p2,2. Conspiratorial,"Better and Coinbase Launch the First Token-Backed, Conforming Mortgage",success,0.320236,0.262529,0.505674,0.420045,0.365664,0.0,0.493886,0.0,0.002479,0.005633,0.001776,2.8e-05
simulation_ui_20260918_000717_04_04_dddd,04,04,DDDD,04 · DDDD,9dee564f6a8f10132f19e6a4b2b8e1a7,3,p3,3. Conspiratorial,"Better and Coinbase Launch the First Token-Backed, Conforming Mortgage",success,0.317378,0.213374,0.719048,0.446985,0.364209,0.104986,0.342885,0.0,0.019056,0.023058,0.028915,0.005194
simulation_ui_20260918_000717_04_04_dddd,04,04,DDDD,04 · DDDD,9dee564f6a8f10132f19e6a4b2b8e1a7,4,p4,4. Conspiratorial,"Better and Coinbase Launch the First Token-Backed, Conforming Mortgage",success,0.134845,0.284932,1.00398,0.022444,0.155048,0.0,0.344658,0.0,0.024772,0.044953,0.020177,0.009185
simulation_ui_20260918_000717_04_04_dddd,04,04,DDDD,04 · DDDD,a83c7d9bd4c9948f8104f95aa8914a60,1,p1,1. Conspiratorial,Another cinema in Singapore is closing... but the big,success,0.20699,0.20699,0.20699,0.094371,0.334648,0.125,0.27115,0.0,0.004398,0.002257,0.003332,0.007604
simulation_ui_20260918_000717_04_04_dddd,04,04,DDDD,04 · DDDD,a83c7d9bd4c9948f8104f95aa8914a60,2,p2,2. Conspiratorial,Another cinema in Singapore is closing... but the big,success,0.171541,0.145956,0.352946,0.096032,0.208295,0.0,0.373347,0.0,0.012775,0.022368,0.007597,0.00836
simulation_ui_20260918_000717_04_04_dddd,04,04,DDDD,04 · DDDD,a83c7d9bd4c9948f8104f95aa8914a60,3,p3,3. Conspiratorial,Another cinema in Singapore is closing... but the big,success,0.169414,0.080272,0.433218,0.063244,0.201037,0.0,0.409088,0.0,0.006441,0.011656,0.001442,0.006226
simulation_ui_20260918_000717_04_04_dddd,04,04,DDDD,04 · DDDD,a83c7d9bd4c9948f8104f95aa8914a60,4,p4,4. Conspiratorial,Another cinema in Singapore is closing... but the big,success,0.16857,0.121384,0.554602,0.057147,0.245166,0.043927,0.321759,0.0,0.009424,0.009527,0.004508,0.014236
simulation_ui_20260918_000717_04_04_dddd,04,04,DDDD,04 · DDDD,b8147bef700007b0dbccc9eaf88c04ac,1,p1,1. Conspiratorial,CLEO Expands Its Reach as Crypto Prop Traders Rally Around the Prop Firm Trading Platform Built for Them,success,0.149828,0.149828,0.149828,0.133585,0.399383,0.0,0.059621,0.0,0.009863,0.004097,0.022749,0.002742
simulation_ui_20260918_000717_04_04_dddd,04,04,DDDD,04 · DDDD,b8147bef700007b0dbccc9eaf88c04ac,2,p2,2. Conspiratorial,CLEO Expands Its Reach as Crypto Prop Traders Rally Around the Prop Firm Trading Platform Built for Them,success,0.233012,0.202115,0.351943,0.133585,0.247126,0.25,0.295507,0.0,0.009482,0.005061,0.023061,0.000325
simulation_ui_20260918_000717_04_04_dddd,04,04,DDDD,04 · DDDD,b8147bef700007b0dbccc9eaf88c04ac,3,p3,3. Conspiratorial,CLEO Expands Its Reach as Crypto Prop Traders Rally Around the Prop Firm Trading Platform Built for Them,success,0.08744,0.194869,0.546812,0.133585,0.149383,0.0,0.059621,0.0,0.009802,0.001368,0.025943,0.002094
simulation_ui_20260918_000717_04_04_dddd,04,04,DDDD,04 · DDDD,b8147bef700007b0dbccc9eaf88c04ac,4,p4,4. Conspiratorial,CLEO Expands Its Reach as Crypto Prop Traders Rally Around the Prop Firm Trading Platform Built for Them,success,0.184461,0.110511,0.657323,0.133585,0.288591,0.25,0.059621,0.0,0.00925,0.00035,0.027108,0.000291
simulation_ui_20260918_000717_04_04_dddd,04,04,DDDD,04 · DDDD,c24889258ff4d93fcb33d3ad9328f7e5,1,p1,1. Conspiratorial,Clearlake buys Qualus from New Mountain amid soaring power demand; KKR’s exit provides CoolIT employees with handsome payout,success,0.164754,0.164754,0.164754,0.03049,0.384025,0.0,0.198421,0.0,0.068022,0.109773,0.047456,0.046837
simulation_ui_20260918_000717_04_04_dddd,04,04,DDDD,04 · DDDD,c24889258ff4d93fcb33d3ad9328f7e5,2,p2,2. Conspiratorial,Clearlake buys Qualus from New Mountain amid soaring power demand; KKR’s exit provides CoolIT employees with handsome payout,success,0.167746,0.067548,0.232302,0.0,0.430165,0.0,0.192508,0.0,0.071523,0.108315,0.043953,0.0623
simulation_ui_20260918_000717_04_04_dddd,04,04,DDDD,04 · DDDD,c24889258ff4d93fcb33d3ad9328f7e5,3,p3,3. Conspiratorial,Clearlake buys Qualus from New Mountain amid soaring power demand; KKR’s exit provides CoolIT employees with handsome payout,success,0.236565,0.239058,0.47136,0.089842,0.44088,0.0,0.372902,0.0,0.068846,0.100448,0.044859,0.061231
simulation_ui_20260918_000717_04_04_dddd,04,04,DDDD,04 · DDDD,c24889258ff4d93fcb33d3ad9328f7e5,4,p4,4. Conspiratorial,Clearlake buys Qualus from New Mountain amid soaring power demand; KKR’s exit provides CoolIT employees with handsome payout,success,0.207377,0.148956,0.620316,0.032501,0.384025,0.0,0.377216,0.0,0.055778,0.076909,0.040973,0.049451
simulation_ui_20260918_000717_04_04_dddd,04,04,DDDD,04 · DDDD,c431d4ae9339f97a7ca5409d975805a3,1,p1,1. Conspiratorial,Anavex Life Sciences Stock Is Deeply Oversold. Should You Buy the Dip?,success,0.304571,0.304571,0.304571,0.115267,0.523477,0.140249,0.430822,0.0,0.015176,0.038865,0.001441,0.005222
simulation_ui_20260918_000717_04_04_dddd,04,04,DDDD,04 · DDDD,c431d4ae9339f97a7ca5409d975805a3,2,p2,2. Conspiratorial,Anavex Life Sciences Stock Is Deeply Oversold. Should You Buy the Dip?,success,0.257695,0.182562,0.487133,0.0,0.349243,0.252786,0.419608,0.0,0.015352,0.035675,0.004804,0.005577
simulation_ui_20260918_000717_04_04_dddd,04,04,DDDD,04 · DDDD,c431d4ae9339f97a7ca5409d975805a3,3,p3,3. Conspiratorial,Anavex Life Sciences Stock Is Deeply Oversold. Should You Buy the Dip?,success,0.257858,0.240289,0.727422,0.0,0.384947,0.209135,0.426957,0.0,0.017444,0.033535,0.018186,0.000611
simulation_ui_20260918_000717_04_04_dddd,04,04,DDDD,04 · DDDD,c431d4ae9339f97a7ca5409d975805a3,4,p4,4. Conspiratorial,Anavex Life Sciences Stock Is Deeply Oversold. Should You Buy the Dip?,success,0.3325,0.141038,0.86846,0.086934,0.446489,0.364632,0.419608,0.0,0.022995,0.05429,0.012449,0.002245
simulation_ui_20260918_000717_04_04_dddd,04,04,DDDD,04 · DDDD,ce21e05271d5e7a4e182ceb46e706964,1,p1,1. Conspiratorial,"Arizona opinion: European mandate means costlier food, groceries",success,0.318147,0.318147,0.318147,0.169838,0.265212,0.340372,0.484815,0.0,0.02254,0.043963,0.020275,0.003383
simulation_ui_20260918_000717_04_04_dddd,04,04,DDDD,04 · DDDD,ce21e05271d5e7a4e182ceb46e706964,2,p2,2. Conspiratorial,"Arizona opinion: European mandate means costlier food, groceries",success,0.2353,0.227645,0.545792,0.166229,0.124904,0.25,0.376692,0.0,0.037919,0.053982,0.013733,0.046042
simulation_ui_20260918_000717_04_04_dddd,04,04,DDDD,04 · DDDD,ce21e05271d5e7a4e182ceb46e706964,3,p3,3. Conspiratorial,"Arizona opinion: European mandate means costlier food, groceries",success,0.126743,0.145761,0.691553,0.127093,0.019651,0.0,0.344983,0.0,0.02173,0.025042,0.01109,0.029057
simulation_ui_20260918_000717_04_04_dddd,04,04,DDDD,04 · DDDD,ce21e05271d5e7a4e182ceb46e706964,4,p4,4. Conspiratorial,"Arizona opinion: European mandate means costlier food, groceries",success,0.266664,0.176394,0.867947,0.127093,0.299557,0.274198,0.357147,0.0,0.014717,0.015206,0.006623,0.022321
simulation_ui_20260918_000717_04_04_dddd,04,04,DDDD,04 · DDDD,d66c6c1dfd9c66c9f17f51b8a1ecc92d,1,p1,1. Conspiratorial,"Cadre Holdings to Acquire Assets of Tedder Industries, Including Alien Gear Holsters",success,0.079049,0.079049,0.079049,0.0,0.057791,0.0,0.252713,0.0,0.007712,0.004466,0.011862,0.006808
simulation_ui_20260918_000717_04_04_dddd,04,04,DDDD,04 · DDDD,d66c6c1dfd9c66c9f17f51b8a1ecc92d,2,p2,2. Conspiratorial,"Cadre Holdings to Acquire Assets of Tedder Industries, Including Alien Gear Holsters",success,0.267696,0.271077,0.350126,0.2705,0.339847,0.2,0.250768,0.0,0.016449,0.018834,0.019357,0.011157
simulation_ui_20260918_000717_04_04_dddd,04,04,DDDD,04 · DDDD,d66c6c1dfd9c66c9f17f51b8a1ecc92d,3,p3,3. Conspiratorial,"Cadre Holdings to Acquire Assets of Tedder Industries, Including Alien Gear Holsters",success,0.183948,0.209326,0.559452,0.006403,0.293343,0.2,0.223995,0.0,0.018392,0.01783,0.027856,0.009489
simulation_ui_20260918_000717_04_04_dddd,04,04,DDDD,04 · DDDD,d66c6c1dfd9c66c9f17f51b8a1ecc92d,4,p4,4. Conspiratorial,"Cadre Holdings to Acquire Assets of Tedder Industries, Including Alien Gear Holsters",success,0.19654,0.211652,0.771104,0.0,0.239312,0.2,0.335814,0.0,0.017109,0.014387,0.023199,0.013741
simulation_ui_20260918_000717_04_04_dddd,04,04,DDDD,04 · DDDD,de1ef9dc3d1297e42a2fb05392a32d49,1,p1,1. Conspiratorial,Constellation Software Inc. (CSU) to Issue Quarterly Dividend of $1.00 on April 15th,success,0.169406,0.169406,0.169406,0.056323,0.448944,0.081983,0.086523,0.0,0.005787,0.002034,0.009637,0.005689
simulation_ui_20260918_000717_04_04_dddd,04,04,DDDD,04 · DDDD,de1ef9dc3d1297e42a2fb05392a32d49,2,p2,2. Conspiratorial,Constellation Software Inc. (CSU) to Issue Quarterly Dividend of $1.00 on April 15th,success,0.230019,0.195611,0.365017,0.091351,0.345697,0.0,0.478205,0.0,0.007819,0.004937,0.011777,0.006743
simulation_ui_20260918_000717_04_04_dddd,04,04,DDDD,04 · DDDD,de1ef9dc3d1297e42a2fb05392a32d49,3,p3,3. Conspiratorial,Constellation Software Inc. (CSU) to Issue Quarterly Dividend of $1.00 on April 15th,success,0.202843,0.145117,0.510134,0.020507,0.410405,0.0,0.376069,0.0,0.006879,0.006242,0.013838,0.000558
simulation_ui_20260918_000717_04_04_dddd,04,04,DDDD,04 · DDDD,de1ef9dc3d1297e42a2fb05392a32d49,4,p4,4. Conspiratorial,Constellation Software Inc. (CSU) to Issue Quarterly Dividend of $1.00 on April 15th,success,0.276926,0.112097,0.622231,0.095813,0.513657,0.081983,0.411361,0.0,0.00844,0.004838,0.017868,0.002613
simulation_ui_20260918_000717_04_04_dddd,04,04,DDDD,04 · DDDD,e0d8c78139dd28d077ec2c768043d7ca,1,p1,1. Conspiratorial,Change in LHV Group Audit Committee,success,0.19274,0.19274,0.19274,0.0,0.650421,0.0,0.114787,0.0,0.008892,0.010767,0.001841,0.014067
simulation_ui_20260918_000717_04_04_dddd,04,04,DDDD,04 · DDDD,e0d8c78139dd28d077ec2c768043d7ca,2,p2,2. Conspiratorial,Change in LHV Group Audit Committee,success,0.225635,0.202769,0.395509,0.008058,0.572822,0.007029,0.309273,0.0,0.008637,0.009156,0.010863,0.005893
simulation_ui_20260918_000717_04_04_dddd,04,04,DDDD,04 · DDDD,e0d8c78139dd28d077ec2c768043d7ca,3,p3,3. Conspiratorial,Change in LHV Group Audit Committee,success,0.021957,0.226055,0.621564,0.019831,0.0,0.007029,0.053278,0.0,0.009807,0.010821,0.015507,0.003092
simulation_ui_20260918_000717_04_04_dddd,04,04,DDDD,04 · DDDD,e0d8c78139dd28d077ec2c768043d7ca,4,p4,4. Conspiratorial,Change in LHV Group Audit Committee,success,0.13908,0.128599,0.750163,0.019831,0.489834,0.007029,0.031447,0.0,0.011848,0.01418,0.015981,0.005383
simulation_ui_20260918_000717_04_04_dddd,04,04,DDDD,04 · DDDD,e42774600d5c0fd2405b181105990603,1,p1,1. Conspiratorial,Canada is losing more air traffic controllers than it’s hiring: aviation expert,success,0.216481,0.216481,0.216481,0.002404,0.415803,0.0,0.444931,0.0,0.004438,0.003753,0.009021,0.00054
simulation_ui_20260918_000717_04_04_dddd,04,04,DDDD,04 · DDDD,e42774600d5c0fd2405b181105990603,2,p2,2. Conspiratorial,Canada is losing more air traffic controllers than it’s hiring: aviation expert,success,0.205233,0.139372,0.355853,0.0,0.333246,0.0,0.473764,0.0,0.021803,0.034318,0.019367,0.011724
simulation_ui_20260918_000717_04_04_dddd,04,04,DDDD,04 · DDDD,e42774600d5c0fd2405b181105990603,3,p3,3. Conspiratorial,Canada is losing more air traffic controllers than it’s hiring: aviation expert,success,0.290306,0.174248,0.530101,0.166304,0.318201,0.25,0.41353,0.0,0.023124,0.038576,0.018426,0.01237
simulation_ui_20260918_000717_04_04_dddd,04,04,DDDD,04 · DDDD,e42774600d5c0fd2405b181105990603,4,p4,4. Conspiratorial,Canada is losing more air traffic controllers than it’s hiring: aviation expert,success,0.317475,0.120116,0.650217,0.151764,0.447651,0.25,0.40934,0.0,0.020326,0.019025,0.027542,0.014412
simulation_ui_20260918_000717_04_04_dddd,04,04,DDDD,04 · DDDD,e68862b7bac57065b34e1018a51ce3f2,1,p1,1. Conspiratorial,"Cruisebound Launches ""Search by Map,"" Redefining How Travelers Discover Cruises",success,0.219032,0.219032,0.219032,0.0,0.440306,0.0,0.421169,0.0,0.023343,0.03402,0.019239,0.016771
simulation_ui_20260918_000717_04_04_dddd,04,04,DDDD,04 · DDDD,e68862b7bac57065b34e1018a51ce3f2,2,p2,2. Conspiratorial,"Cruisebound Launches ""Search by Map,"" Redefining How Travelers Discover Cruises",success,0.16638,0.21007,0.429102,0.062135,0.353379,0.0,0.232355,0.0,0.026329,0.040139,0.02716,0.011687
simulation_ui_20260918_000717_04_04_dddd,04,04,DDDD,04 · DDDD,e68862b7bac57065b34e1018a51ce3f2,3,p3,3. Conspiratorial,"Cruisebound Launches ""Search by Map,"" Redefining How Travelers Discover Cruises",success,0.2059,0.233881,0.662983,0.005272,0.395253,0.0,0.407835,0.0,0.023874,0.046127,0.013044,0.012452
simulation_ui_20260918_000717_04_04_dddd,04,04,DDDD,04 · DDDD,e68862b7bac57065b34e1018a51ce3f2,4,p4,4. Conspiratorial,"Cruisebound Launches ""Search by Map,"" Redefining How Travelers Discover Cruises",success,0.125726,0.156302,0.819285,0.062135,0.310881,0.0,0.108986,0.0,0.029705,0.053223,0.018747,0.017146
simulation_ui_20260918_000717_04_04_dddd,04,04,DDDD,04 · DDDD,ea67fb6d8317500951f4bf21966a33ea,1,p1,1. Conspiratorial,China's 'Africa Diaper King' Delivers Strong Annual Profit Post-IPO,success,0.172481,0.172481,0.172481,0.0,0.386699,0.0,0.294312,0.0,0.013429,0.001767,0.035799,0.00272
simulation_ui_20260918_000717_04_04_dddd,04,04,DDDD,04 · DDDD,ea67fb6d8317500951f4bf21966a33ea,2,p2,2. Conspiratorial,China's 'Africa Diaper King' Delivers Strong Annual Profit Post-IPO,success,0.213265,0.182138,0.354619,0.160772,0.402778,0.0,0.279765,0.0,0.015436,0.014758,0.030488,0.001062
simulation_ui_20260918_000717_04_04_dddd,04,04,DDDD,04 · DDDD,ea67fb6d8317500951f4bf21966a33ea,3,p3,3. Conspiratorial,China's 'Africa Diaper King' Delivers Strong Annual Profit Post-IPO,success,0.269172,0.132373,0.486992,0.170676,0.442313,0.0,0.454963,0.0,0.014898,0.017036,0.027567,9e-05
simulation_ui_20260918_000717_04_04_dddd,04,04,DDDD,04 · DDDD,ea67fb6d8317500951f4bf21966a33ea,4,p4,4. Conspiratorial,China's 'Africa Diaper King' Delivers Strong Annual Profit Post-IPO,success,0.313426,0.277506,0.764498,0.206125,0.41796,0.303606,0.318293,0.0,0.014018,0.014405,0.02679,0.00086
simulation_ui_20260918_000717_04_04_dddd,04,04,DDDD,04 · DDDD,edd97daf51d7e0bb7d9da3f3e2c9bfa8,1,p1,1. Conspiratorial,Amazon and Walmart fined for selling banned refrigerant in Washington state,success,0.189388,0.189388,0.189388,0.009225,0.302002,0.0,0.439913,0.0,0.009867,0.005673,0.002407,0.021521
simulation_ui_20260918_000717_04_04_dddd,04,04,DDDD,04 · DDDD,edd97daf51d7e0bb7d9da3f3e2c9bfa8,2,p2,2. Conspiratorial,Amazon and Walmart fined for selling banned refrigerant in Washington state,success,0.219278,0.142206,0.331594,0.01238,0.209594,0.25,0.394442,0.0,0.017066,0.024091,0.022254,0.004853
simulation_ui_20260918_000717_04_04_dddd,04,04,DDDD,04 · DDDD,edd97daf51d7e0bb7d9da3f3e2c9bfa8,3,p3,3. Conspiratorial,Amazon and Walmart fined for selling banned refrigerant in Washington state,success,0.250444,0.2908,0.622394,0.098317,0.560576,0.0,0.334377,0.0,0.014146,0.007384,0.018919,0.016135
simulation_ui_20260918_000717_04_04_dddd,04,04,DDDD,04 · DDDD,edd97daf51d7e0bb7d9da3f3e2c9bfa8,4,p4,4. Conspiratorial,Amazon and Walmart fined for selling banned refrigerant in Washington state,success,0.285819,0.244439,0.866833,0.047413,0.407196,0.25,0.433304,0.0,0.009367,0.013424,0.001506,0.013171
simulation_ui_20260918_000717_04_04_dddd,04,04,DDDD,04 · DDDD,efc05dd0bbe1b970e1f97452c3e0b5a4,1,p1,1. Conspiratorial,Blackstone (BX) Slipped Amid Private Credit Concerns Despite Strong Long-Term Outlook,success,0.010697,0.010697,0.010697,0.0,0.0,0.0,0.037856,0.0,0.006222,0.006327,0.002707,0.009633
simulation_ui_20260918_000717_04_04_dddd,04,04,DDDD,04 · DDDD,efc05dd0bbe1b970e1f97452c3e0b5a4,2,p2,2. Conspiratorial,Blackstone (BX) Slipped Amid Private Credit Concerns Despite Strong Long-Term Outlook,success,0.107742,0.102787,0.113484,0.0,0.355508,0.024685,0.037384,0.0,0.018688,0.037916,0.005189,0.012958
simulation_ui_20260918_000717_04_04_dddd,04,04,DDDD,04 · DDDD,efc05dd0bbe1b970e1f97452c3e0b5a4,3,p3,3. Conspiratorial,Blackstone (BX) Slipped Amid Private Credit Concerns Despite Strong Long-Term Outlook,success,0.087927,0.046646,0.16013,0.012097,0.3104,0.0,0.025328,0.0,0.005315,0.015423,0.00014,0.000381
simulation_ui_20260918_000717_04_04_dddd,04,04,DDDD,04 · DDDD,efc05dd0bbe1b970e1f97452c3e0b5a4,4,p4,4. Conspiratorial,Blackstone (BX) Slipped Amid Private Credit Concerns Despite Strong Long-Term Outlook,success,0.113802,0.122708,0.282838,0.015719,0.206853,0.0,0.22888,0.0,0.005294,0.001164,0.005652,0.009066
simulation_ui_20260918_000717_04_04_dddd,04,04,DDDD,04 · DDDD,f46dd28ab257311f8706feca1dc99708,1,p1,1. Conspiratorial,Bevvy: Downtown’s New ‘Dirty’ Soda,success,0.193002,0.193002,0.193002,0.099669,0.327103,0.0,0.336731,0.0,0.013139,0.01635,0.011865,0.011202
simulation_ui_20260918_000717_04_04_dddd,04,04,DDDD,04 · DDDD,f46dd28ab257311f8706feca1dc99708,2,p2,2. Conspiratorial,Bevvy: Downtown’s New ‘Dirty’ Soda,success,0.115801,0.090268,0.28327,0.0,0.327103,0.0,0.115641,0.0,0.028759,0.035112,0.029302,0.021863
simulation_ui_20260918_000717_04_04_dddd,04,04,DDDD,04 · DDDD,f46dd28ab257311f8706feca1dc99708,3,p3,3. Conspiratorial,Bevvy: Downtown’s New ‘Dirty’ Soda,success,0.190669,0.167947,0.451217,0.058902,0.345472,0.0,0.336731,0.0,0.033097,0.03848,0.036621,0.024191
simulation_ui_20260918_000717_04_04_dddd,04,04,DDDD,04 · DDDD,f46dd28ab257311f8706feca1dc99708,4,p4,4. Conspiratorial,Bevvy: Downtown’s New ‘Dirty’ Soda,success,0.226892,0.103987,0.555204,0.024085,0.397648,0.0,0.469384,0.0,0.02646,0.040311,0.020186,0.018884
simulation_ui_20260918_000717_04_04_dddd,04,04,DDDD,04 · DDDD,f7a4ad54b51a7d28de6970e46285b0f2,1,p1,1. Conspiratorial,5G Services Market Surges to $497.24 billion by 2028 | CAGR 19.3%,success,0.474599,0.474599,0.474599,1.0,0.165108,0.333333,0.394404,0.0,0.013169,0.022857,0.003635,0.013014
simulation_ui_20260918_000717_04_04_dddd,04,04,DDDD,04 · DDDD,f7a4ad54b51a7d28de6970e46285b0f2,2,p2,2. Conspiratorial,5G Services Market Surges to $497.24 billion by 2028 | CAGR 19.3%,success,0.274952,0.373319,0.847918,0.0,0.170275,0.393946,0.525737,0.0,0.016927,0.018161,0.019681,0.012938
simulation_ui_20260918_000717_04_04_dddd,04,04,DDDD,04 · DDDD,f7a4ad54b51a7d28de6970e46285b0f2,3,p3,3. Conspiratorial,5G Services Market Surges to $497.24 billion by 2028 | CAGR 19.3%,success,0.26249,0.090833,0.938751,0.0,0.188329,0.333333,0.51808,0.0,0.017262,0.01594,0.023961,0.011885
simulation_ui_20260918_000717_04_04_dddd,04,04,DDDD,04 · DDDD,f7a4ad54b51a7d28de6970e46285b0f2,4,p4,4. Conspiratorial,5G Services Market Surges to $497.24 billion by 2028 | CAGR 19.3%,success,0.494273,0.428491,1.367242,1.0,0.158302,0.393946,0.418875,0.0,0.014706,0.014648,0.021267,0.008202
simulation_ui_20260918_000717_04_04_dddd,04,04,DDDD,04 · DDDD,ff437d173cf94bd173d62a3ee1c4dc9e,1,p1,1. Conspiratorial,Deputy minister: Belarus is among global leaders in dairy and meat exports,success,0.308222,0.308222,0.308222,0.34807,0.40671,0.07483,0.39542,0.0,0.014156,0.007925,0.030023,0.004521
simulation_ui_20260918_000717_04_04_dddd,04,04,DDDD,04 · DDDD,ff437d173cf94bd173d62a3ee1c4dc9e,2,p2,2. Conspiratorial,Deputy minister: Belarus is among global leaders in dairy and meat exports,success,0.341569,0.210601,0.518823,0.237378,0.539613,0.07483,0.498881,0.0,0.029393,0.033435,0.051451,0.003292
simulation_ui_20260918_000717_04_04_dddd,04,04,DDDD,04 · DDDD,ff437d173cf94bd173d62a3ee1c4dc9e,3,p3,3. Conspiratorial,Deputy minister: Belarus is among global leaders in dairy and meat exports,success,0.331106,0.358162,0.876985,0.038208,0.57032,0.25,0.451437,0.0,0.026873,0.024255,0.049692,0.006673
simulation_ui_20260918_000717_04_04_dddd,04,04,DDDD,04 · DDDD,ff437d173cf94bd173d62a3ee1c4dc9e,4,p4,4. Conspiratorial,Deputy minister: Belarus is among global leaders in dairy and meat exports,success,0.293711,0.122807,0.999792,0.055308,0.575967,0.07483,0.451437,0.0,0.030437,0.029104,0.045731,0.016475
simulation_ui_20260918_000717_05_05_ccpp,05,05,CCPP,05 · CCPP,03d15c304dd6358c32fe4fdcb841b43a,1,p1,1. Conservative,"APO INVESTOR DEADLINE APPROACHING: Faruqi & Faruqi, LLP Reminds Apollo Global Management (APO) Investors of Securities Class Action Deadline on May 1, 2026",success,0.071298,0.071298,0.071298,0.0,0.208572,0.0,0.070852,0.0,0.007753,0.007316,0.00836,0.007582
simulation_ui_20260918_000717_05_05_ccpp,05,05,CCPP,05 · CCPP,03d15c304dd6358c32fe4fdcb841b43a,2,p2,2. Conservative,"APO INVESTOR DEADLINE APPROACHING: Faruqi & Faruqi, LLP Reminds Apollo Global Management (APO) Investors of Securities Class Action Deadline on May 1, 2026",success,0.116788,0.098349,0.169647,0.0,0.261242,0.0,0.199528,0.0,0.009018,0.010486,0.010204,0.006364
simulation_ui_20260918_000717_05_05_ccpp,05,05,CCPP,05 · CCPP,03d15c304dd6358c32fe4fdcb841b43a,3,p3,3. Progressive,"APO INVESTOR DEADLINE APPROACHING: Faruqi & Faruqi, LLP Reminds Apollo Global Management (APO) Investors of Securities Class Action Deadline on May 1, 2026",success,0.17687,0.133878,0.303525,0.0,0.315603,0.0,0.380887,0.0,0.016631,0.028885,0.018449,0.002559
simulation_ui_20260918_000717_05_05_ccpp,05,05,CCPP,05 · CCPP,03d15c304dd6358c32fe4fdcb841b43a,4,p4,4. Progressive,"APO INVESTOR DEADLINE APPROACHING: Faruqi & Faruqi, LLP Reminds Apollo Global Management (APO) Investors of Securities Class Action Deadline on May 1, 2026",success,0.178451,0.162479,0.466004,0.0,0.240153,0.2,0.266962,0.0,0.010159,0.00575,0.019009,0.005719
simulation_ui_20260918_000717_05_05_ccpp,05,05,CCPP,05 · CCPP,03d1d324c6615b5fbc7455135584ac57,1,p1,1. Conservative,Canadian Imperial Bank of Commerce (CM) To Go Ex-Dividend on March 27th,success,0.237899,0.237899,0.237899,0.113853,0.327305,0.0,0.50894,0.0,0.002455,0.000525,0.005723,0.001118
simulation_ui_20260918_000717_05_05_ccpp,05,05,CCPP,05 · CCPP,03d1d324c6615b5fbc7455135584ac57,2,p2,2. Conservative,Canadian Imperial Bank of Commerce (CM) To Go Ex-Dividend on March 27th,success,0.281383,0.275101,0.513,0.175664,0.242414,0.404114,0.301928,0.0,0.002455,0.000525,0.005723,0.001118
simulation_ui_20260918_000717_05_05_ccpp,05,05,CCPP,05 · CCPP,03d1d324c6615b5fbc7455135584ac57,3,p3,3. Progressive,Canadian Imperial Bank of Commerce (CM) To Go Ex-Dividend on March 27th,success,0.13259,0.336112,0.849112,0.0,0.333333,0.0,0.193948,0.0,0.004431,0.003292,0.009497,0.000505
simulation_ui_20260918_000717_05_05_ccpp,05,05,CCPP,05 · CCPP,03d1d324c6615b5fbc7455135584ac57,4,p4,4. Progressive,Canadian Imperial Bank of Commerce (CM) To Go Ex-Dividend on March 27th,success,0.28318,0.167264,1.016376,0.0,0.333333,0.333333,0.464791,0.0,0.002199,0.005321,0.000931,0.000344
simulation_ui_20260918_000717_05_05_ccpp,05,05,CCPP,05 · CCPP,0883a2f27500aaeca578c2b397002506,1,p1,1. Conservative,'A crater': Pollster says Trump suffers 'objective measure' of 'failed presidency',success,0.203604,0.203604,0.203604,0.221318,0.118366,0.390324,0.080156,0.0,0.006667,0.005659,0.010238,0.004104
simulation_ui_20260918_000717_05_05_ccpp,05,05,CCPP,05 · CCPP,0883a2f27500aaeca578c2b397002506,2,p2,2. Conservative,'A crater': Pollster says Trump suffers 'objective measure' of 'failed presidency',success,0.175666,0.11777,0.321374,0.221318,0.168465,0.140324,0.165869,0.0,0.010123,0.002816,0.017114,0.01044
simulation_ui_20260918_000717_05_05_ccpp,05,05,CCPP,05 · CCPP,0883a2f27500aaeca578c2b397002506,3,p3,3. Progressive,'A crater': Pollster says Trump suffers 'objective measure' of 'failed presidency',success,0.250226,0.218482,0.539856,0.143107,0.23758,0.337096,0.279045,0.0,0.006789,0.000518,0.016761,0.003087
simulation_ui_20260918_000717_05_05_ccpp,05,05,CCPP,05 · CCPP,0883a2f27500aaeca578c2b397002506,4,p4,4. Progressive,'A crater': Pollster says Trump suffers 'objective measure' of 'failed presidency',success,0.225777,0.295195,0.835051,0.288359,0.303767,0.137072,0.166291,0.0,0.012273,0.011623,0.016425,0.008772
simulation_ui_20260918_000717_05_05_ccpp,05,05,CCPP,05 · CCPP,0b30ae6eaf7bab834a4906766ba2ecb2,1,p1,1. Conservative,Britain introduces “plug-in” solar panels for homes to tackle the energy crisis caused by the war in Iran,success,0.25363,0.25363,0.25363,0.088252,0.357747,0.2,0.352842,0.0,0.026122,0.031423,0.013475,0.033467
simulation_ui_20260918_000717_05_05_ccpp,05,05,CCPP,05 · CCPP,0b30ae6eaf7bab834a4906766ba2ecb2,2,p2,2. Conservative,Britain introduces “plug-in” solar panels for homes to tackle the energy crisis caused by the war in Iran,success,0.216302,0.166289,0.419919,0.088252,0.232427,0.2,0.332482,0.0,0.019141,0.00827,0.030345,0.018809
simulation_ui_20260918_000717_05_05_ccpp,05,05,CCPP,05 · CCPP,0b30ae6eaf7bab834a4906766ba2ecb2,3,p3,3. Progressive,Britain introduces “plug-in” solar panels for homes to tackle the energy crisis caused by the war in Iran,success,0.243414,0.084992,0.504911,0.059243,0.359829,0.2,0.341572,0.0,0.021407,0.012183,0.034955,0.017082
simulation_ui_20260918_000717_05_05_ccpp,05,05,CCPP,05 · CCPP,0b30ae6eaf7bab834a4906766ba2ecb2,4,p4,4. Progressive,Britain introduces “plug-in” solar panels for homes to tackle the energy crisis caused by the war in Iran,success,0.230395,0.114224,0.619135,0.024277,0.311061,0.2,0.373006,0.0,0.021407,0.012183,0.034955,0.017082
simulation_ui_20260918_000717_05_05_ccpp,05,05,CCPP,05 · CCPP,0c84c580588b0f1f5c9070df32dfc5a6,1,p1,1. Conservative,"$1,000 ‘Dog Tax Credit’? Americans eye big payout — don’t miss this April date",success,0.237022,0.237022,0.237022,0.144415,0.267268,0.266032,0.253995,0.0,0.026691,0.03255,0.036222,0.011301
simulation_ui_20260918_000717_05_05_ccpp,05,05,CCPP,05 · CCPP,0c84c580588b0f1f5c9070df32dfc5a6,2,p2,2. Conservative,"$1,000 ‘Dog Tax Credit’? Americans eye big payout — don’t miss this April date",success,0.319089,0.218344,0.455366,0.24006,0.336152,0.33584,0.350115,0.0,0.025913,0.027654,0.027438,0.022646
simulation_ui_20260918_000717_05_05_ccpp,05,05,CCPP,05 · CCPP,0c84c580588b0f1f5c9070df32dfc5a6,3,p3,3. Progressive,"$1,000 ‘Dog Tax Credit’? Americans eye big payout — don’t miss this April date",success,0.268374,0.207709,0.663075,0.130093,0.367792,0.278336,0.281318,0.0,0.027114,0.031073,0.032323,0.017946
simulation_ui_20260918_000717_05_05_ccpp,05,05,CCPP,05 · CCPP,0c84c580588b0f1f5c9070df32dfc5a6,4,p4,4. Progressive,"$1,000 ‘Dog Tax Credit’? Americans eye big payout — don’t miss this April date",success,0.3417,0.280432,0.943507,0.243505,0.441263,0.348366,0.318076,0.0,0.029427,0.046579,0.03201,0.009691
simulation_ui_20260918_000717_05_05_ccpp,05,05,CCPP,05 · CCPP,0ccfe99f5612d8b22298e5942170415d,1,p1,1. Conservative,Cambria Tax Aware ETF (NASDAQ:TAX) Short Interest Down 67.0% in March,success,0.295684,0.295684,0.295684,0.053813,0.235233,0.455409,0.425306,0.0,0.022922,0.026616,0.021028,0.021121
simulation_ui_20260918_000717_05_05_ccpp,05,05,CCPP,05 · CCPP,0ccfe99f5612d8b22298e5942170415d,2,p2,2. Conservative,Cambria Tax Aware ETF (NASDAQ:TAX) Short Interest Down 67.0% in March,success,0.174417,0.190821,0.486505,0.0,0.267725,0.0,0.419094,0.0,0.01637,0.018049,0.02318,0.007881
simulation_ui_20260918_000717_05_05_ccpp,05,05,CCPP,05 · CCPP,0ccfe99f5612d8b22298e5942170415d,3,p3,3. Progressive,Cambria Tax Aware ETF (NASDAQ:TAX) Short Interest Down 67.0% in March,success,0.21588,0.138647,0.625152,0.0,0.267725,0.197901,0.392589,0.0,0.008445,0.006067,0.014431,0.004838
simulation_ui_20260918_000717_05_05_ccpp,05,05,CCPP,05 · CCPP,0ccfe99f5612d8b22298e5942170415d,4,p4,4. Progressive,Cambria Tax Aware ETF (NASDAQ:TAX) Short Interest Down 67.0% in March,success,0.170514,0.181204,0.806356,0.0,0.256615,0.0,0.414806,0.0,0.015978,0.022278,0.016358,0.009299
simulation_ui_20260918_000717_05_05_ccpp,05,05,CCPP,05 · CCPP,11c9275c35fecd97efe0ba12a17b00da,1,p1,1. Conservative,CPA questions legal basis of GACL takeover of McDan Jet Terminal,success,0.103586,0.103586,0.103586,0.141431,0.253194,0.0,0.01087,0.0,0.012309,0.020555,0.001429,0.014944
simulation_ui_20260918_000717_05_05_ccpp,05,05,CCPP,05 · CCPP,11c9275c35fecd97efe0ba12a17b00da,2,p2,2. Conservative,CPA questions legal basis of GACL takeover of McDan Jet Terminal,success,0.238876,0.184662,0.288248,0.206059,0.253591,0.2,0.293331,0.0,0.004142,0.004418,0.006049,0.00196
simulation_ui_20260918_000717_05_05_ccpp,05,05,CCPP,05 · CCPP,11c9275c35fecd97efe0ba12a17b00da,3,p3,3. Progressive,CPA questions legal basis of GACL takeover of McDan Jet Terminal,success,0.208112,0.231204,0.519452,0.085818,0.539449,0.2,0.004945,0.0,0.003527,0.00296,0.005227,0.002393
simulation_ui_20260918_000717_05_05_ccpp,05,05,CCPP,05 · CCPP,11c9275c35fecd97efe0ba12a17b00da,4,p4,4. Progressive,CPA questions legal basis of GACL takeover of McDan Jet Terminal,success,0.119898,0.186259,0.705711,0.201917,0.241956,0.0,0.032563,0.0,0.004479,0.007392,0.002817,0.003229
simulation_ui_20260918_000717_05_05_ccpp,05,05,CCPP,05 · CCPP,11fde5af588f2d6f6a0c145a6d089324,1,p1,1. Conservative,"BSNL Posts ₹5,000 Crore Profit After 18 Years, Scindia Signals ₹10,000 Crore Target & India Post IPO Plans",success,0.109621,0.109621,0.109621,0.058828,0.307658,0.0,0.06754,0.0,0.006249,0.005194,0.003857,0.009696
simulation_ui_20260918_000717_05_05_ccpp,05,05,CCPP,05 · CCPP,11fde5af588f2d6f6a0c145a6d089324,2,p2,2. Conservative,"BSNL Posts ₹5,000 Crore Profit After 18 Years, Scindia Signals ₹10,000 Crore Target & India Post IPO Plans",success,0.234615,0.148152,0.257773,0.324249,0.305551,0.25,0.053173,0.0,0.008948,0.015235,0.00271,0.008899
simulation_ui_20260918_000717_05_05_ccpp,05,05,CCPP,05 · CCPP,11fde5af588f2d6f6a0c145a6d089324,3,p3,3. Progressive,"BSNL Posts ₹5,000 Crore Profit After 18 Years, Scindia Signals ₹10,000 Crore Target & India Post IPO Plans",success,0.141618,0.216851,0.474624,0.062607,0.380737,0.0,0.119501,0.0,0.005276,0.005208,0.008478,0.002143
simulation_ui_20260918_000717_05_05_ccpp,05,05,CCPP,05 · CCPP,11fde5af588f2d6f6a0c145a6d089324,4,p4,4. Progressive,"BSNL Posts ₹5,000 Crore Profit After 18 Years, Scindia Signals ₹10,000 Crore Target & India Post IPO Plans",success,0.240666,0.133787,0.608411,0.310357,0.511253,0.0,0.133139,0.0,0.012998,0.01875,0.017745,0.002499
simulation_ui_20260918_000717_05_05_ccpp,05,05,CCPP,05 · CCPP,17cd8c3587799d6f5551faf3e5895209,1,p1,1. Conservative,"Credit Union of Colorado Foundation invests $50,000 in community college scholarships",success,0.030614,0.030614,0.030614,0.0,0.122457,0.0,0.0,0.0,0.0,0.0,0.0,0.0
simulation_ui_20260918_000717_05_05_ccpp,05,05,CCPP,05 · CCPP,17cd8c3587799d6f5551faf3e5895209,2,p2,2. Conservative,"Credit Union of Colorado Foundation invests $50,000 in community college scholarships",success,0.055865,0.050845,0.081459,0.0,0.216119,0.0,0.000257,0.0,0.009363,0.019957,0.004913,0.00322
simulation_ui_20260918_000717_05_05_ccpp,05,05,CCPP,05 · CCPP,17cd8c3587799d6f5551faf3e5895209,3,p3,3. Progressive,"Credit Union of Colorado Foundation invests $50,000 in community college scholarships",success,0.230288,0.226301,0.30776,0.136524,0.44952,0.333333,0.000257,0.0,0.002464,0.000843,0.004947,0.001601
simulation_ui_20260918_000717_05_05_ccpp,05,05,CCPP,05 · CCPP,17cd8c3587799d6f5551faf3e5895209,4,p4,4. Progressive,"Credit Union of Colorado Foundation invests $50,000 in community college scholarships",success,0.228072,0.089994,0.397754,0.006451,0.570447,0.333333,0.000257,0.0,0.002913,0.001059,0.000652,0.007027
simulation_ui_20260918_000717_05_05_ccpp,05,05,CCPP,05 · CCPP,1e83ba34429a85f3fbafdb5671e23f1d,1,p1,1. Conservative,Delhi PWD Accelerates PNG Pipeline Laying with 24-Hour Approvals,success,0.208947,0.208947,0.208947,0.074352,0.209892,0.236142,0.30256,0.0,0.020208,0.020277,0.020255,0.020092
simulation_ui_20260918_000717_05_05_ccpp,05,05,CCPP,05 · CCPP,1e83ba34429a85f3fbafdb5671e23f1d,2,p2,2. Conservative,Delhi PWD Accelerates PNG Pipeline Laying with 24-Hour Approvals,success,0.269049,0.125678,0.334625,0.068214,0.452176,0.236142,0.31307,0.0,0.011252,0.003713,0.013324,0.016718
simulation_ui_20260918_000717_05_05_ccpp,05,05,CCPP,05 · CCPP,1e83ba34429a85f3fbafdb5671e23f1d,3,p3,3. Progressive,Delhi PWD Accelerates PNG Pipeline Laying with 24-Hour Approvals,success,0.267695,0.126011,0.460636,0.071609,0.423644,0.236142,0.337502,0.0,0.003211,0.001942,0.002401,0.005291
simulation_ui_20260918_000717_05_05_ccpp,05,05,CCPP,05 · CCPP,1e83ba34429a85f3fbafdb5671e23f1d,4,p4,4. Progressive,Delhi PWD Accelerates PNG Pipeline Laying with 24-Hour Approvals,success,0.168449,0.147616,0.608252,0.074352,0.076304,0.236142,0.280125,0.0,0.010313,0.002212,0.011096,0.01763
simulation_ui_20260918_000717_05_05_ccpp,05,05,CCPP,05 · CCPP,1eb77463838b3d1f2ea74f8bfa272767,1,p1,1. Conservative,Afghanistan urges regional water cooperation at Tashkent Forum,success,0.340322,0.340322,0.340322,1.0,0.05797,0.281728,0.014478,0.0,0.013443,0.004283,0.023517,0.01253
simulation_ui_20260918_000717_05_05_ccpp,05,05,CCPP,05 · CCPP,1eb77463838b3d1f2ea74f8bfa272767,2,p2,2. Conservative,Afghanistan urges regional water cooperation at Tashkent Forum,success,0.397198,0.179577,0.519899,1.0,0.38554,0.173301,0.025903,0.0,0.008383,0.002786,0.014824,0.007538
simulation_ui_20260918_000717_05_05_ccpp,05,05,CCPP,05 · CCPP,1eb77463838b3d1f2ea74f8bfa272767,3,p3,3. Progressive,Afghanistan urges regional water cooperation at Tashkent Forum,success,0.481742,0.200856,0.720755,1.0,0.380851,0.202775,0.340581,0.0,0.006646,0.005025,0.013006,0.001908
simulation_ui_20260918_000717_05_05_ccpp,05,05,CCPP,05 · CCPP,1eb77463838b3d1f2ea74f8bfa272767,4,p4,4. Progressive,Afghanistan urges regional water cooperation at Tashkent Forum,success,0.514867,0.346894,1.067649,1.0,0.430797,0.281728,0.346111,0.0,0.002138,0.00016,0.006028,0.000226
simulation_ui_20260918_000717_05_05_ccpp,05,05,CCPP,05 · CCPP,20df5253ec5e5a2623c8823c2b38083b,1,p1,1. Conservative,Contango ORE (NYSEAMERICAN:CTGO) Now Covered by Analysts at Canaccord Genuity Group,success,0.205964,0.205964,0.205964,0.099259,0.336782,0.0,0.380713,0.0,0.011157,0.012819,0.005919,0.014734
simulation_ui_20260918_000717_05_05_ccpp,05,05,CCPP,05 · CCPP,20df5253ec5e5a2623c8823c2b38083b,2,p2,2. Conservative,Contango ORE (NYSEAMERICAN:CTGO) Now Covered by Analysts at Canaccord Genuity Group,success,0.329182,0.168525,0.374489,0.086141,0.469173,0.333333,0.419925,0.0,0.01515,0.017976,0.00973,0.017744
simulation_ui_20260918_000717_05_05_ccpp,05,05,CCPP,05 · CCPP,20df5253ec5e5a2623c8823c2b38083b,3,p3,3. Progressive,Contango ORE (NYSEAMERICAN:CTGO) Now Covered by Analysts at Canaccord Genuity Group,success,0.224801,0.180424,0.554913,0.088666,0.336782,0.0,0.463444,0.0,0.016575,0.021969,0.009475,0.018282
simulation_ui_20260918_000717_05_05_ccpp,05,05,CCPP,05 · CCPP,20df5253ec5e5a2623c8823c2b38083b,4,p4,4. Progressive,Contango ORE (NYSEAMERICAN:CTGO) Now Covered by Analysts at Canaccord Genuity Group,success,0.208602,0.044024,0.598937,0.082427,0.336782,0.0,0.404669,0.0,0.016575,0.021969,0.009475,0.018282
simulation_ui_20260918_000717_05_05_ccpp,05,05,CCPP,05 · CCPP,285f86ba6e2a489c2d4a3ab84f18a6a4,1,p1,1. Conservative,Company Banned from Marketing Business Opportunities to Settle FTC Charges it Misled Consumers About Earnings Potential,success,0.173523,0.173523,0.173523,0.116957,0.279762,0.0,0.288181,0.0,0.013863,0.013079,0.020177,0.008334
simulation_ui_20260918_000717_05_05_ccpp,05,05,CCPP,05 · CCPP,285f86ba6e2a489c2d4a3ab84f18a6a4,2,p2,2. Conservative,Company Banned from Marketing Business Opportunities to Settle FTC Charges it Misled Consumers About Earnings Potential,success,0.140535,0.182621,0.356144,0.002872,0.050473,0.166667,0.331247,0.0,0.015774,0.023987,0.013511,0.009823
simulation_ui_20260918_000717_05_05_ccpp,05,05,CCPP,05 · CCPP,285f86ba6e2a489c2d4a3ab84f18a6a4,3,p3,3. Progressive,Company Banned from Marketing Business Opportunities to Settle FTC Charges it Misled Consumers About Earnings Potential,success,0.229787,0.184306,0.54045,0.131171,0.337688,0.166667,0.273659,0.0,0.016115,0.01282,0.02501,0.010515
simulation_ui_20260918_000717_05_05_ccpp,05,05,CCPP,05 · CCPP,285f86ba6e2a489c2d4a3ab84f18a6a4,4,p4,4. Progressive,Company Banned from Marketing Business Opportunities to Settle FTC Charges it Misled Consumers About Earnings Potential,success,0.200152,0.096233,0.636683,0.069733,0.279762,0.166667,0.274867,0.0,0.014923,0.009454,0.026132,0.009182
simulation_ui_20260918_000717_05_05_ccpp,05,05,CCPP,05 · CCPP,3343849e4bfdca882e24cd916fa75ec6,1,p1,1. Conservative,ASMALLWORLD Introduces New Marriott Bonvoy® Benefit for Members,success,0.04639,0.04639,0.04639,0.039028,0.064349,0.0,0.073746,0.0,0.011036,0.004697,0.013363,0.015049
simulation_ui_20260918_000717_05_05_ccpp,05,05,CCPP,05 · CCPP,3343849e4bfdca882e24cd916fa75ec6,2,p2,2. Conservative,ASMALLWORLD Introduces New Marriott Bonvoy® Benefit for Members,success,0.122832,0.137013,0.183403,0.039028,0.147432,0.281216,0.017912,0.0,0.008168,0.001006,0.012118,0.011379
simulation_ui_20260918_000717_05_05_ccpp,05,05,CCPP,05 · CCPP,3343849e4bfdca882e24cd916fa75ec6,3,p3,3. Progressive,ASMALLWORLD Introduces New Marriott Bonvoy® Benefit for Members,success,0.124493,0.075672,0.259075,0.073662,0.064349,0.281216,0.075427,0.0,0.004732,0.00931,0.001561,0.003324
simulation_ui_20260918_000717_05_05_ccpp,05,05,CCPP,05 · CCPP,3343849e4bfdca882e24cd916fa75ec6,4,p4,4. Progressive,ASMALLWORLD Introduces New Marriott Bonvoy® Benefit for Members,success,0.146051,0.116712,0.375787,0.073662,0.064349,0.25,0.192354,0.0,0.005611,0.011544,0.002863,0.002426
simulation_ui_20260918_000717_05_05_ccpp,05,05,CCPP,05 · CCPP,3e908966e0393a684386f1e186c5c6e3,1,p1,1. Conservative,CAAS defers sustainable aviation fuel levy,success,0.26412,0.26412,0.26412,0.287607,0.25,0.37776,0.127734,0.0,0.022621,0.022463,0.036718,0.008683
simulation_ui_20260918_000717_05_05_ccpp,05,05,CCPP,05 · CCPP,3e908966e0393a684386f1e186c5c6e3,2,p2,2. Conservative,CAAS defers sustainable aviation fuel levy,success,0.219752,0.156498,0.420618,0.287607,0.055232,0.353756,0.166259,0.0,0.025746,0.032479,0.019947,0.024812
simulation_ui_20260918_000717_05_05_ccpp,05,05,CCPP,05 · CCPP,3e908966e0393a684386f1e186c5c6e3,3,p3,3. Progressive,CAAS defers sustainable aviation fuel levy,success,0.239556,0.117761,0.538379,0.287607,0.028904,0.368439,0.262734,0.0,0.017265,0.031983,0.002602,0.01721
simulation_ui_20260918_000717_05_05_ccpp,05,05,CCPP,05 · CCPP,3e908966e0393a684386f1e186c5c6e3,4,p4,4. Progressive,CAAS defers sustainable aviation fuel levy,success,0.35317,0.196924,0.735303,0.287607,0.376736,0.471075,0.272849,0.0,0.008511,0.016867,0.00807,0.000595
simulation_ui_20260918_000717_05_05_ccpp,05,05,CCPP,05 · CCPP,4284601d27a88508e23bb7ecf1e26740,1,p1,1. Conservative,Blackbaud Opens Registration for bbcon 2026 to Rally Social Impact Sector Around AI Innovation,success,0.154979,0.154979,0.154979,0.0,0.175666,0.0,0.437054,0.0,0.010623,0.017125,0.01241,0.002335
simulation_ui_20260918_000717_05_05_ccpp,05,05,CCPP,05 · CCPP,4284601d27a88508e23bb7ecf1e26740,2,p2,2. Conservative,Blackbaud Opens Registration for bbcon 2026 to Rally Social Impact Sector Around AI Innovation,success,0.162134,0.080132,0.235111,0.0,0.25,0.0,0.39333,0.0,0.007756,0.009339,0.007022,0.006908
simulation_ui_20260918_000717_05_05_ccpp,05,05,CCPP,05 · CCPP,4284601d27a88508e23bb7ecf1e26740,3,p3,3. Progressive,Blackbaud Opens Registration for bbcon 2026 to Rally Social Impact Sector Around AI Innovation,success,0.455487,0.535666,0.770777,1.0,0.389768,0.25,0.179401,0.0,0.006368,0.002962,0.001915,0.014227
simulation_ui_20260918_000717_05_05_ccpp,05,05,CCPP,05 · CCPP,4284601d27a88508e23bb7ecf1e26740,4,p4,4. Progressive,Blackbaud Opens Registration for bbcon 2026 to Rally Social Impact Sector Around AI Innovation,success,0.167165,0.388754,1.159531,0.0,0.483696,0.0,0.181277,0.0,0.005526,0.001405,0.006533,0.008639
simulation_ui_20260918_000717_05_05_ccpp,05,05,CCPP,05 · CCPP,43b305aebbf654fd9464eb6d39cf900b,1,p1,1. Conservative,CS Atal Dulloo Reviews Progress Of Tawi Artificial Lake And Riverfront Development Projects,success,0.102619,0.102619,0.102619,0.005932,0.031612,0.031792,0.335641,0.0,0.007646,0.001797,0.015047,0.006094
simulation_ui_20260918_000717_05_05_ccpp,05,05,CCPP,05 · CCPP,43b305aebbf654fd9464eb6d39cf900b,2,p2,2. Conservative,CS Atal Dulloo Reviews Progress Of Tawi Artificial Lake And Riverfront Development Projects,success,0.054692,0.048001,0.15062,0.005932,0.031612,0.0,0.176531,0.0,0.0062,0.001435,0.011547,0.005619
simulation_ui_20260918_000717_05_05_ccpp,05,05,CCPP,05 · CCPP,43b305aebbf654fd9464eb6d39cf900b,3,p3,3. Progressive,CS Atal Dulloo Reviews Progress Of Tawi Artificial Lake And Riverfront Development Projects,success,0.142618,0.158509,0.309129,0.005932,0.1832,0.224998,0.152231,0.0,0.005987,0.00202,0.011457,0.004483
simulation_ui_20260918_000717_05_05_ccpp,05,05,CCPP,05 · CCPP,43b305aebbf654fd9464eb6d39cf900b,4,p4,4. Progressive,CS Atal Dulloo Reviews Progress Of Tawi Artificial Lake And Riverfront Development Projects,success,0.171685,0.119458,0.428587,0.005932,0.155637,0.224998,0.296108,0.0,0.006124,0.001959,0.011819,0.004595
simulation_ui_20260918_000717_05_05_ccpp,05,05,CCPP,05 · CCPP,43d218dc30bd89b0c4da158243e74603,1,p1,1. Conservative,Amesite Executes Trading Partner Agreement Enabling Secure Connectivity with Leading Homecare Technology Platform,success,0.079007,0.079007,0.079007,0.229568,0.0,0.0,0.067438,0.0,0.025686,0.04299,0.021155,0.012912
simulation_ui_20260918_000717_05_05_ccpp,05,05,CCPP,05 · CCPP,43d218dc30bd89b0c4da158243e74603,2,p2,2. Conservative,Amesite Executes Trading Partner Agreement Enabling Secure Connectivity with Leading Homecare Technology Platform,success,0.121402,0.190046,0.269053,0.125492,0.0,0.333333,0.010114,0.0,0.023603,0.035054,0.021064,0.014692
simulation_ui_20260918_000717_05_05_ccpp,05,05,CCPP,05 · CCPP,43d218dc30bd89b0c4da158243e74603,3,p3,3. Progressive,Amesite Executes Trading Partner Agreement Enabling Secure Connectivity with Leading Homecare Technology Platform,success,0.147406,0.104207,0.37326,0.172324,0.058291,0.333333,0.010114,0.0,0.022713,0.01827,0.019743,0.030127
simulation_ui_20260918_000717_05_05_ccpp,05,05,CCPP,05 · CCPP,43d218dc30bd89b0c4da158243e74603,4,p4,4. Progressive,Amesite Executes Trading Partner Agreement Enabling Secure Connectivity with Leading Homecare Technology Platform,success,0.13423,0.059735,0.432995,0.177031,0.0,0.333333,0.010114,0.0,0.023625,0.022483,0.02307,0.025322
simulation_ui_20260918_000717_05_05_ccpp,05,05,CCPP,05 · CCPP,45a67f6f54cd92c32163be9459300052,1,p1,1. Conservative,"Bitcoin Miners, Now AI Compute Leaders, Face Profitability Concerns",success,0.136732,0.136732,0.136732,0.035917,0.481874,0.0,0.010794,0.0,0.02642,0.028239,0.030327,0.020693
simulation_ui_20260918_000717_05_05_ccpp,05,05,CCPP,05 · CCPP,45a67f6f54cd92c32163be9459300052,2,p2,2. Conservative,"Bitcoin Miners, Now AI Compute Leaders, Face Profitability Concerns",success,0.255031,0.204192,0.340924,0.055804,0.584385,0.0,0.374415,0.0,0.009244,0.01085,0.013008,0.003874
simulation_ui_20260918_000717_05_05_ccpp,05,05,CCPP,05 · CCPP,45a67f6f54cd92c32163be9459300052,3,p3,3. Progressive,"Bitcoin Miners, Now AI Compute Leaders, Face Profitability Concerns",success,0.268023,0.106779,0.447703,0.061007,0.605856,0.0,0.39842,0.0,0.011599,0.001948,0.018036,0.014814
simulation_ui_20260918_000717_05_05_ccpp,05,05,CCPP,05 · CCPP,45a67f6f54cd92c32163be9459300052,4,p4,4. Progressive,"Bitcoin Miners, Now AI Compute Leaders, Face Profitability Concerns",success,0.30036,0.186372,0.634075,0.061007,0.419292,0.333333,0.379762,0.0,0.014332,0.011889,0.023468,0.00764
simulation_ui_20260918_000717_05_05_ccpp,05,05,CCPP,05 · CCPP,48375acfba2ffc7f64822005eaab01e9,1,p1,1. Conservative,"Capitan Silver Commences Trading on the OTCQX Market Under Symbol ""CAPTF""",success,0.18957,0.18957,0.18957,0.152506,0.25446,0.238635,0.102495,0.0,0.01566,0.032761,0.007835,0.006385
simulation_ui_20260918_000717_05_05_ccpp,05,05,CCPP,05 · CCPP,48375acfba2ffc7f64822005eaab01e9,2,p2,2. Conservative,"Capitan Silver Commences Trading on the OTCQX Market Under Symbol ""CAPTF""",success,0.307041,0.250889,0.440459,0.054038,0.66668,0.438635,0.05979,0.0,0.016217,0.033436,0.009626,0.005588
simulation_ui_20260918_000717_05_05_ccpp,05,05,CCPP,05 · CCPP,48375acfba2ffc7f64822005eaab01e9,3,p3,3. Progressive,"Capitan Silver Commences Trading on the OTCQX Market Under Symbol ""CAPTF""",success,0.130439,0.23724,0.677699,0.054038,0.156172,0.238635,0.05979,0.0,0.01879,0.048792,0.002665,0.004914
simulation_ui_20260918_000717_05_05_ccpp,05,05,CCPP,05 · CCPP,48375acfba2ffc7f64822005eaab01e9,4,p4,4. Progressive,"Capitan Silver Commences Trading on the OTCQX Market Under Symbol ""CAPTF""",success,0.294288,0.235433,0.913132,0.058472,0.566215,0.438635,0.103716,0.0,0.017848,0.044075,0.005899,0.003569
simulation_ui_20260918_000717_05_05_ccpp,05,05,CCPP,05 · CCPP,4980763ccff9b986f6829df1e9489341,1,p1,1. Conservative,Cabana Target Drawdown 7 ETF (NASDAQ:TDSB) Short Interest Down 96.6% in March,success,0.379677,0.379677,0.379677,0.0,0.763664,0.375674,0.368733,0.0,0.021342,0.022231,0.011954,0.029841
simulation_ui_20260918_000717_05_05_ccpp,05,05,CCPP,05 · CCPP,4980763ccff9b986f6829df1e9489341,2,p2,2. Conservative,Cabana Target Drawdown 7 ETF (NASDAQ:TDSB) Short Interest Down 96.6% in March,success,0.364299,0.209411,0.589088,0.012326,0.643003,0.42645,0.364891,0.0,0.020613,0.01776,0.020274,0.023804
simulation_ui_20260918_000717_05_05_ccpp,05,05,CCPP,05 · CCPP,4980763ccff9b986f6829df1e9489341,3,p3,3. Progressive,Cabana Target Drawdown 7 ETF (NASDAQ:TDSB) Short Interest Down 96.6% in March,success,0.232066,0.25345,0.842538,0.012326,0.61473,0.0,0.294775,0.0,0.010448,0.008594,0.0137,0.009051
simulation_ui_20260918_000717_05_05_ccpp,05,05,CCPP,05 · CCPP,4980763ccff9b986f6829df1e9489341,4,p4,4. Progressive,Cabana Target Drawdown 7 ETF (NASDAQ:TDSB) Short Interest Down 96.6% in March,success,0.263439,0.089401,0.931939,0.047531,0.625903,0.0,0.373086,0.0,0.012253,0.01526,0.013243,0.008255
simulation_ui_20260918_000717_05_05_ccpp,05,05,CCPP,05 · CCPP,4ac6395408a9caf70c7d2ffc4ca362c7,1,p1,1. Conservative,Continuing Unemployment Claims Dip to Nearly 2-Year Low,success,0.197092,0.197092,0.197092,0.179347,0.373025,0.0,0.231923,0.0,0.006332,0.000523,0.011124,0.007348
simulation_ui_20260918_000717_05_05_ccpp,05,05,CCPP,05 · CCPP,4ac6395408a9caf70c7d2ffc4ca362c7,2,p2,2. Conservative,Continuing Unemployment Claims Dip to Nearly 2-Year Low,success,0.313605,0.213812,0.410904,0.425037,0.466192,0.0,0.358209,0.0,0.009058,0.020583,0.000729,0.005863
simulation_ui_20260918_000717_05_05_ccpp,05,05,CCPP,05 · CCPP,4ac6395408a9caf70c7d2ffc4ca362c7,3,p3,3. Progressive,Continuing Unemployment Claims Dip to Nearly 2-Year Low,success,0.289609,0.38051,0.791414,0.076608,0.321949,0.353677,0.391878,0.0,0.025077,0.050655,0.000759,0.023816
simulation_ui_20260918_000717_05_05_ccpp,05,05,CCPP,05 · CCPP,4ac6395408a9caf70c7d2ffc4ca362c7,4,p4,4. Progressive,Continuing Unemployment Claims Dip to Nearly 2-Year Low,success,0.296529,0.093803,0.885217,0.179347,0.298479,0.333333,0.363618,0.0,0.020069,0.036806,0.001938,0.021462
simulation_ui_20260918_000717_05_05_ccpp,05,05,CCPP,05 · CCPP,59a0fb71f66cefb61fc91c97affb1dbe,1,p1,1. Conservative,"Bank of Montreal targets 15% return on equity on wealth, US businesses growth",success,0.099909,0.099909,0.099909,0.0,0.333333,0.003711,0.038573,0.0,0.033134,0.061795,0.008655,0.028952
simulation_ui_20260918_000717_05_05_ccpp,05,05,CCPP,05 · CCPP,59a0fb71f66cefb61fc91c97affb1dbe,2,p2,2. Conservative,"Bank of Montreal targets 15% return on equity on wealth, US businesses growth",success,0.117295,0.051226,0.151135,0.02308,0.333333,0.016049,0.080053,0.0,0.023487,0.031681,0.004708,0.034071
simulation_ui_20260918_000717_05_05_ccpp,05,05,CCPP,05 · CCPP,59a0fb71f66cefb61fc91c97affb1dbe,3,p3,3. Progressive,"Bank of Montreal targets 15% return on equity on wealth, US businesses growth",success,0.395176,0.340129,0.491264,0.123188,0.429565,0.666667,0.343894,0.0,0.035681,0.057551,0.007354,0.042138
simulation_ui_20260918_000717_05_05_ccpp,05,05,CCPP,05 · CCPP,59a0fb71f66cefb61fc91c97affb1dbe,4,p4,4. Progressive,"Bank of Montreal targets 15% return on equity on wealth, US businesses growth",success,0.192351,0.287505,0.778769,0.0,0.383833,0.003711,0.360097,0.0,0.033455,0.049593,0.00683,0.043942
simulation_ui_20260918_000717_05_05_ccpp,05,05,CCPP,05 · CCPP,6282ee092c7147c978409e71f0096515,1,p1,1. Conservative,Backdoor bet. How federal regulators are sidestepping Alabama: op-ed,success,0.231501,0.231501,0.231501,0.162835,0.25,0.35401,0.155726,0.0,0.005575,0.004037,0.008812,0.003875
simulation_ui_20260918_000717_05_05_ccpp,05,05,CCPP,05 · CCPP,6282ee092c7147c978409e71f0096515,2,p2,2. Conservative,Backdoor bet. How federal regulators are sidestepping Alabama: op-ed,success,0.103187,0.2543,0.485801,0.04852,0.183751,0.109515,0.056724,0.0,0.019766,0.032724,0.016118,0.010456
simulation_ui_20260918_000717_05_05_ccpp,05,05,CCPP,05 · CCPP,6282ee092c7147c978409e71f0096515,3,p3,3. Progressive,Backdoor bet. How federal regulators are sidestepping Alabama: op-ed,success,0.176411,0.153835,0.639636,0.068001,0.242604,0.326375,0.055312,0.0,0.020183,0.027716,0.024259,0.008574
simulation_ui_20260918_000717_05_05_ccpp,05,05,CCPP,05 · CCPP,6282ee092c7147c978409e71f0096515,4,p4,4. Progressive,Backdoor bet. How federal regulators are sidestepping Alabama: op-ed,success,0.189402,0.103807,0.743443,0.055066,0.333988,0.326375,0.020946,0.0,0.032532,0.058517,0.018422,0.020657
simulation_ui_20260918_000717_05_05_ccpp,05,05,CCPP,05 · CCPP,6296ce617808e446ef3e272b65cb5b46,1,p1,1. Conservative,Apple Adds New Partners to Expand Its U.S. Supply Chain,success,0.047357,0.047357,0.047357,0.0,0.121001,0.0,0.065506,0.0,0.00383,0.004874,0.005687,0.00093
simulation_ui_20260918_000717_05_05_ccpp,05,05,CCPP,05 · CCPP,6296ce617808e446ef3e272b65cb5b46,2,p2,2. Conservative,Apple Adds New Partners to Expand Its U.S. Supply Chain,success,0.116588,0.141387,0.188744,0.0,0.410516,0.0,0.051914,0.0,0.005544,0.008202,0.006653,0.001776
simulation_ui_20260918_000717_05_05_ccpp,05,05,CCPP,05 · CCPP,6296ce617808e446ef3e272b65cb5b46,3,p3,3. Progressive,Apple Adds New Partners to Expand Its U.S. Supply Chain,success,0.163545,0.1439,0.332644,0.0,0.340751,0.0,0.293078,0.0,0.030229,0.033559,0.010431,0.046698
simulation_ui_20260918_000717_05_05_ccpp,05,05,CCPP,05 · CCPP,6296ce617808e446ef3e272b65cb5b46,4,p4,4. Progressive,Apple Adds New Partners to Expand Its U.S. Supply Chain,success,0.162733,0.024707,0.357351,0.0,0.340751,0.0,0.288935,0.0,0.031519,0.032977,0.009284,0.052297
simulation_ui_20260918_000717_05_05_ccpp,05,05,CCPP,05 · CCPP,64aefc05d7d6e883d857202942daa279,1,p1,1. Conservative,Competition Commission clears merger of Udemy with Coursera's arm,success,0.01069,0.01069,0.01069,0.012206,0.0,0.0,0.025204,0.0,0.006753,0.00265,0.008368,0.009242
simulation_ui_20260918_000717_05_05_ccpp,05,05,CCPP,05 · CCPP,64aefc05d7d6e883d857202942daa279,2,p2,2. Conservative,Competition Commission clears merger of Udemy with Coursera's arm,success,0.088079,0.079284,0.089974,0.040273,0.27938,0.0,0.025204,0.0,0.010202,0.013033,0.011986,0.005586
simulation_ui_20260918_000717_05_05_ccpp,05,05,CCPP,05 · CCPP,64aefc05d7d6e883d857202942daa279,3,p3,3. Progressive,Competition Commission clears merger of Udemy with Coursera's arm,success,0.183656,0.112796,0.20277,0.012206,0.362156,0.333333,0.025204,0.0,0.002641,0.002401,0.001249,0.004273
simulation_ui_20260918_000717_05_05_ccpp,05,05,CCPP,05 · CCPP,64aefc05d7d6e883d857202942daa279,4,p4,4. Progressive,Competition Commission clears merger of Udemy with Coursera's arm,success,0.21833,0.105945,0.308715,0.103143,0.406579,0.333333,0.025204,0.0,0.008078,0.003778,0.00538,0.015075
simulation_ui_20260918_000717_05_05_ccpp,05,05,CCPP,05 · CCPP,675d6df42ab1fa2c25fcb6c96a0801ba,1,p1,1. Conservative,"Cohen & Steers Infrastructure Fund, Inc (NYSE:UTF) Plans $0.17 Monthly Dividend",success,0.197377,0.197377,0.197377,0.059258,0.366899,0.0,0.358675,0.0,0.007271,0.00328,0.013525,0.005009
simulation_ui_20260918_000717_05_05_ccpp,05,05,CCPP,05 · CCPP,675d6df42ab1fa2c25fcb6c96a0801ba,2,p2,2. Conservative,"Cohen & Steers Infrastructure Fund, Inc (NYSE:UTF) Plans $0.17 Monthly Dividend",success,0.158544,0.13057,0.327947,0.055018,0.146272,0.0,0.419327,0.0,0.02006,0.018746,0.028956,0.012478
simulation_ui_20260918_000717_05_05_ccpp,05,05,CCPP,05 · CCPP,675d6df42ab1fa2c25fcb6c96a0801ba,3,p3,3. Progressive,"Cohen & Steers Infrastructure Fund, Inc (NYSE:UTF) Plans $0.17 Monthly Dividend",success,0.196334,0.109804,0.437751,0.090488,0.205361,0.106612,0.378701,0.0,0.006485,0.007535,0.00537,0.006549
simulation_ui_20260918_000717_05_05_ccpp,05,05,CCPP,05 · CCPP,675d6df42ab1fa2c25fcb6c96a0801ba,4,p4,4. Progressive,"Cohen & Steers Infrastructure Fund, Inc (NYSE:UTF) Plans $0.17 Monthly Dividend",success,0.104791,0.135781,0.573532,0.073202,0.205361,0.0,0.121995,0.0,0.025844,0.030871,0.037068,0.009594
simulation_ui_20260918_000717_05_05_ccpp,05,05,CCPP,05 · CCPP,73939fe081f6d0ef3ed498b2dd7f4039,1,p1,1. Conservative,Coastal Electric plans rate increase,success,0.255858,0.255858,0.255858,0.0,0.156379,0.5,0.365821,0.0,0.002066,0.005627,5.5e-05,0.000516
simulation_ui_20260918_000717_05_05_ccpp,05,05,CCPP,05 · CCPP,73939fe081f6d0ef3ed498b2dd7f4039,2,p2,2. Conservative,Coastal Electric plans rate increase,success,0.183072,0.097523,0.353381,0.0,0.156379,0.5,0.064902,0.0,0.016787,0.017519,0.013014,0.019829
simulation_ui_20260918_000717_05_05_ccpp,05,05,CCPP,05 · CCPP,73939fe081f6d0ef3ed498b2dd7f4039,3,p3,3. Progressive,Coastal Electric plans rate increase,success,0.32098,0.145092,0.498473,0.0,0.376874,0.5,0.393421,0.0,0.02496,0.017068,0.047034,0.010779
simulation_ui_20260918_000717_05_05_ccpp,05,05,CCPP,05 · CCPP,73939fe081f6d0ef3ed498b2dd7f4039,4,p4,4. Progressive,Coastal Electric plans rate increase,success,0.313529,0.133332,0.631805,0.0,0.367284,0.5,0.376601,0.0,0.018561,0.007943,0.038561,0.00918
simulation_ui_20260918_000717_05_05_ccpp,05,05,CCPP,05 · CCPP,764d938e82fccdeec46aa43984936af9,1,p1,1. Conservative,Centre Highlights Border Infrastructure Push Through BADP and Vibrant Villages Programmes,success,0.460289,0.460289,0.460289,0.28861,0.343983,0.597639,0.605763,0.0,0.011928,0.010865,0.021479,0.00344
simulation_ui_20260918_000717_05_05_ccpp,05,05,CCPP,05 · CCPP,764d938e82fccdeec46aa43984936af9,2,p2,2. Conservative,Centre Highlights Border Infrastructure Push Through BADP and Vibrant Villages Programmes,success,0.458846,0.298929,0.759218,0.28861,0.549958,0.445577,0.542309,0.0,0.020542,0.01695,0.040329,0.004347
simulation_ui_20260918_000717_05_05_ccpp,05,05,CCPP,05 · CCPP,764d938e82fccdeec46aa43984936af9,3,p3,3. Progressive,Centre Highlights Border Infrastructure Push Through BADP and Vibrant Villages Programmes,success,0.463349,0.322946,1.082164,0.290594,0.295721,0.619162,0.633045,0.0,0.034405,0.033734,0.048568,0.020914
simulation_ui_20260918_000717_05_05_ccpp,05,05,CCPP,05 · CCPP,764d938e82fccdeec46aa43984936af9,4,p4,4. Progressive,Centre Highlights Border Infrastructure Push Through BADP and Vibrant Villages Programmes,success,0.471101,0.024766,1.10693,0.290594,0.276582,0.619162,0.682506,0.0,0.036509,0.035033,0.051597,0.022898
simulation_ui_20260918_000717_05_05_ccpp,05,05,CCPP,05 · CCPP,80a390c3c68815dadd42b1ea065fd1af,1,p1,1. Conservative,Contract OK’d to extend sidewalk repairs,success,0.342601,0.342601,0.342601,0.257813,0.575582,0.0,0.532449,0.0,0.008654,0.004769,0.009401,0.011791
simulation_ui_20260918_000717_05_05_ccpp,05,05,CCPP,05 · CCPP,80a390c3c68815dadd42b1ea065fd1af,2,p2,2. Conservative,Contract OK’d to extend sidewalk repairs,success,0.135901,0.260461,0.603062,0.143556,0.091171,0.0,0.306248,0.0,0.0038,0.003064,0.001171,0.007165
simulation_ui_20260918_000717_05_05_ccpp,05,05,CCPP,05 · CCPP,80a390c3c68815dadd42b1ea065fd1af,3,p3,3. Progressive,Contract OK’d to extend sidewalk repairs,success,0.408749,0.311152,0.914214,0.125174,0.727126,0.333333,0.44431,0.0,0.010661,0.007183,0.006073,0.018726
simulation_ui_20260918_000717_05_05_ccpp,05,05,CCPP,05 · CCPP,80a390c3c68815dadd42b1ea065fd1af,4,p4,4. Progressive,Contract OK’d to extend sidewalk repairs,success,0.299299,0.281703,1.195917,0.236786,0.535173,0.0,0.413028,0.0,0.021688,0.010159,0.024948,0.029956
simulation_ui_20260918_000717_05_05_ccpp,05,05,CCPP,05 · CCPP,80e1561246e5483a76211bd892a06bcb,1,p1,1. Conservative,Aldi inches closer to being hit with unprecedented $15 policy at all locations in the state,success,0.146412,0.146412,0.146412,0.0,0.373211,0.110352,0.097882,0.0,0.006145,0.007064,0.005256,0.006114
simulation_ui_20260918_000717_05_05_ccpp,05,05,CCPP,05 · CCPP,80e1561246e5483a76211bd892a06bcb,2,p2,2. Conservative,Aldi inches closer to being hit with unprecedented $15 policy at all locations in the state,success,0.250007,0.233432,0.379844,0.070482,0.326801,0.144239,0.451992,0.0,0.010833,0.008623,0.007755,0.01612
simulation_ui_20260918_000717_05_05_ccpp,05,05,CCPP,05 · CCPP,80e1561246e5483a76211bd892a06bcb,3,p3,3. Progressive,Aldi inches closer to being hit with unprecedented $15 policy at all locations in the state,success,0.339985,0.275481,0.655325,0.211031,0.486352,0.278386,0.370345,0.0,0.026049,0.0322,0.01553,0.030417
simulation_ui_20260918_000717_05_05_ccpp,05,05,CCPP,05 · CCPP,80e1561246e5483a76211bd892a06bcb,4,p4,4. Progressive,Aldi inches closer to being hit with unprecedented $15 policy at all locations in the state,success,0.316354,0.211409,0.866734,0.145248,0.520109,0.278386,0.315169,0.0,0.011867,0.007732,0.017883,0.009986
simulation_ui_20260918_000717_05_05_ccpp,05,05,CCPP,05 · CCPP,954401161f2ebcd5c5ec0961fa417e31,1,p1,1. Conservative,Biodiversity strategy is a must for mining companies,success,0.203974,0.203974,0.203974,0.0,0.257946,0.333333,0.199799,0.0,0.038668,0.033931,0.056645,0.025428
simulation_ui_20260918_000717_05_05_ccpp,05,05,CCPP,05 · CCPP,954401161f2ebcd5c5ec0961fa417e31,2,p2,2. Conservative,Biodiversity strategy is a must for mining companies,success,0.275192,0.10765,0.311624,0.0,0.257946,0.333333,0.484555,0.0,0.042637,0.035706,0.057872,0.034332
simulation_ui_20260918_000717_05_05_ccpp,05,05,CCPP,05 · CCPP,954401161f2ebcd5c5ec0961fa417e31,3,p3,3. Progressive,Biodiversity strategy is a must for mining companies,success,0.438511,0.281051,0.592675,0.0,0.696762,0.546373,0.498161,0.0,0.028216,0.001763,0.039415,0.04347
simulation_ui_20260918_000717_05_05_ccpp,05,05,CCPP,05 · CCPP,954401161f2ebcd5c5ec0961fa417e31,4,p4,4. Progressive,Biodiversity strategy is a must for mining companies,success,0.464532,0.158014,0.750689,0.19681,0.568441,0.546373,0.532174,0.0,0.033229,0.011908,0.031511,0.056269
simulation_ui_20260918_000717_05_05_ccpp,05,05,CCPP,05 · CCPP,96039628b3a89f4a9134fd1dc3b666d7,1,p1,1. Conservative,Air travel to become expensive from April 1? Civil Aviation Minister clarifies amid Middle East crisis,success,0.337229,0.337229,0.337229,0.471048,0.57078,0.02249,0.276797,0.0,0.014667,0.002603,0.035312,0.006085
simulation_ui_20260918_000717_05_05_ccpp,05,05,CCPP,05 · CCPP,96039628b3a89f4a9134fd1dc3b666d7,2,p2,2. Conservative,Air travel to become expensive from April 1? Civil Aviation Minister clarifies amid Middle East crisis,success,0.358841,0.226058,0.563287,0.336301,0.614066,0.089759,0.372562,0.0,0.04382,0.049002,0.065737,0.016721
simulation_ui_20260918_000717_05_05_ccpp,05,05,CCPP,05 · CCPP,96039628b3a89f4a9134fd1dc3b666d7,3,p3,3. Progressive,Air travel to become expensive from April 1? Civil Aviation Minister clarifies amid Middle East crisis,success,0.336223,0.238547,0.801834,0.296866,0.523745,0.089759,0.405764,0.0,0.053578,0.063505,0.066957,0.030272
simulation_ui_20260918_000717_05_05_ccpp,05,05,CCPP,05 · CCPP,96039628b3a89f4a9134fd1dc3b666d7,4,p4,4. Progressive,Air travel to become expensive from April 1? Civil Aviation Minister clarifies amid Middle East crisis,success,0.337012,0.251874,1.053708,0.313857,0.598804,0.02249,0.37744,0.0,0.06597,0.09225,0.063129,0.042531
simulation_ui_20260918_000717_05_05_ccpp,05,05,CCPP,05 · CCPP,9dee564f6a8f10132f19e6a4b2b8e1a7,1,p1,1. Conservative,"Better and Coinbase Launch the First Token-Backed, Conforming Mortgage",success,0.085873,0.085873,0.085873,0.113366,0.102153,0.0,0.106841,0.0,0.028729,0.032189,0.024502,0.029496
simulation_ui_20260918_000717_05_05_ccpp,05,05,CCPP,05 · CCPP,9dee564f6a8f10132f19e6a4b2b8e1a7,2,p2,2. Conservative,"Better and Coinbase Launch the First Token-Backed, Conforming Mortgage",success,0.200237,0.203764,0.289637,0.149413,0.249934,0.104986,0.28907,0.0,0.011767,0.00644,0.018364,0.010496
simulation_ui_20260918_000717_05_05_ccpp,05,05,CCPP,05 · CCPP,9dee564f6a8f10132f19e6a4b2b8e1a7,3,p3,3. Progressive,"Better and Coinbase Launch the First Token-Backed, Conforming Mortgage",success,0.194355,0.263847,0.553484,0.0,0.405597,0.0,0.35241,0.0,0.029942,0.030131,0.036771,0.022923
simulation_ui_20260918_000717_05_05_ccpp,05,05,CCPP,05 · CCPP,9dee564f6a8f10132f19e6a4b2b8e1a7,4,p4,4. Progressive,"Better and Coinbase Launch the First Token-Backed, Conforming Mortgage",success,0.147387,0.258215,0.811699,0.0,0.293088,0.104986,0.170929,0.0,0.029942,0.030131,0.036771,0.022923
simulation_ui_20260918_000717_05_05_ccpp,05,05,CCPP,05 · CCPP,a83c7d9bd4c9948f8104f95aa8914a60,1,p1,1. Conservative,Another cinema in Singapore is closing... but the big,success,0.13586,0.13586,0.13586,0.005807,0.230317,0.142857,0.149279,0.0,0.021863,0.045403,0.003146,0.017041
simulation_ui_20260918_000717_05_05_ccpp,05,05,CCPP,05 · CCPP,a83c7d9bd4c9948f8104f95aa8914a60,2,p2,2. Conservative,Another cinema in Singapore is closing... but the big,success,0.150216,0.086413,0.222273,0.008889,0.266084,0.142857,0.166721,0.0,0.023881,0.028057,0.015126,0.02846
simulation_ui_20260918_000717_05_05_ccpp,05,05,CCPP,05 · CCPP,a83c7d9bd4c9948f8104f95aa8914a60,3,p3,3. Progressive,Another cinema in Singapore is closing... but the big,success,0.186888,0.122824,0.345097,0.0,0.424554,0.142857,0.166287,0.0,0.021205,0.026038,0.011584,0.025993
simulation_ui_20260918_000717_05_05_ccpp,05,05,CCPP,05 · CCPP,a83c7d9bd4c9948f8104f95aa8914a60,4,p4,4. Progressive,Another cinema in Singapore is closing... but the big,success,0.279663,0.229622,0.574719,0.044514,0.533861,0.25,0.284193,0.0,0.010532,0.014012,0.003338,0.014245
simulation_ui_20260918_000717_05_05_ccpp,05,05,CCPP,05 · CCPP,b8147bef700007b0dbccc9eaf88c04ac,1,p1,1. Conservative,CLEO Expands Its Reach as Crypto Prop Traders Rally Around the Prop Firm Trading Platform Built for Them,success,0.185473,0.185473,0.185473,0.05516,0.385362,0.25,0.040508,0.0,0.016611,0.015972,0.017257,0.016604
simulation_ui_20260918_000717_05_05_ccpp,05,05,CCPP,05 · CCPP,b8147bef700007b0dbccc9eaf88c04ac,2,p2,2. Conservative,CLEO Expands Its Reach as Crypto Prop Traders Rally Around the Prop Firm Trading Platform Built for Them,success,0.170527,0.117444,0.302917,0.05516,0.289079,0.25,0.07678,0.0,0.016654,0.01946,0.014228,0.016273
simulation_ui_20260918_000717_05_05_ccpp,05,05,CCPP,05 · CCPP,b8147bef700007b0dbccc9eaf88c04ac,3,p3,3. Progressive,CLEO Expands Its Reach as Crypto Prop Traders Rally Around the Prop Firm Trading Platform Built for Them,success,0.188164,0.078905,0.381822,0.05516,0.388961,0.25,0.048004,0.0,0.016161,0.020064,0.011829,0.016591
simulation_ui_20260918_000717_05_05_ccpp,05,05,CCPP,05 · CCPP,b8147bef700007b0dbccc9eaf88c04ac,4,p4,4. Progressive,CLEO Expands Its Reach as Crypto Prop Traders Rally Around the Prop Firm Trading Platform Built for Them,success,0.185219,0.037887,0.419709,0.05516,0.378483,0.25,0.049147,0.0,0.012373,0.016975,0.005985,0.014159
simulation_ui_20260918_000717_05_05_ccpp,05,05,CCPP,05 · CCPP,c24889258ff4d93fcb33d3ad9328f7e5,1,p1,1. Conservative,Clearlake buys Qualus from New Mountain amid soaring power demand; KKR’s exit provides CoolIT employees with handsome payout,success,0.145915,0.145915,0.145915,0.03049,0.237155,0.0,0.29868,0.0,0.02524,0.034905,0.001175,0.03964
simulation_ui_20260918_000717_05_05_ccpp,05,05,CCPP,05 · CCPP,c24889258ff4d93fcb33d3ad9328f7e5,2,p2,2. Conservative,Clearlake buys Qualus from New Mountain amid soaring power demand; KKR’s exit provides CoolIT employees with handsome payout,success,0.38082,0.301142,0.447057,0.585835,0.512806,0.0,0.40966,0.0,0.030057,0.030974,0.022873,0.036323
simulation_ui_20260918_000717_05_05_ccpp,05,05,CCPP,05 · CCPP,c24889258ff4d93fcb33d3ad9328f7e5,3,p3,3. Progressive,Clearlake buys Qualus from New Mountain amid soaring power demand; KKR’s exit provides CoolIT employees with handsome payout,success,0.339508,0.117995,0.565052,0.46236,0.558664,0.0,0.314622,0.0,0.042008,0.049412,0.032377,0.044234
simulation_ui_20260918_000717_05_05_ccpp,05,05,CCPP,05 · CCPP,c24889258ff4d93fcb33d3ad9328f7e5,4,p4,4. Progressive,Clearlake buys Qualus from New Mountain amid soaring power demand; KKR’s exit provides CoolIT employees with handsome payout,success,0.340334,0.131324,0.696376,0.570234,0.459185,0.0,0.313175,0.0,0.035265,0.044527,0.026761,0.034508
simulation_ui_20260918_000717_05_05_ccpp,05,05,CCPP,05 · CCPP,c431d4ae9339f97a7ca5409d975805a3,1,p1,1. Conservative,Anavex Life Sciences Stock Is Deeply Oversold. Should You Buy the Dip?,success,0.220444,0.220444,0.220444,0.310009,0.453133,0.00517,0.109864,0.0,0.005763,0.005643,0.001188,0.010457
simulation_ui_20260918_000717_05_05_ccpp,05,05,CCPP,05 · CCPP,c431d4ae9339f97a7ca5409d975805a3,2,p2,2. Conservative,Anavex Life Sciences Stock Is Deeply Oversold. Should You Buy the Dip?,success,0.242536,0.279387,0.499831,0.094095,0.465965,0.208452,0.190304,0.0,0.018623,0.01833,0.012149,0.025391
simulation_ui_20260918_000717_05_05_ccpp,05,05,CCPP,05 · CCPP,c431d4ae9339f97a7ca5409d975805a3,3,p3,3. Progressive,Anavex Life Sciences Stock Is Deeply Oversold. Should You Buy the Dip?,success,0.466194,0.454903,0.954734,0.277898,0.60832,0.531154,0.430421,0.0,0.039456,0.067539,0.019541,0.031288
simulation_ui_20260918_000717_05_05_ccpp,05,05,CCPP,05 · CCPP,c431d4ae9339f97a7ca5409d975805a3,4,p4,4. Progressive,Anavex Life Sciences Stock Is Deeply Oversold. Should You Buy the Dip?,success,0.37053,0.382759,1.337493,0.131943,0.460163,0.449341,0.418566,0.0,0.043515,0.072473,0.02837,0.029701
simulation_ui_20260918_000717_05_05_ccpp,05,05,CCPP,05 · CCPP,ce21e05271d5e7a4e182ceb46e706964,1,p1,1. Conservative,"Arizona opinion: European mandate means costlier food, groceries",success,0.089394,0.089394,0.089394,0.016133,0.046119,0.0,0.282154,0.0,0.018016,0.012517,0.021807,0.019725
simulation_ui_20260918_000717_05_05_ccpp,05,05,CCPP,05 · CCPP,ce21e05271d5e7a4e182ceb46e706964,2,p2,2. Conservative,"Arizona opinion: European mandate means costlier food, groceries",success,0.205798,0.175234,0.264628,0.0,0.285083,0.25,0.276802,0.0,0.017735,0.004569,0.018771,0.029864
simulation_ui_20260918_000717_05_05_ccpp,05,05,CCPP,05 · CCPP,ce21e05271d5e7a4e182ceb46e706964,3,p3,3. Progressive,"Arizona opinion: European mandate means costlier food, groceries",success,0.254272,0.214914,0.479542,0.285172,0.046119,0.25,0.426458,0.0,0.015607,0.011787,0.010883,0.024151
simulation_ui_20260918_000717_05_05_ccpp,05,05,CCPP,05 · CCPP,ce21e05271d5e7a4e182ceb46e706964,4,p4,4. Progressive,"Arizona opinion: European mandate means costlier food, groceries",success,0.255694,0.248257,0.727799,0.18393,0.102447,0.419358,0.306392,0.0,0.017823,0.006057,0.013315,0.034097
simulation_ui_20260918_000717_05_05_ccpp,05,05,CCPP,05 · CCPP,d66c6c1dfd9c66c9f17f51b8a1ecc92d,1,p1,1. Conservative,"Cadre Holdings to Acquire Assets of Tedder Industries, Including Alien Gear Holsters",success,0.033826,0.033826,0.033826,0.0,0.051664,0.0,0.074852,0.0,0.011346,0.005007,0.01942,0.009612
simulation_ui_20260918_000717_05_05_ccpp,05,05,CCPP,05 · CCPP,d66c6c1dfd9c66c9f17f51b8a1ecc92d,2,p2,2. Conservative,"Cadre Holdings to Acquire Assets of Tedder Industries, Including Alien Gear Holsters",success,0.052175,0.083415,0.117241,0.004505,0.012342,0.0,0.181929,0.0,0.013056,0.002112,0.027273,0.009783
simulation_ui_20260918_000717_05_05_ccpp,05,05,CCPP,05 · CCPP,d66c6c1dfd9c66c9f17f51b8a1ecc92d,3,p3,3. Progressive,"Cadre Holdings to Acquire Assets of Tedder Industries, Including Alien Gear Holsters",success,0.14313,0.144716,0.261957,0.013594,0.272052,0.0,0.276582,0.0,0.014967,0.008427,0.021896,0.014579
simulation_ui_20260918_000717_05_05_ccpp,05,05,CCPP,05 · CCPP,d66c6c1dfd9c66c9f17f51b8a1ecc92d,4,p4,4. Progressive,"Cadre Holdings to Acquire Assets of Tedder Industries, Including Alien Gear Holsters",success,0.180709,0.140871,0.402828,0.007683,0.378885,0.0,0.325241,0.0,0.016766,0.012221,0.022065,0.016013
simulation_ui_20260918_000717_05_05_ccpp,05,05,CCPP,05 · CCPP,de1ef9dc3d1297e42a2fb05392a32d49,1,p1,1. Conservative,Constellation Software Inc. (CSU) to Issue Quarterly Dividend of $1.00 on April 15th,success,0.192826,0.192826,0.192826,0.091351,0.420155,0.081983,0.174513,0.0,0.005111,0.000233,0.015069,3.2e-05
simulation_ui_20260918_000717_05_05_ccpp,05,05,CCPP,05 · CCPP,de1ef9dc3d1297e42a2fb05392a32d49,2,p2,2. Conservative,Constellation Software Inc. (CSU) to Issue Quarterly Dividend of $1.00 on April 15th,success,0.236749,0.268142,0.460968,0.087876,0.277636,0.199553,0.375324,0.0,0.010799,0.009553,0.020137,0.002706
simulation_ui_20260918_000717_05_05_ccpp,05,05,CCPP,05 · CCPP,de1ef9dc3d1297e42a2fb05392a32d49,3,p3,3. Progressive,Constellation Software Inc. (CSU) to Issue Quarterly Dividend of $1.00 on April 15th,success,0.215168,0.074045,0.535013,0.095813,0.286503,0.137612,0.335001,0.0,0.009128,0.005818,0.016583,0.004982
simulation_ui_20260918_000717_05_05_ccpp,05,05,CCPP,05 · CCPP,de1ef9dc3d1297e42a2fb05392a32d49,4,p4,4. Progressive,Constellation Software Inc. (CSU) to Issue Quarterly Dividend of $1.00 on April 15th,success,0.26771,0.246576,0.781589,0.095813,0.459665,0.311487,0.1976,0.0,0.01069,0.004064,0.023848,0.004159
simulation_ui_20260918_000717_05_05_ccpp,05,05,CCPP,05 · CCPP,e0d8c78139dd28d077ec2c768043d7ca,1,p1,1. Conservative,Change in LHV Group Audit Committee,success,0.229894,0.229894,0.229894,0.006305,0.732146,0.034887,0.142169,0.0,0.006593,0.002764,0.011338,0.005677
simulation_ui_20260918_000717_05_05_ccpp,05,05,CCPP,05 · CCPP,e0d8c78139dd28d077ec2c768043d7ca,2,p2,2. Conservative,Change in LHV Group Audit Committee,success,0.14797,0.10732,0.337214,0.011047,0.485501,0.034887,0.054792,0.0,0.00828,0.012711,0.009981,0.002147
simulation_ui_20260918_000717_05_05_ccpp,05,05,CCPP,05 · CCPP,e0d8c78139dd28d077ec2c768043d7ca,3,p3,3. Progressive,Change in LHV Group Audit Committee,success,0.109558,0.158044,0.495258,0.006305,0.265572,0.034887,0.121177,0.0,0.014405,0.01694,0.016543,0.009731
simulation_ui_20260918_000717_05_05_ccpp,05,05,CCPP,05 · CCPP,e0d8c78139dd28d077ec2c768043d7ca,4,p4,4. Progressive,Change in LHV Group Audit Committee,success,0.164792,0.104496,0.599754,0.006305,0.499179,0.034887,0.117338,0.0,0.00218,0.00508,0.000827,0.000634
simulation_ui_20260918_000717_05_05_ccpp,05,05,CCPP,05 · CCPP,e42774600d5c0fd2405b181105990603,1,p1,1. Conservative,Canada is losing more air traffic controllers than it’s hiring: aviation expert,success,0.321634,0.321634,0.321634,1.0,0.12248,0.0,0.155224,0.0,0.016224,0.02661,0.007165,0.014898
simulation_ui_20260918_000717_05_05_ccpp,05,05,CCPP,05 · CCPP,e42774600d5c0fd2405b181105990603,2,p2,2. Conservative,Canada is losing more air traffic controllers than it’s hiring: aviation expert,success,0.235394,0.453491,0.775125,0.0,0.12248,0.25,0.556629,0.0,0.020297,0.042348,0.004656,0.013887
simulation_ui_20260918_000717_05_05_ccpp,05,05,CCPP,05 · CCPP,e42774600d5c0fd2405b181105990603,3,p3,3. Progressive,Canada is losing more air traffic controllers than it’s hiring: aviation expert,success,0.191807,0.318343,1.093468,0.002404,0.360345,0.0,0.390445,0.0,0.02161,0.036099,0.012955,0.015776
simulation_ui_20260918_000717_05_05_ccpp,05,05,CCPP,05 · CCPP,e42774600d5c0fd2405b181105990603,4,p4,4. Progressive,Canada is losing more air traffic controllers than it’s hiring: aviation expert,success,0.362102,0.251136,1.344604,0.133438,0.342808,0.4,0.561087,0.0,0.02161,0.036099,0.012955,0.015776
simulation_ui_20260918_000717_05_05_ccpp,05,05,CCPP,05 · CCPP,e68862b7bac57065b34e1018a51ce3f2,1,p1,1. Conservative,"Cruisebound Launches ""Search by Map,"" Redefining How Travelers Discover Cruises",success,0.151788,0.151788,0.151788,0.068159,0.324297,0.0,0.183133,0.0,0.046088,0.029518,0.093751,0.014994
simulation_ui_20260918_000717_05_05_ccpp,05,05,CCPP,05 · CCPP,e68862b7bac57065b34e1018a51ce3f2,2,p2,2. Conservative,"Cruisebound Launches ""Search by Map,"" Redefining How Travelers Discover Cruises",success,0.170386,0.191863,0.343651,0.068159,0.083947,0.333333,0.172289,0.0,0.035626,0.030987,0.075811,8e-05
simulation_ui_20260918_000717_05_05_ccpp,05,05,CCPP,05 · CCPP,e68862b7bac57065b34e1018a51ce3f2,3,p3,3. Progressive,"Cruisebound Launches ""Search by Map,"" Redefining How Travelers Discover Cruises",success,0.11377,0.112861,0.456512,0.068159,0.192613,0.0,0.172289,0.0,0.030868,0.021444,0.058386,0.012775
simulation_ui_20260918_000717_05_05_ccpp,05,05,CCPP,05 · CCPP,e68862b7bac57065b34e1018a51ce3f2,4,p4,4. Progressive,"Cruisebound Launches ""Search by Map,"" Redefining How Travelers Discover Cruises",success,0.055614,0.082402,0.538914,0.013263,0.0,0.0,0.185546,0.0,0.031107,0.019481,0.059555,0.014284
simulation_ui_20260918_000717_05_05_ccpp,05,05,CCPP,05 · CCPP,ea67fb6d8317500951f4bf21966a33ea,1,p1,1. Conservative,China's 'Africa Diaper King' Delivers Strong Annual Profit Post-IPO,success,0.258405,0.258405,0.258405,0.134572,0.48868,0.068951,0.336959,0.0,0.007506,0.007792,0.004444,0.010283
simulation_ui_20260918_000717_05_05_ccpp,05,05,CCPP,05 · CCPP,ea67fb6d8317500951f4bf21966a33ea,2,p2,2. Conservative,China's 'Africa Diaper King' Delivers Strong Annual Profit Post-IPO,success,0.141237,0.256647,0.515052,0.1027,0.179088,0.155863,0.118403,0.0,0.012912,0.013683,0.011167,0.013886
simulation_ui_20260918_000717_05_05_ccpp,05,05,CCPP,05 · CCPP,ea67fb6d8317500951f4bf21966a33ea,3,p3,3. Progressive,China's 'Africa Diaper King' Delivers Strong Annual Profit Post-IPO,success,0.217988,0.145656,0.660708,0.134572,0.327685,0.155863,0.246234,0.0,0.012114,0.019371,0.004407,0.012565
simulation_ui_20260918_000717_05_05_ccpp,05,05,CCPP,05 · CCPP,ea67fb6d8317500951f4bf21966a33ea,4,p4,4. Progressive,China's 'Africa Diaper King' Delivers Strong Annual Profit Post-IPO,success,0.285716,0.222587,0.883295,0.134572,0.480173,0.25,0.272511,0.0,0.009798,0.014115,0.003391,0.011889
simulation_ui_20260918_000717_05_05_ccpp,05,05,CCPP,05 · CCPP,edd97daf51d7e0bb7d9da3f3e2c9bfa8,1,p1,1. Conservative,Amazon and Walmart fined for selling banned refrigerant in Washington state,success,0.199023,0.199023,0.199023,0.034254,0.113488,0.25,0.394014,0.0,0.00676,0.002251,0.003941,0.014087
simulation_ui_20260918_000717_05_05_ccpp,05,05,CCPP,05 · CCPP,edd97daf51d7e0bb7d9da3f3e2c9bfa8,2,p2,2. Conservative,Amazon and Walmart fined for selling banned refrigerant in Washington state,success,0.084157,0.250707,0.44973,0.034254,0.23784,0.0,0.058895,0.0,0.007687,0.000999,0.005397,0.016666
simulation_ui_20260918_000717_05_05_ccpp,05,05,CCPP,05 · CCPP,edd97daf51d7e0bb7d9da3f3e2c9bfa8,3,p3,3. Progressive,Amazon and Walmart fined for selling banned refrigerant in Washington state,success,0.2428,0.267819,0.717549,0.034254,0.519471,0.0,0.400791,0.0,0.027392,0.035727,0.003569,0.04288
simulation_ui_20260918_000717_05_05_ccpp,05,05,CCPP,05 · CCPP,edd97daf51d7e0bb7d9da3f3e2c9bfa8,4,p4,4. Progressive,Amazon and Walmart fined for selling banned refrigerant in Washington state,success,0.141547,0.180452,0.898001,0.034254,0.446647,0.0,0.06856,0.0,0.024241,0.030556,0.006676,0.03549
simulation_ui_20260918_000717_05_05_ccpp,05,05,CCPP,05 · CCPP,efc05dd0bbe1b970e1f97452c3e0b5a4,1,p1,1. Conservative,Blackstone (BX) Slipped Amid Private Credit Concerns Despite Strong Long-Term Outlook,success,0.06226,0.06226,0.06226,0.0,0.102956,0.0,0.142687,0.0,0.004524,0.005125,0.003537,0.00491
simulation_ui_20260918_000717_05_05_ccpp,05,05,CCPP,05 · CCPP,efc05dd0bbe1b970e1f97452c3e0b5a4,2,p2,2. Conservative,Blackstone (BX) Slipped Amid Private Credit Concerns Despite Strong Long-Term Outlook,success,0.077952,0.090547,0.152807,0.0,0.124858,0.0,0.170714,0.0,0.021914,0.052059,0.003073,0.010611
simulation_ui_20260918_000717_05_05_ccpp,05,05,CCPP,05 · CCPP,efc05dd0bbe1b970e1f97452c3e0b5a4,3,p3,3. Progressive,Blackstone (BX) Slipped Amid Private Credit Concerns Despite Strong Long-Term Outlook,success,0.224445,0.203905,0.356712,0.085119,0.230034,0.271356,0.296171,0.0,0.024219,0.055196,0.009794,0.007668
simulation_ui_20260918_000717_05_05_ccpp,05,05,CCPP,05 · CCPP,efc05dd0bbe1b970e1f97452c3e0b5a4,4,p4,4. Progressive,Blackstone (BX) Slipped Amid Private Credit Concerns Despite Strong Long-Term Outlook,success,0.152237,0.155482,0.512194,0.085119,0.360998,0.0,0.144789,0.0,0.026459,0.061882,0.005672,0.011824
simulation_ui_20260918_000717_05_05_ccpp,05,05,CCPP,05 · CCPP,f46dd28ab257311f8706feca1dc99708,1,p1,1. Conservative,Bevvy: Downtown’s New ‘Dirty’ Soda,success,0.063374,0.063374,0.063374,0.0,0.250283,0.0,0.0,0.0,0.004284,0.004859,0.006638,0.001354
simulation_ui_20260918_000717_05_05_ccpp,05,05,CCPP,05 · CCPP,f46dd28ab257311f8706feca1dc99708,2,p2,2. Conservative,Bevvy: Downtown’s New ‘Dirty’ Soda,success,0.06341,0.000232,0.063606,0.0,0.250283,0.0,0.0,0.0,0.004475,0.004341,0.005705,0.003379
simulation_ui_20260918_000717_05_05_ccpp,05,05,CCPP,05 · CCPP,f46dd28ab257311f8706feca1dc99708,3,p3,3. Progressive,Bevvy: Downtown’s New ‘Dirty’ Soda,success,0.085337,0.022146,0.085752,0.048954,0.274716,0.0,0.00254,0.0,0.0206,0.018879,0.030998,0.011922
simulation_ui_20260918_000717_05_05_ccpp,05,05,CCPP,05 · CCPP,f46dd28ab257311f8706feca1dc99708,4,p4,4. Progressive,Bevvy: Downtown’s New ‘Dirty’ Soda,success,0.131428,0.068589,0.154341,0.024085,0.274716,0.2,0.010463,0.0,0.023559,0.018574,0.039323,0.012781
simulation_ui_20260918_000717_05_05_ccpp,05,05,CCPP,05 · CCPP,f7a4ad54b51a7d28de6970e46285b0f2,1,p1,1. Conservative,5G Services Market Surges to $497.24 billion by 2028 | CAGR 19.3%,success,0.212606,0.212606,0.212606,0.061541,0.594024,0.0,0.188397,0.0,0.010235,0.000183,0.023397,0.007124
simulation_ui_20260918_000717_05_05_ccpp,05,05,CCPP,05 · CCPP,f7a4ad54b51a7d28de6970e46285b0f2,2,p2,2. Conservative,5G Services Market Surges to $497.24 billion by 2028 | CAGR 19.3%,success,0.140711,0.206887,0.419493,0.03639,0.20367,0.0,0.308684,0.0,0.020427,0.005086,0.029907,0.026287
simulation_ui_20260918_000717_05_05_ccpp,05,05,CCPP,05 · CCPP,f7a4ad54b51a7d28de6970e46285b0f2,3,p3,3. Progressive,5G Services Market Surges to $497.24 billion by 2028 | CAGR 19.3%,success,0.434137,0.354501,0.773994,1.0,0.20367,0.0,0.522736,0.0,0.022306,0.010469,0.034507,0.021941
simulation_ui_20260918_000717_05_05_ccpp,05,05,CCPP,05 · CCPP,f7a4ad54b51a7d28de6970e46285b0f2,4,p4,4. Progressive,5G Services Market Surges to $497.24 billion by 2028 | CAGR 19.3%,success,0.505465,0.235161,1.009155,1.0,0.561264,0.0,0.452537,0.0,0.020287,0.000959,0.036547,0.023355
simulation_ui_20260918_000717_05_05_ccpp,05,05,CCPP,05 · CCPP,ff437d173cf94bd173d62a3ee1c4dc9e,1,p1,1. Conservative,Deputy minister: Belarus is among global leaders in dairy and meat exports,success,0.379452,0.379452,0.379452,0.15226,0.534301,0.339312,0.488218,0.0,0.00748,0.001238,0.012689,0.008512
simulation_ui_20260918_000717_05_05_ccpp,05,05,CCPP,05 · CCPP,ff437d173cf94bd173d62a3ee1c4dc9e,2,p2,2. Conservative,Deputy minister: Belarus is among global leaders in dairy and meat exports,success,0.36401,0.246445,0.625897,0.236774,0.514375,0.25,0.450595,0.0,0.008429,0.006397,0.016984,0.001907
simulation_ui_20260918_000717_05_05_ccpp,05,05,CCPP,05 · CCPP,ff437d173cf94bd173d62a3ee1c4dc9e,3,p3,3. Progressive,Deputy minister: Belarus is among global leaders in dairy and meat exports,success,0.390922,0.143133,0.76903,0.37357,0.493748,0.25,0.431251,0.0,0.030837,0.027558,0.046806,0.018147
simulation_ui_20260918_000717_05_05_ccpp,05,05,CCPP,05 · CCPP,ff437d173cf94bd173d62a3ee1c4dc9e,4,p4,4. Progressive,Deputy minister: Belarus is among global leaders in dairy and meat exports,success,0.368776,0.097618,0.866648,0.258296,0.476452,0.25,0.478562,0.0,0.023246,0.018554,0.029484,0.021701
simulation_ui_20260918_000717_06_06_ppcc,06,06,PPCC,06 · PPCC,03d15c304dd6358c32fe4fdcb841b43a,1,p1,1. Progressive,"APO INVESTOR DEADLINE APPROACHING: Faruqi & Faruqi, LLP Reminds Apollo Global Management (APO) Investors of Securities Class Action Deadline on May 1, 2026",success,0.225668,0.225668,0.225668,0.0,0.280697,0.2,0.418303,0.0,0.005922,0.009289,0.007717,0.000761
simulation_ui_20260918_000717_06_06_ppcc,06,06,PPCC,06 · PPCC,03d15c304dd6358c32fe4fdcb841b43a,2,p2,2. Progressive,"APO INVESTOR DEADLINE APPROACHING: Faruqi & Faruqi, LLP Reminds Apollo Global Management (APO) Investors of Securities Class Action Deadline on May 1, 2026",success,0.135275,0.179511,0.405179,0.0,0.294496,0.0,0.24146,0.0,0.007425,0.009826,0.008956,0.003492
simulation_ui_20260918_000717_06_06_ppcc,06,06,PPCC,06 · PPCC,03d15c304dd6358c32fe4fdcb841b43a,3,p3,3. Conservative,"APO INVESTOR DEADLINE APPROACHING: Faruqi & Faruqi, LLP Reminds Apollo Global Management (APO) Investors of Securities Class Action Deadline on May 1, 2026",success,0.167357,0.149267,0.554446,0.0,0.372075,0.0,0.289648,0.0,0.011541,0.012243,0.011918,0.010461
simulation_ui_20260918_000717_06_06_ppcc,06,06,PPCC,06 · PPCC,03d15c304dd6358c32fe4fdcb841b43a,4,p4,4. Conservative,"APO INVESTOR DEADLINE APPROACHING: Faruqi & Faruqi, LLP Reminds Apollo Global Management (APO) Investors of Securities Class Action Deadline on May 1, 2026",success,0.221038,0.231456,0.785902,0.0,0.315603,0.2,0.366369,0.0,0.003497,0.001116,0.004194,0.00518
simulation_ui_20260918_000717_06_06_ppcc,06,06,PPCC,06 · PPCC,03d1d324c6615b5fbc7455135584ac57,1,p1,1. Progressive,Canadian Imperial Bank of Commerce (CM) To Go Ex-Dividend on March 27th,success,0.258763,0.258763,0.258763,0.0,0.383306,0.404114,0.246479,0.0,0.001942,0.000933,0.004615,0.000279
simulation_ui_20260918_000717_06_06_ppcc,06,06,PPCC,06 · PPCC,03d1d324c6615b5fbc7455135584ac57,2,p2,2. Progressive,Canadian Imperial Bank of Commerce (CM) To Go Ex-Dividend on March 27th,success,0.21749,0.188252,0.447015,0.0,0.293253,0.393986,0.17906,0.0,0.005839,0.002386,0.006339,0.008792
simulation_ui_20260918_000717_06_06_ppcc,06,06,PPCC,06 · PPCC,03d1d324c6615b5fbc7455135584ac57,3,p3,3. Conservative,Canadian Imperial Bank of Commerce (CM) To Go Ex-Dividend on March 27th,success,0.218824,0.105886,0.552901,0.0,0.293253,0.406404,0.169939,0.0,0.009107,0.000676,0.017181,0.009463
simulation_ui_20260918_000717_06_06_ppcc,06,06,PPCC,06 · PPCC,03d1d324c6615b5fbc7455135584ac57,4,p4,4. Conservative,Canadian Imperial Bank of Commerce (CM) To Go Ex-Dividend on March 27th,success,0.135694,0.211986,0.764887,0.0,0.061934,0.354777,0.116666,0.0,0.013557,0.00538,0.020858,0.014434
simulation_ui_20260918_000717_06_06_ppcc,06,06,PPCC,06 · PPCC,0883a2f27500aaeca578c2b397002506,1,p1,1. Progressive,'A crater': Pollster says Trump suffers 'objective measure' of 'failed presidency',success,0.25227,0.25227,0.25227,0.288359,0.362869,0.0,0.351403,0.0,0.010758,0.005337,0.021331,0.005607
simulation_ui_20260918_000717_06_06_ppcc,06,06,PPCC,06 · PPCC,0883a2f27500aaeca578c2b397002506,2,p2,2. Progressive,'A crater': Pollster says Trump suffers 'objective measure' of 'failed presidency',success,0.228946,0.110208,0.362478,0.277199,0.256681,0.0,0.37736,0.0,0.007356,0.000613,0.01974,0.001715
simulation_ui_20260918_000717_06_06_ppcc,06,06,PPCC,06 · PPCC,0883a2f27500aaeca578c2b397002506,3,p3,3. Conservative,'A crater': Pollster says Trump suffers 'objective measure' of 'failed presidency',success,0.223982,0.264308,0.626786,0.19866,0.216671,0.187724,0.286046,0.0,0.010971,0.008022,0.020926,0.003966
simulation_ui_20260918_000717_06_06_ppcc,06,06,PPCC,06 · PPCC,0883a2f27500aaeca578c2b397002506,4,p4,4. Conservative,'A crater': Pollster says Trump suffers 'objective measure' of 'failed presidency',success,0.219244,0.107398,0.734184,0.19866,0.175571,0.231223,0.268606,0.0,0.004667,0.000853,0.010295,0.002852
simulation_ui_20260918_000717_06_06_ppcc,06,06,PPCC,06 · PPCC,0b30ae6eaf7bab834a4906766ba2ecb2,1,p1,1. Progressive,Britain introduces “plug-in” solar panels for homes to tackle the energy crisis caused by the war in Iran,success,0.218091,0.218091,0.218091,0.044166,0.334129,0.102841,0.380261,0.0,0.01747,0.004606,0.026394,0.02141
simulation_ui_20260918_000717_06_06_ppcc,06,06,PPCC,06 · PPCC,0b30ae6eaf7bab834a4906766ba2ecb2,2,p2,2. Progressive,Britain introduces “plug-in” solar panels for homes to tackle the energy crisis caused by the war in Iran,success,0.259035,0.170152,0.388243,0.0961,0.334687,0.102841,0.493126,0.0,0.015783,0.027093,0.020204,5.1e-05
simulation_ui_20260918_000717_06_06_ppcc,06,06,PPCC,06 · PPCC,0b30ae6eaf7bab834a4906766ba2ecb2,3,p3,3. Conservative,Britain introduces “plug-in” solar panels for homes to tackle the energy crisis caused by the war in Iran,success,0.250188,0.134342,0.522585,0.06765,0.351858,0.102841,0.472069,0.0,0.01054,0.000226,0.013829,0.017565
simulation_ui_20260918_000717_06_06_ppcc,06,06,PPCC,06 · PPCC,0b30ae6eaf7bab834a4906766ba2ecb2,4,p4,4. Conservative,Britain introduces “plug-in” solar panels for homes to tackle the energy crisis caused by the war in Iran,success,0.254633,0.124558,0.647143,0.136245,0.297155,0.102841,0.474644,0.0,0.01279,0.017924,0.0161,0.004345
simulation_ui_20260918_000717_06_06_ppcc,06,06,PPCC,06 · PPCC,0c84c580588b0f1f5c9070df32dfc5a6,1,p1,1. Progressive,"$1,000 ‘Dog Tax Credit’? Americans eye big payout — don’t miss this April date",success,0.158252,0.158252,0.158252,0.127468,0.002066,0.305498,0.164461,0.0,0.049278,0.099486,0.012255,0.036094
simulation_ui_20260918_000717_06_06_ppcc,06,06,PPCC,06 · PPCC,0c84c580588b0f1f5c9070df32dfc5a6,2,p2,2. Progressive,"$1,000 ‘Dog Tax Credit’? Americans eye big payout — don’t miss this April date",success,0.263064,0.172096,0.330348,0.167092,0.316999,0.305498,0.235622,0.0,0.045459,0.090901,0.020573,0.024903
simulation_ui_20260918_000717_06_06_ppcc,06,06,PPCC,06 · PPCC,0c84c580588b0f1f5c9070df32dfc5a6,3,p3,3. Conservative,"$1,000 ‘Dog Tax Credit’? Americans eye big payout — don’t miss this April date",success,0.254115,0.108784,0.439132,0.114104,0.325726,0.32053,0.236766,0.0,0.03219,0.067488,0.01195,0.017133
simulation_ui_20260918_000717_06_06_ppcc,06,06,PPCC,06 · PPCC,0c84c580588b0f1f5c9070df32dfc5a6,4,p4,4. Conservative,"$1,000 ‘Dog Tax Credit’? Americans eye big payout — don’t miss this April date",success,0.264578,0.092652,0.531784,0.077879,0.313194,0.345194,0.297466,0.0,0.041434,0.080646,0.020541,0.023116
simulation_ui_20260918_000717_06_06_ppcc,06,06,PPCC,06 · PPCC,0ccfe99f5612d8b22298e5942170415d,1,p1,1. Progressive,Cambria Tax Aware ETF (NASDAQ:TAX) Short Interest Down 67.0% in March,success,0.166503,0.166503,0.166503,0.102535,0.423746,0.0,0.132367,0.0,0.011017,0.000405,0.027685,0.004961
simulation_ui_20260918_000717_06_06_ppcc,06,06,PPCC,06 · PPCC,0ccfe99f5612d8b22298e5942170415d,2,p2,2. Progressive,Cambria Tax Aware ETF (NASDAQ:TAX) Short Interest Down 67.0% in March,success,0.16784,0.102856,0.269359,0.102535,0.261735,0.0,0.299219,0.0,0.011793,0.008381,0.018689,0.008309
simulation_ui_20260918_000717_06_06_ppcc,06,06,PPCC,06 · PPCC,0ccfe99f5612d8b22298e5942170415d,3,p3,3. Conservative,Cambria Tax Aware ETF (NASDAQ:TAX) Short Interest Down 67.0% in March,success,0.375607,0.263308,0.532667,0.102535,0.396501,0.465267,0.529822,0.0,0.016564,0.030352,0.012322,0.007017
simulation_ui_20260918_000717_06_06_ppcc,06,06,PPCC,06 · PPCC,0ccfe99f5612d8b22298e5942170415d,4,p4,4. Conservative,Cambria Tax Aware ETF (NASDAQ:TAX) Short Interest Down 67.0% in March,success,0.328404,0.207772,0.740439,0.111946,0.483613,0.197901,0.511317,0.0,0.016399,0.027077,0.015328,0.006792
simulation_ui_20260918_000717_06_06_ppcc,06,06,PPCC,06 · PPCC,11c9275c35fecd97efe0ba12a17b00da,1,p1,1. Progressive,CPA questions legal basis of GACL takeover of McDan Jet Terminal,success,0.212008,0.212008,0.212008,0.039632,0.30843,0.2,0.29316,0.0,0.010782,0.020679,0.006622,0.005044
simulation_ui_20260918_000717_06_06_ppcc,06,06,PPCC,06 · PPCC,11c9275c35fecd97efe0ba12a17b00da,2,p2,2. Progressive,CPA questions legal basis of GACL takeover of McDan Jet Terminal,success,0.335053,0.20713,0.419138,0.166485,0.694732,0.2,0.275506,0.0,0.006553,0.004297,0.001504,0.013858
simulation_ui_20260918_000717_06_06_ppcc,06,06,PPCC,06 · PPCC,11c9275c35fecd97efe0ba12a17b00da,3,p3,3. Conservative,CPA questions legal basis of GACL takeover of McDan Jet Terminal,success,0.361575,0.126118,0.545256,0.285216,0.680031,0.2,0.275506,0.0,0.010839,0.009267,0.016268,0.006983
simulation_ui_20260918_000717_06_06_ppcc,06,06,PPCC,06 · PPCC,11c9275c35fecd97efe0ba12a17b00da,4,p4,4. Conservative,CPA questions legal basis of GACL takeover of McDan Jet Terminal,success,0.298565,0.18915,0.734406,0.175457,0.616038,0.333333,0.060999,0.0,0.014981,0.014316,0.015103,0.015525
simulation_ui_20260918_000717_06_06_ppcc,06,06,PPCC,06 · PPCC,11fde5af588f2d6f6a0c145a6d089324,1,p1,1. Progressive,"BSNL Posts ₹5,000 Crore Profit After 18 Years, Scindia Signals ₹10,000 Crore Target & India Post IPO Plans",success,0.31316,0.31316,0.31316,0.252236,0.571934,0.25,0.167258,0.0,0.020324,0.012637,0.029406,0.018929
simulation_ui_20260918_000717_06_06_ppcc,06,06,PPCC,06 · PPCC,11fde5af588f2d6f6a0c145a6d089324,2,p2,2. Progressive,"BSNL Posts ₹5,000 Crore Profit After 18 Years, Scindia Signals ₹10,000 Crore Target & India Post IPO Plans",success,0.232941,0.172184,0.485344,0.207073,0.54716,0.0,0.167258,0.0,0.016685,0.018997,0.028286,0.002772
simulation_ui_20260918_000717_06_06_ppcc,06,06,PPCC,06 · PPCC,11fde5af588f2d6f6a0c145a6d089324,3,p3,3. Conservative,"BSNL Posts ₹5,000 Crore Profit After 18 Years, Scindia Signals ₹10,000 Crore Target & India Post IPO Plans",success,0.254181,0.075223,0.560567,0.311759,0.500138,0.0,0.193241,0.0,0.019345,0.024164,0.031419,0.002451
simulation_ui_20260918_000717_06_06_ppcc,06,06,PPCC,06 · PPCC,11fde5af588f2d6f6a0c145a6d089324,4,p4,4. Conservative,"BSNL Posts ₹5,000 Crore Profit After 18 Years, Scindia Signals ₹10,000 Crore Target & India Post IPO Plans",success,0.272258,0.102351,0.662918,0.319069,0.549056,0.0,0.211709,0.0,0.015749,0.011983,0.030081,0.005182
simulation_ui_20260918_000717_06_06_ppcc,06,06,PPCC,06 · PPCC,17cd8c3587799d6f5551faf3e5895209,1,p1,1. Progressive,"Credit Union of Colorado Foundation invests $50,000 in community college scholarships",success,0.169683,0.169683,0.169683,0.006451,0.333027,0.0,0.333333,0.0,0.0089,0.010992,0.002215,0.013492
simulation_ui_20260918_000717_06_06_ppcc,06,06,PPCC,06 · PPCC,17cd8c3587799d6f5551faf3e5895209,2,p2,2. Progressive,"Credit Union of Colorado Foundation invests $50,000 in community college scholarships",success,0.139869,0.183725,0.353408,0.006451,0.304496,0.0,0.243686,0.0,0.007029,0.008429,0.000941,0.011718
simulation_ui_20260918_000717_06_06_ppcc,06,06,PPCC,06 · PPCC,17cd8c3587799d6f5551faf3e5895209,3,p3,3. Conservative,"Credit Union of Colorado Foundation invests $50,000 in community college scholarships",success,0.180885,0.206763,0.560171,0.006451,0.377913,0.0,0.333333,0.0,0.008903,0.007793,0.005545,0.013371
simulation_ui_20260918_000717_06_06_ppcc,06,06,PPCC,06 · PPCC,17cd8c3587799d6f5551faf3e5895209,4,p4,4. Conservative,"Credit Union of Colorado Foundation invests $50,000 in community college scholarships",success,0.123983,0.185082,0.745253,0.027289,0.271249,0.0,0.193563,0.0,0.00546,0.005694,0.004803,0.005882
simulation_ui_20260918_000717_06_06_ppcc,06,06,PPCC,06 · PPCC,1e83ba34429a85f3fbafdb5671e23f1d,1,p1,1. Progressive,Delhi PWD Accelerates PNG Pipeline Laying with 24-Hour Approvals,success,0.22701,0.22701,0.22701,0.193225,0.207403,0.236142,0.269669,0.0,0.002588,0.001481,0.002936,0.003348
simulation_ui_20260918_000717_06_06_ppcc,06,06,PPCC,06 · PPCC,1e83ba34429a85f3fbafdb5671e23f1d,2,p2,2. Progressive,Delhi PWD Accelerates PNG Pipeline Laying with 24-Hour Approvals,success,0.229262,0.160602,0.387612,0.190635,0.237345,0.143039,0.345214,0.0,0.00132,0.000438,0.00224,0.001283
simulation_ui_20260918_000717_06_06_ppcc,06,06,PPCC,06 · PPCC,1e83ba34429a85f3fbafdb5671e23f1d,3,p3,3. Conservative,Delhi PWD Accelerates PNG Pipeline Laying with 24-Hour Approvals,success,0.278038,0.300595,0.688207,0.12622,0.47004,0.236142,0.276799,0.0,0.005105,0.002429,0.00058,0.012306
simulation_ui_20260918_000717_06_06_ppcc,06,06,PPCC,06 · PPCC,1e83ba34429a85f3fbafdb5671e23f1d,4,p4,4. Conservative,Delhi PWD Accelerates PNG Pipeline Laying with 24-Hour Approvals,success,0.25053,0.203396,0.891603,0.118522,0.46469,0.236142,0.175253,0.0,0.012502,0.005807,0.014599,0.017099
simulation_ui_20260918_000717_06_06_ppcc,06,06,PPCC,06 · PPCC,1eb77463838b3d1f2ea74f8bfa272767,1,p1,1. Progressive,Afghanistan urges regional water cooperation at Tashkent Forum,success,0.474408,0.474408,0.474408,1.0,0.293951,0.2,0.402797,0.0,0.002097,0.002942,0.000457,0.002891
simulation_ui_20260918_000717_06_06_ppcc,06,06,PPCC,06 · PPCC,1eb77463838b3d1f2ea74f8bfa272767,2,p2,2. Progressive,Afghanistan urges regional water cooperation at Tashkent Forum,success,0.433638,0.115617,0.590025,1.0,0.128117,0.2,0.405285,0.0,0.00254,0.003672,0.00079,0.003158
simulation_ui_20260918_000717_06_06_ppcc,06,06,PPCC,06 · PPCC,1eb77463838b3d1f2ea74f8bfa272767,3,p3,3. Conservative,Afghanistan urges regional water cooperation at Tashkent Forum,success,0.478127,0.140416,0.730441,1.0,0.293951,0.202775,0.413269,0.0,0.006015,0.008109,0.009199,0.000738
simulation_ui_20260918_000717_06_06_ppcc,06,06,PPCC,06 · PPCC,1eb77463838b3d1f2ea74f8bfa272767,4,p4,4. Conservative,Afghanistan urges regional water cooperation at Tashkent Forum,success,0.512044,0.116094,0.846535,1.0,0.421758,0.213052,0.412372,0.0,0.00254,0.003672,0.00079,0.003158
simulation_ui_20260918_000717_06_06_ppcc,06,06,PPCC,06 · PPCC,20df5253ec5e5a2623c8823c2b38083b,1,p1,1. Progressive,Contango ORE (NYSEAMERICAN:CTGO) Now Covered by Analysts at Canaccord Genuity Group,success,0.126791,0.126791,0.126791,0.016014,0.117391,0.0,0.365349,0.0,0.012009,0.012652,0.017683,0.005692
simulation_ui_20260918_000717_06_06_ppcc,06,06,PPCC,06 · PPCC,20df5253ec5e5a2623c8823c2b38083b,2,p2,2. Progressive,Contango ORE (NYSEAMERICAN:CTGO) Now Covered by Analysts at Canaccord Genuity Group,success,0.298996,0.198312,0.325103,0.016014,0.364082,0.333333,0.463677,0.0,0.033437,0.036977,0.032554,0.03078
simulation_ui_20260918_000717_06_06_ppcc,06,06,PPCC,06 · PPCC,20df5253ec5e5a2623c8823c2b38083b,3,p3,3. Conservative,Contango ORE (NYSEAMERICAN:CTGO) Now Covered by Analysts at Canaccord Genuity Group,success,0.281207,0.050966,0.376069,0.016014,0.292449,0.333333,0.463677,0.0,0.033437,0.036977,0.032554,0.03078
simulation_ui_20260918_000717_06_06_ppcc,06,06,PPCC,06 · PPCC,20df5253ec5e5a2623c8823c2b38083b,4,p4,4. Conservative,Contango ORE (NYSEAMERICAN:CTGO) Now Covered by Analysts at Canaccord Genuity Group,success,0.257988,0.094884,0.470953,0.016014,0.25937,0.333333,0.403251,0.0,0.033437,0.036977,0.032554,0.03078
simulation_ui_20260918_000717_06_06_ppcc,06,06,PPCC,06 · PPCC,285f86ba6e2a489c2d4a3ab84f18a6a4,1,p1,1. Progressive,Company Banned from Marketing Business Opportunities to Settle FTC Charges it Misled Consumers About Earnings Potential,success,0.237053,0.237053,0.237053,0.086287,0.483018,0.166667,0.204849,0.0,0.01208,0.007844,0.01823,0.010166
simulation_ui_20260918_000717_06_06_ppcc,06,06,PPCC,06 · PPCC,285f86ba6e2a489c2d4a3ab84f18a6a4,2,p2,2. Progressive,Company Banned from Marketing Business Opportunities to Settle FTC Charges it Misled Consumers About Earnings Potential,success,0.378397,0.404068,0.641121,1.0,0.28418,0.0,0.224566,0.0,0.009714,0.006329,0.009217,0.013595
simulation_ui_20260918_000717_06_06_ppcc,06,06,PPCC,06 · PPCC,285f86ba6e2a489c2d4a3ab84f18a6a4,3,p3,3. Conservative,Company Banned from Marketing Business Opportunities to Settle FTC Charges it Misled Consumers About Earnings Potential,success,0.439402,0.137758,0.778879,1.0,0.53943,0.0,0.21172,0.0,0.014358,0.012046,0.018621,0.012407
simulation_ui_20260918_000717_06_06_ppcc,06,06,PPCC,06 · PPCC,285f86ba6e2a489c2d4a3ab84f18a6a4,4,p4,4. Conservative,Company Banned from Marketing Business Opportunities to Settle FTC Charges it Misled Consumers About Earnings Potential,success,0.499655,0.371912,1.150791,1.0,0.588067,0.0,0.403443,0.0,0.017702,0.016161,0.022207,0.014739
simulation_ui_20260918_000717_06_06_ppcc,06,06,PPCC,06 · PPCC,3343849e4bfdca882e24cd916fa75ec6,1,p1,1. Progressive,ASMALLWORLD Introduces New Marriott Bonvoy® Benefit for Members,success,0.115637,0.115637,0.115637,0.080913,0.0449,0.333333,0.0,0.0,0.004802,0.007065,0.004983,0.002357
simulation_ui_20260918_000717_06_06_ppcc,06,06,PPCC,06 · PPCC,3343849e4bfdca882e24cd916fa75ec6,2,p2,2. Progressive,ASMALLWORLD Introduces New Marriott Bonvoy® Benefit for Members,success,0.130897,0.184189,0.299826,0.078058,0.0449,0.0,0.397287,0.0,0.004802,0.007065,0.004983,0.002357
simulation_ui_20260918_000717_06_06_ppcc,06,06,PPCC,06 · PPCC,3343849e4bfdca882e24cd916fa75ec6,3,p3,3. Conservative,ASMALLWORLD Introduces New Marriott Bonvoy® Benefit for Members,success,0.204766,0.143441,0.443267,0.078058,0.0,0.333333,0.399992,0.0,0.012046,0.020958,0.000617,0.014562
simulation_ui_20260918_000717_06_06_ppcc,06,06,PPCC,06 · PPCC,3343849e4bfdca882e24cd916fa75ec6,4,p4,4. Conservative,ASMALLWORLD Introduces New Marriott Bonvoy® Benefit for Members,success,0.062011,0.182293,0.62556,0.080913,0.0449,0.0,0.114511,0.0,0.010268,0.009948,0.009115,0.01174
simulation_ui_20260918_000717_06_06_ppcc,06,06,PPCC,06 · PPCC,3e908966e0393a684386f1e186c5c6e3,1,p1,1. Progressive,CAAS defers sustainable aviation fuel levy,success,0.098289,0.098289,0.098289,0.0,0.05092,0.25,0.081361,0.0,0.015032,0.014987,0.029102,0.001007
simulation_ui_20260918_000717_06_06_ppcc,06,06,PPCC,06 · PPCC,3e908966e0393a684386f1e186c5c6e3,2,p2,2. Progressive,CAAS defers sustainable aviation fuel levy,success,0.215679,0.229165,0.327454,0.0,0.57209,0.247165,0.037281,0.0,0.009832,0.021118,0.006228,0.002151
simulation_ui_20260918_000717_06_06_ppcc,06,06,PPCC,06 · PPCC,3e908966e0393a684386f1e186c5c6e3,3,p3,3. Conservative,CAAS defers sustainable aviation fuel levy,success,0.245577,0.174544,0.501998,0.290839,0.37643,0.247165,0.064254,0.0,0.00599,0.006993,0.00694,0.004036
simulation_ui_20260918_000717_06_06_ppcc,06,06,PPCC,06 · PPCC,3e908966e0393a684386f1e186c5c6e3,4,p4,4. Conservative,CAAS defers sustainable aviation fuel levy,success,0.260925,0.172085,0.674083,0.290839,0.389282,0.25,0.111323,0.0,0.00381,0.002461,0.007162,0.001806
simulation_ui_20260918_000717_06_06_ppcc,06,06,PPCC,06 · PPCC,4284601d27a88508e23bb7ecf1e26740,1,p1,1. Progressive,Blackbaud Opens Registration for bbcon 2026 to Rally Social Impact Sector Around AI Innovation,success,0.211827,0.211827,0.211827,0.204201,0.357368,0.0,0.283886,0.0,0.002937,0.000239,0.003286,0.005286
simulation_ui_20260918_000717_06_06_ppcc,06,06,PPCC,06 · PPCC,4284601d27a88508e23bb7ecf1e26740,2,p2,2. Progressive,Blackbaud Opens Registration for bbcon 2026 to Rally Social Impact Sector Around AI Innovation,success,0.138474,0.192489,0.404316,0.0,0.249235,0.0,0.300678,0.0,0.00577,0.008782,4.7e-05,0.008481
simulation_ui_20260918_000717_06_06_ppcc,06,06,PPCC,06 · PPCC,4284601d27a88508e23bb7ecf1e26740,3,p3,3. Conservative,Blackbaud Opens Registration for bbcon 2026 to Rally Social Impact Sector Around AI Innovation,success,0.524736,0.453709,0.858025,1.0,0.406603,0.25,0.43939,0.0,0.007745,0.009038,0.005055,0.009142
simulation_ui_20260918_000717_06_06_ppcc,06,06,PPCC,06 · PPCC,4284601d27a88508e23bb7ecf1e26740,4,p4,4. Conservative,Blackbaud Opens Registration for bbcon 2026 to Rally Social Impact Sector Around AI Innovation,success,0.462373,0.075593,0.933618,1.0,0.406603,0.0,0.439831,0.0,0.007098,0.010856,0.005261,0.005178
simulation_ui_20260918_000717_06_06_ppcc,06,06,PPCC,06 · PPCC,43b305aebbf654fd9464eb6d39cf900b,1,p1,1. Progressive,CS Atal Dulloo Reviews Progress Of Tawi Artificial Lake And Riverfront Development Projects,success,0.073182,0.073182,0.073182,0.005932,0.065076,0.0,0.220235,0.0,0.002004,0.003696,0.00025,0.002066
simulation_ui_20260918_000717_06_06_ppcc,06,06,PPCC,06 · PPCC,43b305aebbf654fd9464eb6d39cf900b,2,p2,2. Progressive,CS Atal Dulloo Reviews Progress Of Tawi Artificial Lake And Riverfront Development Projects,success,0.090899,0.025442,0.098624,0.006495,0.150819,0.0,0.200061,0.0,0.00854,0.010617,0.008043,0.006961
simulation_ui_20260918_000717_06_06_ppcc,06,06,PPCC,06 · PPCC,43b305aebbf654fd9464eb6d39cf900b,3,p3,3. Conservative,CS Atal Dulloo Reviews Progress Of Tawi Artificial Lake And Riverfront Development Projects,success,0.095295,0.06039,0.159014,0.005033,0.150819,0.0,0.214693,0.0,0.014649,0.020275,0.003831,0.01984
simulation_ui_20260918_000717_06_06_ppcc,06,06,PPCC,06 · PPCC,43b305aebbf654fd9464eb6d39cf900b,4,p4,4. Conservative,CS Atal Dulloo Reviews Progress Of Tawi Artificial Lake And Riverfront Development Projects,success,0.105592,0.042976,0.20199,0.005033,0.19301,0.0,0.214693,0.0,0.013423,0.01728,0.008409,0.014579
simulation_ui_20260918_000717_06_06_ppcc,06,06,PPCC,06 · PPCC,43d218dc30bd89b0c4da158243e74603,1,p1,1. Progressive,Amesite Executes Trading Partner Agreement Enabling Secure Connectivity with Leading Homecare Technology Platform,success,0.195192,0.195192,0.195192,0.167724,0.041867,0.333333,0.22141,0.0,0.025393,0.049185,0.021138,0.005855
simulation_ui_20260918_000717_06_06_ppcc,06,06,PPCC,06 · PPCC,43d218dc30bd89b0c4da158243e74603,2,p2,2. Progressive,Amesite Executes Trading Partner Agreement Enabling Secure Connectivity with Leading Homecare Technology Platform,success,0.283194,0.185912,0.381104,0.167724,0.215994,0.5,0.233118,0.0,0.027641,0.061837,0.005305,0.015781
simulation_ui_20260918_000717_06_06_ppcc,06,06,PPCC,06 · PPCC,43d218dc30bd89b0c4da158243e74603,3,p3,3. Conservative,Amesite Executes Trading Partner Agreement Enabling Secure Connectivity with Leading Homecare Technology Platform,success,0.25775,0.118856,0.49996,0.167724,0.297637,0.5,0.053125,0.0,0.020986,0.04719,0.013228,0.00254
simulation_ui_20260918_000717_06_06_ppcc,06,06,PPCC,06 · PPCC,43d218dc30bd89b0c4da158243e74603,4,p4,4. Conservative,Amesite Executes Trading Partner Agreement Enabling Secure Connectivity with Leading Homecare Technology Platform,success,0.325283,0.179573,0.679533,0.167724,0.33203,0.5,0.289843,0.0,0.021279,0.029759,0.029987,0.00409
simulation_ui_20260918_000717_06_06_ppcc,06,06,PPCC,06 · PPCC,45a67f6f54cd92c32163be9459300052,1,p1,1. Progressive,"Bitcoin Miners, Now AI Compute Leaders, Face Profitability Concerns",success,0.068656,0.068656,0.068656,0.0,0.223362,0.0,0.030628,0.0,0.027542,0.055421,0.012614,0.014592
simulation_ui_20260918_000717_06_06_ppcc,06,06,PPCC,06 · PPCC,45a67f6f54cd92c32163be9459300052,2,p2,2. Progressive,"Bitcoin Miners, Now AI Compute Leaders, Face Profitability Concerns",success,0.269256,0.237721,0.306377,0.0,0.658966,0.0,0.402744,0.0,0.026058,0.060798,0.00994,0.007437
simulation_ui_20260918_000717_06_06_ppcc,06,06,PPCC,06 · PPCC,45a67f6f54cd92c32163be9459300052,3,p3,3. Conservative,"Bitcoin Miners, Now AI Compute Leaders, Face Profitability Concerns",success,0.250477,0.068105,0.374482,0.0,0.511133,0.075203,0.402744,0.0,0.021304,0.049548,0.012812,0.001552
simulation_ui_20260918_000717_06_06_ppcc,06,06,PPCC,06 · PPCC,45a67f6f54cd92c32163be9459300052,4,p4,4. Conservative,"Bitcoin Miners, Now AI Compute Leaders, Face Profitability Concerns",success,0.250816,0.031316,0.405798,0.003179,0.511133,0.075203,0.396653,0.0,0.028362,0.054759,0.025822,0.004506
simulation_ui_20260918_000717_06_06_ppcc,06,06,PPCC,06 · PPCC,48375acfba2ffc7f64822005eaab01e9,1,p1,1. Progressive,"Capitan Silver Commences Trading on the OTCQX Market Under Symbol ""CAPTF""",success,0.220552,0.220552,0.220552,0.118738,0.337906,0.25,0.163877,0.0,0.018674,0.0352,0.014034,0.006787
simulation_ui_20260918_000717_06_06_ppcc,06,06,PPCC,06 · PPCC,48375acfba2ffc7f64822005eaab01e9,2,p2,2. Progressive,"Capitan Silver Commences Trading on the OTCQX Market Under Symbol ""CAPTF""",success,0.239545,0.283282,0.503834,0.182874,0.719803,0.0,0.044027,0.0,0.01879,0.048792,0.002665,0.004914
simulation_ui_20260918_000717_06_06_ppcc,06,06,PPCC,06 · PPCC,48375acfba2ffc7f64822005eaab01e9,3,p3,3. Conservative,"Capitan Silver Commences Trading on the OTCQX Market Under Symbol ""CAPTF""",success,0.229251,0.03347,0.537304,0.142178,0.713926,0.0,0.049271,0.0,0.01879,0.048792,0.002665,0.004914
simulation_ui_20260918_000717_06_06_ppcc,06,06,PPCC,06 · PPCC,48375acfba2ffc7f64822005eaab01e9,4,p4,4. Conservative,"Capitan Silver Commences Trading on the OTCQX Market Under Symbol ""CAPTF""",success,0.087886,0.200428,0.737732,0.0,0.337906,0.0,0.0,0.0,0.018623,0.03004,0.013873,0.011956
simulation_ui_20260918_000717_06_06_ppcc,06,06,PPCC,06 · PPCC,4980763ccff9b986f6829df1e9489341,1,p1,1. Progressive,Cabana Target Drawdown 7 ETF (NASDAQ:TDSB) Short Interest Down 96.6% in March,success,0.21191,0.21191,0.21191,0.042087,0.303344,0.0,0.496784,0.0,0.008588,0.007399,0.011174,0.00719
simulation_ui_20260918_000717_06_06_ppcc,06,06,PPCC,06 · PPCC,4980763ccff9b986f6829df1e9489341,2,p2,2. Progressive,Cabana Target Drawdown 7 ETF (NASDAQ:TDSB) Short Interest Down 96.6% in March,success,0.215131,0.023887,0.235797,0.042087,0.303344,0.0,0.509673,0.0,0.008617,0.001876,0.017281,0.006693
simulation_ui_20260918_000717_06_06_ppcc,06,06,PPCC,06 · PPCC,4980763ccff9b986f6829df1e9489341,3,p3,3. Conservative,Cabana Target Drawdown 7 ETF (NASDAQ:TDSB) Short Interest Down 96.6% in March,success,0.236532,0.139705,0.375502,0.042087,0.398574,0.0,0.500438,0.0,0.008222,0.001301,0.023154,0.000212
simulation_ui_20260918_000717_06_06_ppcc,06,06,PPCC,06 · PPCC,4980763ccff9b986f6829df1e9489341,4,p4,4. Conservative,Cabana Target Drawdown 7 ETF (NASDAQ:TDSB) Short Interest Down 96.6% in March,success,0.262698,0.227135,0.602637,0.042087,0.647976,0.0,0.356614,0.0,0.006967,0.003239,0.004506,0.013156
simulation_ui_20260918_000717_06_06_ppcc,06,06,PPCC,06 · PPCC,4ac6395408a9caf70c7d2ffc4ca362c7,1,p1,1. Progressive,Continuing Unemployment Claims Dip to Nearly 2-Year Low,success,0.356889,0.356889,0.356889,0.375152,0.369797,0.333333,0.33971,0.0,0.01852,0.038713,0.005105,0.011742
simulation_ui_20260918_000717_06_06_ppcc,06,06,PPCC,06 · PPCC,4ac6395408a9caf70c7d2ffc4ca362c7,2,p2,2. Progressive,Continuing Unemployment Claims Dip to Nearly 2-Year Low,success,0.294426,0.17209,0.528979,0.294245,0.190441,0.353677,0.31967,0.0,0.034605,0.077177,0.003265,0.023372
simulation_ui_20260918_000717_06_06_ppcc,06,06,PPCC,06 · PPCC,4ac6395408a9caf70c7d2ffc4ca362c7,3,p3,3. Conservative,Continuing Unemployment Claims Dip to Nearly 2-Year Low,success,0.305962,0.144896,0.673875,0.375152,0.150122,0.354184,0.331508,0.0,0.023096,0.052006,0.004638,0.012644
simulation_ui_20260918_000717_06_06_ppcc,06,06,PPCC,06 · PPCC,4ac6395408a9caf70c7d2ffc4ca362c7,4,p4,4. Conservative,Continuing Unemployment Claims Dip to Nearly 2-Year Low,success,0.283505,0.110364,0.784239,0.294245,0.175361,0.333333,0.318314,0.0,0.022177,0.050665,0.00281,0.013055
simulation_ui_20260918_000717_06_06_ppcc,06,06,PPCC,06 · PPCC,59a0fb71f66cefb61fc91c97affb1dbe,1,p1,1. Progressive,"Bank of Montreal targets 15% return on equity on wealth, US businesses growth",success,0.281836,0.281836,0.281836,0.067156,0.33779,0.666667,0.050053,0.0,0.009865,0.00725,0.009756,0.012588
simulation_ui_20260918_000717_06_06_ppcc,06,06,PPCC,06 · PPCC,59a0fb71f66cefb61fc91c97affb1dbe,2,p2,2. Progressive,"Bank of Montreal targets 15% return on equity on wealth, US businesses growth",success,0.196781,0.251427,0.533263,0.062518,0.383833,0.252783,0.072993,0.0,0.023231,0.028647,0.035863,0.005184
simulation_ui_20260918_000717_06_06_ppcc,06,06,PPCC,06 · PPCC,59a0fb71f66cefb61fc91c97affb1dbe,3,p3,3. Conservative,"Bank of Montreal targets 15% return on equity on wealth, US businesses growth",success,0.303675,0.234666,0.767929,0.044377,0.537875,0.252783,0.373859,0.0,0.010398,0.010023,0.006716,0.014454
simulation_ui_20260918_000717_06_06_ppcc,06,06,PPCC,06 · PPCC,59a0fb71f66cefb61fc91c97affb1dbe,4,p4,4. Conservative,"Bank of Montreal targets 15% return on equity on wealth, US businesses growth",success,0.33534,0.178643,0.946572,0.031125,0.537875,0.398962,0.356581,0.0,0.03143,0.047775,0.012672,0.033842
simulation_ui_20260918_000717_06_06_ppcc,06,06,PPCC,06 · PPCC,6282ee092c7147c978409e71f0096515,1,p1,1. Progressive,Backdoor bet. How federal regulators are sidestepping Alabama: op-ed,success,0.124451,0.124451,0.124451,0.036375,0.305116,0.09149,0.054522,0.0,0.014666,0.022974,0.019816,0.001209
simulation_ui_20260918_000717_06_06_ppcc,06,06,PPCC,06 · PPCC,6282ee092c7147c978409e71f0096515,2,p2,2. Progressive,Backdoor bet. How federal regulators are sidestepping Alabama: op-ed,success,0.17543,0.099515,0.223966,0.055872,0.462807,0.09149,0.076424,0.0,0.022828,0.038476,0.007003,0.023004
simulation_ui_20260918_000717_06_06_ppcc,06,06,PPCC,06 · PPCC,6282ee092c7147c978409e71f0096515,3,p3,3. Conservative,Backdoor bet. How federal regulators are sidestepping Alabama: op-ed,success,0.159979,0.102237,0.326203,0.027657,0.402839,0.09149,0.096979,0.0,0.030981,0.046542,0.021619,0.024781
simulation_ui_20260918_000717_06_06_ppcc,06,06,PPCC,06 · PPCC,6282ee092c7147c978409e71f0096515,4,p4,4. Conservative,Backdoor bet. How federal regulators are sidestepping Alabama: op-ed,success,0.147502,0.102521,0.428724,0.139071,0.285681,0.09149,0.050265,0.0,0.034226,0.052203,0.037565,0.012911
simulation_ui_20260918_000717_06_06_ppcc,06,06,PPCC,06 · PPCC,6296ce617808e446ef3e272b65cb5b46,1,p1,1. Progressive,Apple Adds New Partners to Expand Its U.S. Supply Chain,success,0.207206,0.207206,0.207206,0.0,0.281006,0.0,0.538679,0.0,0.014367,0.003073,0.001417,0.038611
simulation_ui_20260918_000717_06_06_ppcc,06,06,PPCC,06 · PPCC,6296ce617808e446ef3e272b65cb5b46,2,p2,2. Progressive,Apple Adds New Partners to Expand Its U.S. Supply Chain,success,0.261382,0.152206,0.359412,0.124448,0.382688,0.0,0.52698,0.0,0.01924,0.010568,0.004948,0.042205
simulation_ui_20260918_000717_06_06_ppcc,06,06,PPCC,06 · PPCC,6296ce617808e446ef3e272b65cb5b46,3,p3,3. Conservative,Apple Adds New Partners to Expand Its U.S. Supply Chain,success,0.26309,0.122431,0.481843,0.076652,0.290949,0.142857,0.52698,0.0,0.025181,0.013823,0.008286,0.053434
simulation_ui_20260918_000717_06_06_ppcc,06,06,PPCC,06 · PPCC,6296ce617808e446ef3e272b65cb5b46,4,p4,4. Conservative,Apple Adds New Partners to Expand Its U.S. Supply Chain,success,0.238532,0.163951,0.645794,0.002086,0.403955,0.0,0.53667,0.0,0.018674,0.004964,0.018614,0.032444
simulation_ui_20260918_000717_06_06_ppcc,06,06,PPCC,06 · PPCC,64aefc05d7d6e883d857202942daa279,1,p1,1. Progressive,Competition Commission clears merger of Udemy with Coursera's arm,success,0.238123,0.238123,0.238123,0.040968,0.333333,0.333333,0.236682,0.0,0.01338,0.011457,0.010464,0.018218
simulation_ui_20260918_000717_06_06_ppcc,06,06,PPCC,06 · PPCC,64aefc05d7d6e883d857202942daa279,2,p2,2. Progressive,Competition Commission clears merger of Udemy with Coursera's arm,success,0.222944,0.159082,0.397205,0.181563,0.427364,0.0,0.272408,0.0,0.016737,0.018981,0.010604,0.020625
simulation_ui_20260918_000717_06_06_ppcc,06,06,PPCC,06 · PPCC,64aefc05d7d6e883d857202942daa279,3,p3,3. Conservative,Competition Commission clears merger of Udemy with Coursera's arm,success,0.201153,0.047561,0.444766,0.104371,0.421319,0.0,0.269976,0.0,0.013959,0.013866,0.000172,0.027839
simulation_ui_20260918_000717_06_06_ppcc,06,06,PPCC,06 · PPCC,64aefc05d7d6e883d857202942daa279,4,p4,4. Conservative,Competition Commission clears merger of Udemy with Coursera's arm,success,0.171153,0.096753,0.541519,0.104371,0.34842,0.0,0.220686,0.0,0.016737,0.018981,0.010604,0.020625
simulation_ui_20260918_000717_06_06_ppcc,06,06,PPCC,06 · PPCC,675d6df42ab1fa2c25fcb6c96a0801ba,1,p1,1. Progressive,"Cohen & Steers Infrastructure Fund, Inc (NYSE:UTF) Plans $0.17 Monthly Dividend",success,0.108506,0.108506,0.108506,0.034553,0.0,0.0,0.394832,0.0,0.006495,0.002779,0.008982,0.007724
simulation_ui_20260918_000717_06_06_ppcc,06,06,PPCC,06 · PPCC,675d6df42ab1fa2c25fcb6c96a0801ba,2,p2,2. Progressive,"Cohen & Steers Infrastructure Fund, Inc (NYSE:UTF) Plans $0.17 Monthly Dividend",success,0.224464,0.187978,0.296484,0.05859,0.372803,0.106612,0.356689,0.0,0.005094,0.002269,0.012588,0.000426
simulation_ui_20260918_000717_06_06_ppcc,06,06,PPCC,06 · PPCC,675d6df42ab1fa2c25fcb6c96a0801ba,3,p3,3. Conservative,"Cohen & Steers Infrastructure Fund, Inc (NYSE:UTF) Plans $0.17 Monthly Dividend",success,0.19922,0.227578,0.524062,0.034553,0.388111,0.333333,0.038786,0.0,0.003269,0.000346,0.009316,0.000146
simulation_ui_20260918_000717_06_06_ppcc,06,06,PPCC,06 · PPCC,675d6df42ab1fa2c25fcb6c96a0801ba,4,p4,4. Conservative,"Cohen & Steers Infrastructure Fund, Inc (NYSE:UTF) Plans $0.17 Monthly Dividend",success,0.189124,0.241915,0.765977,0.058064,0.225689,0.106612,0.363286,0.0,0.00438,0.005528,0.002137,0.005474
simulation_ui_20260918_000717_06_06_ppcc,06,06,PPCC,06 · PPCC,73939fe081f6d0ef3ed498b2dd7f4039,1,p1,1. Progressive,Coastal Electric plans rate increase,success,0.322349,0.322349,0.322349,0.0,0.227848,0.5,0.544966,0.0,0.030404,0.049009,0.028506,0.013696
simulation_ui_20260918_000717_06_06_ppcc,06,06,PPCC,06 · PPCC,73939fe081f6d0ef3ed498b2dd7f4039,2,p2,2. Progressive,Coastal Electric plans rate increase,success,0.33004,0.140968,0.463317,0.0,0.231577,0.666667,0.412591,0.0,0.017336,0.007958,0.026319,0.01773
simulation_ui_20260918_000717_06_06_ppcc,06,06,PPCC,06 · PPCC,73939fe081f6d0ef3ed498b2dd7f4039,3,p3,3. Conservative,Coastal Electric plans rate increase,success,0.290355,0.104841,0.568158,0.0,0.234366,0.5,0.411081,0.0,0.027976,0.05153,0.021596,0.010803
simulation_ui_20260918_000717_06_06_ppcc,06,06,PPCC,06 · PPCC,73939fe081f6d0ef3ed498b2dd7f4039,4,p4,4. Conservative,Coastal Electric plans rate increase,success,0.334551,0.132445,0.700603,0.0,0.234366,0.666667,0.424661,0.0,0.023391,0.055254,0.014784,0.000136
simulation_ui_20260918_000717_06_06_ppcc,06,06,PPCC,06 · PPCC,764d938e82fccdeec46aa43984936af9,1,p1,1. Progressive,Centre Highlights Border Infrastructure Push Through BADP and Vibrant Villages Programmes,success,0.363412,0.363412,0.363412,0.146108,0.227897,0.434658,0.628803,0.0,0.031571,0.023571,0.049212,0.021931
simulation_ui_20260918_000717_06_06_ppcc,06,06,PPCC,06 · PPCC,764d938e82fccdeec46aa43984936af9,2,p2,2. Progressive,Centre Highlights Border Infrastructure Push Through BADP and Vibrant Villages Programmes,success,0.406455,0.227351,0.590763,0.207048,0.374382,0.399363,0.62768,0.0,0.036265,0.025923,0.057555,0.025317
simulation_ui_20260918_000717_06_06_ppcc,06,06,PPCC,06 · PPCC,764d938e82fccdeec46aa43984936af9,3,p3,3. Conservative,Centre Highlights Border Infrastructure Push Through BADP and Vibrant Villages Programmes,success,0.378538,0.151432,0.742195,0.104102,0.408617,0.458805,0.526801,0.0,0.031636,0.0214,0.056463,0.017046
simulation_ui_20260918_000717_06_06_ppcc,06,06,PPCC,06 · PPCC,764d938e82fccdeec46aa43984936af9,4,p4,4. Conservative,Centre Highlights Border Infrastructure Push Through BADP and Vibrant Villages Programmes,success,0.412255,0.083438,0.825633,0.169642,0.446153,0.47042,0.54929,0.0,0.028582,0.01433,0.056175,0.015241
simulation_ui_20260918_000717_06_06_ppcc,06,06,PPCC,06 · PPCC,80a390c3c68815dadd42b1ea065fd1af,1,p1,1. Progressive,Contract OK’d to extend sidewalk repairs,success,0.202958,0.202958,0.202958,0.234396,0.538146,0.0,0.027897,0.0,0.017805,0.020575,0.00828,0.024561
simulation_ui_20260918_000717_06_06_ppcc,06,06,PPCC,06 · PPCC,80a390c3c68815dadd42b1ea065fd1af,2,p2,2. Progressive,Contract OK’d to extend sidewalk repairs,success,0.293143,0.114916,0.317874,0.234396,0.545156,0.333333,0.052256,0.0,0.013105,0.014401,0.008393,0.01652
simulation_ui_20260918_000717_06_06_ppcc,06,06,PPCC,06 · PPCC,80a390c3c68815dadd42b1ea065fd1af,3,p3,3. Conservative,Contract OK’d to extend sidewalk repairs,success,0.161261,0.199709,0.517583,0.234396,0.384175,0.0,0.018298,0.0,0.012155,0.003083,0.008741,0.02464
simulation_ui_20260918_000717_06_06_ppcc,06,06,PPCC,06 · PPCC,80a390c3c68815dadd42b1ea065fd1af,4,p4,4. Conservative,Contract OK’d to extend sidewalk repairs,success,0.268685,0.109392,0.626975,0.234396,0.384175,0.341302,0.106151,0.0,0.014855,0.001864,0.026882,0.01582
simulation_ui_20260918_000717_06_06_ppcc,06,06,PPCC,06 · PPCC,80e1561246e5483a76211bd892a06bcb,1,p1,1. Progressive,Aldi inches closer to being hit with unprecedented $15 policy at all locations in the state,success,0.324687,0.324687,0.324687,0.137313,0.521698,0.414893,0.218422,0.0,0.011857,0.018409,0.001899,0.015263
simulation_ui_20260918_000717_06_06_ppcc,06,06,PPCC,06 · PPCC,80e1561246e5483a76211bd892a06bcb,2,p2,2. Progressive,Aldi inches closer to being hit with unprecedented $15 policy at all locations in the state,success,0.349042,0.201188,0.525875,0.116595,0.60875,0.414893,0.24715,0.0,0.016803,0.029305,0.002899,0.018205
simulation_ui_20260918_000717_06_06_ppcc,06,06,PPCC,06 · PPCC,80e1561246e5483a76211bd892a06bcb,3,p3,3. Conservative,Aldi inches closer to being hit with unprecedented $15 policy at all locations in the state,success,0.29495,0.158603,0.684478,0.116595,0.55319,0.4,0.104623,0.0,0.009543,0.004793,0.013535,0.0103
simulation_ui_20260918_000717_06_06_ppcc,06,06,PPCC,06 · PPCC,80e1561246e5483a76211bd892a06bcb,4,p4,4. Conservative,Aldi inches closer to being hit with unprecedented $15 policy at all locations in the state,success,0.392006,0.261486,0.945964,0.137313,0.579546,0.4,0.441821,0.0,0.019139,0.033482,0.014004,0.00993
simulation_ui_20260918_000717_06_06_ppcc,06,06,PPCC,06 · PPCC,954401161f2ebcd5c5ec0961fa417e31,1,p1,1. Progressive,Biodiversity strategy is a must for mining companies,success,0.356331,0.356331,0.356331,0.154561,0.222336,0.5,0.534333,0.0,0.027222,0.034488,0.014335,0.032844
simulation_ui_20260918_000717_06_06_ppcc,06,06,PPCC,06 · PPCC,954401161f2ebcd5c5ec0961fa417e31,2,p2,2. Progressive,Biodiversity strategy is a must for mining companies,success,0.455753,0.302993,0.659324,0.117532,0.554068,0.6,0.540845,0.0,0.024153,0.041531,0.00951,0.021417
simulation_ui_20260918_000717_06_06_ppcc,06,06,PPCC,06 · PPCC,954401161f2ebcd5c5ec0961fa417e31,3,p3,3. Conservative,Biodiversity strategy is a must for mining companies,success,0.435895,0.074082,0.733406,0.117532,0.477021,0.6,0.538273,0.0,0.023718,0.029125,0.016389,0.02564
simulation_ui_20260918_000717_06_06_ppcc,06,06,PPCC,06 · PPCC,954401161f2ebcd5c5ec0961fa417e31,4,p4,4. Conservative,Biodiversity strategy is a must for mining companies,success,0.480095,0.131911,0.865317,0.117532,0.658181,0.6,0.534597,0.0,0.024091,0.042323,0.013076,0.016873
simulation_ui_20260918_000717_06_06_ppcc,06,06,PPCC,06 · PPCC,96039628b3a89f4a9134fd1dc3b666d7,1,p1,1. Progressive,Air travel to become expensive from April 1? Civil Aviation Minister clarifies amid Middle East crisis,success,0.25563,0.25563,0.25563,0.21663,0.27844,0.109693,0.392237,0.0,0.042492,0.027502,0.061428,0.038545
simulation_ui_20260918_000717_06_06_ppcc,06,06,PPCC,06 · PPCC,96039628b3a89f4a9134fd1dc3b666d7,2,p2,2. Progressive,Air travel to become expensive from April 1? Civil Aviation Minister clarifies amid Middle East crisis,success,0.209465,0.220518,0.476148,0.125824,0.198788,0.059241,0.432419,0.0,0.033904,0.030499,0.052051,0.019162
simulation_ui_20260918_000717_06_06_ppcc,06,06,PPCC,06 · PPCC,96039628b3a89f4a9134fd1dc3b666d7,3,p3,3. Conservative,Air travel to become expensive from April 1? Civil Aviation Minister clarifies amid Middle East crisis,success,0.546585,0.453131,0.929279,1.0,0.536229,0.055604,0.579824,0.0,0.040149,0.037585,0.071427,0.011435
simulation_ui_20260918_000717_06_06_ppcc,06,06,PPCC,06 · PPCC,96039628b3a89f4a9134fd1dc3b666d7,4,p4,4. Conservative,Air travel to become expensive from April 1? Civil Aviation Minister clarifies amid Middle East crisis,success,0.293833,0.500272,1.429551,0.115817,0.601805,0.0,0.43461,0.0,0.040557,0.029801,0.076349,0.01552
simulation_ui_20260918_000717_06_06_ppcc,06,06,PPCC,06 · PPCC,9dee564f6a8f10132f19e6a4b2b8e1a7,1,p1,1. Progressive,"Better and Coinbase Launch the First Token-Backed, Conforming Mortgage",success,0.159934,0.159934,0.159934,0.0,0.427764,0.0,0.19782,0.0,0.020969,0.016238,0.028904,0.017765
simulation_ui_20260918_000717_06_06_ppcc,06,06,PPCC,06 · PPCC,9dee564f6a8f10132f19e6a4b2b8e1a7,2,p2,2. Progressive,"Better and Coinbase Launch the First Token-Backed, Conforming Mortgage",success,0.206058,0.130253,0.290187,0.0,0.45052,0.091451,0.271539,0.0,0.016827,0.008321,0.028737,0.013424
simulation_ui_20260918_000717_06_06_ppcc,06,06,PPCC,06 · PPCC,9dee564f6a8f10132f19e6a4b2b8e1a7,3,p3,3. Conservative,"Better and Coinbase Launch the First Token-Backed, Conforming Mortgage",success,0.229639,0.170373,0.46056,0.11115,0.427764,0.0,0.368286,0.0,0.018362,0.009504,0.032728,0.012855
simulation_ui_20260918_000717_06_06_ppcc,06,06,PPCC,06 · PPCC,9dee564f6a8f10132f19e6a4b2b8e1a7,4,p4,4. Conservative,"Better and Coinbase Launch the First Token-Backed, Conforming Mortgage",success,0.241307,0.094864,0.555424,0.11115,0.387426,0.104986,0.351832,0.0,0.016149,0.010742,0.028262,0.009442
simulation_ui_20260918_000717_06_06_ppcc,06,06,PPCC,06 · PPCC,a83c7d9bd4c9948f8104f95aa8914a60,1,p1,1. Progressive,Another cinema in Singapore is closing... but the big,success,0.210909,0.210909,0.210909,0.206432,0.257691,0.285714,0.084565,0.0,0.014588,0.039809,0.003479,0.000476
simulation_ui_20260918_000717_06_06_ppcc,06,06,PPCC,06 · PPCC,a83c7d9bd4c9948f8104f95aa8914a60,2,p2,2. Progressive,Another cinema in Singapore is closing... but the big,success,0.268567,0.12086,0.331769,0.21779,0.363334,0.285714,0.20069,0.0,0.011494,0.025901,0.003581,0.004999
simulation_ui_20260918_000717_06_06_ppcc,06,06,PPCC,06 · PPCC,a83c7d9bd4c9948f8104f95aa8914a60,3,p3,3. Conservative,Another cinema in Singapore is closing... but the big,success,0.220682,0.144188,0.475957,0.185497,0.178065,0.285714,0.228728,0.0,0.007563,0.013202,0.000802,0.008686
simulation_ui_20260918_000717_06_06_ppcc,06,06,PPCC,06 · PPCC,a83c7d9bd4c9948f8104f95aa8914a60,4,p4,4. Conservative,Another cinema in Singapore is closing... but the big,success,0.286606,0.173731,0.649688,0.229764,0.323775,0.285714,0.301191,0.0,0.010457,0.018068,0.006649,0.006655
simulation_ui_20260918_000717_06_06_ppcc,06,06,PPCC,06 · PPCC,b8147bef700007b0dbccc9eaf88c04ac,1,p1,1. Progressive,CLEO Expands Its Reach as Crypto Prop Traders Rally Around the Prop Firm Trading Platform Built for Them,success,0.215192,0.215192,0.215192,0.177767,0.18128,0.116442,0.375965,0.0,0.014793,0.02333,0.006209,0.014841
simulation_ui_20260918_000717_06_06_ppcc,06,06,PPCC,06 · PPCC,b8147bef700007b0dbccc9eaf88c04ac,2,p2,2. Progressive,CLEO Expands Its Reach as Crypto Prop Traders Rally Around the Prop Firm Trading Platform Built for Them,success,0.277976,0.138049,0.353241,0.191432,0.499079,0.116442,0.297507,0.0,0.012852,0.019405,0.016016,0.003136
simulation_ui_20260918_000717_06_06_ppcc,06,06,PPCC,06 · PPCC,b8147bef700007b0dbccc9eaf88c04ac,3,p3,3. Conservative,CLEO Expands Its Reach as Crypto Prop Traders Rally Around the Prop Firm Trading Platform Built for Them,success,0.172108,0.185522,0.538763,0.1866,0.346311,0.116442,0.030113,0.0,0.0135,0.022227,0.010632,0.007642
simulation_ui_20260918_000717_06_06_ppcc,06,06,PPCC,06 · PPCC,b8147bef700007b0dbccc9eaf88c04ac,4,p4,4. Conservative,CLEO Expands Its Reach as Crypto Prop Traders Rally Around the Prop Firm Trading Platform Built for Them,success,0.23492,0.118165,0.656928,0.194741,0.348427,0.116442,0.269428,0.0,0.017328,0.028154,0.020069,0.003762
simulation_ui_20260918_000717_06_06_ppcc,06,06,PPCC,06 · PPCC,c24889258ff4d93fcb33d3ad9328f7e5,1,p1,1. Progressive,Clearlake buys Qualus from New Mountain amid soaring power demand; KKR’s exit provides CoolIT employees with handsome payout,success,0.272755,0.272755,0.272755,0.03049,0.495707,0.142857,0.397927,0.0,0.040977,0.043681,0.042088,0.037161
simulation_ui_20260918_000717_06_06_ppcc,06,06,PPCC,06 · PPCC,c24889258ff4d93fcb33d3ad9328f7e5,2,p2,2. Progressive,Clearlake buys Qualus from New Mountain amid soaring power demand; KKR’s exit provides CoolIT employees with handsome payout,success,0.184949,0.191414,0.464169,0.0,0.376109,0.0,0.338738,0.0,0.037971,0.033697,0.044855,0.03536
simulation_ui_20260918_000717_06_06_ppcc,06,06,PPCC,06 · PPCC,c24889258ff4d93fcb33d3ad9328f7e5,3,p3,3. Conservative,Clearlake buys Qualus from New Mountain amid soaring power demand; KKR’s exit provides CoolIT employees with handsome payout,success,0.346446,0.300459,0.764628,0.551118,0.437548,0.0,0.377918,0.0,0.036454,0.034368,0.04869,0.026303
simulation_ui_20260918_000717_06_06_ppcc,06,06,PPCC,06 · PPCC,c24889258ff4d93fcb33d3ad9328f7e5,4,p4,4. Conservative,Clearlake buys Qualus from New Mountain amid soaring power demand; KKR’s exit provides CoolIT employees with handsome payout,success,0.385722,0.11542,0.880048,0.559538,0.418763,0.0,0.546007,0.0,0.037523,0.034212,0.04893,0.029428
simulation_ui_20260918_000717_06_06_ppcc,06,06,PPCC,06 · PPCC,c431d4ae9339f97a7ca5409d975805a3,1,p1,1. Progressive,Anavex Life Sciences Stock Is Deeply Oversold. Should You Buy the Dip?,success,0.215717,0.215717,0.215717,0.050703,0.377257,0.270193,0.15373,0.0,0.017446,0.039374,0.010803,0.00216
simulation_ui_20260918_000717_06_06_ppcc,06,06,PPCC,06 · PPCC,c431d4ae9339f97a7ca5409d975805a3,2,p2,2. Progressive,Anavex Life Sciences Stock Is Deeply Oversold. Should You Buy the Dip?,success,0.235142,0.32279,0.538507,0.256749,0.440695,0.027043,0.210392,0.0,0.009283,0.019701,0.004365,0.003783
simulation_ui_20260918_000717_06_06_ppcc,06,06,PPCC,06 · PPCC,c431d4ae9339f97a7ca5409d975805a3,3,p3,3. Conservative,Anavex Life Sciences Stock Is Deeply Oversold. Should You Buy the Dip?,success,0.300913,0.30477,0.843277,0.404585,0.242477,0.364632,0.181386,0.0,0.018835,0.036933,0.011409,0.008163
simulation_ui_20260918_000717_06_06_ppcc,06,06,PPCC,06 · PPCC,c431d4ae9339f97a7ca5409d975805a3,4,p4,4. Conservative,Anavex Life Sciences Stock Is Deeply Oversold. Should You Buy the Dip?,success,0.263161,0.190598,1.033875,0.181416,0.394956,0.256613,0.207683,0.0,0.020232,0.037126,0.014991,0.008578
simulation_ui_20260918_000717_06_06_ppcc,06,06,PPCC,06 · PPCC,ce21e05271d5e7a4e182ceb46e706964,1,p1,1. Progressive,"Arizona opinion: European mandate means costlier food, groceries",success,0.351082,0.351082,0.351082,0.0,0.420146,0.365597,0.612021,0.0,0.012609,0.014866,0.011398,0.011564
simulation_ui_20260918_000717_06_06_ppcc,06,06,PPCC,06 · PPCC,ce21e05271d5e7a4e182ceb46e706964,2,p2,2. Progressive,"Arizona opinion: European mandate means costlier food, groceries",success,0.385758,0.365388,0.71647,0.167753,0.675426,0.274198,0.416122,0.0,0.019326,0.022442,0.012475,0.023062
simulation_ui_20260918_000717_06_06_ppcc,06,06,PPCC,06 · PPCC,ce21e05271d5e7a4e182ceb46e706964,3,p3,3. Conservative,"Arizona opinion: European mandate means costlier food, groceries",success,0.451384,0.352642,1.069112,0.602348,0.440086,0.271136,0.488272,0.0,0.008403,0.012728,0.005504,0.006976
simulation_ui_20260918_000717_06_06_ppcc,06,06,PPCC,06 · PPCC,ce21e05271d5e7a4e182ceb46e706964,4,p4,4. Conservative,"Arizona opinion: European mandate means costlier food, groceries",success,0.432256,0.16499,1.234102,0.560453,0.429435,0.271136,0.461982,0.0,0.013214,0.004877,0.017196,0.017569
simulation_ui_20260918_000717_06_06_ppcc,06,06,PPCC,06 · PPCC,d66c6c1dfd9c66c9f17f51b8a1ecc92d,1,p1,1. Progressive,"Cadre Holdings to Acquire Assets of Tedder Industries, Including Alien Gear Holsters",success,0.067917,0.067917,0.067917,0.0,0.0,0.0,0.268107,0.0,0.00477,0.004714,0.007005,0.002592
simulation_ui_20260918_000717_06_06_ppcc,06,06,PPCC,06 · PPCC,d66c6c1dfd9c66c9f17f51b8a1ecc92d,2,p2,2. Progressive,"Cadre Holdings to Acquire Assets of Tedder Industries, Including Alien Gear Holsters",success,0.13572,0.173877,0.241794,0.0,0.27247,0.0,0.264634,0.0,0.008337,0.010452,0.00429,0.010269
simulation_ui_20260918_000717_06_06_ppcc,06,06,PPCC,06 · PPCC,d66c6c1dfd9c66c9f17f51b8a1ecc92d,3,p3,3. Conservative,"Cadre Holdings to Acquire Assets of Tedder Industries, Including Alien Gear Holsters",success,0.149591,0.121403,0.363197,0.017402,0.290503,0.0,0.282296,0.0,0.01197,0.006183,0.012398,0.01733
simulation_ui_20260918_000717_06_06_ppcc,06,06,PPCC,06 · PPCC,d66c6c1dfd9c66c9f17f51b8a1ecc92d,4,p4,4. Conservative,"Cadre Holdings to Acquire Assets of Tedder Industries, Including Alien Gear Holsters",success,0.092948,0.090549,0.453746,0.0,0.357936,0.0,0.004978,0.0,0.012206,0.004067,0.017059,0.015493
simulation_ui_20260918_000717_06_06_ppcc,06,06,PPCC,06 · PPCC,de1ef9dc3d1297e42a2fb05392a32d49,1,p1,1. Progressive,Constellation Software Inc. (CSU) to Issue Quarterly Dividend of $1.00 on April 15th,success,0.125551,0.125551,0.125551,0.087876,0.313996,0.088043,0.008184,0.0,0.005863,0.005402,0.011706,0.00048
simulation_ui_20260918_000717_06_06_ppcc,06,06,PPCC,06 · PPCC,de1ef9dc3d1297e42a2fb05392a32d49,2,p2,2. Progressive,Constellation Software Inc. (CSU) to Issue Quarterly Dividend of $1.00 on April 15th,success,0.22264,0.191523,0.317074,0.107112,0.322151,0.115501,0.341516,0.0,0.006872,0.000376,0.013697,0.006542
simulation_ui_20260918_000717_06_06_ppcc,06,06,PPCC,06 · PPCC,de1ef9dc3d1297e42a2fb05392a32d49,3,p3,3. Conservative,Constellation Software Inc. (CSU) to Issue Quarterly Dividend of $1.00 on April 15th,success,0.355046,0.216682,0.533756,0.104234,0.689213,0.281536,0.341516,0.0,0.007131,0.000942,0.017041,0.003409
simulation_ui_20260918_000717_06_06_ppcc,06,06,PPCC,06 · PPCC,de1ef9dc3d1297e42a2fb05392a32d49,4,p4,4. Conservative,Constellation Software Inc. (CSU) to Issue Quarterly Dividend of $1.00 on April 15th,success,0.123808,0.276595,0.810351,0.0,0.401332,0.088043,0.0,0.0,0.008342,0.000312,0.0208,0.003915
simulation_ui_20260918_000717_06_06_ppcc,06,06,PPCC,06 · PPCC,e0d8c78139dd28d077ec2c768043d7ca,1,p1,1. Progressive,Change in LHV Group Audit Committee,success,0.204274,0.204274,0.204274,0.011047,0.420562,0.0,0.38379,0.0,0.002667,0.001141,0.003881,0.00298
simulation_ui_20260918_000717_06_06_ppcc,06,06,PPCC,06 · PPCC,e0d8c78139dd28d077ec2c768043d7ca,2,p2,2. Progressive,Change in LHV Group Audit Committee,success,0.139228,0.236565,0.440839,0.0,0.355957,0.003154,0.186824,0.0,0.015888,0.002103,0.019142,0.026419
simulation_ui_20260918_000717_06_06_ppcc,06,06,PPCC,06 · PPCC,e0d8c78139dd28d077ec2c768043d7ca,3,p3,3. Conservative,Change in LHV Group Audit Committee,success,0.138419,0.009571,0.45041,0.0,0.355957,0.003154,0.170412,0.0,0.0348,0.020756,0.034517,0.049128
simulation_ui_20260918_000717_06_06_ppcc,06,06,PPCC,06 · PPCC,e0d8c78139dd28d077ec2c768043d7ca,4,p4,4. Conservative,Change in LHV Group Audit Committee,success,0.18385,0.071534,0.521944,0.019831,0.496196,0.003154,0.189612,0.0,0.040422,0.025184,0.043275,0.052807
simulation_ui_20260918_000717_06_06_ppcc,06,06,PPCC,06 · PPCC,e42774600d5c0fd2405b181105990603,1,p1,1. Progressive,Canada is losing more air traffic controllers than it’s hiring: aviation expert,success,0.251729,0.251729,0.251729,0.313982,0.506905,0.0,0.173754,0.0,0.020421,0.041769,0.00531,0.014185
simulation_ui_20260918_000717_06_06_ppcc,06,06,PPCC,06 · PPCC,e42774600d5c0fd2405b181105990603,2,p2,2. Progressive,Canada is losing more air traffic controllers than it’s hiring: aviation expert,success,0.335407,0.189866,0.441595,0.266255,0.518965,0.0,0.54541,0.0,0.020598,0.035007,0.015023,0.011763
simulation_ui_20260918_000717_06_06_ppcc,06,06,PPCC,06 · PPCC,e42774600d5c0fd2405b181105990603,3,p3,3. Conservative,Canada is losing more air traffic controllers than it’s hiring: aviation expert,success,0.327098,0.161786,0.603381,0.266255,0.506905,0.068835,0.456808,0.0,0.017749,0.034843,0.013433,0.004971
simulation_ui_20260918_000717_06_06_ppcc,06,06,PPCC,06 · PPCC,e42774600d5c0fd2405b181105990603,4,p4,4. Conservative,Canada is losing more air traffic controllers than it’s hiring: aviation expert,success,0.485253,0.435823,1.039204,1.0,0.431272,0.0,0.504466,0.0,0.012773,0.016415,0.006027,0.015877
simulation_ui_20260918_000717_06_06_ppcc,06,06,PPCC,06 · PPCC,e68862b7bac57065b34e1018a51ce3f2,1,p1,1. Progressive,"Cruisebound Launches ""Search by Map,"" Redefining How Travelers Discover Cruises",success,0.17279,0.17279,0.17279,0.068159,0.448122,0.0,0.153421,0.0,0.032214,0.009343,0.059965,0.027334
simulation_ui_20260918_000717_06_06_ppcc,06,06,PPCC,06 · PPCC,e68862b7bac57065b34e1018a51ce3f2,2,p2,2. Progressive,"Cruisebound Launches ""Search by Map,"" Redefining How Travelers Discover Cruises",success,0.219043,0.164582,0.337372,0.062872,0.297377,0.333333,0.161037,0.0,0.034261,0.018961,0.062588,0.021233
simulation_ui_20260918_000717_06_06_ppcc,06,06,PPCC,06 · PPCC,e68862b7bac57065b34e1018a51ce3f2,3,p3,3. Conservative,"Cruisebound Launches ""Search by Map,"" Redefining How Travelers Discover Cruises",success,0.197773,0.187186,0.524558,0.068159,0.543374,0.0,0.155522,0.0,0.037173,0.021769,0.068486,0.021264
simulation_ui_20260918_000717_06_06_ppcc,06,06,PPCC,06 · PPCC,e68862b7bac57065b34e1018a51ce3f2,4,p4,4. Conservative,"Cruisebound Launches ""Search by Map,"" Redefining How Travelers Discover Cruises",success,0.172973,0.039816,0.564374,0.068159,0.448122,0.0,0.155522,0.0,0.03018,0.017105,0.062505,0.010929
simulation_ui_20260918_000717_06_06_ppcc,06,06,PPCC,06 · PPCC,ea67fb6d8317500951f4bf21966a33ea,1,p1,1. Progressive,China's 'Africa Diaper King' Delivers Strong Annual Profit Post-IPO,success,0.180833,0.180833,0.180833,0.15976,0.303375,0.0,0.254542,0.0,0.008612,0.006338,0.011367,0.008132
simulation_ui_20260918_000717_06_06_ppcc,06,06,PPCC,06 · PPCC,ea67fb6d8317500951f4bf21966a33ea,2,p2,2. Progressive,China's 'Africa Diaper King' Delivers Strong Annual Profit Post-IPO,success,0.281475,0.229986,0.410819,0.202297,0.462695,0.298427,0.155716,0.0,0.011741,0.000812,0.026866,0.007544
simulation_ui_20260918_000717_06_06_ppcc,06,06,PPCC,06 · PPCC,ea67fb6d8317500951f4bf21966a33ea,3,p3,3. Conservative,China's 'Africa Diaper King' Delivers Strong Annual Profit Post-IPO,success,0.265581,0.271906,0.682725,0.196215,0.420599,0.142857,0.295343,0.0,0.01241,0.001218,0.028202,0.007811
simulation_ui_20260918_000717_06_06_ppcc,06,06,PPCC,06 · PPCC,ea67fb6d8317500951f4bf21966a33ea,4,p4,4. Conservative,China's 'Africa Diaper King' Delivers Strong Annual Profit Post-IPO,success,0.240399,0.339088,1.021813,0.14861,0.406034,0.276394,0.126287,0.0,0.007019,0.003001,0.017222,0.000833
simulation_ui_20260918_000717_06_06_ppcc,06,06,PPCC,06 · PPCC,edd97daf51d7e0bb7d9da3f3e2c9bfa8,1,p1,1. Progressive,Amazon and Walmart fined for selling banned refrigerant in Washington state,success,0.196034,0.196034,0.196034,0.0,0.319204,0.25,0.210844,0.0,0.006345,0.001299,0.002791,0.014944
simulation_ui_20260918_000717_06_06_ppcc,06,06,PPCC,06 · PPCC,edd97daf51d7e0bb7d9da3f3e2c9bfa8,2,p2,2. Progressive,Amazon and Walmart fined for selling banned refrigerant in Washington state,success,0.153817,0.205576,0.40161,0.010947,0.313228,0.0,0.284253,0.0,0.010082,0.003246,0.008325,0.018675
simulation_ui_20260918_000717_06_06_ppcc,06,06,PPCC,06 · PPCC,edd97daf51d7e0bb7d9da3f3e2c9bfa8,3,p3,3. Conservative,Amazon and Walmart fined for selling banned refrigerant in Washington state,success,0.159306,0.006474,0.408084,0.010947,0.313228,0.0,0.284253,0.0,0.042451,0.06198,0.018128,0.047246
simulation_ui_20260918_000717_06_06_ppcc,06,06,PPCC,06 · PPCC,edd97daf51d7e0bb7d9da3f3e2c9bfa8,4,p4,4. Conservative,Amazon and Walmart fined for selling banned refrigerant in Washington state,success,0.172843,0.149181,0.557265,0.010947,0.355163,0.0,0.304619,0.0,0.031002,0.032033,0.02151,0.039464
simulation_ui_20260918_000717_06_06_ppcc,06,06,PPCC,06 · PPCC,efc05dd0bbe1b970e1f97452c3e0b5a4,1,p1,1. Progressive,Blackstone (BX) Slipped Amid Private Credit Concerns Despite Strong Long-Term Outlook,success,0.230661,0.230661,0.230661,0.111593,0.286007,0.2,0.32344,0.0,0.002605,0.001356,0.002898,0.003561
simulation_ui_20260918_000717_06_06_ppcc,06,06,PPCC,06 · PPCC,efc05dd0bbe1b970e1f97452c3e0b5a4,2,p2,2. Progressive,Blackstone (BX) Slipped Amid Private Credit Concerns Despite Strong Long-Term Outlook,success,0.110645,0.170259,0.40092,0.019231,0.352518,0.0,0.06289,0.0,0.011136,0.022466,0.010655,0.000287
simulation_ui_20260918_000717_06_06_ppcc,06,06,PPCC,06 · PPCC,efc05dd0bbe1b970e1f97452c3e0b5a4,3,p3,3. Conservative,Blackstone (BX) Slipped Amid Private Credit Concerns Despite Strong Long-Term Outlook,success,0.162632,0.171286,0.572206,0.071911,0.247059,0.0,0.319641,0.0,0.017725,0.008897,0.02659,0.017688
simulation_ui_20260918_000717_06_06_ppcc,06,06,PPCC,06 · PPCC,efc05dd0bbe1b970e1f97452c3e0b5a4,4,p4,4. Conservative,Blackstone (BX) Slipped Amid Private Credit Concerns Despite Strong Long-Term Outlook,success,0.175907,0.062454,0.63466,0.071911,0.300007,0.0,0.319641,0.0,0.01824,0.012332,0.018018,0.024369
simulation_ui_20260918_000717_06_06_ppcc,06,06,PPCC,06 · PPCC,f46dd28ab257311f8706feca1dc99708,1,p1,1. Progressive,Bevvy: Downtown’s New ‘Dirty’ Soda,success,0.056719,0.056719,0.056719,0.030477,0.171097,0.0,0.010463,0.0,0.019587,0.014048,0.034754,0.00996
simulation_ui_20260918_000717_06_06_ppcc,06,06,PPCC,06 · PPCC,f46dd28ab257311f8706feca1dc99708,2,p2,2. Progressive,Bevvy: Downtown’s New ‘Dirty’ Soda,success,0.142112,0.093852,0.150571,0.066753,0.477737,0.0,0.010463,0.0,0.019587,0.014048,0.034754,0.00996
simulation_ui_20260918_000717_06_06_ppcc,06,06,PPCC,06 · PPCC,f46dd28ab257311f8706feca1dc99708,3,p3,3. Conservative,Bevvy: Downtown’s New ‘Dirty’ Soda,success,0.17529,0.14167,0.292241,0.06859,0.361749,0.0,0.257847,0.0,0.019587,0.014048,0.034754,0.00996
simulation_ui_20260918_000717_06_06_ppcc,06,06,PPCC,06 · PPCC,f46dd28ab257311f8706feca1dc99708,4,p4,4. Conservative,Bevvy: Downtown’s New ‘Dirty’ Soda,success,0.123548,0.165687,0.457928,0.030477,0.439464,0.0,0.010463,0.0,0.019587,0.014048,0.034754,0.00996
simulation_ui_20260918_000717_06_06_ppcc,06,06,PPCC,06 · PPCC,f7a4ad54b51a7d28de6970e46285b0f2,1,p1,1. Progressive,5G Services Market Surges to $497.24 billion by 2028 | CAGR 19.3%,success,0.300968,0.300968,0.300968,0.0,0.567633,0.333333,0.292774,0.0,0.018055,0.025091,0.019898,0.009176
simulation_ui_20260918_000717_06_06_ppcc,06,06,PPCC,06 · PPCC,f7a4ad54b51a7d28de6970e46285b0f2,2,p2,2. Progressive,5G Services Market Surges to $497.24 billion by 2028 | CAGR 19.3%,success,0.555922,0.581771,0.882739,1.0,0.806083,0.0,0.412451,0.0,0.01447,0.002321,0.029291,0.011799
simulation_ui_20260918_000717_06_06_ppcc,06,06,PPCC,06 · PPCC,f7a4ad54b51a7d28de6970e46285b0f2,3,p3,3. Conservative,5G Services Market Surges to $497.24 billion by 2028 | CAGR 19.3%,success,0.471677,0.135366,1.018105,1.0,0.470094,0.0,0.412451,0.0,0.009828,0.011725,0.014693,0.003066
simulation_ui_20260918_000717_06_06_ppcc,06,06,PPCC,06 · PPCC,f7a4ad54b51a7d28de6970e46285b0f2,4,p4,4. Conservative,5G Services Market Surges to $497.24 billion by 2028 | CAGR 19.3%,success,0.171607,0.396533,1.414638,0.0,0.456962,0.0,0.21569,0.0,0.020704,0.011943,0.032788,0.01738
simulation_ui_20260918_000717_06_06_ppcc,06,06,PPCC,06 · PPCC,ff437d173cf94bd173d62a3ee1c4dc9e,1,p1,1. Progressive,Deputy minister: Belarus is among global leaders in dairy and meat exports,success,0.18736,0.18736,0.18736,0.020357,0.313326,0.32483,0.083952,0.0,0.010709,0.006953,0.016924,0.008249
simulation_ui_20260918_000717_06_06_ppcc,06,06,PPCC,06 · PPCC,ff437d173cf94bd173d62a3ee1c4dc9e,2,p2,2. Progressive,Deputy minister: Belarus is among global leaders in dairy and meat exports,success,0.177621,0.058574,0.245934,0.020357,0.345707,0.25,0.085366,0.0,0.013725,0.009436,0.016788,0.014951
simulation_ui_20260918_000717_06_06_ppcc,06,06,PPCC,06 · PPCC,ff437d173cf94bd173d62a3ee1c4dc9e,3,p3,3. Conservative,Deputy minister: Belarus is among global leaders in dairy and meat exports,success,0.177131,0.161023,0.406957,0.056309,0.182446,0.328831,0.137212,0.0,0.005655,0.005222,0.000145,0.011597
simulation_ui_20260918_000717_06_06_ppcc,06,06,PPCC,06 · PPCC,ff437d173cf94bd173d62a3ee1c4dc9e,4,p4,4. Conservative,Deputy minister: Belarus is among global leaders in dairy and meat exports,success,0.110694,0.097848,0.504805,0.056309,0.0,0.25,0.131303,0.0,0.007246,0.003865,0.002751,0.015123
simulation_ui_20260918_000717_07_07_cpcp,07,07,CPCP,07 · CPCP,03d15c304dd6358c32fe4fdcb841b43a,1,p1,1. Conservative,"APO INVESTOR DEADLINE APPROACHING: Faruqi & Faruqi, LLP Reminds Apollo Global Management (APO) Investors of Securities Class Action Deadline on May 1, 2026",success,0.219256,0.219256,0.219256,0.0,0.306192,0.2,0.365958,0.0,0.00779,0.00849,0.005827,0.009054
simulation_ui_20260918_000717_07_07_cpcp,07,07,CPCP,07 · CPCP,03d15c304dd6358c32fe4fdcb841b43a,2,p2,2. Progressive,"APO INVESTOR DEADLINE APPROACHING: Faruqi & Faruqi, LLP Reminds Apollo Global Management (APO) Investors of Securities Class Action Deadline on May 1, 2026",success,0.20189,0.166582,0.385838,0.0,0.504853,0.0,0.298011,0.0,0.007342,0.011212,0.006466,0.004349
simulation_ui_20260918_000717_07_07_cpcp,07,07,CPCP,07 · CPCP,03d15c304dd6358c32fe4fdcb841b43a,3,p3,3. Conservative,"APO INVESTOR DEADLINE APPROACHING: Faruqi & Faruqi, LLP Reminds Apollo Global Management (APO) Investors of Securities Class Action Deadline on May 1, 2026",success,0.158893,0.100841,0.486679,0.0,0.323972,0.0,0.306655,0.0,0.007339,0.010584,0.006744,0.004688
simulation_ui_20260918_000717_07_07_cpcp,07,07,CPCP,07 · CPCP,03d15c304dd6358c32fe4fdcb841b43a,4,p4,4. Progressive,"APO INVESTOR DEADLINE APPROACHING: Faruqi & Faruqi, LLP Reminds Apollo Global Management (APO) Investors of Securities Class Action Deadline on May 1, 2026",success,0.138199,0.094495,0.581174,0.0,0.299112,0.0,0.247016,0.0,0.009652,0.015362,0.010403,0.003192
simulation_ui_20260918_000717_07_07_cpcp,07,07,CPCP,07 · CPCP,03d1d324c6615b5fbc7455135584ac57,1,p1,1. Conservative,Canadian Imperial Bank of Commerce (CM) To Go Ex-Dividend on March 27th,success,0.262539,0.262539,0.262539,0.188439,0.468201,0.333333,0.056772,0.0,0.005773,0.004829,0.010727,0.001764
simulation_ui_20260918_000717_07_07_cpcp,07,07,CPCP,07 · CPCP,03d1d324c6615b5fbc7455135584ac57,2,p2,2. Progressive,Canadian Imperial Bank of Commerce (CM) To Go Ex-Dividend on March 27th,success,0.250127,0.085907,0.348446,0.188439,0.380572,0.333333,0.095407,0.0,0.00459,0.001435,0.009685,0.00265
simulation_ui_20260918_000717_07_07_cpcp,07,07,CPCP,07 · CPCP,03d1d324c6615b5fbc7455135584ac57,3,p3,3. Conservative,Canadian Imperial Bank of Commerce (CM) To Go Ex-Dividend on March 27th,success,0.29894,0.188768,0.537214,0.11812,0.458441,0.333333,0.283923,0.0,0.003459,0.002306,0.005892,0.002179
simulation_ui_20260918_000717_07_07_cpcp,07,07,CPCP,07 · CPCP,03d1d324c6615b5fbc7455135584ac57,4,p4,4. Progressive,Canadian Imperial Bank of Commerce (CM) To Go Ex-Dividend on March 27th,success,0.284105,0.179651,0.716865,0.188439,0.349271,0.333333,0.264153,0.0,0.002138,0.002375,0.002568,0.00147
simulation_ui_20260918_000717_07_07_cpcp,07,07,CPCP,07 · CPCP,0883a2f27500aaeca578c2b397002506,1,p1,1. Conservative,'A crater': Pollster says Trump suffers 'objective measure' of 'failed presidency',success,0.193677,0.193677,0.193677,0.112956,0.139851,0.23445,0.274596,0.0,0.019847,0.03335,0.017437,0.008753
simulation_ui_20260918_000717_07_07_cpcp,07,07,CPCP,07 · CPCP,0883a2f27500aaeca578c2b397002506,2,p2,2. Progressive,'A crater': Pollster says Trump suffers 'objective measure' of 'failed presidency',success,0.174176,0.124782,0.318459,0.088275,0.136766,0.23445,0.227389,0.0,0.014826,0.015566,0.020891,0.008021
simulation_ui_20260918_000717_07_07_cpcp,07,07,CPCP,07 · CPCP,0883a2f27500aaeca578c2b397002506,3,p3,3. Conservative,'A crater': Pollster says Trump suffers 'objective measure' of 'failed presidency',success,0.20537,0.193129,0.511588,0.154325,0.074269,0.23445,0.354801,0.0,0.005713,0.000614,0.009771,0.006753
simulation_ui_20260918_000717_07_07_cpcp,07,07,CPCP,07 · CPCP,0883a2f27500aaeca578c2b397002506,4,p4,4. Progressive,'A crater': Pollster says Trump suffers 'objective measure' of 'failed presidency',success,0.240581,0.195749,0.707337,0.14123,0.205732,0.270485,0.340186,0.0,0.007711,0.001288,0.00929,0.012554
simulation_ui_20260918_000717_07_07_cpcp,07,07,CPCP,07 · CPCP,0b30ae6eaf7bab834a4906766ba2ecb2,1,p1,1. Conservative,Britain introduces “plug-in” solar panels for homes to tackle the energy crisis caused by the war in Iran,success,0.256701,0.256701,0.256701,0.024277,0.334925,0.2,0.458901,0.0,0.01459,0.00115,0.034943,0.007677
simulation_ui_20260918_000717_07_07_cpcp,07,07,CPCP,07 · CPCP,0b30ae6eaf7bab834a4906766ba2ecb2,2,p2,2. Progressive,Britain introduces “plug-in” solar panels for homes to tackle the energy crisis caused by the war in Iran,success,0.282016,0.184461,0.441162,0.093259,0.41795,0.2,0.409276,0.0,0.013161,0.00662,0.031332,0.001531
simulation_ui_20260918_000717_07_07_cpcp,07,07,CPCP,07 · CPCP,0b30ae6eaf7bab834a4906766ba2ecb2,3,p3,3. Conservative,Britain introduces “plug-in” solar panels for homes to tackle the energy crisis caused by the war in Iran,success,0.265092,0.095495,0.536657,0.06765,0.378115,0.2,0.407479,0.0,0.012085,0.009853,0.016735,0.009667
simulation_ui_20260918_000717_07_07_cpcp,07,07,CPCP,07 · CPCP,0b30ae6eaf7bab834a4906766ba2ecb2,4,p4,4. Progressive,Britain introduces “plug-in” solar panels for homes to tackle the energy crisis caused by the war in Iran,success,0.313528,0.157918,0.694575,0.098659,0.436449,0.2,0.510101,0.0,0.016157,0.016791,0.020386,0.011294
simulation_ui_20260918_000717_07_07_cpcp,07,07,CPCP,07 · CPCP,0c84c580588b0f1f5c9070df32dfc5a6,1,p1,1. Conservative,"$1,000 ‘Dog Tax Credit’? Americans eye big payout — don’t miss this April date",success,0.322986,0.322986,0.322986,0.229664,0.443582,0.348366,0.255575,0.0,0.027096,0.041554,0.033328,0.006406
simulation_ui_20260918_000717_07_07_cpcp,07,07,CPCP,07 · CPCP,0c84c580588b0f1f5c9070df32dfc5a6,2,p2,2. Progressive,"$1,000 ‘Dog Tax Credit’? Americans eye big payout — don’t miss this April date",success,0.275206,0.242798,0.565784,0.114393,0.316637,0.348366,0.309395,0.0,0.020668,0.018176,0.029618,0.014211
simulation_ui_20260918_000717_07_07_cpcp,07,07,CPCP,07 · CPCP,0c84c580588b0f1f5c9070df32dfc5a6,3,p3,3. Conservative,"$1,000 ‘Dog Tax Credit’? Americans eye big payout — don’t miss this April date",success,0.271987,0.228262,0.794046,0.127307,0.25637,0.262852,0.423819,0.0,0.03004,0.041052,0.037959,0.011109
simulation_ui_20260918_000717_07_07_cpcp,07,07,CPCP,07 · CPCP,0c84c580588b0f1f5c9070df32dfc5a6,4,p4,4. Progressive,"$1,000 ‘Dog Tax Credit’? Americans eye big payout — don’t miss this April date",success,0.318076,0.230814,1.02486,0.117145,0.431133,0.268395,0.443246,0.0,0.022599,0.029755,0.029437,0.008604
simulation_ui_20260918_000717_07_07_cpcp,07,07,CPCP,07 · CPCP,0ccfe99f5612d8b22298e5942170415d,1,p1,1. Conservative,Cambria Tax Aware ETF (NASDAQ:TAX) Short Interest Down 67.0% in March,success,0.273973,0.273973,0.273973,0.009055,0.377432,0.465267,0.240014,0.0,0.007088,0.001832,0.016644,0.002788
simulation_ui_20260918_000717_07_07_cpcp,07,07,CPCP,07 · CPCP,0ccfe99f5612d8b22298e5942170415d,2,p2,2. Progressive,Cambria Tax Aware ETF (NASDAQ:TAX) Short Interest Down 67.0% in March,success,0.267075,0.164512,0.438485,0.023513,0.441411,0.465267,0.135937,0.0,0.003704,0.000529,0.010492,9e-05
simulation_ui_20260918_000717_07_07_cpcp,07,07,CPCP,07 · CPCP,0ccfe99f5612d8b22298e5942170415d,3,p3,3. Conservative,Cambria Tax Aware ETF (NASDAQ:TAX) Short Interest Down 67.0% in March,success,0.331616,0.220815,0.6593,0.017937,0.541114,0.333333,0.433512,0.0,0.001064,0.00128,0.000331,0.00158
simulation_ui_20260918_000717_07_07_cpcp,07,07,CPCP,07 · CPCP,0ccfe99f5612d8b22298e5942170415d,4,p4,4. Progressive,Cambria Tax Aware ETF (NASDAQ:TAX) Short Interest Down 67.0% in March,success,0.242589,0.208131,0.867431,0.017937,0.531419,0.281681,0.135937,0.0,0.005573,0.007767,0.001609,0.007342
simulation_ui_20260918_000717_07_07_cpcp,07,07,CPCP,07 · CPCP,11c9275c35fecd97efe0ba12a17b00da,1,p1,1. Conservative,CPA questions legal basis of GACL takeover of McDan Jet Terminal,success,0.123529,0.123529,0.123529,0.156484,0.128097,0.2,0.000778,0.0,0.012458,0.023191,0.000675,0.013509
simulation_ui_20260918_000717_07_07_cpcp,07,07,CPCP,07 · CPCP,11c9275c35fecd97efe0ba12a17b00da,2,p2,2. Progressive,CPA questions legal basis of GACL takeover of McDan Jet Terminal,success,0.246868,0.186718,0.310247,0.170495,0.298457,0.2,0.310996,0.0,0.012458,0.023191,0.000675,0.013509
simulation_ui_20260918_000717_07_07_cpcp,07,07,CPCP,07 · CPCP,11c9275c35fecd97efe0ba12a17b00da,3,p3,3. Conservative,CPA questions legal basis of GACL takeover of McDan Jet Terminal,success,0.195297,0.112783,0.42303,0.014373,0.275564,0.2,0.28321,0.0,0.012458,0.023191,0.000675,0.013509
simulation_ui_20260918_000717_07_07_cpcp,07,07,CPCP,07 · CPCP,11c9275c35fecd97efe0ba12a17b00da,4,p4,4. Progressive,CPA questions legal basis of GACL takeover of McDan Jet Terminal,success,0.230171,0.19739,0.62042,0.157536,0.374504,0.2,0.182535,0.0,0.0099,0.015341,0.002278,0.012081
simulation_ui_20260918_000717_07_07_cpcp,07,07,CPCP,07 · CPCP,11fde5af588f2d6f6a0c145a6d089324,1,p1,1. Conservative,"BSNL Posts ₹5,000 Crore Profit After 18 Years, Scindia Signals ₹10,000 Crore Target & India Post IPO Plans",success,0.184425,0.184425,0.184425,0.151638,0.320097,0.25,0.013579,0.0,0.003652,0.001673,0.002519,0.006764
simulation_ui_20260918_000717_07_07_cpcp,07,07,CPCP,07 · CPCP,11fde5af588f2d6f6a0c145a6d089324,2,p2,2. Progressive,"BSNL Posts ₹5,000 Crore Profit After 18 Years, Scindia Signals ₹10,000 Crore Target & India Post IPO Plans",success,0.281431,0.131509,0.315934,0.375745,0.464251,0.25,0.032871,0.0,0.004967,0.003868,0.004039,0.006993
simulation_ui_20260918_000717_07_07_cpcp,07,07,CPCP,07 · CPCP,11fde5af588f2d6f6a0c145a6d089324,3,p3,3. Conservative,"BSNL Posts ₹5,000 Crore Profit After 18 Years, Scindia Signals ₹10,000 Crore Target & India Post IPO Plans",success,0.229276,0.154567,0.470501,0.386379,0.491529,0.0,0.035672,0.0,0.005712,0.007815,0.00503,0.004291
simulation_ui_20260918_000717_07_07_cpcp,07,07,CPCP,07 · CPCP,11fde5af588f2d6f6a0c145a6d089324,4,p4,4. Progressive,"BSNL Posts ₹5,000 Crore Profit After 18 Years, Scindia Signals ₹10,000 Crore Target & India Post IPO Plans",success,0.169973,0.176417,0.646918,0.096361,0.512159,0.0,0.069438,0.0,0.002913,0.003794,0.004351,0.000595
simulation_ui_20260918_000717_07_07_cpcp,07,07,CPCP,07 · CPCP,17cd8c3587799d6f5551faf3e5895209,1,p1,1. Conservative,"Credit Union of Colorado Foundation invests $50,000 in community college scholarships",success,0.046216,0.046216,0.046216,0.006451,0.112055,0.0,0.065429,0.0,0.001216,3.2e-05,0.00282,0.000795
simulation_ui_20260918_000717_07_07_cpcp,07,07,CPCP,07 · CPCP,17cd8c3587799d6f5551faf3e5895209,2,p2,2. Progressive,"Credit Union of Colorado Foundation invests $50,000 in community college scholarships",success,0.120876,0.141261,0.187477,0.0,0.109303,0.0,0.370379,0.0,0.005426,0.002033,0.000781,0.013464
simulation_ui_20260918_000717_07_07_cpcp,07,07,CPCP,07 · CPCP,17cd8c3587799d6f5551faf3e5895209,3,p3,3. Conservative,"Credit Union of Colorado Foundation invests $50,000 in community college scholarships",success,0.26128,0.180579,0.368056,0.006451,0.331977,0.333333,0.370379,0.0,0.005038,0.006028,0.001857,0.007229
simulation_ui_20260918_000717_07_07_cpcp,07,07,CPCP,07 · CPCP,17cd8c3587799d6f5551faf3e5895209,4,p4,4. Progressive,"Credit Union of Colorado Foundation invests $50,000 in community college scholarships",success,0.233787,0.126684,0.49474,0.006451,0.221413,0.333333,0.370379,0.0,0.00582,0.005257,0.003505,0.008697
simulation_ui_20260918_000717_07_07_cpcp,07,07,CPCP,07 · CPCP,1e83ba34429a85f3fbafdb5671e23f1d,1,p1,1. Conservative,Delhi PWD Accelerates PNG Pipeline Laying with 24-Hour Approvals,success,0.205725,0.205725,0.205725,0.037287,0.192488,0.25,0.336761,0.0,0.009994,0.009584,0.0067,0.013698
simulation_ui_20260918_000717_07_07_cpcp,07,07,CPCP,07 · CPCP,1e83ba34429a85f3fbafdb5671e23f1d,2,p2,2. Progressive,Delhi PWD Accelerates PNG Pipeline Laying with 24-Hour Approvals,success,0.254072,0.159768,0.365493,0.212719,0.256993,0.25,0.292756,0.0,0.006391,0.004827,0.006739,0.007606
simulation_ui_20260918_000717_07_07_cpcp,07,07,CPCP,07 · CPCP,1e83ba34429a85f3fbafdb5671e23f1d,3,p3,3. Conservative,Delhi PWD Accelerates PNG Pipeline Laying with 24-Hour Approvals,success,0.281957,0.211327,0.57682,0.182983,0.631265,0.0,0.308096,0.0,0.009528,0.011233,0.005919,0.011433
simulation_ui_20260918_000717_07_07_cpcp,07,07,CPCP,07 · CPCP,1e83ba34429a85f3fbafdb5671e23f1d,4,p4,4. Progressive,Delhi PWD Accelerates PNG Pipeline Laying with 24-Hour Approvals,success,0.207127,0.306003,0.882823,0.037287,0.166558,0.25,0.37165,0.0,0.004743,0.002743,0.002623,0.008862
simulation_ui_20260918_000717_07_07_cpcp,07,07,CPCP,07 · CPCP,1eb77463838b3d1f2ea74f8bfa272767,1,p1,1. Conservative,Afghanistan urges regional water cooperation at Tashkent Forum,success,0.314612,0.314612,0.314612,0.0,0.45957,0.25,0.543788,0.0,0.009264,0.00336,0.020034,0.004397
simulation_ui_20260918_000717_07_07_cpcp,07,07,CPCP,07 · CPCP,1eb77463838b3d1f2ea74f8bfa272767,2,p2,2. Progressive,Afghanistan urges regional water cooperation at Tashkent Forum,success,0.510152,0.457021,0.771633,1.0,0.469924,0.25,0.317884,0.0,0.007134,0.00848,0.009291,0.003632
simulation_ui_20260918_000717_07_07_cpcp,07,07,CPCP,07 · CPCP,1eb77463838b3d1f2ea74f8bfa272767,3,p3,3. Conservative,Afghanistan urges regional water cooperation at Tashkent Forum,success,0.343507,0.363092,1.134725,0.0,0.6111,0.4,0.359744,0.0,0.006055,0.006755,0.009425,0.001986
simulation_ui_20260918_000717_07_07_cpcp,07,07,CPCP,07 · CPCP,1eb77463838b3d1f2ea74f8bfa272767,4,p4,4. Progressive,Afghanistan urges regional water cooperation at Tashkent Forum,success,0.338518,0.164853,1.299578,0.0,0.414366,0.4,0.537098,0.0,0.004926,0.00527,0.008161,0.001348
simulation_ui_20260918_000717_07_07_cpcp,07,07,CPCP,07 · CPCP,20df5253ec5e5a2623c8823c2b38083b,1,p1,1. Conservative,Contango ORE (NYSEAMERICAN:CTGO) Now Covered by Analysts at Canaccord Genuity Group,success,0.149047,0.149047,0.149047,0.070577,0.14742,0.333333,0.031301,0.0,0.019834,0.027226,0.018492,0.013784
simulation_ui_20260918_000717_07_07_cpcp,07,07,CPCP,07 · CPCP,20df5253ec5e5a2623c8823c2b38083b,2,p2,2. Progressive,Contango ORE (NYSEAMERICAN:CTGO) Now Covered by Analysts at Canaccord Genuity Group,success,0.181288,0.088029,0.237076,0.070577,0.14742,0.333333,0.162635,0.0,0.017025,0.033085,0.008406,0.009584
simulation_ui_20260918_000717_07_07_cpcp,07,07,CPCP,07 · CPCP,20df5253ec5e5a2623c8823c2b38083b,3,p3,3. Conservative,Contango ORE (NYSEAMERICAN:CTGO) Now Covered by Analysts at Canaccord Genuity Group,success,0.157852,0.086009,0.323085,0.071628,0.14742,0.333333,0.065796,0.0,0.019564,0.036049,0.010011,0.012633
simulation_ui_20260918_000717_07_07_cpcp,07,07,CPCP,07 · CPCP,20df5253ec5e5a2623c8823c2b38083b,4,p4,4. Progressive,Contango ORE (NYSEAMERICAN:CTGO) Now Covered by Analysts at Canaccord Genuity Group,success,0.228854,0.215856,0.538941,0.04298,0.372226,0.333333,0.161617,0.0,0.008513,0.006283,0.013871,0.005386
simulation_ui_20260918_000717_07_07_cpcp,07,07,CPCP,07 · CPCP,285f86ba6e2a489c2d4a3ab84f18a6a4,1,p1,1. Conservative,Company Banned from Marketing Business Opportunities to Settle FTC Charges it Misled Consumers About Earnings Potential,success,0.367399,0.367399,0.367399,1.0,0.082161,0.169642,0.211063,0.0,0.013262,0.018964,0.011414,0.009407
simulation_ui_20260918_000717_07_07_cpcp,07,07,CPCP,07 · CPCP,285f86ba6e2a489c2d4a3ab84f18a6a4,2,p2,2. Progressive,Company Banned from Marketing Business Opportunities to Settle FTC Charges it Misled Consumers About Earnings Potential,success,0.523546,0.251558,0.618957,1.0,0.487465,0.375,0.225175,0.0,0.017107,0.033848,0.001089,0.016384
simulation_ui_20260918_000717_07_07_cpcp,07,07,CPCP,07 · CPCP,285f86ba6e2a489c2d4a3ab84f18a6a4,3,p3,3. Conservative,Company Banned from Marketing Business Opportunities to Settle FTC Charges it Misled Consumers About Earnings Potential,success,0.450487,0.208576,0.827533,1.0,0.315145,0.166667,0.311624,0.0,0.019288,0.043028,0.001284,0.013551
simulation_ui_20260918_000717_07_07_cpcp,07,07,CPCP,07 · CPCP,285f86ba6e2a489c2d4a3ab84f18a6a4,4,p4,4. Progressive,Company Banned from Marketing Business Opportunities to Settle FTC Charges it Misled Consumers About Earnings Potential,success,0.381538,0.242856,1.070389,1.0,0.295322,0.0,0.220191,0.0,0.02141,0.043952,0.002628,0.017649
simulation_ui_20260918_000717_07_07_cpcp,07,07,CPCP,07 · CPCP,3343849e4bfdca882e24cd916fa75ec6,1,p1,1. Conservative,ASMALLWORLD Introduces New Marriott Bonvoy® Benefit for Members,success,0.118219,0.118219,0.118219,0.0,0.026518,0.281216,0.159187,0.0,0.008428,0.006002,0.011168,0.008113
simulation_ui_20260918_000717_07_07_cpcp,07,07,CPCP,07 · CPCP,3343849e4bfdca882e24cd916fa75ec6,2,p2,2. Progressive,ASMALLWORLD Introduces New Marriott Bonvoy® Benefit for Members,success,0.18464,0.172015,0.290234,0.022681,0.017224,0.25,0.445851,0.0,0.004294,0.008035,0.004352,0.000494
simulation_ui_20260918_000717_07_07_cpcp,07,07,CPCP,07 · CPCP,3343849e4bfdca882e24cd916fa75ec6,3,p3,3. Conservative,ASMALLWORLD Introduces New Marriott Bonvoy® Benefit for Members,success,0.167811,0.210267,0.500501,0.0,0.196219,0.281216,0.189054,0.0,0.007132,0.011802,0.001934,0.007661
simulation_ui_20260918_000717_07_07_cpcp,07,07,CPCP,07 · CPCP,3343849e4bfdca882e24cd916fa75ec6,4,p4,4. Progressive,ASMALLWORLD Introduces New Marriott Bonvoy® Benefit for Members,success,0.215027,0.121917,0.622418,0.0,0.196219,0.281216,0.377037,0.0,0.008961,0.013098,0.003039,0.010745
simulation_ui_20260918_000717_07_07_cpcp,07,07,CPCP,07 · CPCP,3e908966e0393a684386f1e186c5c6e3,1,p1,1. Conservative,CAAS defers sustainable aviation fuel levy,success,0.186981,0.186981,0.186981,0.0,0.276685,0.386692,0.073349,0.0,0.017157,0.02928,0.006222,0.015969
simulation_ui_20260918_000717_07_07_cpcp,07,07,CPCP,07 · CPCP,3e908966e0393a684386f1e186c5c6e3,2,p2,2. Progressive,CAAS defers sustainable aviation fuel levy,success,0.219024,0.261246,0.448227,0.01936,0.379739,0.080958,0.384485,0.0,0.018427,0.024496,0.009926,0.020859
simulation_ui_20260918_000717_07_07_cpcp,07,07,CPCP,07 · CPCP,3e908966e0393a684386f1e186c5c6e3,3,p3,3. Conservative,CAAS defers sustainable aviation fuel levy,success,0.202552,0.13767,0.585897,0.1027,0.44455,0.080445,0.17277,0.0,0.015227,0.026577,0.005469,0.013634
simulation_ui_20260918_000717_07_07_cpcp,07,07,CPCP,07 · CPCP,3e908966e0393a684386f1e186c5c6e3,4,p4,4. Progressive,CAAS defers sustainable aviation fuel levy,success,0.256594,0.139626,0.725523,0.106982,0.447894,0.080958,0.381802,0.0,0.014653,0.027586,0.005569,0.010803
simulation_ui_20260918_000717_07_07_cpcp,07,07,CPCP,07 · CPCP,4284601d27a88508e23bb7ecf1e26740,1,p1,1. Conservative,Blackbaud Opens Registration for bbcon 2026 to Rally Social Impact Sector Around AI Innovation,success,0.178178,0.178178,0.178178,0.0,0.347329,0.0,0.35918,0.0,0.009417,0.013492,0.013245,0.001515
simulation_ui_20260918_000717_07_07_cpcp,07,07,CPCP,07 · CPCP,4284601d27a88508e23bb7ecf1e26740,2,p2,2. Progressive,Blackbaud Opens Registration for bbcon 2026 to Rally Social Impact Sector Around AI Innovation,success,0.269401,0.148976,0.327154,0.0,0.530393,0.25,0.290317,0.0,0.011766,0.014495,0.017504,0.003298
simulation_ui_20260918_000717_07_07_cpcp,07,07,CPCP,07 · CPCP,4284601d27a88508e23bb7ecf1e26740,3,p3,3. Conservative,Blackbaud Opens Registration for bbcon 2026 to Rally Social Impact Sector Around AI Innovation,success,0.23006,0.243647,0.570801,0.0,0.486798,0.0,0.428627,0.0,0.007806,0.011952,0.007489,0.003978
simulation_ui_20260918_000717_07_07_cpcp,07,07,CPCP,07 · CPCP,4284601d27a88508e23bb7ecf1e26740,4,p4,4. Progressive,Blackbaud Opens Registration for bbcon 2026 to Rally Social Impact Sector Around AI Innovation,success,0.25898,0.170745,0.741546,0.0,0.422425,0.25,0.360567,0.0,0.004934,0.003334,0.011043,0.000426
simulation_ui_20260918_000717_07_07_cpcp,07,07,CPCP,07 · CPCP,43b305aebbf654fd9464eb6d39cf900b,1,p1,1. Conservative,CS Atal Dulloo Reviews Progress Of Tawi Artificial Lake And Riverfront Development Projects,success,0.11258,0.11258,0.11258,0.00966,0.196256,0.0,0.240286,0.0,0.005793,0.004727,0.007892,0.004761
simulation_ui_20260918_000717_07_07_cpcp,07,07,CPCP,07 · CPCP,43b305aebbf654fd9464eb6d39cf900b,2,p2,2. Progressive,CS Atal Dulloo Reviews Progress Of Tawi Artificial Lake And Riverfront Development Projects,success,0.112366,0.080346,0.192926,0.00966,0.242234,0.031792,0.162312,0.0,0.004879,0.001198,0.011309,0.00213
simulation_ui_20260918_000717_07_07_cpcp,07,07,CPCP,07 · CPCP,43b305aebbf654fd9464eb6d39cf900b,3,p3,3. Conservative,CS Atal Dulloo Reviews Progress Of Tawi Artificial Lake And Riverfront Development Projects,success,0.11428,0.052215,0.245141,0.00966,0.242234,0.0,0.201758,0.0,0.004891,0.006173,0.005519,0.00298
simulation_ui_20260918_000717_07_07_cpcp,07,07,CPCP,07 · CPCP,43b305aebbf654fd9464eb6d39cf900b,4,p4,4. Progressive,CS Atal Dulloo Reviews Progress Of Tawi Artificial Lake And Riverfront Development Projects,success,0.149631,0.096395,0.341536,0.00966,0.242234,0.0,0.344758,0.0,0.002749,0.003432,0.00298,0.001835
simulation_ui_20260918_000717_07_07_cpcp,07,07,CPCP,07 · CPCP,43d218dc30bd89b0c4da158243e74603,1,p1,1. Conservative,Amesite Executes Trading Partner Agreement Enabling Secure Connectivity with Leading Homecare Technology Platform,success,0.179668,0.179668,0.179668,0.330922,0.356035,0.0,0.023342,0.0,0.012728,0.022631,0.012764,0.002789
simulation_ui_20260918_000717_07_07_cpcp,07,07,CPCP,07 · CPCP,43d218dc30bd89b0c4da158243e74603,2,p2,2. Progressive,Amesite Executes Trading Partner Agreement Enabling Secure Connectivity with Leading Homecare Technology Platform,success,0.244523,0.215236,0.394904,0.100444,0.356035,0.333333,0.176669,0.0,0.019138,0.038087,0.00425,0.015078
simulation_ui_20260918_000717_07_07_cpcp,07,07,CPCP,07 · CPCP,43d218dc30bd89b0c4da158243e74603,3,p3,3. Conservative,Amesite Executes Trading Partner Agreement Enabling Secure Connectivity with Leading Homecare Technology Platform,success,0.260409,0.227157,0.622061,0.073326,0.356035,0.0,0.601329,0.0,0.01843,0.041909,0.010344,0.003038
simulation_ui_20260918_000717_07_07_cpcp,07,07,CPCP,07 · CPCP,43d218dc30bd89b0c4da158243e74603,4,p4,4. Progressive,Amesite Executes Trading Partner Agreement Enabling Secure Connectivity with Leading Homecare Technology Platform,success,0.272316,0.224367,0.846428,0.116793,0.356035,0.333333,0.272805,0.0,0.017624,0.031506,0.010685,0.01068
simulation_ui_20260918_000717_07_07_cpcp,07,07,CPCP,07 · CPCP,45a67f6f54cd92c32163be9459300052,1,p1,1. Conservative,"Bitcoin Miners, Now AI Compute Leaders, Face Profitability Concerns",success,0.133596,0.133596,0.133596,0.063702,0.425648,0.0,0.023234,0.0,0.031253,0.0476,0.010936,0.035224
simulation_ui_20260918_000717_07_07_cpcp,07,07,CPCP,07 · CPCP,45a67f6f54cd92c32163be9459300052,2,p2,2. Progressive,"Bitcoin Miners, Now AI Compute Leaders, Face Profitability Concerns",success,0.261474,0.193466,0.327062,0.079893,0.581156,0.333333,0.037514,0.0,0.023583,0.038838,0.015561,0.016349
simulation_ui_20260918_000717_07_07_cpcp,07,07,CPCP,07 · CPCP,45a67f6f54cd92c32163be9459300052,3,p3,3. Conservative,"Bitcoin Miners, Now AI Compute Leaders, Face Profitability Concerns",success,0.254874,0.255452,0.582514,0.071633,0.444233,0.075203,0.411426,0.0,0.028356,0.048401,0.024826,0.01184
simulation_ui_20260918_000717_07_07_cpcp,07,07,CPCP,07 · CPCP,45a67f6f54cd92c32163be9459300052,4,p4,4. Progressive,"Bitcoin Miners, Now AI Compute Leaders, Face Profitability Concerns",success,0.304281,0.150734,0.733248,0.073415,0.643671,0.075203,0.411426,0.0,0.02398,0.031891,0.017263,0.022787
simulation_ui_20260918_000717_07_07_cpcp,07,07,CPCP,07 · CPCP,48375acfba2ffc7f64822005eaab01e9,1,p1,1. Conservative,"Capitan Silver Commences Trading on the OTCQX Market Under Symbol ""CAPTF""",success,0.126534,0.126534,0.126534,0.160288,0.333333,0.0,0.0,0.0,0.017848,0.037168,0.010505,0.00587
simulation_ui_20260918_000717_07_07_cpcp,07,07,CPCP,07 · CPCP,48375acfba2ffc7f64822005eaab01e9,2,p2,2. Progressive,"Capitan Silver Commences Trading on the OTCQX Market Under Symbol ""CAPTF""",success,0.22591,0.102324,0.228858,0.176844,0.333333,0.333407,0.048449,0.0,0.018674,0.0352,0.014034,0.006787
simulation_ui_20260918_000717_07_07_cpcp,07,07,CPCP,07 · CPCP,48375acfba2ffc7f64822005eaab01e9,3,p3,3. Conservative,"Capitan Silver Commences Trading on the OTCQX Market Under Symbol ""CAPTF""",success,0.109839,0.130604,0.359462,0.021405,0.333333,0.0,0.068429,0.0,0.02263,0.055542,0.006404,0.005945
simulation_ui_20260918_000717_07_07_cpcp,07,07,CPCP,07 · CPCP,48375acfba2ffc7f64822005eaab01e9,4,p4,4. Progressive,"Capitan Silver Commences Trading on the OTCQX Market Under Symbol ""CAPTF""",success,0.238978,0.194427,0.553889,0.118738,0.757415,0.0,0.068429,0.0,0.018543,0.039497,0.008854,0.007277
simulation_ui_20260918_000717_07_07_cpcp,07,07,CPCP,07 · CPCP,4980763ccff9b986f6829df1e9489341,1,p1,1. Conservative,Cabana Target Drawdown 7 ETF (NASDAQ:TDSB) Short Interest Down 96.6% in March,success,0.22349,0.22349,0.22349,0.006901,0.494174,0.0,0.38593,0.0,0.011168,0.006354,0.016419,0.010731
simulation_ui_20260918_000717_07_07_cpcp,07,07,CPCP,07 · CPCP,4980763ccff9b986f6829df1e9489341,2,p2,2. Progressive,Cabana Target Drawdown 7 ETF (NASDAQ:TDSB) Short Interest Down 96.6% in March,success,0.239083,0.207492,0.430982,0.006901,0.713113,0.0,0.229941,0.0,0.010452,0.00029,0.023444,0.007622
simulation_ui_20260918_000717_07_07_cpcp,07,07,CPCP,07 · CPCP,4980763ccff9b986f6829df1e9489341,3,p3,3. Conservative,Cabana Target Drawdown 7 ETF (NASDAQ:TDSB) Short Interest Down 96.6% in March,success,0.305442,0.174397,0.605379,0.012326,0.65192,0.0,0.549232,0.0,0.014873,0.0024,0.025309,0.01691
simulation_ui_20260918_000717_07_07_cpcp,07,07,CPCP,07 · CPCP,4980763ccff9b986f6829df1e9489341,4,p4,4. Progressive,Cabana Target Drawdown 7 ETF (NASDAQ:TDSB) Short Interest Down 96.6% in March,success,0.324862,0.193256,0.798635,0.0,0.719099,0.0,0.57346,0.0,0.012725,0.002106,0.016751,0.019318
simulation_ui_20260918_000717_07_07_cpcp,07,07,CPCP,07 · CPCP,4ac6395408a9caf70c7d2ffc4ca362c7,1,p1,1. Conservative,Continuing Unemployment Claims Dip to Nearly 2-Year Low,success,0.331989,0.331989,0.331989,0.40059,0.369797,0.333333,0.217312,0.0,0.012921,0.008357,0.005924,0.024483
simulation_ui_20260918_000717_07_07_cpcp,07,07,CPCP,07 · CPCP,4ac6395408a9caf70c7d2ffc4ca362c7,2,p2,2. Progressive,Continuing Unemployment Claims Dip to Nearly 2-Year Low,success,0.190941,0.391613,0.723602,0.0,0.267429,0.188213,0.29978,0.0,0.012853,0.02187,0.007814,0.008876
simulation_ui_20260918_000717_07_07_cpcp,07,07,CPCP,07 · CPCP,4ac6395408a9caf70c7d2ffc4ca362c7,3,p3,3. Conservative,Continuing Unemployment Claims Dip to Nearly 2-Year Low,success,0.236681,0.182514,0.906116,0.0,0.322465,0.167869,0.448785,0.0,0.012424,0.010334,0.006793,0.020146
simulation_ui_20260918_000717_07_07_cpcp,07,07,CPCP,07 · CPCP,4ac6395408a9caf70c7d2ffc4ca362c7,4,p4,4. Progressive,Continuing Unemployment Claims Dip to Nearly 2-Year Low,success,0.242413,0.171368,1.077484,0.0,0.411213,0.167869,0.380468,0.0,0.016613,0.040781,0.006654,0.002405
simulation_ui_20260918_000717_07_07_cpcp,07,07,CPCP,07 · CPCP,59a0fb71f66cefb61fc91c97affb1dbe,1,p1,1. Conservative,"Bank of Montreal targets 15% return on equity on wealth, US businesses growth",success,0.38273,0.38273,0.38273,0.004197,0.429565,0.666667,0.416136,0.0,0.028898,0.050824,0.004397,0.031473
simulation_ui_20260918_000717_07_07_cpcp,07,07,CPCP,07 · CPCP,59a0fb71f66cefb61fc91c97affb1dbe,2,p2,2. Progressive,"Bank of Montreal targets 15% return on equity on wealth, US businesses growth",success,0.318106,0.289976,0.672706,0.023207,0.572174,0.273868,0.387768,0.0,0.028088,0.056797,0.026564,0.000902
simulation_ui_20260918_000717_07_07_cpcp,07,07,CPCP,07 · CPCP,59a0fb71f66cefb61fc91c97affb1dbe,3,p3,3. Conservative,"Bank of Montreal targets 15% return on equity on wealth, US businesses growth",success,0.324916,0.068432,0.741138,0.004197,0.575517,0.252783,0.4568,0.0,0.019126,0.050264,0.004841,0.002273
simulation_ui_20260918_000717_07_07_cpcp,07,07,CPCP,07 · CPCP,59a0fb71f66cefb61fc91c97affb1dbe,4,p4,4. Progressive,"Bank of Montreal targets 15% return on equity on wealth, US businesses growth",success,0.32827,0.018177,0.759315,0.004197,0.575517,0.252783,0.462037,0.0,0.034274,0.094526,0.000451,0.007846
simulation_ui_20260918_000717_07_07_cpcp,07,07,CPCP,07 · CPCP,6282ee092c7147c978409e71f0096515,1,p1,1. Conservative,Backdoor bet. How federal regulators are sidestepping Alabama: op-ed,success,0.23175,0.23175,0.23175,0.275265,0.278938,0.079247,0.288165,0.0,0.008749,0.009083,0.012951,0.004213
simulation_ui_20260918_000717_07_07_cpcp,07,07,CPCP,07 · CPCP,6282ee092c7147c978409e71f0096515,2,p2,2. Progressive,Backdoor bet. How federal regulators are sidestepping Alabama: op-ed,success,0.134046,0.122747,0.354497,0.284696,0.0,0.079247,0.165062,0.0,0.010343,0.013941,0.016656,0.000432
simulation_ui_20260918_000717_07_07_cpcp,07,07,CPCP,07 · CPCP,6282ee092c7147c978409e71f0096515,3,p3,3. Conservative,Backdoor bet. How federal regulators are sidestepping Alabama: op-ed,success,0.294296,0.186674,0.541171,0.271639,0.527586,0.079247,0.291159,0.0,0.013344,0.02527,0.011233,0.003528
simulation_ui_20260918_000717_07_07_cpcp,07,07,CPCP,07 · CPCP,6282ee092c7147c978409e71f0096515,4,p4,4. Progressive,Backdoor bet. How federal regulators are sidestepping Alabama: op-ed,success,0.336967,0.181177,0.722348,0.267289,0.452921,0.309435,0.30991,0.0,0.015622,0.03422,0.003138,0.009507
simulation_ui_20260918_000717_07_07_cpcp,07,07,CPCP,07 · CPCP,6296ce617808e446ef3e272b65cb5b46,1,p1,1. Conservative,Apple Adds New Partners to Expand Its U.S. Supply Chain,success,0.011408,0.011408,0.011408,0.0,0.0,0.0,0.029132,0.0,0.020775,0.010594,0.003284,0.048448
simulation_ui_20260918_000717_07_07_cpcp,07,07,CPCP,07 · CPCP,6296ce617808e446ef3e272b65cb5b46,2,p2,2. Progressive,Apple Adds New Partners to Expand Its U.S. Supply Chain,success,0.12656,0.118605,0.130013,0.146418,0.152085,0.142857,0.043907,0.0,0.029836,0.00744,0.014832,0.067237
simulation_ui_20260918_000717_07_07_cpcp,07,07,CPCP,07 · CPCP,6296ce617808e446ef3e272b65cb5b46,3,p3,3. Conservative,Apple Adds New Partners to Expand Its U.S. Supply Chain,success,0.054891,0.102955,0.232968,0.0,0.121001,0.0,0.075843,0.0,0.029868,0.02135,0.02043,0.047825
simulation_ui_20260918_000717_07_07_cpcp,07,07,CPCP,07 · CPCP,6296ce617808e446ef3e272b65cb5b46,4,p4,4. Progressive,Apple Adds New Partners to Expand Its U.S. Supply Chain,success,0.194516,0.171031,0.403999,0.0,0.340751,0.142857,0.280666,0.0,0.021308,0.023248,0.005763,0.034914
simulation_ui_20260918_000717_07_07_cpcp,07,07,CPCP,07 · CPCP,64aefc05d7d6e883d857202942daa279,1,p1,1. Conservative,Competition Commission clears merger of Udemy with Coursera's arm,success,0.125416,0.125416,0.125416,0.0,0.191794,0.0,0.302092,0.0,0.011094,0.010625,0.01067,0.011988
simulation_ui_20260918_000717_07_07_cpcp,07,07,CPCP,07 · CPCP,64aefc05d7d6e883d857202942daa279,2,p2,2. Progressive,Competition Commission clears merger of Udemy with Coursera's arm,success,0.12247,0.137746,0.263162,0.020462,0.2245,0.0,0.237492,0.0,0.010557,0.000897,0.008885,0.02189
simulation_ui_20260918_000717_07_07_cpcp,07,07,CPCP,07 · CPCP,64aefc05d7d6e883d857202942daa279,3,p3,3. Conservative,Competition Commission clears merger of Udemy with Coursera's arm,success,0.124572,0.14728,0.410442,0.0,0.445498,0.0,0.044389,0.0,0.011967,0.019808,0.002339,0.013755
simulation_ui_20260918_000717_07_07_cpcp,07,07,CPCP,07 · CPCP,64aefc05d7d6e883d857202942daa279,4,p4,4. Progressive,Competition Commission clears merger of Udemy with Coursera's arm,success,0.124952,0.154566,0.565008,0.0,0.229397,0.0,0.263713,0.0,0.009551,0.001568,0.005419,0.021666
simulation_ui_20260918_000717_07_07_cpcp,07,07,CPCP,07 · CPCP,675d6df42ab1fa2c25fcb6c96a0801ba,1,p1,1. Conservative,"Cohen & Steers Infrastructure Fund, Inc (NYSE:UTF) Plans $0.17 Monthly Dividend",success,0.260814,0.260814,0.260814,0.034553,0.376164,0.305168,0.321354,0.0,0.010152,0.00826,0.020112,0.002083
simulation_ui_20260918_000717_07_07_cpcp,07,07,CPCP,07 · CPCP,675d6df42ab1fa2c25fcb6c96a0801ba,2,p2,2. Progressive,"Cohen & Steers Infrastructure Fund, Inc (NYSE:UTF) Plans $0.17 Monthly Dividend",success,0.224945,0.226097,0.486911,0.033486,0.405543,0.0,0.287841,0.25,0.014879,0.01286,0.023947,0.00783
simulation_ui_20260918_000717_07_07_cpcp,07,07,CPCP,07 · CPCP,675d6df42ab1fa2c25fcb6c96a0801ba,3,p3,3. Conservative,"Cohen & Steers Infrastructure Fund, Inc (NYSE:UTF) Plans $0.17 Monthly Dividend",success,0.198189,0.165199,0.65211,0.096617,0.236893,0.0,0.283695,0.25,0.009974,0.015346,0.01122,0.003357
simulation_ui_20260918_000717_07_07_cpcp,07,07,CPCP,07 · CPCP,675d6df42ab1fa2c25fcb6c96a0801ba,4,p4,4. Progressive,"Cohen & Steers Infrastructure Fund, Inc (NYSE:UTF) Plans $0.17 Monthly Dividend",success,0.158553,0.13426,0.78637,0.046028,0.327846,0.0,0.250297,0.0,0.014874,0.015654,0.021982,0.006985
simulation_ui_20260918_000717_07_07_cpcp,07,07,CPCP,07 · CPCP,73939fe081f6d0ef3ed498b2dd7f4039,1,p1,1. Conservative,Coastal Electric plans rate increase,success,0.289715,0.289715,0.289715,0.0,0.489713,0.5,0.152858,0.0,0.028505,0.036259,0.02797,0.021286
simulation_ui_20260918_000717_07_07_cpcp,07,07,CPCP,07 · CPCP,73939fe081f6d0ef3ed498b2dd7f4039,2,p2,2. Progressive,Coastal Electric plans rate increase,success,0.385648,0.251206,0.540921,0.0,0.426724,0.666667,0.435239,0.0,0.028249,0.047465,0.015524,0.021758
simulation_ui_20260918_000717_07_07_cpcp,07,07,CPCP,07 · CPCP,73939fe081f6d0ef3ed498b2dd7f4039,3,p3,3. Conservative,Coastal Electric plans rate increase,success,0.379368,0.062076,0.602997,0.0,0.402327,0.666667,0.435239,0.0,0.026525,0.045877,0.009401,0.024298
simulation_ui_20260918_000717_07_07_cpcp,07,07,CPCP,07 · CPCP,73939fe081f6d0ef3ed498b2dd7f4039,4,p4,4. Progressive,Coastal Electric plans rate increase,success,0.379048,0.016402,0.619399,0.0,0.402327,0.666667,0.435239,0.0,0.023955,0.044694,0.006011,0.02116
simulation_ui_20260918_000717_07_07_cpcp,07,07,CPCP,07 · CPCP,764d938e82fccdeec46aa43984936af9,1,p1,1. Conservative,Centre Highlights Border Infrastructure Push Through BADP and Vibrant Villages Programmes,success,0.248133,0.248133,0.248133,0.177885,0.0,0.228772,0.584349,0.0,0.002534,0.004311,0.000911,0.002379
simulation_ui_20260918_000717_07_07_cpcp,07,07,CPCP,07 · CPCP,764d938e82fccdeec46aa43984936af9,2,p2,2. Progressive,Centre Highlights Border Infrastructure Push Through BADP and Vibrant Villages Programmes,success,0.292329,0.210602,0.458735,0.155211,0.280821,0.226631,0.502632,0.0,0.007094,0.007425,0.007897,0.005961
simulation_ui_20260918_000717_07_07_cpcp,07,07,CPCP,07 · CPCP,764d938e82fccdeec46aa43984936af9,3,p3,3. Conservative,Centre Highlights Border Infrastructure Push Through BADP and Vibrant Villages Programmes,success,0.353633,0.248696,0.707431,0.155211,0.16634,0.520136,0.57099,0.0,0.003585,0.003061,0.001226,0.006469
simulation_ui_20260918_000717_07_07_cpcp,07,07,CPCP,07 · CPCP,764d938e82fccdeec46aa43984936af9,4,p4,4. Progressive,Centre Highlights Border Infrastructure Push Through BADP and Vibrant Villages Programmes,success,0.375538,0.184729,0.89216,0.177885,0.280242,0.568905,0.471511,0.0,0.007214,0.009509,0.008473,0.003661
simulation_ui_20260918_000717_07_07_cpcp,07,07,CPCP,07 · CPCP,80a390c3c68815dadd42b1ea065fd1af,1,p1,1. Conservative,Contract OK’d to extend sidewalk repairs,success,0.263044,0.263044,0.263044,0.045355,0.049687,0.398324,0.553249,0.0,0.009412,0.003872,0.013272,0.011091
simulation_ui_20260918_000717_07_07_cpcp,07,07,CPCP,07 · CPCP,80a390c3c68815dadd42b1ea065fd1af,2,p2,2. Progressive,Contract OK’d to extend sidewalk repairs,success,0.354312,0.322335,0.585379,0.045355,0.629688,0.463755,0.274791,0.0,0.007071,0.00951,0.006131,0.005572
simulation_ui_20260918_000717_07_07_cpcp,07,07,CPCP,07 · CPCP,80a390c3c68815dadd42b1ea065fd1af,3,p3,3. Conservative,Contract OK’d to extend sidewalk repairs,success,0.317043,0.338591,0.92397,0.187671,0.325802,0.285007,0.465271,0.0,0.008078,0.002132,0.00596,0.016141
simulation_ui_20260918_000717_07_07_cpcp,07,07,CPCP,07 · CPCP,80a390c3c68815dadd42b1ea065fd1af,4,p4,4. Progressive,Contract OK’d to extend sidewalk repairs,success,0.418383,0.255725,1.179695,0.045355,0.790486,0.285007,0.549216,0.0,0.007444,0.002309,0.006187,0.013836
simulation_ui_20260918_000717_07_07_cpcp,07,07,CPCP,07 · CPCP,80e1561246e5483a76211bd892a06bcb,1,p1,1. Conservative,Aldi inches closer to being hit with unprecedented $15 policy at all locations in the state,success,0.249215,0.249215,0.249215,0.070482,0.164984,0.25,0.507524,0.0,0.006438,0.005967,0.008881,0.004466
simulation_ui_20260918_000717_07_07_cpcp,07,07,CPCP,07 · CPCP,80e1561246e5483a76211bd892a06bcb,2,p2,2. Progressive,Aldi inches closer to being hit with unprecedented $15 policy at all locations in the state,success,0.402329,0.249462,0.498677,0.156661,0.628556,0.25,0.569384,0.0,0.009842,0.010852,0.011265,0.007408
simulation_ui_20260918_000717_07_07_cpcp,07,07,CPCP,07 · CPCP,80e1561246e5483a76211bd892a06bcb,3,p3,3. Conservative,Aldi inches closer to being hit with unprecedented $15 policy at all locations in the state,success,0.3838,0.184213,0.68289,0.096134,0.606712,0.25,0.570931,0.0,0.023062,0.031037,0.01813,0.020019
simulation_ui_20260918_000717_07_07_cpcp,07,07,CPCP,07 · CPCP,80e1561246e5483a76211bd892a06bcb,4,p4,4. Progressive,Aldi inches closer to being hit with unprecedented $15 policy at all locations in the state,success,0.385842,0.235348,0.918238,0.104766,0.599478,0.25,0.579593,0.0,0.019322,0.009676,0.030272,0.018019
simulation_ui_20260918_000717_07_07_cpcp,07,07,CPCP,07 · CPCP,954401161f2ebcd5c5ec0961fa417e31,1,p1,1. Conservative,Biodiversity strategy is a must for mining companies,success,0.338733,0.338733,0.338733,0.0,0.57121,0.333333,0.433089,0.0,0.032493,0.0292,0.020878,0.047401
simulation_ui_20260918_000717_07_07_cpcp,07,07,CPCP,07 · CPCP,954401161f2ebcd5c5ec0961fa417e31,2,p2,2. Progressive,Biodiversity strategy is a must for mining companies,success,0.376063,0.269411,0.608144,0.026521,0.579042,0.446154,0.444371,0.0,0.016302,0.00885,0.003873,0.036183
simulation_ui_20260918_000717_07_07_cpcp,07,07,CPCP,07 · CPCP,954401161f2ebcd5c5ec0961fa417e31,3,p3,3. Conservative,Biodiversity strategy is a must for mining companies,success,0.313255,0.223962,0.832106,0.084255,0.424686,0.446154,0.264197,0.0,0.060646,0.060855,0.01421,0.106873
simulation_ui_20260918_000717_07_07_cpcp,07,07,CPCP,07 · CPCP,954401161f2ebcd5c5ec0961fa417e31,4,p4,4. Progressive,Biodiversity strategy is a must for mining companies,success,0.341026,0.20532,1.037426,0.0,0.524559,0.446154,0.380653,0.0,0.024043,0.014388,0.000532,0.05721
simulation_ui_20260918_000717_07_07_cpcp,07,07,CPCP,07 · CPCP,96039628b3a89f4a9134fd1dc3b666d7,1,p1,1. Conservative,Air travel to become expensive from April 1? Civil Aviation Minister clarifies amid Middle East crisis,success,0.292012,0.292012,0.292012,0.033441,0.422207,0.067269,0.625493,0.0,0.034434,0.017151,0.084512,0.001638
simulation_ui_20260918_000717_07_07_cpcp,07,07,CPCP,07 · CPCP,96039628b3a89f4a9134fd1dc3b666d7,2,p2,2. Progressive,Air travel to become expensive from April 1? Civil Aviation Minister clarifies amid Middle East crisis,success,0.328586,0.140649,0.432661,0.03455,0.315115,0.317319,0.63124,0.0,0.029831,0.014165,0.075,0.000327
simulation_ui_20260918_000717_07_07_cpcp,07,07,CPCP,07 · CPCP,96039628b3a89f4a9134fd1dc3b666d7,3,p3,3. Conservative,Air travel to become expensive from April 1? Civil Aviation Minister clarifies amid Middle East crisis,success,0.364783,0.200577,0.633238,0.103976,0.617284,0.089759,0.627887,0.0,0.039488,0.037717,0.076139,0.004607
simulation_ui_20260918_000717_07_07_cpcp,07,07,CPCP,07 · CPCP,96039628b3a89f4a9134fd1dc3b666d7,4,p4,4. Progressive,Air travel to become expensive from April 1? Civil Aviation Minister clarifies amid Middle East crisis,success,0.31117,0.15251,0.785748,0.156351,0.349908,0.089759,0.627887,0.0,0.037416,0.034693,0.075637,0.001917
simulation_ui_20260918_000717_07_07_cpcp,07,07,CPCP,07 · CPCP,9dee564f6a8f10132f19e6a4b2b8e1a7,1,p1,1. Conservative,"Better and Coinbase Launch the First Token-Backed, Conforming Mortgage",success,0.153025,0.153025,0.153025,0.177741,0.226035,0.0,0.20442,0.0,0.005755,0.005545,0.004747,0.006974
simulation_ui_20260918_000717_07_07_cpcp,07,07,CPCP,07 · CPCP,9dee564f6a8f10132f19e6a4b2b8e1a7,2,p2,2. Progressive,"Better and Coinbase Launch the First Token-Backed, Conforming Mortgage",success,0.201824,0.104896,0.257921,0.177741,0.271162,0.0,0.35175,0.0,0.010382,0.012725,0.013407,0.005013
simulation_ui_20260918_000717_07_07_cpcp,07,07,CPCP,07 · CPCP,9dee564f6a8f10132f19e6a4b2b8e1a7,3,p3,3. Conservative,"Better and Coinbase Launch the First Token-Backed, Conforming Mortgage",success,0.283639,0.273746,0.531667,0.177741,0.514953,0.0,0.436583,0.0,0.009192,0.01058,0.01269,0.004306
simulation_ui_20260918_000717_07_07_cpcp,07,07,CPCP,07 · CPCP,9dee564f6a8f10132f19e6a4b2b8e1a7,4,p4,4. Progressive,"Better and Coinbase Launch the First Token-Backed, Conforming Mortgage",success,0.169504,0.245062,0.776729,0.150526,0.271162,0.0,0.25021,0.0,0.009192,0.01058,0.01269,0.004306
simulation_ui_20260918_000717_07_07_cpcp,07,07,CPCP,07 · CPCP,a83c7d9bd4c9948f8104f95aa8914a60,1,p1,1. Conservative,Another cinema in Singapore is closing... but the big,success,0.198881,0.198881,0.198881,0.23268,0.359448,0.0,0.186094,0.0,0.026854,0.042153,0.006497,0.031911
simulation_ui_20260918_000717_07_07_cpcp,07,07,CPCP,07 · CPCP,a83c7d9bd4c9948f8104f95aa8914a60,2,p2,2. Progressive,Another cinema in Singapore is closing... but the big,success,0.197955,0.04999,0.248871,0.239637,0.350534,0.0,0.192775,0.0,0.013791,0.024086,0.000615,0.016671
simulation_ui_20260918_000717_07_07_cpcp,07,07,CPCP,07 · CPCP,a83c7d9bd4c9948f8104f95aa8914a60,3,p3,3. Conservative,Another cinema in Singapore is closing... but the big,success,0.194761,0.043755,0.292626,0.243636,0.331863,0.0,0.188099,0.0,0.023861,0.04326,0.001615,0.026709
simulation_ui_20260918_000717_07_07_cpcp,07,07,CPCP,07 · CPCP,a83c7d9bd4c9948f8104f95aa8914a60,4,p4,4. Progressive,Another cinema in Singapore is closing... but the big,success,0.203892,0.238515,0.531141,0.098247,0.382387,0.0,0.319758,0.0,0.023714,0.043464,0.006514,0.021163
simulation_ui_20260918_000717_07_07_cpcp,07,07,CPCP,07 · CPCP,b8147bef700007b0dbccc9eaf88c04ac,1,p1,1. Conservative,CLEO Expands Its Reach as Crypto Prop Traders Rally Around the Prop Firm Trading Platform Built for Them,success,0.20449,0.20449,0.20449,0.05516,0.431956,0.25,0.072521,0.0,0.013043,0.016326,0.0118,0.011003
simulation_ui_20260918_000717_07_07_cpcp,07,07,CPCP,07 · CPCP,b8147bef700007b0dbccc9eaf88c04ac,2,p2,2. Progressive,CLEO Expands Its Reach as Crypto Prop Traders Rally Around the Prop Firm Trading Platform Built for Them,success,0.204449,0.130107,0.334597,0.05516,0.240552,0.25,0.26307,0.0,0.014122,0.026402,0.011855,0.00411
simulation_ui_20260918_000717_07_07_cpcp,07,07,CPCP,07 · CPCP,b8147bef700007b0dbccc9eaf88c04ac,3,p3,3. Conservative,CLEO Expands Its Reach as Crypto Prop Traders Rally Around the Prop Firm Trading Platform Built for Them,success,0.114049,0.110727,0.445324,0.05516,0.087267,0.25,0.055477,0.0,0.011674,0.001204,0.011607,0.022212
simulation_ui_20260918_000717_07_07_cpcp,07,07,CPCP,07 · CPCP,b8147bef700007b0dbccc9eaf88c04ac,4,p4,4. Progressive,CLEO Expands Its Reach as Crypto Prop Traders Rally Around the Prop Firm Trading Platform Built for Them,success,0.20547,0.108384,0.553708,0.05516,0.255632,0.25,0.254203,0.0,0.01081,0.005921,0.005088,0.02142
simulation_ui_20260918_000717_07_07_cpcp,07,07,CPCP,07 · CPCP,c24889258ff4d93fcb33d3ad9328f7e5,1,p1,1. Conservative,Clearlake buys Qualus from New Mountain amid soaring power demand; KKR’s exit provides CoolIT employees with handsome payout,success,0.24007,0.24007,0.24007,0.328263,0.297992,0.0,0.322872,0.0,0.018278,0.002914,0.014714,0.037207
simulation_ui_20260918_000717_07_07_cpcp,07,07,CPCP,07 · CPCP,c24889258ff4d93fcb33d3ad9328f7e5,2,p2,2. Progressive,Clearlake buys Qualus from New Mountain amid soaring power demand; KKR’s exit provides CoolIT employees with handsome payout,success,0.214045,0.271592,0.511662,0.14389,0.396323,0.0,0.305156,0.0,0.017136,0.014699,0.006689,0.03002
simulation_ui_20260918_000717_07_07_cpcp,07,07,CPCP,07 · CPCP,c24889258ff4d93fcb33d3ad9328f7e5,3,p3,3. Conservative,Clearlake buys Qualus from New Mountain amid soaring power demand; KKR’s exit provides CoolIT employees with handsome payout,success,0.123315,0.098362,0.610024,0.14389,0.050319,0.0,0.287298,0.0,0.016703,0.011955,0.012465,0.02569
simulation_ui_20260918_000717_07_07_cpcp,07,07,CPCP,07 · CPCP,c24889258ff4d93fcb33d3ad9328f7e5,4,p4,4. Progressive,Clearlake buys Qualus from New Mountain amid soaring power demand; KKR’s exit provides CoolIT employees with handsome payout,success,0.314478,0.259457,0.869481,0.325183,0.619777,0.0,0.305156,0.0,0.014173,0.027773,0.004999,0.009748
simulation_ui_20260918_000717_07_07_cpcp,07,07,CPCP,07 · CPCP,c431d4ae9339f97a7ca5409d975805a3,1,p1,1. Conservative,Anavex Life Sciences Stock Is Deeply Oversold. Should You Buy the Dip?,success,0.307983,0.307983,0.307983,0.221224,0.621627,0.256613,0.120594,0.0,0.02136,0.04016,0.016438,0.007482
simulation_ui_20260918_000717_07_07_cpcp,07,07,CPCP,07 · CPCP,c431d4ae9339f97a7ca5409d975805a3,2,p2,2. Progressive,Anavex Life Sciences Stock Is Deeply Oversold. Should You Buy the Dip?,success,0.277151,0.2541,0.562083,0.028834,0.544437,0.226226,0.293642,0.0,0.0266,0.049595,0.012842,0.017363
simulation_ui_20260918_000717_07_07_cpcp,07,07,CPCP,07 · CPCP,c431d4ae9339f97a7ca5409d975805a3,3,p3,3. Conservative,Anavex Life Sciences Stock Is Deeply Oversold. Should You Buy the Dip?,success,0.379561,0.284169,0.846252,0.239887,0.610075,0.380981,0.273497,0.0,0.027661,0.043507,0.016819,0.022657
simulation_ui_20260918_000717_07_07_cpcp,07,07,CPCP,07 · CPCP,c431d4ae9339f97a7ca5409d975805a3,4,p4,4. Progressive,Anavex Life Sciences Stock Is Deeply Oversold. Should You Buy the Dip?,success,0.341031,0.272437,1.118689,0.132496,0.508766,0.413706,0.289162,0.0,0.037642,0.063196,0.029986,0.019744
simulation_ui_20260918_000717_07_07_cpcp,07,07,CPCP,07 · CPCP,ce21e05271d5e7a4e182ceb46e706964,1,p1,1. Conservative,"Arizona opinion: European mandate means costlier food, groceries",success,0.113522,0.113522,0.113522,0.033552,0.228466,0.0,0.188874,0.0,0.004504,0.005927,0.003159,0.004427
simulation_ui_20260918_000717_07_07_cpcp,07,07,CPCP,07 · CPCP,ce21e05271d5e7a4e182ceb46e706964,2,p2,2. Progressive,"Arizona opinion: European mandate means costlier food, groceries",success,0.487812,0.485027,0.598549,0.568179,0.552368,0.419358,0.408388,0.0,0.0072,0.008135,0.006621,0.006843
simulation_ui_20260918_000717_07_07_cpcp,07,07,CPCP,07 · CPCP,ce21e05271d5e7a4e182ceb46e706964,3,p3,3. Conservative,"Arizona opinion: European mandate means costlier food, groceries",success,0.418677,0.434665,1.033214,0.287336,0.307136,0.5,0.567737,0.0,0.026734,0.01225,0.024374,0.043579
simulation_ui_20260918_000717_07_07_cpcp,07,07,CPCP,07 · CPCP,ce21e05271d5e7a4e182ceb46e706964,4,p4,4. Progressive,"Arizona opinion: European mandate means costlier food, groceries",success,0.44763,0.132943,1.166157,0.368832,0.308165,0.516132,0.592284,0.0,0.01153,0.002479,0.014912,0.0172
simulation_ui_20260918_000717_07_07_cpcp,07,07,CPCP,07 · CPCP,d66c6c1dfd9c66c9f17f51b8a1ecc92d,1,p1,1. Conservative,"Cadre Holdings to Acquire Assets of Tedder Industries, Including Alien Gear Holsters",success,0.057066,0.057066,0.057066,0.003303,0.0,0.2,0.024143,0.0,0.001084,0.000613,0.0025,0.000138
simulation_ui_20260918_000717_07_07_cpcp,07,07,CPCP,07 · CPCP,d66c6c1dfd9c66c9f17f51b8a1ecc92d,2,p2,2. Progressive,"Cadre Holdings to Acquire Assets of Tedder Industries, Including Alien Gear Holsters",success,0.119372,0.066268,0.123334,0.003303,0.0,0.2,0.264634,0.0,0.013522,0.004758,0.024135,0.011672
simulation_ui_20260918_000717_07_07_cpcp,07,07,CPCP,07 · CPCP,d66c6c1dfd9c66c9f17f51b8a1ecc92d,3,p3,3. Conservative,"Cadre Holdings to Acquire Assets of Tedder Industries, Including Alien Gear Holsters",success,0.150505,0.03289,0.156224,0.005018,0.03312,0.2,0.353064,0.0,0.01587,0.00608,0.03126,0.010271
simulation_ui_20260918_000717_07_07_cpcp,07,07,CPCP,07 · CPCP,d66c6c1dfd9c66c9f17f51b8a1ecc92d,4,p4,4. Progressive,"Cadre Holdings to Acquire Assets of Tedder Industries, Including Alien Gear Holsters",success,0.181899,0.097542,0.253766,0.0,0.258123,0.2,0.260486,0.0,0.013694,0.00307,0.02453,0.013483
simulation_ui_20260918_000717_07_07_cpcp,07,07,CPCP,07 · CPCP,de1ef9dc3d1297e42a2fb05392a32d49,1,p1,1. Conservative,Constellation Software Inc. (CSU) to Issue Quarterly Dividend of $1.00 on April 15th,success,0.187617,0.187617,0.187617,0.06142,0.513736,0.081983,0.089439,0.0,0.005981,0.002152,0.014302,0.00149
simulation_ui_20260918_000717_07_07_cpcp,07,07,CPCP,07 · CPCP,de1ef9dc3d1297e42a2fb05392a32d49,2,p2,2. Progressive,Constellation Software Inc. (CSU) to Issue Quarterly Dividend of $1.00 on April 15th,success,0.16684,0.126432,0.314049,0.02057,0.501565,0.081983,0.060193,0.0,0.004571,0.00587,0.007341,0.000502
simulation_ui_20260918_000717_07_07_cpcp,07,07,CPCP,07 · CPCP,de1ef9dc3d1297e42a2fb05392a32d49,3,p3,3. Conservative,Constellation Software Inc. (CSU) to Issue Quarterly Dividend of $1.00 on April 15th,success,0.076462,0.133032,0.447081,0.074008,0.086284,0.081983,0.060193,0.0,0.004571,0.00587,0.007341,0.000502
simulation_ui_20260918_000717_07_07_cpcp,07,07,CPCP,07 · CPCP,de1ef9dc3d1297e42a2fb05392a32d49,4,p4,4. Progressive,Constellation Software Inc. (CSU) to Issue Quarterly Dividend of $1.00 on April 15th,success,0.146336,0.116322,0.563403,0.074008,0.448019,0.0,0.060193,0.0,0.004571,0.00587,0.007341,0.000502
simulation_ui_20260918_000717_07_07_cpcp,07,07,CPCP,07 · CPCP,e0d8c78139dd28d077ec2c768043d7ca,1,p1,1. Conservative,Change in LHV Group Audit Committee,success,0.225653,0.225653,0.225653,0.092215,0.684574,0.0,0.123547,0.0,0.003672,0.001117,0.008905,0.000995
simulation_ui_20260918_000717_07_07_cpcp,07,07,CPCP,07 · CPCP,e0d8c78139dd28d077ec2c768043d7ca,2,p2,2. Progressive,Change in LHV Group Audit Committee,success,0.229766,0.174465,0.400118,0.0,0.663811,0.128154,0.123629,0.0,0.005628,0.010545,0.005125,0.001215
simulation_ui_20260918_000717_07_07_cpcp,07,07,CPCP,07 · CPCP,e0d8c78139dd28d077ec2c768043d7ca,3,p3,3. Conservative,Change in LHV Group Audit Committee,success,0.187197,0.10743,0.507548,0.0,0.616694,0.029953,0.098399,0.0,0.005746,0.007734,0.007706,0.001799
simulation_ui_20260918_000717_07_07_cpcp,07,07,CPCP,07 · CPCP,e0d8c78139dd28d077ec2c768043d7ca,4,p4,4. Progressive,Change in LHV Group Audit Committee,success,0.284814,0.168171,0.675719,0.078722,0.732146,0.029953,0.294745,0.0,0.006439,0.011346,0.007656,0.000315
simulation_ui_20260918_000717_07_07_cpcp,07,07,CPCP,07 · CPCP,e42774600d5c0fd2405b181105990603,1,p1,1. Conservative,Canada is losing more air traffic controllers than it’s hiring: aviation expert,success,0.290998,0.290998,0.290998,0.254036,0.491893,0.0,0.411037,0.0,0.012354,0.021377,0.000126,0.01556
simulation_ui_20260918_000717_07_07_cpcp,07,07,CPCP,07 · CPCP,e42774600d5c0fd2405b181105990603,2,p2,2. Progressive,Canada is losing more air traffic controllers than it’s hiring: aviation expert,success,0.274089,0.159085,0.450083,0.254013,0.539016,0.0,0.300283,0.0,0.005233,0.009037,0.001172,0.005491
simulation_ui_20260918_000717_07_07_cpcp,07,07,CPCP,07 · CPCP,e42774600d5c0fd2405b181105990603,3,p3,3. Conservative,Canada is losing more air traffic controllers than it’s hiring: aviation expert,success,0.459512,0.283456,0.733539,1.0,0.539016,0.0,0.295324,0.0,0.00856,0.010019,0.003441,0.012221
simulation_ui_20260918_000717_07_07_cpcp,07,07,CPCP,07 · CPCP,e42774600d5c0fd2405b181105990603,4,p4,4. Progressive,Canada is losing more air traffic controllers than it’s hiring: aviation expert,success,0.46206,0.144817,0.878356,1.0,0.60972,0.0,0.229509,0.0,0.020849,0.019451,0.033836,0.009261
simulation_ui_20260918_000717_07_07_cpcp,07,07,CPCP,07 · CPCP,e68862b7bac57065b34e1018a51ce3f2,1,p1,1. Conservative,"Cruisebound Launches ""Search by Map,"" Redefining How Travelers Discover Cruises",success,0.180238,0.180238,0.180238,0.07875,0.134623,0.333333,0.152125,0.0,0.033503,0.026519,0.061511,0.01248
simulation_ui_20260918_000717_07_07_cpcp,07,07,CPCP,07 · CPCP,e68862b7bac57065b34e1018a51ce3f2,2,p2,2. Progressive,"Cruisebound Launches ""Search by Map,"" Redefining How Travelers Discover Cruises",success,0.125028,0.145784,0.326022,0.07875,0.279126,0.0,0.11837,0.0,0.033864,0.033898,0.052252,0.015442
simulation_ui_20260918_000717_07_07_cpcp,07,07,CPCP,07 · CPCP,e68862b7bac57065b34e1018a51ce3f2,3,p3,3. Conservative,"Cruisebound Launches ""Search by Map,"" Redefining How Travelers Discover Cruises",success,0.109502,0.156195,0.482217,0.0,0.227049,0.0,0.187041,0.0,0.033352,0.030884,0.055724,0.013448
simulation_ui_20260918_000717_07_07_cpcp,07,07,CPCP,07 · CPCP,e68862b7bac57065b34e1018a51ce3f2,4,p4,4. Progressive,"Cruisebound Launches ""Search by Map,"" Redefining How Travelers Discover Cruises",success,0.092538,0.0277,0.509917,0.0,0.227049,0.0,0.11876,0.0,0.033307,0.031175,0.055051,0.013696
simulation_ui_20260918_000717_07_07_cpcp,07,07,CPCP,07 · CPCP,ea67fb6d8317500951f4bf21966a33ea,1,p1,1. Conservative,China's 'Africa Diaper King' Delivers Strong Annual Profit Post-IPO,success,0.186536,0.186536,0.186536,0.0,0.32202,0.142857,0.276739,0.0,0.006949,0.013935,0.000802,0.00611
simulation_ui_20260918_000717_07_07_cpcp,07,07,CPCP,07 · CPCP,ea67fb6d8317500951f4bf21966a33ea,2,p2,2. Progressive,China's 'Africa Diaper King' Delivers Strong Annual Profit Post-IPO,success,0.212328,0.183281,0.369817,0.150549,0.465859,0.0,0.228132,0.0,0.007562,0.009719,0.007576,0.005392
simulation_ui_20260918_000717_07_07_cpcp,07,07,CPCP,07 · CPCP,ea67fb6d8317500951f4bf21966a33ea,3,p3,3. Conservative,China's 'Africa Diaper King' Delivers Strong Annual Profit Post-IPO,success,0.270119,0.273616,0.643433,0.0,0.346475,0.303606,0.423517,0.0,0.01175,0.014074,0.012014,0.009161
simulation_ui_20260918_000717_07_07_cpcp,07,07,CPCP,07 · CPCP,ea67fb6d8317500951f4bf21966a33ea,4,p4,4. Progressive,China's 'Africa Diaper King' Delivers Strong Annual Profit Post-IPO,success,0.21004,0.2554,0.898833,0.054929,0.438302,0.0,0.336419,0.0,0.016576,0.020174,0.018424,0.01113
simulation_ui_20260918_000717_07_07_cpcp,07,07,CPCP,07 · CPCP,edd97daf51d7e0bb7d9da3f3e2c9bfa8,1,p1,1. Conservative,Amazon and Walmart fined for selling banned refrigerant in Washington state,success,0.107801,0.107801,0.107801,0.010947,0.310811,0.0,0.103929,0.0,0.00772,0.002954,0.004005,0.016202
simulation_ui_20260918_000717_07_07_cpcp,07,07,CPCP,07 · CPCP,edd97daf51d7e0bb7d9da3f3e2c9bfa8,2,p2,2. Progressive,Amazon and Walmart fined for selling banned refrigerant in Washington state,success,0.204443,0.219246,0.327047,0.046275,0.32208,0.0,0.444495,0.0,0.00772,0.002954,0.004005,0.016202
simulation_ui_20260918_000717_07_07_cpcp,07,07,CPCP,07 · CPCP,edd97daf51d7e0bb7d9da3f3e2c9bfa8,3,p3,3. Conservative,Amazon and Walmart fined for selling banned refrigerant in Washington state,success,0.097416,0.252328,0.579375,0.0,0.046781,0.25,0.0873,0.0,0.00772,0.002954,0.004005,0.016202
simulation_ui_20260918_000717_07_07_cpcp,07,07,CPCP,07 · CPCP,edd97daf51d7e0bb7d9da3f3e2c9bfa8,4,p4,4. Progressive,Amazon and Walmart fined for selling banned refrigerant in Washington state,success,0.2259,0.27149,0.850865,0.010947,0.403674,0.0,0.484192,0.0,0.00772,0.002954,0.004005,0.016202
simulation_ui_20260918_000717_07_07_cpcp,07,07,CPCP,07 · CPCP,efc05dd0bbe1b970e1f97452c3e0b5a4,1,p1,1. Conservative,Blackstone (BX) Slipped Amid Private Credit Concerns Despite Strong Long-Term Outlook,success,0.159644,0.159644,0.159644,0.092678,0.22513,0.0,0.32006,0.0,0.001051,0.001059,0.00027,0.001824
simulation_ui_20260918_000717_07_07_cpcp,07,07,CPCP,07 · CPCP,efc05dd0bbe1b970e1f97452c3e0b5a4,2,p2,2. Progressive,Blackstone (BX) Slipped Amid Private Credit Concerns Despite Strong Long-Term Outlook,success,0.114095,0.129699,0.289343,0.093007,0.313187,0.024685,0.020335,0.0,0.007277,0.009311,0.006744,0.005776
simulation_ui_20260918_000717_07_07_cpcp,07,07,CPCP,07 · CPCP,efc05dd0bbe1b970e1f97452c3e0b5a4,3,p3,3. Conservative,Blackstone (BX) Slipped Amid Private Credit Concerns Despite Strong Long-Term Outlook,success,0.087335,0.118232,0.407575,0.101367,0.205474,0.024685,0.010966,0.0,0.009361,0.009483,0.01541,0.003189
simulation_ui_20260918_000717_07_07_cpcp,07,07,CPCP,07 · CPCP,efc05dd0bbe1b970e1f97452c3e0b5a4,4,p4,4. Progressive,Blackstone (BX) Slipped Amid Private Credit Concerns Despite Strong Long-Term Outlook,success,0.079338,0.084694,0.492269,0.092678,0.139362,0.0451,0.031535,0.0,0.011752,0.018832,0.009858,0.006566
simulation_ui_20260918_000717_07_07_cpcp,07,07,CPCP,07 · CPCP,f46dd28ab257311f8706feca1dc99708,1,p1,1. Conservative,Bevvy: Downtown’s New ‘Dirty’ Soda,success,0.101768,0.101768,0.101768,0.044011,0.341163,0.0,0.010463,0.0,0.015864,0.013094,0.025883,0.008615
simulation_ui_20260918_000717_07_07_cpcp,07,07,CPCP,07 · CPCP,f46dd28ab257311f8706feca1dc99708,2,p2,2. Progressive,Bevvy: Downtown’s New ‘Dirty’ Soda,success,0.13718,0.149825,0.251593,0.276934,0.258259,0.0,0.00254,0.0,0.015864,0.013094,0.025883,0.008615
simulation_ui_20260918_000717_07_07_cpcp,07,07,CPCP,07 · CPCP,f46dd28ab257311f8706feca1dc99708,3,p3,3. Conservative,Bevvy: Downtown’s New ‘Dirty’ Soda,success,0.107585,0.15715,0.408743,0.045377,0.361961,0.0,0.00254,0.0,0.028497,0.028678,0.037239,0.019574
simulation_ui_20260918_000717_07_07_cpcp,07,07,CPCP,07 · CPCP,f46dd28ab257311f8706feca1dc99708,4,p4,4. Progressive,Bevvy: Downtown’s New ‘Dirty’ Soda,success,0.099359,0.032081,0.440824,0.045377,0.328868,0.0,0.00254,0.0,0.028497,0.028678,0.037239,0.019574
simulation_ui_20260918_000717_07_07_cpcp,07,07,CPCP,07 · CPCP,f7a4ad54b51a7d28de6970e46285b0f2,1,p1,1. Conservative,5G Services Market Surges to $497.24 billion by 2028 | CAGR 19.3%,success,0.148138,0.148138,0.148138,0.0,0.583426,0.0,0.0,0.0,0.013357,0.009455,0.026546,0.00407
simulation_ui_20260918_000717_07_07_cpcp,07,07,CPCP,07 · CPCP,f7a4ad54b51a7d28de6970e46285b0f2,2,p2,2. Progressive,5G Services Market Surges to $497.24 billion by 2028 | CAGR 19.3%,success,0.667097,0.666621,0.814759,1.0,0.725893,0.696973,0.24125,0.0,0.015984,0.01488,0.003827,0.029245
simulation_ui_20260918_000717_07_07_cpcp,07,07,CPCP,07 · CPCP,f7a4ad54b51a7d28de6970e46285b0f2,3,p3,3. Conservative,5G Services Market Surges to $497.24 billion by 2028 | CAGR 19.3%,success,0.393732,0.36716,1.181919,0.0,0.72465,0.6,0.246168,0.0,0.00846,0.014194,0.002341,0.008844
simulation_ui_20260918_000717_07_07_cpcp,07,07,CPCP,07 · CPCP,f7a4ad54b51a7d28de6970e46285b0f2,4,p4,4. Progressive,5G Services Market Surges to $497.24 billion by 2028 | CAGR 19.3%,success,0.408295,0.101629,1.283548,0.0,0.711153,0.636368,0.274752,0.0,0.022936,0.025578,0.03356,0.00967
simulation_ui_20260918_000717_07_07_cpcp,07,07,CPCP,07 · CPCP,ff437d173cf94bd173d62a3ee1c4dc9e,1,p1,1. Conservative,Deputy minister: Belarus is among global leaders in dairy and meat exports,success,0.191986,0.191986,0.191986,0.081746,0.408286,0.25,0.025368,0.0,0.00393,0.001998,0.006162,0.00363
simulation_ui_20260918_000717_07_07_cpcp,07,07,CPCP,07 · CPCP,ff437d173cf94bd173d62a3ee1c4dc9e,2,p2,2. Progressive,Deputy minister: Belarus is among global leaders in dairy and meat exports,success,0.201793,0.18474,0.376726,0.284445,0.402868,0.105108,0.012238,0.0,0.00393,0.001998,0.006162,0.00363
simulation_ui_20260918_000717_07_07_cpcp,07,07,CPCP,07 · CPCP,ff437d173cf94bd173d62a3ee1c4dc9e,3,p3,3. Conservative,Deputy minister: Belarus is among global leaders in dairy and meat exports,success,0.319184,0.384667,0.761393,0.307192,0.133084,0.4,0.433118,0.0,0.006126,0.000247,0.010159,0.007971
simulation_ui_20260918_000717_07_07_cpcp,07,07,CPCP,07 · CPCP,ff437d173cf94bd173d62a3ee1c4dc9e,4,p4,4. Progressive,Deputy minister: Belarus is among global leaders in dairy and meat exports,success,0.41012,0.232134,0.993527,0.310465,0.560586,0.4,0.365614,0.0,0.008075,0.002785,0.011224,0.010216
simulation_ui_20260918_000717_08_08_pcpc,08,08,PCPC,08 · PCPC,03d15c304dd6358c32fe4fdcb841b43a,1,p1,1. Progressive,"APO INVESTOR DEADLINE APPROACHING: Faruqi & Faruqi, LLP Reminds Apollo Global Management (APO) Investors of Securities Class Action Deadline on May 1, 2026",success,0.102485,0.102485,0.102485,0.0,0.134633,0.0,0.271016,0.0,0.005971,0.008327,0.006293,0.003294
simulation_ui_20260918_000717_08_08_pcpc,08,08,PCPC,08 · PCPC,03d15c304dd6358c32fe4fdcb841b43a,2,p2,2. Conservative,"APO INVESTOR DEADLINE APPROACHING: Faruqi & Faruqi, LLP Reminds Apollo Global Management (APO) Investors of Securities Class Action Deadline on May 1, 2026",success,0.109231,0.068967,0.171452,0.067279,0.150711,0.0,0.213358,0.0,0.007813,0.00519,0.015823,0.002425
simulation_ui_20260918_000717_08_08_pcpc,08,08,PCPC,08 · PCPC,03d15c304dd6358c32fe4fdcb841b43a,3,p3,3. Progressive,"APO INVESTOR DEADLINE APPROACHING: Faruqi & Faruqi, LLP Reminds Apollo Global Management (APO) Investors of Securities Class Action Deadline on May 1, 2026",success,0.115732,0.096026,0.267478,0.0,0.166168,0.0,0.284545,0.0,0.017208,0.01456,0.018926,0.018139
simulation_ui_20260918_000717_08_08_pcpc,08,08,PCPC,08 · PCPC,03d15c304dd6358c32fe4fdcb841b43a,4,p4,4. Conservative,"APO INVESTOR DEADLINE APPROACHING: Faruqi & Faruqi, LLP Reminds Apollo Global Management (APO) Investors of Securities Class Action Deadline on May 1, 2026",success,0.179252,0.159864,0.427342,0.0,0.267234,0.2,0.238963,0.0,0.016411,0.015359,0.015906,0.017967
simulation_ui_20260918_000717_08_08_pcpc,08,08,PCPC,08 · PCPC,03d1d324c6615b5fbc7455135584ac57,1,p1,1. Progressive,Canadian Imperial Bank of Commerce (CM) To Go Ex-Dividend on March 27th,success,0.245499,0.245499,0.245499,0.092019,0.407217,0.088043,0.392083,0.0,0.004363,0.001197,0.009594,0.002299
simulation_ui_20260918_000717_08_08_pcpc,08,08,PCPC,08 · PCPC,03d1d324c6615b5fbc7455135584ac57,2,p2,2. Conservative,Canadian Imperial Bank of Commerce (CM) To Go Ex-Dividend on March 27th,success,0.267974,0.146971,0.39247,0.080587,0.448944,0.169613,0.370776,0.0,0.003371,0.001144,0.007572,0.001398
simulation_ui_20260918_000717_08_08_pcpc,08,08,PCPC,08 · PCPC,03d1d324c6615b5fbc7455135584ac57,3,p3,3. Progressive,Canadian Imperial Bank of Commerce (CM) To Go Ex-Dividend on March 27th,success,0.200228,0.177709,0.570179,0.10354,0.091496,0.088043,0.512696,0.0,0.008019,0.001566,0.015054,0.007436
simulation_ui_20260918_000717_08_08_pcpc,08,08,PCPC,08 · PCPC,03d1d324c6615b5fbc7455135584ac57,4,p4,4. Conservative,Canadian Imperial Bank of Commerce (CM) To Go Ex-Dividend on March 27th,success,0.279113,0.26273,0.832909,0.092019,0.413966,0.316033,0.290803,0.0,0.006291,0.004466,0.013177,0.001231
simulation_ui_20260918_000717_08_08_pcpc,08,08,PCPC,08 · PCPC,0883a2f27500aaeca578c2b397002506,1,p1,1. Progressive,'A crater': Pollster says Trump suffers 'objective measure' of 'failed presidency',success,0.268261,0.268261,0.268261,0.202455,0.235725,0.241269,0.386406,0.0,0.012248,0.016281,0.020273,0.00019
simulation_ui_20260918_000717_08_08_pcpc,08,08,PCPC,08 · PCPC,0883a2f27500aaeca578c2b397002506,2,p2,2. Conservative,'A crater': Pollster says Trump suffers 'objective measure' of 'failed presidency',success,0.200181,0.28441,0.552671,0.254115,0.09535,0.0,0.442133,0.0,0.01422,0.003956,0.028506,0.010199
simulation_ui_20260918_000717_08_08_pcpc,08,08,PCPC,08 · PCPC,0883a2f27500aaeca578c2b397002506,3,p3,3. Progressive,'A crater': Pollster says Trump suffers 'objective measure' of 'failed presidency',success,0.171982,0.207859,0.76053,0.329706,0.137124,0.0,0.211669,0.0,0.014194,0.001136,0.021369,0.020076
simulation_ui_20260918_000717_08_08_pcpc,08,08,PCPC,08 · PCPC,0883a2f27500aaeca578c2b397002506,4,p4,4. Conservative,'A crater': Pollster says Trump suffers 'objective measure' of 'failed presidency',success,0.161319,0.193681,0.954211,0.223274,0.235725,0.0,0.178866,0.0,0.011024,0.005324,0.019285,0.008464
simulation_ui_20260918_000717_08_08_pcpc,08,08,PCPC,08 · PCPC,0b30ae6eaf7bab834a4906766ba2ecb2,1,p1,1. Progressive,Britain introduces “plug-in” solar panels for homes to tackle the energy crisis caused by the war in Iran,success,0.2708,0.2708,0.2708,0.027761,0.340644,0.2,0.505122,0.0,0.016525,0.008264,0.031229,0.010082
simulation_ui_20260918_000717_08_08_pcpc,08,08,PCPC,08 · PCPC,0b30ae6eaf7bab834a4906766ba2ecb2,2,p2,2. Conservative,Britain introduces “plug-in” solar panels for homes to tackle the energy crisis caused by the war in Iran,success,0.251398,0.179815,0.450615,0.06765,0.093271,0.2,0.640615,0.0,0.006762,0.005765,0.013622,0.0009
simulation_ui_20260918_000717_08_08_pcpc,08,08,PCPC,08 · PCPC,0b30ae6eaf7bab834a4906766ba2ecb2,3,p3,3. Progressive,Britain introduces “plug-in” solar panels for homes to tackle the energy crisis caused by the war in Iran,success,0.281131,0.143027,0.593642,0.098659,0.275033,0.2,0.540904,0.0,0.017206,0.009974,0.03518,0.006465
simulation_ui_20260918_000717_08_08_pcpc,08,08,PCPC,08 · PCPC,0b30ae6eaf7bab834a4906766ba2ecb2,4,p4,4. Conservative,Britain introduces “plug-in” solar panels for homes to tackle the energy crisis caused by the war in Iran,success,0.31085,0.102054,0.695696,0.093259,0.395145,0.2,0.548076,0.0,0.012522,0.007653,0.024994,0.004918
simulation_ui_20260918_000717_08_08_pcpc,08,08,PCPC,08 · PCPC,0c84c580588b0f1f5c9070df32dfc5a6,1,p1,1. Progressive,"$1,000 ‘Dog Tax Credit’? Americans eye big payout — don’t miss this April date",success,0.197233,0.197233,0.197233,0.048725,0.156893,0.324018,0.249629,0.0,0.015007,0.013166,0.030852,0.001002
simulation_ui_20260918_000717_08_08_pcpc,08,08,PCPC,08 · PCPC,0c84c580588b0f1f5c9070df32dfc5a6,2,p2,2. Conservative,"$1,000 ‘Dog Tax Credit’? Americans eye big payout — don’t miss this April date",success,0.302118,0.18158,0.378813,0.123518,0.44694,0.33905,0.288442,0.0,0.018775,0.032639,0.020988,0.002697
simulation_ui_20260918_000717_08_08_pcpc,08,08,PCPC,08 · PCPC,0c84c580588b0f1f5c9070df32dfc5a6,3,p3,3. Progressive,"$1,000 ‘Dog Tax Credit’? Americans eye big payout — don’t miss this April date",success,0.2481,0.185902,0.564715,0.122189,0.223018,0.33584,0.297167,0.0,0.023476,0.043079,0.027291,5.9e-05
simulation_ui_20260918_000717_08_08_pcpc,08,08,PCPC,08 · PCPC,0c84c580588b0f1f5c9070df32dfc5a6,4,p4,4. Conservative,"$1,000 ‘Dog Tax Credit’? Americans eye big payout — don’t miss this April date",success,0.263489,0.079416,0.644131,0.127468,0.307297,0.33584,0.270437,0.0,0.021822,0.034701,0.027424,0.00334
simulation_ui_20260918_000717_08_08_pcpc,08,08,PCPC,08 · PCPC,0ccfe99f5612d8b22298e5942170415d,1,p1,1. Progressive,Cambria Tax Aware ETF (NASDAQ:TAX) Short Interest Down 67.0% in March,success,0.14402,0.14402,0.14402,0.0,0.441612,0.0,0.123067,0.0,0.016591,0.023928,0.014566,0.01128
simulation_ui_20260918_000717_08_08_pcpc,08,08,PCPC,08 · PCPC,0ccfe99f5612d8b22298e5942170415d,2,p2,2. Conservative,Cambria Tax Aware ETF (NASDAQ:TAX) Short Interest Down 67.0% in March,success,0.225984,0.210073,0.354093,0.0,0.291476,0.197901,0.408137,0.0,0.010348,0.011416,0.018493,0.001136
simulation_ui_20260918_000717_08_08_pcpc,08,08,PCPC,08 · PCPC,0ccfe99f5612d8b22298e5942170415d,3,p3,3. Progressive,Cambria Tax Aware ETF (NASDAQ:TAX) Short Interest Down 67.0% in March,success,0.336873,0.249467,0.60356,0.0,0.295974,0.465267,0.579636,0.0,0.01244,0.000821,0.028475,0.008023
simulation_ui_20260918_000717_08_08_pcpc,08,08,PCPC,08 · PCPC,0ccfe99f5612d8b22298e5942170415d,4,p4,4. Conservative,Cambria Tax Aware ETF (NASDAQ:TAX) Short Interest Down 67.0% in March,success,0.386849,0.189494,0.793054,0.0,0.62743,0.333333,0.579636,0.0,0.014226,0.016965,0.015113,0.0106
simulation_ui_20260918_000717_08_08_pcpc,08,08,PCPC,08 · PCPC,11c9275c35fecd97efe0ba12a17b00da,1,p1,1. Progressive,CPA questions legal basis of GACL takeover of McDan Jet Terminal,success,0.171367,0.171367,0.171367,0.099023,0.342715,0.2,0.038586,0.0,0.00775,0.004435,0.003772,0.015043
simulation_ui_20260918_000717_08_08_pcpc,08,08,PCPC,08 · PCPC,11c9275c35fecd97efe0ba12a17b00da,2,p2,2. Conservative,CPA questions legal basis of GACL takeover of McDan Jet Terminal,success,0.196667,0.257205,0.428572,0.121965,0.200798,0.2,0.257946,0.0,0.009253,0.011808,0.000742,0.015209
simulation_ui_20260918_000717_08_08_pcpc,08,08,PCPC,08 · PCPC,11c9275c35fecd97efe0ba12a17b00da,3,p3,3. Progressive,CPA questions legal basis of GACL takeover of McDan Jet Terminal,success,0.154834,0.15452,0.583092,0.11668,0.258435,0.2,0.037334,0.0,0.010166,0.004748,0.008484,0.017265
simulation_ui_20260918_000717_08_08_pcpc,08,08,PCPC,08 · PCPC,11c9275c35fecd97efe0ba12a17b00da,4,p4,4. Conservative,CPA questions legal basis of GACL takeover of McDan Jet Terminal,success,0.151991,0.116959,0.700051,0.002753,0.355246,0.2,0.035779,0.0,0.020824,0.02538,0.012612,0.024481
simulation_ui_20260918_000717_08_08_pcpc,08,08,PCPC,08 · PCPC,11fde5af588f2d6f6a0c145a6d089324,1,p1,1. Progressive,"BSNL Posts ₹5,000 Crore Profit After 18 Years, Scindia Signals ₹10,000 Crore Target & India Post IPO Plans",success,0.281328,0.281328,0.281328,0.332764,0.476497,0.25,0.062026,0.0,0.006994,0.006169,0.01478,3.2e-05
simulation_ui_20260918_000717_08_08_pcpc,08,08,PCPC,08 · PCPC,11fde5af588f2d6f6a0c145a6d089324,2,p2,2. Conservative,"BSNL Posts ₹5,000 Crore Profit After 18 Years, Scindia Signals ₹10,000 Crore Target & India Post IPO Plans",success,0.224411,0.129778,0.411106,0.313857,0.313975,0.25,0.018145,0.0,0.002688,0.005301,0.000208,0.002555
simulation_ui_20260918_000717_08_08_pcpc,08,08,PCPC,08 · PCPC,11fde5af588f2d6f6a0c145a6d089324,3,p3,3. Progressive,"BSNL Posts ₹5,000 Crore Profit After 18 Years, Scindia Signals ₹10,000 Crore Target & India Post IPO Plans",success,0.162436,0.218005,0.629111,0.369452,0.233681,0.0,0.035963,0.0,0.015842,0.016025,0.012294,0.019208
simulation_ui_20260918_000717_08_08_pcpc,08,08,PCPC,08 · PCPC,11fde5af588f2d6f6a0c145a6d089324,4,p4,4. Conservative,"BSNL Posts ₹5,000 Crore Profit After 18 Years, Scindia Signals ₹10,000 Crore Target & India Post IPO Plans",success,0.191198,0.103604,0.732715,0.332764,0.384503,0.0,0.035963,0.0,0.017807,0.020898,0.012842,0.019681
simulation_ui_20260918_000717_08_08_pcpc,08,08,PCPC,08 · PCPC,17cd8c3587799d6f5551faf3e5895209,1,p1,1. Progressive,"Credit Union of Colorado Foundation invests $50,000 in community college scholarships",success,0.054844,0.054844,0.054844,0.0,0.21286,0.0,0.0,0.0,0.008605,0.010248,0.002255,0.013313
simulation_ui_20260918_000717_08_08_pcpc,08,08,PCPC,08 · PCPC,17cd8c3587799d6f5551faf3e5895209,2,p2,2. Conservative,"Credit Union of Colorado Foundation invests $50,000 in community college scholarships",success,0.126937,0.076422,0.131266,0.006451,0.496181,0.0,0.000257,0.0,0.006945,0.007506,0.006525,0.006803
simulation_ui_20260918_000717_08_08_pcpc,08,08,PCPC,08 · PCPC,17cd8c3587799d6f5551faf3e5895209,3,p3,3. Progressive,"Credit Union of Colorado Foundation invests $50,000 in community college scholarships",success,0.275474,0.187633,0.318899,0.006451,0.42545,0.333333,0.333505,0.0,0.005441,0.00319,0.002547,0.010587
simulation_ui_20260918_000717_08_08_pcpc,08,08,PCPC,08 · PCPC,17cd8c3587799d6f5551faf3e5895209,4,p4,4. Conservative,"Credit Union of Colorado Foundation invests $50,000 in community college scholarships",success,0.128053,0.191285,0.510184,0.006451,0.501502,0.0,0.000257,0.0,0.005732,0.005404,0.004666,0.007125
simulation_ui_20260918_000717_08_08_pcpc,08,08,PCPC,08 · PCPC,1e83ba34429a85f3fbafdb5671e23f1d,1,p1,1. Progressive,Delhi PWD Accelerates PNG Pipeline Laying with 24-Hour Approvals,success,0.245787,0.245787,0.245787,0.12622,0.263861,0.267675,0.315447,0.0,0.016426,0.023158,0.023735,0.002386
simulation_ui_20260918_000717_08_08_pcpc,08,08,PCPC,08 · PCPC,1e83ba34429a85f3fbafdb5671e23f1d,2,p2,2. Conservative,Delhi PWD Accelerates PNG Pipeline Laying with 24-Hour Approvals,success,0.219568,0.116994,0.362781,0.12622,0.238759,0.236142,0.263666,0.0,0.021505,0.015205,0.030779,0.018531
simulation_ui_20260918_000717_08_08_pcpc,08,08,PCPC,08 · PCPC,1e83ba34429a85f3fbafdb5671e23f1d,3,p3,3. Progressive,Delhi PWD Accelerates PNG Pipeline Laying with 24-Hour Approvals,success,0.258548,0.097866,0.460647,0.12622,0.42746,0.236142,0.237414,0.0,0.011701,0.003364,0.017694,0.014044
simulation_ui_20260918_000717_08_08_pcpc,08,08,PCPC,08 · PCPC,1e83ba34429a85f3fbafdb5671e23f1d,4,p4,4. Conservative,Delhi PWD Accelerates PNG Pipeline Laying with 24-Hour Approvals,success,0.214886,0.091518,0.552165,0.12622,0.280317,0.236142,0.208213,0.0,0.01374,0.014318,0.007315,0.019587
simulation_ui_20260918_000717_08_08_pcpc,08,08,PCPC,08 · PCPC,1eb77463838b3d1f2ea74f8bfa272767,1,p1,1. Progressive,Afghanistan urges regional water cooperation at Tashkent Forum,success,0.393166,0.393166,0.393166,1.0,0.30797,0.25878,0.004418,0.0,0.003078,0.002026,0.005325,0.001883
simulation_ui_20260918_000717_08_08_pcpc,08,08,PCPC,08 · PCPC,1eb77463838b3d1f2ea74f8bfa272767,2,p2,2. Conservative,Afghanistan urges regional water cooperation at Tashkent Forum,success,0.406875,0.168446,0.561612,1.0,0.0,0.25878,0.365482,0.0,0.006811,0.008444,0.006248,0.00574
simulation_ui_20260918_000717_08_08_pcpc,08,08,PCPC,08 · PCPC,1eb77463838b3d1f2ea74f8bfa272767,3,p3,3. Progressive,Afghanistan urges regional water cooperation at Tashkent Forum,success,0.494692,0.352814,0.914426,1.0,0.369158,0.25878,0.348885,0.0,0.004809,0.003601,0.007367,0.003459
simulation_ui_20260918_000717_08_08_pcpc,08,08,PCPC,08 · PCPC,1eb77463838b3d1f2ea74f8bfa272767,4,p4,4. Conservative,Afghanistan urges regional water cooperation at Tashkent Forum,success,0.192619,0.318593,1.233019,0.049841,0.369158,0.0,0.347535,0.0,0.006096,0.009893,0.004804,0.003591
simulation_ui_20260918_000717_08_08_pcpc,08,08,PCPC,08 · PCPC,20df5253ec5e5a2623c8823c2b38083b,1,p1,1. Progressive,Contango ORE (NYSEAMERICAN:CTGO) Now Covered by Analysts at Canaccord Genuity Group,success,0.184756,0.184756,0.184756,0.005736,0.146674,0.333333,0.245175,0.0,0.0124,0.024729,0.004712,0.00776
simulation_ui_20260918_000717_08_08_pcpc,08,08,PCPC,08 · PCPC,20df5253ec5e5a2623c8823c2b38083b,2,p2,2. Conservative,Contango ORE (NYSEAMERICAN:CTGO) Now Covered by Analysts at Canaccord Genuity Group,success,0.171297,0.233461,0.418217,0.082427,0.410407,0.0,0.184111,0.0,0.0124,0.024729,0.004712,0.00776
simulation_ui_20260918_000717_08_08_pcpc,08,08,PCPC,08 · PCPC,20df5253ec5e5a2623c8823c2b38083b,3,p3,3. Progressive,Contango ORE (NYSEAMERICAN:CTGO) Now Covered by Analysts at Canaccord Genuity Group,success,0.280271,0.189088,0.607305,0.105237,0.475606,0.333333,0.199752,0.0,0.0124,0.024729,0.004712,0.00776
simulation_ui_20260918_000717_08_08_pcpc,08,08,PCPC,08 · PCPC,20df5253ec5e5a2623c8823c2b38083b,4,p4,4. Conservative,Contango ORE (NYSEAMERICAN:CTGO) Now Covered by Analysts at Canaccord Genuity Group,success,0.11255,0.260959,0.868264,0.0,0.146674,0.0,0.294701,0.0,0.0124,0.024729,0.004712,0.00776
simulation_ui_20260918_000717_08_08_pcpc,08,08,PCPC,08 · PCPC,285f86ba6e2a489c2d4a3ab84f18a6a4,1,p1,1. Progressive,Company Banned from Marketing Business Opportunities to Settle FTC Charges it Misled Consumers About Earnings Potential,success,0.397405,0.397405,0.397405,1.0,0.0875,0.166667,0.330492,0.0,0.010271,0.01728,0.007838,0.005696
simulation_ui_20260918_000717_08_08_pcpc,08,08,PCPC,08 · PCPC,285f86ba6e2a489c2d4a3ab84f18a6a4,2,p2,2. Conservative,Company Banned from Marketing Business Opportunities to Settle FTC Charges it Misled Consumers About Earnings Potential,success,0.367083,0.116469,0.513874,1.0,0.028502,0.127696,0.306575,0.0,0.010953,0.019328,0.00745,0.006082
simulation_ui_20260918_000717_08_08_pcpc,08,08,PCPC,08 · PCPC,285f86ba6e2a489c2d4a3ab84f18a6a4,3,p3,3. Progressive,Company Banned from Marketing Business Opportunities to Settle FTC Charges it Misled Consumers About Earnings Potential,success,0.455722,0.180645,0.694519,1.0,0.2875,0.166667,0.363145,0.0,0.012775,0.017237,0.014298,0.00679
simulation_ui_20260918_000717_08_08_pcpc,08,08,PCPC,08 · PCPC,285f86ba6e2a489c2d4a3ab84f18a6a4,4,p4,4. Conservative,Company Banned from Marketing Business Opportunities to Settle FTC Charges it Misled Consumers About Earnings Potential,success,0.128318,0.349005,1.043524,0.035197,0.080406,0.166667,0.224369,0.0,0.009491,0.013753,0.009005,0.005716
simulation_ui_20260918_000717_08_08_pcpc,08,08,PCPC,08 · PCPC,3343849e4bfdca882e24cd916fa75ec6,1,p1,1. Progressive,ASMALLWORLD Introduces New Marriott Bonvoy® Benefit for Members,success,0.166885,0.166885,0.166885,0.061391,0.0,0.5,0.101565,0.0,0.006869,0.008155,0.008492,0.003961
simulation_ui_20260918_000717_08_08_pcpc,08,08,PCPC,08 · PCPC,3343849e4bfdca882e24cd916fa75ec6,2,p2,2. Conservative,ASMALLWORLD Introduces New Marriott Bonvoy® Benefit for Members,success,0.100502,0.091847,0.258732,0.058201,0.0,0.333333,0.0,0.0,0.014511,0.016786,0.003434,0.023314
simulation_ui_20260918_000717_08_08_pcpc,08,08,PCPC,08 · PCPC,3343849e4bfdca882e24cd916fa75ec6,3,p3,3. Progressive,ASMALLWORLD Introduces New Marriott Bonvoy® Benefit for Members,success,0.192787,0.095762,0.354494,0.058201,0.0,0.333333,0.375547,0.0,0.006288,0.004219,0.003189,0.011457
simulation_ui_20260918_000717_08_08_pcpc,08,08,PCPC,08 · PCPC,3343849e4bfdca882e24cd916fa75ec6,4,p4,4. Conservative,ASMALLWORLD Introduces New Marriott Bonvoy® Benefit for Members,success,0.167062,0.143694,0.498188,0.087475,0.095565,0.333333,0.14376,0.0,0.012149,0.009132,0.002579,0.024736
simulation_ui_20260918_000717_08_08_pcpc,08,08,PCPC,08 · PCPC,3e908966e0393a684386f1e186c5c6e3,1,p1,1. Progressive,CAAS defers sustainable aviation fuel levy,success,0.166152,0.166152,0.166152,0.038614,0.0,0.41889,0.201441,0.0,0.008477,0.012025,0.005467,0.007938
simulation_ui_20260918_000717_08_08_pcpc,08,08,PCPC,08 · PCPC,3e908966e0393a684386f1e186c5c6e3,2,p2,2. Conservative,CAAS defers sustainable aviation fuel levy,success,0.232555,0.203818,0.36997,0.001319,0.309868,0.353756,0.261851,0.0,0.005576,0.013437,4.8e-05,0.003243
simulation_ui_20260918_000717_08_08_pcpc,08,08,PCPC,08 · PCPC,3e908966e0393a684386f1e186c5c6e3,3,p3,3. Progressive,CAAS defers sustainable aviation fuel levy,success,0.334176,0.178636,0.548606,0.001319,0.38767,0.353756,0.58431,0.0,0.01805,0.0095,0.028295,0.016355
simulation_ui_20260918_000717_08_08_pcpc,08,08,PCPC,08 · PCPC,3e908966e0393a684386f1e186c5c6e3,4,p4,4. Conservative,CAAS defers sustainable aviation fuel levy,success,0.281046,0.087328,0.635934,0.0,0.271678,0.353756,0.488771,0.0,0.017287,0.017385,0.016598,0.017877
simulation_ui_20260918_000717_08_08_pcpc,08,08,PCPC,08 · PCPC,4284601d27a88508e23bb7ecf1e26740,1,p1,1. Progressive,Blackbaud Opens Registration for bbcon 2026 to Rally Social Impact Sector Around AI Innovation,success,0.467395,0.467395,0.467395,1.0,0.25,0.25,0.361266,0.0,0.019435,0.017105,0.030083,0.011117
simulation_ui_20260918_000717_08_08_pcpc,08,08,PCPC,08 · PCPC,4284601d27a88508e23bb7ecf1e26740,2,p2,2. Conservative,Blackbaud Opens Registration for bbcon 2026 to Rally Social Impact Sector Around AI Innovation,success,0.208407,0.421521,0.888916,0.0,0.131446,0.343008,0.352562,0.0,0.010418,0.005949,0.014962,0.010343
simulation_ui_20260918_000717_08_08_pcpc,08,08,PCPC,08 · PCPC,4284601d27a88508e23bb7ecf1e26740,3,p3,3. Progressive,Blackbaud Opens Registration for bbcon 2026 to Rally Social Impact Sector Around AI Innovation,success,0.42781,0.399266,1.288182,1.0,0.260375,0.343008,0.106617,0.0,0.002706,0.000197,0.004056,0.003866
simulation_ui_20260918_000717_08_08_pcpc,08,08,PCPC,08 · PCPC,4284601d27a88508e23bb7ecf1e26740,4,p4,4. Conservative,Blackbaud Opens Registration for bbcon 2026 to Rally Social Impact Sector Around AI Innovation,success,0.260349,0.48248,1.770662,0.0,0.44299,0.209909,0.386901,0.0,0.002696,0.002246,0.001448,0.004393
simulation_ui_20260918_000717_08_08_pcpc,08,08,PCPC,08 · PCPC,43b305aebbf654fd9464eb6d39cf900b,1,p1,1. Progressive,CS Atal Dulloo Reviews Progress Of Tawi Artificial Lake And Riverfront Development Projects,success,0.1392,0.1392,0.1392,0.007782,0.065769,0.0,0.47957,0.0,0.005336,0.005748,0.007748,0.002512
simulation_ui_20260918_000717_08_08_pcpc,08,08,PCPC,08 · PCPC,43b305aebbf654fd9464eb6d39cf900b,2,p2,2. Conservative,CS Atal Dulloo Reviews Progress Of Tawi Artificial Lake And Riverfront Development Projects,success,0.188567,0.100122,0.239322,0.006495,0.065076,0.224998,0.452472,0.0,0.008038,0.009344,0.011625,0.003145
simulation_ui_20260918_000717_08_08_pcpc,08,08,PCPC,08 · PCPC,43b305aebbf654fd9464eb6d39cf900b,3,p3,3. Progressive,CS Atal Dulloo Reviews Progress Of Tawi Artificial Lake And Riverfront Development Projects,success,0.079905,0.162608,0.40193,0.006495,0.065769,0.0,0.236402,0.0,0.014839,0.009717,0.022986,0.011814
simulation_ui_20260918_000717_08_08_pcpc,08,08,PCPC,08 · PCPC,43b305aebbf654fd9464eb6d39cf900b,4,p4,4. Conservative,CS Atal Dulloo Reviews Progress Of Tawi Artificial Lake And Riverfront Development Projects,success,0.122142,0.061945,0.463875,0.006495,0.221474,0.031792,0.219986,0.0,0.01253,0.008541,0.014582,0.014467
simulation_ui_20260918_000717_08_08_pcpc,08,08,PCPC,08 · PCPC,43d218dc30bd89b0c4da158243e74603,1,p1,1. Progressive,Amesite Executes Trading Partner Agreement Enabling Secure Connectivity with Leading Homecare Technology Platform,success,0.303029,0.303029,0.303029,0.289437,0.279472,0.5,0.135777,0.0,0.013293,0.023078,0.014404,0.002398
simulation_ui_20260918_000717_08_08_pcpc,08,08,PCPC,08 · PCPC,43d218dc30bd89b0c4da158243e74603,2,p2,2. Conservative,Amesite Executes Trading Partner Agreement Enabling Secure Connectivity with Leading Homecare Technology Platform,success,0.278598,0.278674,0.581703,0.156169,0.282074,0.333333,0.336275,0.0,0.01131,0.013604,0.016304,0.004023
simulation_ui_20260918_000717_08_08_pcpc,08,08,PCPC,08 · PCPC,43d218dc30bd89b0c4da158243e74603,3,p3,3. Progressive,Amesite Executes Trading Partner Agreement Enabling Secure Connectivity with Leading Homecare Technology Platform,success,0.236483,0.177564,0.759267,0.162088,0.287826,0.333333,0.157412,0.0,0.008621,0.019772,0.003616,0.002476
simulation_ui_20260918_000717_08_08_pcpc,08,08,PCPC,08 · PCPC,43d218dc30bd89b0c4da158243e74603,4,p4,4. Conservative,Amesite Executes Trading Partner Agreement Enabling Secure Connectivity with Leading Homecare Technology Platform,success,0.218703,0.269646,1.028913,0.124476,0.275521,0.333333,0.135777,0.0,0.009113,0.014399,0.008559,0.00438
simulation_ui_20260918_000717_08_08_pcpc,08,08,PCPC,08 · PCPC,45a67f6f54cd92c32163be9459300052,1,p1,1. Progressive,"Bitcoin Miners, Now AI Compute Leaders, Face Profitability Concerns",success,0.264333,0.264333,0.264333,0.053382,0.231585,0.306402,0.45012,0.0,0.026773,0.05598,0.007336,0.017004
simulation_ui_20260918_000717_08_08_pcpc,08,08,PCPC,08 · PCPC,45a67f6f54cd92c32163be9459300052,2,p2,2. Conservative,"Bitcoin Miners, Now AI Compute Leaders, Face Profitability Concerns",success,0.255219,0.279264,0.543597,0.024493,0.587919,0.0,0.39737,0.0,0.018551,0.030106,0.009219,0.016329
simulation_ui_20260918_000717_08_08_pcpc,08,08,PCPC,08 · PCPC,45a67f6f54cd92c32163be9459300052,3,p3,3. Progressive,"Bitcoin Miners, Now AI Compute Leaders, Face Profitability Concerns",success,0.339777,0.193962,0.737559,0.020498,0.586966,0.25,0.492687,0.0,0.016902,0.016664,0.001089,0.032953
simulation_ui_20260918_000717_08_08_pcpc,08,08,PCPC,08 · PCPC,45a67f6f54cd92c32163be9459300052,4,p4,4. Conservative,"Bitcoin Miners, Now AI Compute Leaders, Face Profitability Concerns",success,0.346491,0.108718,0.846277,0.024493,0.602855,0.251816,0.498812,0.0,0.015234,0.018632,0.002734,0.024335
simulation_ui_20260918_000717_08_08_pcpc,08,08,PCPC,08 · PCPC,48375acfba2ffc7f64822005eaab01e9,1,p1,1. Progressive,"Capitan Silver Commences Trading on the OTCQX Market Under Symbol ""CAPTF""",success,0.04301,0.04301,0.04301,0.152231,0.0,0.0,0.008649,0.0,0.014534,0.015976,0.016113,0.011513
simulation_ui_20260918_000717_08_08_pcpc,08,08,PCPC,08 · PCPC,48375acfba2ffc7f64822005eaab01e9,2,p2,2. Conservative,"Capitan Silver Commences Trading on the OTCQX Market Under Symbol ""CAPTF""",success,0.127156,0.093357,0.136367,0.142178,0.345839,0.0,0.008649,0.0,0.017068,0.029815,0.008757,0.012632
simulation_ui_20260918_000717_08_08_pcpc,08,08,PCPC,08 · PCPC,48375acfba2ffc7f64822005eaab01e9,3,p3,3. Progressive,"Capitan Silver Commences Trading on the OTCQX Market Under Symbol ""CAPTF""",success,0.032894,0.096092,0.232459,0.118738,0.0,0.0,0.0,0.0,0.01654,0.029456,0.007506,0.012657
simulation_ui_20260918_000717_08_08_pcpc,08,08,PCPC,08 · PCPC,48375acfba2ffc7f64822005eaab01e9,4,p4,4. Conservative,"Capitan Silver Commences Trading on the OTCQX Market Under Symbol ""CAPTF""",success,0.113488,0.083559,0.316018,0.142178,0.0,0.25,0.052345,0.0,0.01326,0.02885,0.001222,0.009708
simulation_ui_20260918_000717_08_08_pcpc,08,08,PCPC,08 · PCPC,4980763ccff9b986f6829df1e9489341,1,p1,1. Progressive,Cabana Target Drawdown 7 ETF (NASDAQ:TDSB) Short Interest Down 96.6% in March,success,0.324348,0.324348,0.324348,0.006901,0.441192,0.42645,0.414932,0.0,0.014601,0.020999,0.016021,0.006783
simulation_ui_20260918_000717_08_08_pcpc,08,08,PCPC,08 · PCPC,4980763ccff9b986f6829df1e9489341,2,p2,2. Conservative,Cabana Target Drawdown 7 ETF (NASDAQ:TDSB) Short Interest Down 96.6% in March,success,0.248782,0.377369,0.701717,0.035238,0.412682,0.0,0.537961,0.0,0.01534,0.027515,0.003014,0.01549
simulation_ui_20260918_000717_08_08_pcpc,08,08,PCPC,08 · PCPC,4980763ccff9b986f6829df1e9489341,3,p3,3. Progressive,Cabana Target Drawdown 7 ETF (NASDAQ:TDSB) Short Interest Down 96.6% in March,success,0.222904,0.153787,0.855504,0.035238,0.253137,0.0,0.597361,0.0,0.009443,0.005369,0.01574,0.00722
simulation_ui_20260918_000717_08_08_pcpc,08,08,PCPC,08 · PCPC,4980763ccff9b986f6829df1e9489341,4,p4,4. Conservative,Cabana Target Drawdown 7 ETF (NASDAQ:TDSB) Short Interest Down 96.6% in March,success,0.30269,0.368217,1.223721,0.006901,0.660459,0.42645,0.104654,0.0,0.021944,0.018056,0.02879,0.018986
simulation_ui_20260918_000717_08_08_pcpc,08,08,PCPC,08 · PCPC,4ac6395408a9caf70c7d2ffc4ca362c7,1,p1,1. Progressive,Continuing Unemployment Claims Dip to Nearly 2-Year Low,success,0.192258,0.192258,0.192258,0.0,0.25,0.188213,0.326299,0.0,0.006988,0.013262,0.007681,2.2e-05
simulation_ui_20260918_000717_08_08_pcpc,08,08,PCPC,08 · PCPC,4ac6395408a9caf70c7d2ffc4ca362c7,2,p2,2. Conservative,Continuing Unemployment Claims Dip to Nearly 2-Year Low,success,0.380216,0.383224,0.575482,0.348469,0.478265,0.358108,0.330512,0.0,0.01109,0.004395,0.01297,0.015905
simulation_ui_20260918_000717_08_08_pcpc,08,08,PCPC,08 · PCPC,4ac6395408a9caf70c7d2ffc4ca362c7,3,p3,3. Progressive,Continuing Unemployment Claims Dip to Nearly 2-Year Low,success,0.161033,0.355654,0.931136,0.0,0.279629,0.087707,0.266108,0.0,0.015871,0.014787,0.013131,0.019694
simulation_ui_20260918_000717_08_08_pcpc,08,08,PCPC,08 · PCPC,4ac6395408a9caf70c7d2ffc4ca362c7,4,p4,4. Conservative,Continuing Unemployment Claims Dip to Nearly 2-Year Low,success,0.191621,0.122811,1.053947,0.0,0.279629,0.167627,0.31009,0.0,0.014093,0.026879,0.005468,0.009931
simulation_ui_20260918_000717_08_08_pcpc,08,08,PCPC,08 · PCPC,59a0fb71f66cefb61fc91c97affb1dbe,1,p1,1. Progressive,"Bank of Montreal targets 15% return on equity on wealth, US businesses growth",success,0.250323,0.250323,0.250323,0.004197,0.424883,0.501856,0.049453,0.0,0.034612,0.066556,0.010315,0.026966
simulation_ui_20260918_000717_08_08_pcpc,08,08,PCPC,08 · PCPC,59a0fb71f66cefb61fc91c97affb1dbe,2,p2,2. Conservative,"Bank of Montreal targets 15% return on equity on wealth, US businesses growth",success,0.362462,0.159462,0.409785,0.0,0.421541,0.63791,0.370847,0.0,0.038037,0.10129,0.010033,0.002788
simulation_ui_20260918_000717_08_08_pcpc,08,08,PCPC,08 · PCPC,59a0fb71f66cefb61fc91c97affb1dbe,3,p3,3. Progressive,"Bank of Montreal targets 15% return on equity on wealth, US businesses growth",success,0.349589,0.139423,0.549208,0.002689,0.419024,0.600304,0.362778,0.0,0.025924,0.059066,0.00561,0.013095
simulation_ui_20260918_000717_08_08_pcpc,08,08,PCPC,08 · PCPC,59a0fb71f66cefb61fc91c97affb1dbe,4,p4,4. Conservative,"Bank of Montreal targets 15% return on equity on wealth, US businesses growth",success,0.250148,0.208851,0.758059,0.005289,0.421541,0.501856,0.048459,0.0,0.038781,0.106651,0.000369,0.009324
simulation_ui_20260918_000717_08_08_pcpc,08,08,PCPC,08 · PCPC,6282ee092c7147c978409e71f0096515,1,p1,1. Progressive,Backdoor bet. How federal regulators are sidestepping Alabama: op-ed,success,0.110893,0.110893,0.110893,0.0447,0.234151,0.09149,0.066131,0.0,0.00996,0.00629,0.013746,0.009843
simulation_ui_20260918_000717_08_08_pcpc,08,08,PCPC,08 · PCPC,6282ee092c7147c978409e71f0096515,2,p2,2. Conservative,Backdoor bet. How federal regulators are sidestepping Alabama: op-ed,success,0.163723,0.176122,0.287015,0.148001,0.278938,0.0,0.220881,0.0,0.010546,0.005035,0.007769,0.018833
simulation_ui_20260918_000717_08_08_pcpc,08,08,PCPC,08 · PCPC,6282ee092c7147c978409e71f0096515,3,p3,3. Progressive,Backdoor bet. How federal regulators are sidestepping Alabama: op-ed,success,0.156272,0.1814,0.468415,0.023331,0.478551,0.0,0.102182,0.0,0.030956,0.043152,0.032237,0.017479
simulation_ui_20260918_000717_08_08_pcpc,08,08,PCPC,08 · PCPC,6282ee092c7147c978409e71f0096515,4,p4,4. Conservative,Backdoor bet. How federal regulators are sidestepping Alabama: op-ed,success,0.097538,0.084743,0.553158,0.022223,0.234151,0.0,0.110962,0.0,0.031402,0.046498,0.033115,0.014592
simulation_ui_20260918_000717_08_08_pcpc,08,08,PCPC,08 · PCPC,6296ce617808e446ef3e272b65cb5b46,1,p1,1. Progressive,Apple Adds New Partners to Expand Its U.S. Supply Chain,success,0.131342,0.131342,0.131342,0.0,0.392365,0.0,0.119589,0.0,0.019231,0.006275,0.001045,0.050374
simulation_ui_20260918_000717_08_08_pcpc,08,08,PCPC,08 · PCPC,6296ce617808e446ef3e272b65cb5b46,2,p2,2. Conservative,Apple Adds New Partners to Expand Its U.S. Supply Chain,success,0.210858,0.175623,0.306965,0.055444,0.43359,0.0,0.341439,0.0,0.020441,0.012972,0.003564,0.044787
simulation_ui_20260918_000717_08_08_pcpc,08,08,PCPC,08 · PCPC,6296ce617808e446ef3e272b65cb5b46,3,p3,3. Progressive,Apple Adds New Partners to Expand Its U.S. Supply Chain,success,0.140563,0.123091,0.430056,0.076652,0.45227,0.0,0.015773,0.0,0.025405,0.021113,0.005413,0.049688
simulation_ui_20260918_000717_08_08_pcpc,08,08,PCPC,08 · PCPC,6296ce617808e446ef3e272b65cb5b46,4,p4,4. Conservative,Apple Adds New Partners to Expand Its U.S. Supply Chain,success,0.165612,0.101594,0.53165,0.0,0.526465,0.0,0.121918,0.0,0.020981,0.016455,0.005578,0.04091
simulation_ui_20260918_000717_08_08_pcpc,08,08,PCPC,08 · PCPC,64aefc05d7d6e883d857202942daa279,1,p1,1. Progressive,Competition Commission clears merger of Udemy with Coursera's arm,success,0.080865,0.080865,0.080865,0.026533,0.292669,0.0,0.000148,0.0,0.005583,0.006823,0.003591,0.006334
simulation_ui_20260918_000717_08_08_pcpc,08,08,PCPC,08 · PCPC,64aefc05d7d6e883d857202942daa279,2,p2,2. Conservative,Competition Commission clears merger of Udemy with Coursera's arm,success,0.185477,0.115755,0.19662,0.026533,0.289746,0.333333,0.087466,0.0,0.007399,0.005692,0.007407,0.009099
simulation_ui_20260918_000717_08_08_pcpc,08,08,PCPC,08 · PCPC,64aefc05d7d6e883d857202942daa279,3,p3,3. Progressive,Competition Commission clears merger of Udemy with Coursera's arm,success,0.209635,0.031578,0.228198,0.043156,0.372521,0.333333,0.086702,0.0,0.004469,0.001214,0.009339,0.002854
simulation_ui_20260918_000717_08_08_pcpc,08,08,PCPC,08 · PCPC,64aefc05d7d6e883d857202942daa279,4,p4,4. Conservative,Competition Commission clears merger of Udemy with Coursera's arm,success,0.234119,0.083555,0.311753,0.040968,0.289746,0.333333,0.266112,0.0,0.010288,0.012395,0.008221,0.010249
simulation_ui_20260918_000717_08_08_pcpc,08,08,PCPC,08 · PCPC,675d6df42ab1fa2c25fcb6c96a0801ba,1,p1,1. Progressive,"Cohen & Steers Infrastructure Fund, Inc (NYSE:UTF) Plans $0.17 Monthly Dividend",success,0.185798,0.185798,0.185798,0.058064,0.347848,0.0,0.333333,0.0,0.006051,0.000105,0.009152,0.008897
simulation_ui_20260918_000717_08_08_pcpc,08,08,PCPC,08 · PCPC,675d6df42ab1fa2c25fcb6c96a0801ba,2,p2,2. Conservative,"Cohen & Steers Infrastructure Fund, Inc (NYSE:UTF) Plans $0.17 Monthly Dividend",success,0.237012,0.178814,0.364612,0.117544,0.430568,0.0,0.396238,0.0,0.006051,0.000105,0.009152,0.008897
simulation_ui_20260918_000717_08_08_pcpc,08,08,PCPC,08 · PCPC,675d6df42ab1fa2c25fcb6c96a0801ba,3,p3,3. Progressive,"Cohen & Steers Infrastructure Fund, Inc (NYSE:UTF) Plans $0.17 Monthly Dividend",success,0.231355,0.210099,0.574711,0.055018,0.347848,0.0,0.356689,0.25,0.006239,0.002833,0.002684,0.0132
simulation_ui_20260918_000717_08_08_pcpc,08,08,PCPC,08 · PCPC,675d6df42ab1fa2c25fcb6c96a0801ba,4,p4,4. Conservative,"Cohen & Steers Infrastructure Fund, Inc (NYSE:UTF) Plans $0.17 Monthly Dividend",success,0.143131,0.143831,0.718542,0.0,0.347848,0.0,0.038898,0.25,0.007452,0.01022,0.003797,0.00834
simulation_ui_20260918_000717_08_08_pcpc,08,08,PCPC,08 · PCPC,73939fe081f6d0ef3ed498b2dd7f4039,1,p1,1. Progressive,Coastal Electric plans rate increase,success,0.301474,0.301474,0.301474,0.0,0.333333,0.5,0.360752,0.0,0.021049,0.022641,0.019586,0.02092
simulation_ui_20260918_000717_08_08_pcpc,08,08,PCPC,08 · PCPC,73939fe081f6d0ef3ed498b2dd7f4039,2,p2,2. Conservative,Coastal Electric plans rate increase,success,0.348007,0.149383,0.450857,0.010853,0.333333,0.666667,0.362749,0.0,0.03508,0.045685,0.042602,0.016952
simulation_ui_20260918_000717_08_08_pcpc,08,08,PCPC,08 · PCPC,73939fe081f6d0ef3ed498b2dd7f4039,3,p3,3. Progressive,Coastal Electric plans rate increase,success,0.387777,0.086992,0.537849,0.0,0.5,0.666667,0.361046,0.0,0.047316,0.101164,0.014192,0.026593
simulation_ui_20260918_000717_08_08_pcpc,08,08,PCPC,08 · PCPC,73939fe081f6d0ef3ed498b2dd7f4039,4,p4,4. Conservative,Coastal Electric plans rate increase,success,0.403072,0.121044,0.658893,0.0,0.560629,0.666667,0.375027,0.0,0.020782,0.041356,0.012733,0.008257
simulation_ui_20260918_000717_08_08_pcpc,08,08,PCPC,08 · PCPC,764d938e82fccdeec46aa43984936af9,1,p1,1. Progressive,Centre Highlights Border Infrastructure Push Through BADP and Vibrant Villages Programmes,success,0.431245,0.431245,0.431245,0.332545,0.408799,0.271843,0.703947,0.0,0.017181,0.015947,0.025105,0.01049
simulation_ui_20260918_000717_08_08_pcpc,08,08,PCPC,08 · PCPC,764d938e82fccdeec46aa43984936af9,2,p2,2. Conservative,Centre Highlights Border Infrastructure Push Through BADP and Vibrant Villages Programmes,success,0.341825,0.10233,0.533575,0.255635,0.168056,0.231054,0.703947,0.0,0.016297,0.01596,0.023108,0.009824
simulation_ui_20260918_000717_08_08_pcpc,08,08,PCPC,08 · PCPC,764d938e82fccdeec46aa43984936af9,3,p3,3. Progressive,Centre Highlights Border Infrastructure Push Through BADP and Vibrant Villages Programmes,success,0.385446,0.132638,0.666213,0.292563,0.235457,0.315757,0.69169,0.0,0.012814,0.011376,0.020932,0.006135
simulation_ui_20260918_000717_08_08_pcpc,08,08,PCPC,08 · PCPC,764d938e82fccdeec46aa43984936af9,4,p4,4. Conservative,Centre Highlights Border Infrastructure Push Through BADP and Vibrant Villages Programmes,success,0.341371,0.144021,0.810234,0.236888,0.151831,0.271843,0.702364,0.0,0.004847,0.004979,0.006063,0.003498
simulation_ui_20260918_000717_08_08_pcpc,08,08,PCPC,08 · PCPC,80a390c3c68815dadd42b1ea065fd1af,1,p1,1. Progressive,Contract OK’d to extend sidewalk repairs,success,0.207853,0.207853,0.207853,0.21075,0.232161,0.0,0.384505,0.0,0.006297,0.004541,0.009146,0.005205
simulation_ui_20260918_000717_08_08_pcpc,08,08,PCPC,08 · PCPC,80a390c3c68815dadd42b1ea065fd1af,2,p2,2. Conservative,Contract OK’d to extend sidewalk repairs,success,0.377085,0.253998,0.461851,0.21075,0.540793,0.297019,0.456636,0.0,0.006297,0.004541,0.009146,0.005205
simulation_ui_20260918_000717_08_08_pcpc,08,08,PCPC,08 · PCPC,80a390c3c68815dadd42b1ea065fd1af,3,p3,3. Progressive,Contract OK’d to extend sidewalk repairs,success,0.322533,0.24479,0.706641,0.21075,0.61773,0.0,0.456316,0.0,0.009823,0.018003,0.000105,0.01136
simulation_ui_20260918_000717_08_08_pcpc,08,08,PCPC,08 · PCPC,80a390c3c68815dadd42b1ea065fd1af,4,p4,4. Conservative,Contract OK’d to extend sidewalk repairs,success,0.369683,0.115296,0.821937,0.21075,0.580982,0.285007,0.396266,0.0,0.011329,0.016841,0.009249,0.007896
simulation_ui_20260918_000717_08_08_pcpc,08,08,PCPC,08 · PCPC,80e1561246e5483a76211bd892a06bcb,1,p1,1. Progressive,Aldi inches closer to being hit with unprecedented $15 policy at all locations in the state,success,0.207368,0.207368,0.207368,0.09129,0.323258,0.207219,0.204067,0.0,0.00573,0.003223,0.003544,0.010424
simulation_ui_20260918_000717_08_08_pcpc,08,08,PCPC,08 · PCPC,80e1561246e5483a76211bd892a06bcb,2,p2,2. Conservative,Aldi inches closer to being hit with unprecedented $15 policy at all locations in the state,success,0.400101,0.345179,0.552547,0.242526,0.586767,0.368578,0.399931,0.0,0.005413,0.008966,0.002776,0.004497
simulation_ui_20260918_000717_08_08_pcpc,08,08,PCPC,08 · PCPC,80e1561246e5483a76211bd892a06bcb,3,p3,3. Progressive,Aldi inches closer to being hit with unprecedented $15 policy at all locations in the state,success,0.272317,0.305615,0.858162,0.13178,0.426995,0.207219,0.314069,0.0,0.015764,0.007657,0.023764,0.01587
simulation_ui_20260918_000717_08_08_pcpc,08,08,PCPC,08 · PCPC,80e1561246e5483a76211bd892a06bcb,4,p4,4. Conservative,Aldi inches closer to being hit with unprecedented $15 policy at all locations in the state,success,0.36045,0.270139,1.128301,0.18335,0.487311,0.365775,0.398209,0.0,0.013946,0.020981,0.01783,0.003028
simulation_ui_20260918_000717_08_08_pcpc,08,08,PCPC,08 · PCPC,954401161f2ebcd5c5ec0961fa417e31,1,p1,1. Progressive,Biodiversity strategy is a must for mining companies,success,0.122697,0.122697,0.122697,0.0,0.394524,0.0,0.081719,0.0,0.020638,0.035223,0.000744,0.025948
simulation_ui_20260918_000717_08_08_pcpc,08,08,PCPC,08 · PCPC,954401161f2ebcd5c5ec0961fa417e31,2,p2,2. Conservative,Biodiversity strategy is a must for mining companies,success,0.235225,0.13465,0.257347,0.064247,0.418084,0.0,0.44765,0.0,0.017785,0.00815,0.014831,0.030374
simulation_ui_20260918_000717_08_08_pcpc,08,08,PCPC,08 · PCPC,954401161f2ebcd5c5ec0961fa417e31,3,p3,3. Progressive,Biodiversity strategy is a must for mining companies,success,0.358925,0.363257,0.620604,0.187387,0.488148,0.5,0.251916,0.0,0.016035,0.006399,0.001021,0.040685
simulation_ui_20260918_000717_08_08_pcpc,08,08,PCPC,08 · PCPC,954401161f2ebcd5c5ec0961fa417e31,4,p4,4. Conservative,Biodiversity strategy is a must for mining companies,success,0.377998,0.272041,0.892645,0.187648,0.530105,0.333333,0.44652,0.0,0.028742,0.02781,0.020679,0.037736
simulation_ui_20260918_000717_08_08_pcpc,08,08,PCPC,08 · PCPC,96039628b3a89f4a9134fd1dc3b666d7,1,p1,1. Progressive,Air travel to become expensive from April 1? Civil Aviation Minister clarifies amid Middle East crisis,success,0.232324,0.232324,0.232324,0.201667,0.147829,0.25,0.295295,0.0,0.055563,0.055022,0.082817,0.028851
simulation_ui_20260918_000717_08_08_pcpc,08,08,PCPC,08 · PCPC,96039628b3a89f4a9134fd1dc3b666d7,2,p2,2. Conservative,Air travel to become expensive from April 1? Civil Aviation Minister clarifies amid Middle East crisis,success,0.390994,0.218954,0.451278,0.380284,0.44677,0.383159,0.323683,0.0,0.060986,0.0648,0.072891,0.045268
simulation_ui_20260918_000717_08_08_pcpc,08,08,PCPC,08 · PCPC,96039628b3a89f4a9134fd1dc3b666d7,3,p3,3. Progressive,Air travel to become expensive from April 1? Civil Aviation Minister clarifies amid Middle East crisis,success,0.289987,0.259305,0.710583,0.207536,0.390583,0.243648,0.284405,0.0,0.058763,0.067649,0.086581,0.02206
simulation_ui_20260918_000717_08_08_pcpc,08,08,PCPC,08 · PCPC,96039628b3a89f4a9134fd1dc3b666d7,4,p4,4. Conservative,Air travel to become expensive from April 1? Civil Aviation Minister clarifies amid Middle East crisis,success,0.411787,0.253733,0.964316,0.216793,0.467384,0.413494,0.518462,0.0,0.065049,0.080215,0.081468,0.033465
simulation_ui_20260918_000717_08_08_pcpc,08,08,PCPC,08 · PCPC,9dee564f6a8f10132f19e6a4b2b8e1a7,1,p1,1. Progressive,"Better and Coinbase Launch the First Token-Backed, Conforming Mortgage",success,0.152969,0.152969,0.152969,0.0,0.0,0.104986,0.484442,0.0,0.032907,0.041002,0.033657,0.024061
simulation_ui_20260918_000717_08_08_pcpc,08,08,PCPC,08 · PCPC,9dee564f6a8f10132f19e6a4b2b8e1a7,2,p2,2. Conservative,"Better and Coinbase Launch the First Token-Backed, Conforming Mortgage",success,0.1228,0.059564,0.212533,0.0,0.032543,0.104986,0.335822,0.0,0.025307,0.02555,0.027589,0.022783
simulation_ui_20260918_000717_08_08_pcpc,08,08,PCPC,08 · PCPC,9dee564f6a8f10132f19e6a4b2b8e1a7,3,p3,3. Progressive,"Better and Coinbase Launch the First Token-Backed, Conforming Mortgage",success,0.276862,0.207585,0.420118,0.11115,0.409381,0.104986,0.467099,0.0,0.025506,0.029205,0.02354,0.023772
simulation_ui_20260918_000717_08_08_pcpc,08,08,PCPC,08 · PCPC,9dee564f6a8f10132f19e6a4b2b8e1a7,4,p4,4. Conservative,"Better and Coinbase Launch the First Token-Backed, Conforming Mortgage",success,0.225088,0.161394,0.581512,0.020224,0.291494,0.104986,0.467939,0.0,0.025212,0.026873,0.033903,0.01486
simulation_ui_20260918_000717_08_08_pcpc,08,08,PCPC,08 · PCPC,a83c7d9bd4c9948f8104f95aa8914a60,1,p1,1. Progressive,Another cinema in Singapore is closing... but the big,success,0.139494,0.139494,0.139494,0.006758,0.29273,0.0,0.2506,0.0,0.011432,0.012476,0.004517,0.017302
simulation_ui_20260918_000717_08_08_pcpc,08,08,PCPC,08 · PCPC,a83c7d9bd4c9948f8104f95aa8914a60,2,p2,2. Conservative,Another cinema in Singapore is closing... but the big,success,0.140094,0.067837,0.207331,0.047302,0.260273,0.0,0.24844,0.0,0.006331,0.000164,0.002385,0.016443
simulation_ui_20260918_000717_08_08_pcpc,08,08,PCPC,08 · PCPC,a83c7d9bd4c9948f8104f95aa8914a60,3,p3,3. Progressive,Another cinema in Singapore is closing... but the big,success,0.175725,0.135726,0.343057,0.038581,0.393047,0.0,0.265749,0.0,0.00836,0.010915,0.004672,0.009493
simulation_ui_20260918_000717_08_08_pcpc,08,08,PCPC,08 · PCPC,a83c7d9bd4c9948f8104f95aa8914a60,4,p4,4. Conservative,Another cinema in Singapore is closing... but the big,success,0.192672,0.159224,0.502281,0.11526,0.417095,0.0,0.234823,0.0,0.00543,0.010052,0.003271,0.002966
simulation_ui_20260918_000717_08_08_pcpc,08,08,PCPC,08 · PCPC,b8147bef700007b0dbccc9eaf88c04ac,1,p1,1. Progressive,CLEO Expands Its Reach as Crypto Prop Traders Rally Around the Prop Firm Trading Platform Built for Them,success,0.286754,0.286754,0.286754,0.0,0.44157,0.34903,0.347786,0.0,0.015078,0.019549,0.024547,0.001139
simulation_ui_20260918_000717_08_08_pcpc,08,08,PCPC,08 · PCPC,b8147bef700007b0dbccc9eaf88c04ac,2,p2,2. Conservative,CLEO Expands Its Reach as Crypto Prop Traders Rally Around the Prop Firm Trading Platform Built for Them,success,0.234361,0.229312,0.516066,0.069929,0.407665,0.291999,0.154089,0.0,0.022365,0.027143,0.006948,0.033005
simulation_ui_20260918_000717_08_08_pcpc,08,08,PCPC,08 · PCPC,b8147bef700007b0dbccc9eaf88c04ac,3,p3,3. Progressive,CLEO Expands Its Reach as Crypto Prop Traders Rally Around the Prop Firm Trading Platform Built for Them,success,0.251577,0.186117,0.702183,0.002052,0.422469,0.34903,0.22177,0.0,0.018282,0.022207,0.013242,0.019397
simulation_ui_20260918_000717_08_08_pcpc,08,08,PCPC,08 · PCPC,b8147bef700007b0dbccc9eaf88c04ac,4,p4,4. Conservative,CLEO Expands Its Reach as Crypto Prop Traders Rally Around the Prop Firm Trading Platform Built for Them,success,0.245738,0.087625,0.789808,0.0,0.381423,0.34903,0.240688,0.0,0.0195,0.021895,0.011637,0.024969
simulation_ui_20260918_000717_08_08_pcpc,08,08,PCPC,08 · PCPC,c24889258ff4d93fcb33d3ad9328f7e5,1,p1,1. Progressive,Clearlake buys Qualus from New Mountain amid soaring power demand; KKR’s exit provides CoolIT employees with handsome payout,success,0.290313,0.290313,0.290313,0.707336,0.318293,0.0,0.123292,0.0,0.021625,0.032885,0.012916,0.019075
simulation_ui_20260918_000717_08_08_pcpc,08,08,PCPC,08 · PCPC,c24889258ff4d93fcb33d3ad9328f7e5,2,p2,2. Conservative,Clearlake buys Qualus from New Mountain amid soaring power demand; KKR’s exit provides CoolIT employees with handsome payout,success,0.319295,0.420815,0.711128,0.03049,0.642206,0.0,0.588422,0.0,0.029319,0.044166,0.015843,0.027947
simulation_ui_20260918_000717_08_08_pcpc,08,08,PCPC,08 · PCPC,c24889258ff4d93fcb33d3ad9328f7e5,3,p3,3. Progressive,Clearlake buys Qualus from New Mountain amid soaring power demand; KKR’s exit provides CoolIT employees with handsome payout,success,0.332069,0.31678,1.027908,0.544984,0.439835,0.0,0.333031,0.0,0.019438,0.017945,0.026606,0.013763
simulation_ui_20260918_000717_08_08_pcpc,08,08,PCPC,08 · PCPC,c24889258ff4d93fcb33d3ad9328f7e5,4,p4,4. Conservative,Clearlake buys Qualus from New Mountain amid soaring power demand; KKR’s exit provides CoolIT employees with handsome payout,success,0.394263,0.214341,1.242249,0.544177,0.435637,0.0,0.589673,0.0,0.015561,0.017936,0.016804,0.011942
simulation_ui_20260918_000717_08_08_pcpc,08,08,PCPC,08 · PCPC,c431d4ae9339f97a7ca5409d975805a3,1,p1,1. Progressive,Anavex Life Sciences Stock Is Deeply Oversold. Should You Buy the Dip?,success,0.245529,0.245529,0.245529,0.050296,0.178808,0.261878,0.483705,0.0,0.012277,0.017707,0.014082,0.005042
simulation_ui_20260918_000717_08_08_pcpc,08,08,PCPC,08 · PCPC,c431d4ae9339f97a7ca5409d975805a3,2,p2,2. Conservative,Anavex Life Sciences Stock Is Deeply Oversold. Should You Buy the Dip?,success,0.376491,0.259317,0.504846,0.43827,0.073931,0.479799,0.507502,0.0,0.012918,0.003364,0.024608,0.010781
simulation_ui_20260918_000717_08_08_pcpc,08,08,PCPC,08 · PCPC,c431d4ae9339f97a7ca5409d975805a3,3,p3,3. Progressive,Anavex Life Sciences Stock Is Deeply Oversold. Should You Buy the Dip?,success,0.364572,0.2269,0.731746,0.404408,0.295493,0.285891,0.463869,0.0,0.016913,0.010927,0.026084,0.013728
simulation_ui_20260918_000717_08_08_pcpc,08,08,PCPC,08 · PCPC,c431d4ae9339f97a7ca5409d975805a3,4,p4,4. Conservative,Anavex Life Sciences Stock Is Deeply Oversold. Should You Buy the Dip?,success,0.393984,0.191791,0.923537,0.447116,0.168273,0.445855,0.506267,0.0,0.017316,0.020114,0.027734,0.004101
simulation_ui_20260918_000717_08_08_pcpc,08,08,PCPC,08 · PCPC,ce21e05271d5e7a4e182ceb46e706964,1,p1,1. Progressive,"Arizona opinion: European mandate means costlier food, groceries",success,0.269725,0.269725,0.269725,0.321021,0.0,0.25567,0.491654,0.0,0.018002,0.008066,0.019336,0.026603
simulation_ui_20260918_000717_08_08_pcpc,08,08,PCPC,08 · PCPC,ce21e05271d5e7a4e182ceb46e706964,2,p2,2. Conservative,"Arizona opinion: European mandate means costlier food, groceries",success,0.385036,0.358148,0.627873,0.336745,0.402217,0.441752,0.346387,0.0,0.026368,0.008922,0.030391,0.039791
simulation_ui_20260918_000717_08_08_pcpc,08,08,PCPC,08 · PCPC,ce21e05271d5e7a4e182ceb46e706964,3,p3,3. Progressive,"Arizona opinion: European mandate means costlier food, groceries",success,0.381656,0.042164,0.670037,0.336745,0.423358,0.441752,0.313599,0.0,0.022477,0.018668,0.027747,0.021016
simulation_ui_20260918_000717_08_08_pcpc,08,08,PCPC,08 · PCPC,ce21e05271d5e7a4e182ceb46e706964,4,p4,4. Conservative,"Arizona opinion: European mandate means costlier food, groceries",success,0.372426,0.104178,0.774215,0.336745,0.394216,0.441752,0.304401,0.0,0.024949,0.001727,0.036158,0.036961
simulation_ui_20260918_000717_08_08_pcpc,08,08,PCPC,08 · PCPC,d66c6c1dfd9c66c9f17f51b8a1ecc92d,1,p1,1. Progressive,"Cadre Holdings to Acquire Assets of Tedder Industries, Including Alien Gear Holsters",success,0.038143,0.038143,0.038143,0.006403,0.126778,0.0,0.018803,0.0,0.000763,0.000172,0.000943,0.001175
simulation_ui_20260918_000717_08_08_pcpc,08,08,PCPC,08 · PCPC,d66c6c1dfd9c66c9f17f51b8a1ecc92d,2,p2,2. Conservative,"Cadre Holdings to Acquire Assets of Tedder Industries, Including Alien Gear Holsters",success,0.236031,0.238405,0.276548,0.008791,0.509661,0.0,0.418581,0.0,0.011577,0.01542,0.010274,0.009036
simulation_ui_20260918_000717_08_08_pcpc,08,08,PCPC,08 · PCPC,d66c6c1dfd9c66c9f17f51b8a1ecc92d,3,p3,3. Progressive,"Cadre Holdings to Acquire Assets of Tedder Industries, Including Alien Gear Holsters",success,0.19392,0.148866,0.425414,0.013442,0.313456,0.0,0.437575,0.0,0.017318,0.012517,0.031887,0.007551
simulation_ui_20260918_000717_08_08_pcpc,08,08,PCPC,08 · PCPC,d66c6c1dfd9c66c9f17f51b8a1ecc92d,4,p4,4. Conservative,"Cadre Holdings to Acquire Assets of Tedder Industries, Including Alien Gear Holsters",success,0.184374,0.141387,0.566801,0.003303,0.296069,0.0,0.425243,0.0,0.019662,0.022347,0.031087,0.005551
simulation_ui_20260918_000717_08_08_pcpc,08,08,PCPC,08 · PCPC,de1ef9dc3d1297e42a2fb05392a32d49,1,p1,1. Progressive,Constellation Software Inc. (CSU) to Issue Quarterly Dividend of $1.00 on April 15th,success,0.120696,0.120696,0.120696,0.020507,0.265364,0.0,0.194968,0.0,0.002764,0.007703,0.000117,0.000473
simulation_ui_20260918_000717_08_08_pcpc,08,08,PCPC,08 · PCPC,de1ef9dc3d1297e42a2fb05392a32d49,2,p2,2. Conservative,Constellation Software Inc. (CSU) to Issue Quarterly Dividend of $1.00 on April 15th,success,0.202092,0.149502,0.270198,0.107673,0.250648,0.25,0.194968,0.0,0.007944,0.006235,0.014645,0.002951
simulation_ui_20260918_000717_08_08_pcpc,08,08,PCPC,08 · PCPC,de1ef9dc3d1297e42a2fb05392a32d49,3,p3,3. Progressive,Constellation Software Inc. (CSU) to Issue Quarterly Dividend of $1.00 on April 15th,success,0.235708,0.217972,0.48817,0.11761,0.286503,0.199553,0.335001,0.0,0.006801,0.001593,0.013299,0.005511
simulation_ui_20260918_000717_08_08_pcpc,08,08,PCPC,08 · PCPC,de1ef9dc3d1297e42a2fb05392a32d49,4,p4,4. Conservative,Constellation Software Inc. (CSU) to Issue Quarterly Dividend of $1.00 on April 15th,success,0.252666,0.063282,0.551452,0.107673,0.282436,0.281536,0.335001,0.0,0.006713,0.001474,0.012696,0.005968
simulation_ui_20260918_000717_08_08_pcpc,08,08,PCPC,08 · PCPC,e0d8c78139dd28d077ec2c768043d7ca,1,p1,1. Progressive,Change in LHV Group Audit Committee,success,0.281956,0.281956,0.281956,0.008058,0.853775,0.0,0.264626,0.0,0.002373,0.001197,0.000202,0.00572
simulation_ui_20260918_000717_08_08_pcpc,08,08,PCPC,08 · PCPC,e0d8c78139dd28d077ec2c768043d7ca,2,p2,2. Conservative,Change in LHV Group Audit Committee,success,0.350714,0.109615,0.391571,0.092215,0.837993,0.038334,0.432284,0.0,0.003907,0.002418,0.006757,0.002547
simulation_ui_20260918_000717_08_08_pcpc,08,08,PCPC,08 · PCPC,e0d8c78139dd28d077ec2c768043d7ca,3,p3,3. Progressive,Change in LHV Group Audit Committee,success,0.167215,0.245627,0.637198,0.011047,0.333333,0.038334,0.277793,0.0,0.012504,0.000883,0.013576,0.023054
simulation_ui_20260918_000717_08_08_pcpc,08,08,PCPC,08 · PCPC,e0d8c78139dd28d077ec2c768043d7ca,4,p4,4. Conservative,Change in LHV Group Audit Committee,success,0.334581,0.221454,0.858652,0.402295,0.401782,0.128154,0.393426,0.0,0.023679,0.008618,0.028606,0.033813
simulation_ui_20260918_000717_08_08_pcpc,08,08,PCPC,08 · PCPC,e42774600d5c0fd2405b181105990603,1,p1,1. Progressive,Canada is losing more air traffic controllers than it’s hiring: aviation expert,success,0.430046,0.430046,0.430046,1.0,0.318587,0.0,0.393675,0.0,0.017314,0.033913,0.001312,0.016718
simulation_ui_20260918_000717_08_08_pcpc,08,08,PCPC,08 · PCPC,e42774600d5c0fd2405b181105990603,2,p2,2. Conservative,Canada is losing more air traffic controllers than it’s hiring: aviation expert,success,0.472502,0.109714,0.53976,1.0,0.401269,0.0,0.481998,0.0,0.015925,0.031429,0.000223,0.016122
simulation_ui_20260918_000717_08_08_pcpc,08,08,PCPC,08 · PCPC,e42774600d5c0fd2405b181105990603,3,p3,3. Progressive,Canada is losing more air traffic controllers than it’s hiring: aviation expert,success,0.22648,0.31114,0.8509,0.0,0.319942,0.0,0.571304,0.0,0.023604,0.04247,0.025515,0.002827
simulation_ui_20260918_000717_08_08_pcpc,08,08,PCPC,08 · PCPC,e42774600d5c0fd2405b181105990603,4,p4,4. Conservative,Canada is losing more air traffic controllers than it’s hiring: aviation expert,success,0.250772,0.070898,0.921798,0.0,0.455954,0.0,0.535515,0.0,0.019311,0.039277,0.017777,0.000879
simulation_ui_20260918_000717_08_08_pcpc,08,08,PCPC,08 · PCPC,e68862b7bac57065b34e1018a51ce3f2,1,p1,1. Progressive,"Cruisebound Launches ""Search by Map,"" Redefining How Travelers Discover Cruises",success,0.132329,0.132329,0.132329,0.014334,0.437817,0.0,0.050681,0.0,0.037866,0.02302,0.061353,0.029226
simulation_ui_20260918_000717_08_08_pcpc,08,08,PCPC,08 · PCPC,e68862b7bac57065b34e1018a51ce3f2,2,p2,2. Conservative,"Cruisebound Launches ""Search by Map,"" Redefining How Travelers Discover Cruises",success,0.079895,0.066539,0.198868,0.014334,0.228416,0.0,0.050681,0.0,0.035276,0.024333,0.055063,0.026433
simulation_ui_20260918_000717_08_08_pcpc,08,08,PCPC,08 · PCPC,e68862b7bac57065b34e1018a51ce3f2,3,p3,3. Progressive,"Cruisebound Launches ""Search by Map,"" Redefining How Travelers Discover Cruises",success,0.102995,0.025077,0.223945,0.013285,0.323304,0.0,0.050681,0.0,0.034198,0.023009,0.057894,0.021692
simulation_ui_20260918_000717_08_08_pcpc,08,08,PCPC,08 · PCPC,e68862b7bac57065b34e1018a51ce3f2,4,p4,4. Conservative,"Cruisebound Launches ""Search by Map,"" Redefining How Travelers Discover Cruises",success,0.052498,0.103888,0.327833,0.014334,0.127307,0.0,0.050681,0.0,0.023202,0.018728,0.046177,0.0047
simulation_ui_20260918_000717_08_08_pcpc,08,08,PCPC,08 · PCPC,ea67fb6d8317500951f4bf21966a33ea,1,p1,1. Progressive,China's 'Africa Diaper King' Delivers Strong Annual Profit Post-IPO,success,0.193859,0.193859,0.193859,0.078842,0.27831,0.068951,0.346694,0.0,0.004091,0.00615,0.001382,0.00474
simulation_ui_20260918_000717_08_08_pcpc,08,08,PCPC,08 · PCPC,ea67fb6d8317500951f4bf21966a33ea,2,p2,2. Conservative,China's 'Africa Diaper King' Delivers Strong Annual Profit Post-IPO,success,0.200709,0.169528,0.363387,0.1027,0.287737,0.068951,0.339639,0.0,0.005949,0.00331,0.00448,0.010057
simulation_ui_20260918_000717_08_08_pcpc,08,08,PCPC,08 · PCPC,ea67fb6d8317500951f4bf21966a33ea,3,p3,3. Progressive,China's 'Africa Diaper King' Delivers Strong Annual Profit Post-IPO,success,0.189992,0.25081,0.614197,0.102683,0.288881,0.201958,0.161265,0.0,0.007981,0.001819,0.01287,0.009253
simulation_ui_20260918_000717_08_08_pcpc,08,08,PCPC,08 · PCPC,ea67fb6d8317500951f4bf21966a33ea,4,p4,4. Conservative,China's 'Africa Diaper King' Delivers Strong Annual Profit Post-IPO,success,0.265641,0.23311,0.847307,0.1027,0.339741,0.251633,0.363987,0.0,0.007656,0.00118,0.014141,0.007647
simulation_ui_20260918_000717_08_08_pcpc,08,08,PCPC,08 · PCPC,edd97daf51d7e0bb7d9da3f3e2c9bfa8,1,p1,1. Progressive,Amazon and Walmart fined for selling banned refrigerant in Washington state,success,0.298853,0.298853,0.298853,0.118515,0.373638,0.25,0.443572,0.0,0.017211,0.020148,0.010303,0.021181
simulation_ui_20260918_000717_08_08_pcpc,08,08,PCPC,08 · PCPC,edd97daf51d7e0bb7d9da3f3e2c9bfa8,2,p2,2. Conservative,Amazon and Walmart fined for selling banned refrigerant in Washington state,success,0.21132,0.229076,0.527929,0.031592,0.370965,0.25,0.180734,0.0,0.018932,0.01628,0.013744,0.026773
simulation_ui_20260918_000717_08_08_pcpc,08,08,PCPC,08 · PCPC,edd97daf51d7e0bb7d9da3f3e2c9bfa8,3,p3,3. Progressive,Amazon and Walmart fined for selling banned refrigerant in Washington state,success,0.19589,0.077529,0.605458,0.027022,0.375996,0.25,0.118315,0.0,0.018932,0.01628,0.013744,0.026773
simulation_ui_20260918_000717_08_08_pcpc,08,08,PCPC,08 · PCPC,edd97daf51d7e0bb7d9da3f3e2c9bfa8,4,p4,4. Conservative,Amazon and Walmart fined for selling banned refrigerant in Washington state,success,0.184974,0.090866,0.696324,0.0,0.296772,0.25,0.180734,0.0,0.018932,0.01628,0.013744,0.026773
simulation_ui_20260918_000717_08_08_pcpc,08,08,PCPC,08 · PCPC,efc05dd0bbe1b970e1f97452c3e0b5a4,1,p1,1. Progressive,Blackstone (BX) Slipped Amid Private Credit Concerns Despite Strong Long-Term Outlook,success,0.270999,0.270999,0.270999,0.070909,0.361372,0.380146,0.268415,0.0,0.005401,0.001092,0.000414,0.014697
simulation_ui_20260918_000717_08_08_pcpc,08,08,PCPC,08 · PCPC,efc05dd0bbe1b970e1f97452c3e0b5a4,2,p2,2. Conservative,Blackstone (BX) Slipped Amid Private Credit Concerns Despite Strong Long-Term Outlook,success,0.226612,0.057826,0.328825,0.070909,0.361372,0.2,0.268415,0.0,0.009282,0.008585,0.00048,0.018781
simulation_ui_20260918_000717_08_08_pcpc,08,08,PCPC,08 · PCPC,efc05dd0bbe1b970e1f97452c3e0b5a4,3,p3,3. Progressive,Blackstone (BX) Slipped Amid Private Credit Concerns Despite Strong Long-Term Outlook,success,0.25223,0.086372,0.415197,0.0,0.33414,0.4,0.268415,0.0,0.010619,0.010649,0.003675,0.017534
simulation_ui_20260918_000717_08_08_pcpc,08,08,PCPC,08 · PCPC,efc05dd0bbe1b970e1f97452c3e0b5a4,4,p4,4. Conservative,Blackstone (BX) Slipped Amid Private Credit Concerns Despite Strong Long-Term Outlook,success,0.241145,0.129403,0.5446,0.0,0.277043,0.4,0.278627,0.0,0.014633,0.009005,0.00783,0.027064
simulation_ui_20260918_000717_08_08_pcpc,08,08,PCPC,08 · PCPC,f46dd28ab257311f8706feca1dc99708,1,p1,1. Progressive,Bevvy: Downtown’s New ‘Dirty’ Soda,success,0.185917,0.185917,0.185917,0.044011,0.142981,0.2,0.340439,0.0,0.024808,0.019905,0.032492,0.022028
simulation_ui_20260918_000717_08_08_pcpc,08,08,PCPC,08 · PCPC,f46dd28ab257311f8706feca1dc99708,2,p2,2. Conservative,Bevvy: Downtown’s New ‘Dirty’ Soda,success,0.187226,0.28851,0.474427,0.276596,0.324771,0.0,0.131247,0.0,0.024926,0.021004,0.034901,0.018873
simulation_ui_20260918_000717_08_08_pcpc,08,08,PCPC,08 · PCPC,f46dd28ab257311f8706feca1dc99708,3,p3,3. Progressive,Bevvy: Downtown’s New ‘Dirty’ Soda,success,0.162079,0.156983,0.63141,0.063926,0.43635,0.0,0.131247,0.0,0.024926,0.021004,0.034901,0.018873
simulation_ui_20260918_000717_08_08_pcpc,08,08,PCPC,08 · PCPC,f46dd28ab257311f8706feca1dc99708,4,p4,4. Conservative,Bevvy: Downtown’s New ‘Dirty’ Soda,success,0.11671,0.106826,0.738236,0.045377,0.270881,0.0,0.131247,0.0,0.027211,0.016198,0.037682,0.027752
simulation_ui_20260918_000717_08_08_pcpc,08,08,PCPC,08 · PCPC,f7a4ad54b51a7d28de6970e46285b0f2,1,p1,1. Progressive,5G Services Market Surges to $497.24 billion by 2028 | CAGR 19.3%,success,0.183208,0.183208,0.183208,0.0,0.25,0.0,0.47802,0.0,0.007355,0.009705,0.011745,0.000615
simulation_ui_20260918_000717_08_08_pcpc,08,08,PCPC,08 · PCPC,f7a4ad54b51a7d28de6970e46285b0f2,2,p2,2. Conservative,5G Services Market Surges to $497.24 billion by 2028 | CAGR 19.3%,success,0.42604,0.558702,0.74191,1.0,0.696293,0.0,0.0,0.0,0.017072,0.01026,0.03021,0.010746
simulation_ui_20260918_000717_08_08_pcpc,08,08,PCPC,08 · PCPC,f7a4ad54b51a7d28de6970e46285b0f2,3,p3,3. Progressive,5G Services Market Surges to $497.24 billion by 2028 | CAGR 19.3%,success,0.56796,0.331575,1.073485,1.0,0.532249,0.333333,0.401562,0.0,0.013553,0.00396,0.026124,0.010575
simulation_ui_20260918_000717_08_08_pcpc,08,08,PCPC,08 · PCPC,f7a4ad54b51a7d28de6970e46285b0f2,4,p4,4. Conservative,5G Services Market Surges to $497.24 billion by 2028 | CAGR 19.3%,success,0.360118,0.26099,1.334475,1.0,0.431795,0.0,0.0,0.0,0.016894,0.009425,0.030703,0.010553
simulation_ui_20260918_000717_08_08_pcpc,08,08,PCPC,08 · PCPC,ff437d173cf94bd173d62a3ee1c4dc9e,1,p1,1. Progressive,Deputy minister: Belarus is among global leaders in dairy and meat exports,success,0.316537,0.316537,0.316537,0.115646,0.584546,0.132442,0.427983,0.0,0.010094,0.015693,0.001844,0.012744
simulation_ui_20260918_000717_08_08_pcpc,08,08,PCPC,08 · PCPC,ff437d173cf94bd173d62a3ee1c4dc9e,2,p2,2. Conservative,Deputy minister: Belarus is among global leaders in dairy and meat exports,success,0.202838,0.257109,0.573646,0.0,0.092883,0.25,0.441971,0.0,0.041208,0.045659,0.055868,0.022098
simulation_ui_20260918_000717_08_08_pcpc,08,08,PCPC,08 · PCPC,ff437d173cf94bd173d62a3ee1c4dc9e,3,p3,3. Progressive,Deputy minister: Belarus is among global leaders in dairy and meat exports,success,0.259407,0.206553,0.780199,0.020357,0.406729,0.168119,0.42822,0.0,0.02386,0.028996,0.022529,0.020056
simulation_ui_20260918_000717_08_08_pcpc,08,08,PCPC,08 · PCPC,ff437d173cf94bd173d62a3ee1c4dc9e,4,p4,4. Conservative,Deputy minister: Belarus is among global leaders in dairy and meat exports,success,0.129643,0.31527,1.095469,0.0,0.158423,0.240364,0.095314,0.0,0.034899,0.038358,0.034421,0.031917
simulation_ui_20260918_000717_09_09_ddss,09,09,DDSS,09 · DDSS,03d15c304dd6358c32fe4fdcb841b43a,1,p1,1. Conspiratorial,"APO INVESTOR DEADLINE APPROACHING: Faruqi & Faruqi, LLP Reminds Apollo Global Management (APO) Investors of Securities Class Action Deadline on May 1, 2026",success,0.103117,0.103117,0.103117,0.0,0.250787,0.0,0.15017,0.0,0.01599,0.028571,0.017779,0.001619
simulation_ui_20260918_000717_09_09_ddss,09,09,DDSS,09 · DDSS,03d15c304dd6358c32fe4fdcb841b43a,2,p2,2. Conspiratorial,"APO INVESTOR DEADLINE APPROACHING: Faruqi & Faruqi, LLP Reminds Apollo Global Management (APO) Investors of Securities Class Action Deadline on May 1, 2026",success,0.107436,0.082693,0.18581,0.0,0.275589,0.0,0.144119,0.0,0.014014,0.035504,0.00453,0.002009
simulation_ui_20260918_000717_09_09_ddss,09,09,DDSS,09 · DDSS,03d15c304dd6358c32fe4fdcb841b43a,3,p3,3. Investigative skeptic,"APO INVESTOR DEADLINE APPROACHING: Faruqi & Faruqi, LLP Reminds Apollo Global Management (APO) Investors of Securities Class Action Deadline on May 1, 2026",success,0.166855,0.150456,0.336266,0.149452,0.246259,0.0,0.260707,0.0,0.01645,0.033841,0.010541,0.004969
simulation_ui_20260918_000717_09_09_ddss,09,09,DDSS,09 · DDSS,03d15c304dd6358c32fe4fdcb841b43a,4,p4,4. Investigative skeptic,"APO INVESTOR DEADLINE APPROACHING: Faruqi & Faruqi, LLP Reminds Apollo Global Management (APO) Investors of Securities Class Action Deadline on May 1, 2026",success,0.106154,0.1237,0.459966,0.047589,0.201393,0.026208,0.139782,0.0,0.013449,0.021575,0.015118,0.003653
simulation_ui_20260918_000717_09_09_ddss,09,09,DDSS,09 · DDSS,03d1d324c6615b5fbc7455135584ac57,1,p1,1. Conspiratorial,Canadian Imperial Bank of Commerce (CM) To Go Ex-Dividend on March 27th,success,0.138345,0.138345,0.138345,0.0,0.199539,0.081983,0.267139,0.0,0.006838,0.008565,0.009176,0.002774
simulation_ui_20260918_000717_09_09_ddss,09,09,DDSS,09 · DDSS,03d1d324c6615b5fbc7455135584ac57,2,p2,2. Conspiratorial,Canadian Imperial Bank of Commerce (CM) To Go Ex-Dividend on March 27th,success,0.133504,0.031395,0.16974,0.0,0.193555,0.081983,0.252929,0.0,0.007992,0.006065,0.01551,0.002401
simulation_ui_20260918_000717_09_09_ddss,09,09,DDSS,09 · DDSS,03d1d324c6615b5fbc7455135584ac57,3,p3,3. Investigative skeptic,Canadian Imperial Bank of Commerce (CM) To Go Ex-Dividend on March 27th,success,0.186353,0.129903,0.299643,0.047826,0.397574,0.081983,0.213804,0.0,0.006485,0.000779,0.001439,0.017238
simulation_ui_20260918_000717_09_09_ddss,09,09,DDSS,09 · DDSS,03d1d324c6615b5fbc7455135584ac57,4,p4,4. Investigative skeptic,Canadian Imperial Bank of Commerce (CM) To Go Ex-Dividend on March 27th,success,0.256885,0.224772,0.524415,0.09366,0.385511,0.081983,0.458044,0.0,0.013992,0.012933,0.005541,0.023502
simulation_ui_20260918_000717_09_09_ddss,09,09,DDSS,09 · DDSS,0883a2f27500aaeca578c2b397002506,1,p1,1. Conspiratorial,'A crater': Pollster says Trump suffers 'objective measure' of 'failed presidency',success,0.180153,0.180153,0.180153,0.062356,0.108878,0.306135,0.235149,0.0,0.012311,0.011801,0.019339,0.005793
simulation_ui_20260918_000717_09_09_ddss,09,09,DDSS,09 · DDSS,0883a2f27500aaeca578c2b397002506,2,p2,2. Conspiratorial,'A crater': Pollster says Trump suffers 'objective measure' of 'failed presidency',success,0.215144,0.280709,0.460862,0.217861,0.206532,0.053864,0.37835,0.0,0.006311,0.002761,0.012854,0.003318
simulation_ui_20260918_000717_09_09_ddss,09,09,DDSS,09 · DDSS,0883a2f27500aaeca578c2b397002506,3,p3,3. Investigative skeptic,'A crater': Pollster says Trump suffers 'objective measure' of 'failed presidency',success,0.189872,0.161364,0.622226,0.254269,0.159916,0.053864,0.274058,0.0,0.026675,0.03082,0.046108,0.003097
simulation_ui_20260918_000717_09_09_ddss,09,09,DDSS,09 · DDSS,0883a2f27500aaeca578c2b397002506,4,p4,4. Investigative skeptic,'A crater': Pollster says Trump suffers 'objective measure' of 'failed presidency',success,0.246353,0.270295,0.892521,0.126691,0.123477,0.247956,0.473432,0.0,0.022877,0.023004,0.040762,0.004865
simulation_ui_20260918_000717_09_09_ddss,09,09,DDSS,09 · DDSS,0b30ae6eaf7bab834a4906766ba2ecb2,1,p1,1. Conspiratorial,Britain introduces “plug-in” solar panels for homes to tackle the energy crisis caused by the war in Iran,success,0.161616,0.161616,0.161616,0.001213,0.269899,0.01534,0.345338,0.0,0.021785,0.019706,0.015416,0.030232
simulation_ui_20260918_000717_09_09_ddss,09,09,DDSS,09 · DDSS,0b30ae6eaf7bab834a4906766ba2ecb2,2,p2,2. Conspiratorial,Britain introduces “plug-in” solar panels for homes to tackle the energy crisis caused by the war in Iran,success,0.170762,0.164806,0.326422,0.0,0.427947,0.013095,0.226215,0.0,0.023692,0.03136,0.03526,0.004457
simulation_ui_20260918_000717_09_09_ddss,09,09,DDSS,09 · DDSS,0b30ae6eaf7bab834a4906766ba2ecb2,3,p3,3. Investigative skeptic,Britain introduces “plug-in” solar panels for homes to tackle the energy crisis caused by the war in Iran,success,0.171266,0.186231,0.512653,0.001213,0.218326,0.01534,0.438513,0.0,0.017545,0.030841,0.018433,0.003361
simulation_ui_20260918_000717_09_09_ddss,09,09,DDSS,09 · DDSS,0b30ae6eaf7bab834a4906766ba2ecb2,4,p4,4. Investigative skeptic,Britain introduces “plug-in” solar panels for homes to tackle the energy crisis caused by the war in Iran,success,0.182046,0.126987,0.63964,0.001213,0.356452,0.01534,0.343799,0.0,0.017328,0.025758,0.016556,0.009669
simulation_ui_20260918_000717_09_09_ddss,09,09,DDSS,09 · DDSS,0c84c580588b0f1f5c9070df32dfc5a6,1,p1,1. Conspiratorial,"$1,000 ‘Dog Tax Credit’? Americans eye big payout — don’t miss this April date",success,0.23743,0.23743,0.23743,0.022465,0.349487,0.333333,0.230325,0.0,0.02302,0.042657,0.025987,0.000417
simulation_ui_20260918_000717_09_09_ddss,09,09,DDSS,09 · DDSS,0c84c580588b0f1f5c9070df32dfc5a6,2,p2,2. Conspiratorial,"$1,000 ‘Dog Tax Credit’? Americans eye big payout — don’t miss this April date",success,0.36455,0.249497,0.486927,0.140182,0.353289,0.5,0.450907,0.0,0.027042,0.044385,0.035999,0.000742
simulation_ui_20260918_000717_09_09_ddss,09,09,DDSS,09 · DDSS,0c84c580588b0f1f5c9070df32dfc5a6,3,p3,3. Investigative skeptic,"$1,000 ‘Dog Tax Credit’? Americans eye big payout — don’t miss this April date",success,0.293303,0.3163,0.803227,0.033794,0.560694,0.333333,0.220588,0.0,0.043489,0.067222,0.050403,0.012841
simulation_ui_20260918_000717_09_09_ddss,09,09,DDSS,09 · DDSS,0c84c580588b0f1f5c9070df32dfc5a6,4,p4,4. Investigative skeptic,"$1,000 ‘Dog Tax Credit’? Americans eye big payout — don’t miss this April date",success,0.281999,0.090832,0.894059,0.037594,0.463296,0.344776,0.256982,0.0,0.043741,0.057688,0.054008,0.019527
simulation_ui_20260918_000717_09_09_ddss,09,09,DDSS,09 · DDSS,0ccfe99f5612d8b22298e5942170415d,1,p1,1. Conspiratorial,Cambria Tax Aware ETF (NASDAQ:TAX) Short Interest Down 67.0% in March,success,0.156228,0.156228,0.156228,0.018955,0.0,0.197901,0.399349,0.0,0.012864,0.010743,0.012877,0.014971
simulation_ui_20260918_000717_09_09_ddss,09,09,DDSS,09 · DDSS,0ccfe99f5612d8b22298e5942170415d,2,p2,2. Conspiratorial,Cambria Tax Aware ETF (NASDAQ:TAX) Short Interest Down 67.0% in March,success,0.186487,0.065946,0.222174,0.018955,0.06741,0.197901,0.441927,0.0,0.030171,0.052864,0.004247,0.033402
simulation_ui_20260918_000717_09_09_ddss,09,09,DDSS,09 · DDSS,0ccfe99f5612d8b22298e5942170415d,3,p3,3. Investigative skeptic,Cambria Tax Aware ETF (NASDAQ:TAX) Short Interest Down 67.0% in March,success,0.15619,0.082056,0.30423,0.0,0.064066,0.197901,0.358834,0.0,0.005859,0.004697,0.009282,0.003598
simulation_ui_20260918_000717_09_09_ddss,09,09,DDSS,09 · DDSS,0ccfe99f5612d8b22298e5942170415d,4,p4,4. Investigative skeptic,Cambria Tax Aware ETF (NASDAQ:TAX) Short Interest Down 67.0% in March,success,0.216657,0.189659,0.493889,0.018955,0.462966,0.0,0.375698,0.0,0.014333,0.012452,0.026015,0.004532
simulation_ui_20260918_000717_09_09_ddss,09,09,DDSS,09 · DDSS,11c9275c35fecd97efe0ba12a17b00da,1,p1,1. Conspiratorial,CPA questions legal basis of GACL takeover of McDan Jet Terminal,success,0.222569,0.222569,0.222569,0.152951,0.315308,0.333333,0.081372,0.0,0.011732,0.023625,0.007422,0.004148
simulation_ui_20260918_000717_09_09_ddss,09,09,DDSS,09 · DDSS,11c9275c35fecd97efe0ba12a17b00da,2,p2,2. Conspiratorial,CPA questions legal basis of GACL takeover of McDan Jet Terminal,success,0.234442,0.208377,0.430946,0.161621,0.404913,0.2,0.169357,0.0,0.003061,0.004227,0.001781,0.003174
simulation_ui_20260918_000717_09_09_ddss,09,09,DDSS,09 · DDSS,11c9275c35fecd97efe0ba12a17b00da,3,p3,3. Investigative skeptic,CPA questions legal basis of GACL takeover of McDan Jet Terminal,success,0.166395,0.133266,0.564212,0.043093,0.25,0.2,0.167002,0.0,0.008209,0.010628,0.013039,0.000961
simulation_ui_20260918_000717_09_09_ddss,09,09,DDSS,09 · DDSS,11c9275c35fecd97efe0ba12a17b00da,4,p4,4. Investigative skeptic,CPA questions legal basis of GACL takeover of McDan Jet Terminal,success,0.259946,0.200208,0.76442,0.177767,0.32728,0.333333,0.196228,0.0,0.008726,0.017087,0.0078,0.00129
simulation_ui_20260918_000717_09_09_ddss,09,09,DDSS,09 · DDSS,11fde5af588f2d6f6a0c145a6d089324,1,p1,1. Conspiratorial,"BSNL Posts ₹5,000 Crore Profit After 18 Years, Scindia Signals ₹10,000 Crore Target & India Post IPO Plans",success,0.222398,0.222398,0.222398,0.244307,0.570625,0.0,0.064841,0.0,0.015733,0.036112,0.000429,0.010657
simulation_ui_20260918_000717_09_09_ddss,09,09,DDSS,09 · DDSS,11fde5af588f2d6f6a0c145a6d089324,2,p2,2. Conspiratorial,"BSNL Posts ₹5,000 Crore Profit After 18 Years, Scindia Signals ₹10,000 Crore Target & India Post IPO Plans",success,0.22758,0.238688,0.461086,0.257289,0.467828,0.092556,0.074256,0.0,0.029584,0.06592,0.008217,0.014615
simulation_ui_20260918_000717_09_09_ddss,09,09,DDSS,09 · DDSS,11fde5af588f2d6f6a0c145a6d089324,3,p3,3. Investigative skeptic,"BSNL Posts ₹5,000 Crore Profit After 18 Years, Scindia Signals ₹10,000 Crore Target & India Post IPO Plans",success,0.186407,0.24114,0.702226,0.284934,0.336116,0.0,0.103655,0.0,0.031942,0.060678,0.030268,0.004881
simulation_ui_20260918_000717_09_09_ddss,09,09,DDSS,09 · DDSS,11fde5af588f2d6f6a0c145a6d089324,4,p4,4. Investigative skeptic,"BSNL Posts ₹5,000 Crore Profit After 18 Years, Scindia Signals ₹10,000 Crore Target & India Post IPO Plans",success,0.253,0.114664,0.81689,0.275937,0.604233,0.0,0.102528,0.0,0.048558,0.070516,0.061913,0.013244
simulation_ui_20260918_000717_09_09_ddss,09,09,DDSS,09 · DDSS,17cd8c3587799d6f5551faf3e5895209,1,p1,1. Conspiratorial,"Credit Union of Colorado Foundation invests $50,000 in community college scholarships",success,0.134723,0.134723,0.134723,0.006451,0.137194,0.333333,0.053904,0.0,0.011546,0.022484,0.003998,0.008155
simulation_ui_20260918_000717_09_09_ddss,09,09,DDSS,09 · DDSS,17cd8c3587799d6f5551faf3e5895209,2,p2,2. Conspiratorial,"Credit Union of Colorado Foundation invests $50,000 in community college scholarships",success,0.172173,0.067388,0.202111,0.006451,0.159125,0.333333,0.181716,0.0,0.012152,0.022468,0.003885,0.010102
simulation_ui_20260918_000717_09_09_ddss,09,09,DDSS,09 · DDSS,17cd8c3587799d6f5551faf3e5895209,3,p3,3. Investigative skeptic,"Credit Union of Colorado Foundation invests $50,000 in community college scholarships",success,0.100352,0.074748,0.276859,0.006451,0.003182,0.333333,0.054393,0.0,0.00562,0.011755,0.00271,0.002394
simulation_ui_20260918_000717_09_09_ddss,09,09,DDSS,09 · DDSS,17cd8c3587799d6f5551faf3e5895209,4,p4,4. Investigative skeptic,"Credit Union of Colorado Foundation invests $50,000 in community college scholarships",success,0.185057,0.09526,0.372119,0.006451,0.304583,0.333333,0.089909,0.0,0.009111,0.01196,0.0075,0.007872
simulation_ui_20260918_000717_09_09_ddss,09,09,DDSS,09 · DDSS,1e83ba34429a85f3fbafdb5671e23f1d,1,p1,1. Conspiratorial,Delhi PWD Accelerates PNG Pipeline Laying with 24-Hour Approvals,success,0.262897,0.262897,0.262897,0.172454,0.361437,0.25,0.256827,0.0,0.018369,0.023846,0.010338,0.020924
simulation_ui_20260918_000717_09_09_ddss,09,09,DDSS,09 · DDSS,1e83ba34429a85f3fbafdb5671e23f1d,2,p2,2. Conspiratorial,Delhi PWD Accelerates PNG Pipeline Laying with 24-Hour Approvals,success,0.258851,0.102804,0.365701,0.162273,0.297453,0.25,0.312829,0.0,0.021579,0.023601,0.020551,0.020584
simulation_ui_20260918_000717_09_09_ddss,09,09,DDSS,09 · DDSS,1e83ba34429a85f3fbafdb5671e23f1d,3,p3,3. Investigative skeptic,Delhi PWD Accelerates PNG Pipeline Laying with 24-Hour Approvals,success,0.182784,0.194369,0.56007,0.166281,0.241705,0.0,0.313154,0.0,0.015244,0.020451,0.001629,0.023652
simulation_ui_20260918_000717_09_09_ddss,09,09,DDSS,09 · DDSS,1e83ba34429a85f3fbafdb5671e23f1d,4,p4,4. Investigative skeptic,Delhi PWD Accelerates PNG Pipeline Laying with 24-Hour Approvals,success,0.221516,0.122445,0.682515,0.166281,0.436417,0.0,0.271364,0.0,0.019199,0.022303,0.016951,0.018343
simulation_ui_20260918_000717_09_09_ddss,09,09,DDSS,09 · DDSS,1eb77463838b3d1f2ea74f8bfa272767,1,p1,1. Conspiratorial,Afghanistan urges regional water cooperation at Tashkent Forum,success,0.198063,0.198063,0.198063,0.0,0.176008,0.228343,0.378971,0.0,0.013883,0.019442,0.009806,0.012402
simulation_ui_20260918_000717_09_09_ddss,09,09,DDSS,09 · DDSS,1eb77463838b3d1f2ea74f8bfa272767,2,p2,2. Conspiratorial,Afghanistan urges regional water cooperation at Tashkent Forum,success,0.165585,0.065916,0.263979,0.0,0.176008,0.10216,0.380251,0.0,0.005867,0.011063,0.000971,0.005567
simulation_ui_20260918_000717_09_09_ddss,09,09,DDSS,09 · DDSS,1eb77463838b3d1f2ea74f8bfa272767,3,p3,3. Investigative skeptic,Afghanistan urges regional water cooperation at Tashkent Forum,success,0.26858,0.254798,0.518777,0.002676,0.30759,0.202775,0.554679,0.0,0.011252,0.019709,0.004273,0.009773
simulation_ui_20260918_000717_09_09_ddss,09,09,DDSS,09 · DDSS,1eb77463838b3d1f2ea74f8bfa272767,4,p4,4. Investigative skeptic,Afghanistan urges regional water cooperation at Tashkent Forum,success,0.335886,0.082511,0.601288,0.119755,0.462045,0.2,0.556036,0.0,0.010724,0.019718,0.003039,0.009415
simulation_ui_20260918_000717_09_09_ddss,09,09,DDSS,09 · DDSS,20df5253ec5e5a2623c8823c2b38083b,1,p1,1. Conspiratorial,Contango ORE (NYSEAMERICAN:CTGO) Now Covered by Analysts at Canaccord Genuity Group,success,0.160648,0.160648,0.160648,0.081966,0.51698,0.0,0.037807,0.0,0.008678,0.016777,0.001762,0.007496
simulation_ui_20260918_000717_09_09_ddss,09,09,DDSS,09 · DDSS,20df5253ec5e5a2623c8823c2b38083b,2,p2,2. Conspiratorial,Contango ORE (NYSEAMERICAN:CTGO) Now Covered by Analysts at Canaccord Genuity Group,success,0.135218,0.272835,0.433483,0.005848,0.046679,0.333333,0.146647,0.0,0.012063,0.019104,0.008042,0.009044
simulation_ui_20260918_000717_09_09_ddss,09,09,DDSS,09 · DDSS,20df5253ec5e5a2623c8823c2b38083b,3,p3,3. Investigative skeptic,Contango ORE (NYSEAMERICAN:CTGO) Now Covered by Analysts at Canaccord Genuity Group,success,0.247405,0.187551,0.621034,0.088,0.502445,0.333333,0.060061,0.0,0.009584,0.022079,0.002239,0.004435
simulation_ui_20260918_000717_09_09_ddss,09,09,DDSS,09 · DDSS,20df5253ec5e5a2623c8823c2b38083b,4,p4,4. Investigative skeptic,Contango ORE (NYSEAMERICAN:CTGO) Now Covered by Analysts at Canaccord Genuity Group,success,0.304508,0.162204,0.783238,0.088,0.421394,0.5,0.203854,0.0,0.00858,0.006183,0.013302,0.006255
simulation_ui_20260918_000717_09_09_ddss,09,09,DDSS,09 · DDSS,285f86ba6e2a489c2d4a3ab84f18a6a4,1,p1,1. Conspiratorial,Company Banned from Marketing Business Opportunities to Settle FTC Charges it Misled Consumers About Earnings Potential,success,0.435154,0.435154,0.435154,1.0,0.096871,0.391362,0.244909,0.0,0.016489,0.025707,0.011253,0.012506
simulation_ui_20260918_000717_09_09_ddss,09,09,DDSS,09 · DDSS,285f86ba6e2a489c2d4a3ab84f18a6a4,2,p2,2. Conspiratorial,Company Banned from Marketing Business Opportunities to Settle FTC Charges it Misled Consumers About Earnings Potential,success,0.492841,0.447675,0.882829,1.0,0.2,0.370662,0.394013,0.0,0.016432,0.026708,0.010864,0.011723
simulation_ui_20260918_000717_09_09_ddss,09,09,DDSS,09 · DDSS,285f86ba6e2a489c2d4a3ab84f18a6a4,3,p3,3. Investigative skeptic,Company Banned from Marketing Business Opportunities to Settle FTC Charges it Misled Consumers About Earnings Potential,success,0.256387,0.44067,1.323499,0.066862,0.336036,0.366189,0.245505,0.0,0.018347,0.01716,0.023669,0.014211
simulation_ui_20260918_000717_09_09_ddss,09,09,DDSS,09 · DDSS,285f86ba6e2a489c2d4a3ab84f18a6a4,4,p4,4. Investigative skeptic,Company Banned from Marketing Business Opportunities to Settle FTC Charges it Misled Consumers About Earnings Potential,success,0.244091,0.302866,1.626365,0.049403,0.126064,0.285714,0.50414,0.0,0.018197,0.012036,0.034136,0.008418
simulation_ui_20260918_000717_09_09_ddss,09,09,DDSS,09 · DDSS,3343849e4bfdca882e24cd916fa75ec6,1,p1,1. Conspiratorial,ASMALLWORLD Introduces New Marriott Bonvoy® Benefit for Members,success,0.212532,0.212532,0.212532,0.058201,0.0449,0.5,0.241605,0.0,0.008595,0.010938,0.007571,0.007276
simulation_ui_20260918_000717_09_09_ddss,09,09,DDSS,09 · DDSS,3343849e4bfdca882e24cd916fa75ec6,2,p2,2. Conspiratorial,ASMALLWORLD Introduces New Marriott Bonvoy® Benefit for Members,success,0.160859,0.086763,0.299295,0.031691,0.0449,0.333333,0.223878,0.0,0.014308,0.013165,0.022587,0.007172
simulation_ui_20260918_000717_09_09_ddss,09,09,DDSS,09 · DDSS,3343849e4bfdca882e24cd916fa75ec6,3,p3,3. Investigative skeptic,ASMALLWORLD Introduces New Marriott Bonvoy® Benefit for Members,success,0.027184,0.176141,0.475436,0.058201,0.036042,0.0,0.0,0.0,0.018554,0.014565,0.036942,0.004156
simulation_ui_20260918_000717_09_09_ddss,09,09,DDSS,09 · DDSS,3343849e4bfdca882e24cd916fa75ec6,4,p4,4. Investigative skeptic,ASMALLWORLD Introduces New Marriott Bonvoy® Benefit for Members,success,0.061223,0.048781,0.524217,0.058201,0.0449,0.0,0.121113,0.0,0.027385,0.036293,0.040113,0.005749
simulation_ui_20260918_000717_09_09_ddss,09,09,DDSS,09 · DDSS,3e908966e0393a684386f1e186c5c6e3,1,p1,1. Conspiratorial,CAAS defers sustainable aviation fuel levy,success,0.229829,0.229829,0.229829,0.290839,0.25,0.240361,0.13197,0.0,0.009953,0.00238,0.004566,0.022913
simulation_ui_20260918_000717_09_09_ddss,09,09,DDSS,09 · DDSS,3e908966e0393a684386f1e186c5c6e3,2,p2,2. Conspiratorial,CAAS defers sustainable aviation fuel levy,success,0.243768,0.066376,0.296205,0.213766,0.25,0.240361,0.26175,0.0,0.015155,0.012017,0.015945,0.017504
simulation_ui_20260918_000717_09_09_ddss,09,09,DDSS,09 · DDSS,3e908966e0393a684386f1e186c5c6e3,3,p3,3. Investigative skeptic,CAAS defers sustainable aviation fuel levy,success,0.244261,0.211421,0.507626,0.001319,0.25,0.240361,0.476537,0.0,0.014557,0.012013,0.014728,0.016929
simulation_ui_20260918_000717_09_09_ddss,09,09,DDSS,09 · DDSS,3e908966e0393a684386f1e186c5c6e3,4,p4,4. Investigative skeptic,CAAS defers sustainable aviation fuel levy,success,0.27287,0.148267,0.655893,0.0,0.25,0.240361,0.437265,0.25,0.017535,0.012372,0.032324,0.00791
simulation_ui_20260918_000717_09_09_ddss,09,09,DDSS,09 · DDSS,4284601d27a88508e23bb7ecf1e26740,1,p1,1. Conspiratorial,Blackbaud Opens Registration for bbcon 2026 to Rally Social Impact Sector Around AI Innovation,success,0.368252,0.368252,0.368252,1.0,0.100621,0.25,0.121383,0.0,0.001984,0.002284,0.002699,0.00097
simulation_ui_20260918_000717_09_09_ddss,09,09,DDSS,09 · DDSS,4284601d27a88508e23bb7ecf1e26740,2,p2,2. Conspiratorial,Blackbaud Opens Registration for bbcon 2026 to Rally Social Impact Sector Around AI Innovation,success,0.420974,0.097537,0.465789,1.0,0.175666,0.25,0.257584,0.0,0.001391,0.001896,0.001472,0.000806
simulation_ui_20260918_000717_09_09_ddss,09,09,DDSS,09 · DDSS,4284601d27a88508e23bb7ecf1e26740,3,p3,3. Investigative skeptic,Blackbaud Opens Registration for bbcon 2026 to Rally Social Impact Sector Around AI Innovation,success,0.12097,0.361243,0.827032,0.0,0.094859,0.25,0.136799,0.0,0.003155,0.004173,0.004804,0.000488
simulation_ui_20260918_000717_09_09_ddss,09,09,DDSS,09 · DDSS,4284601d27a88508e23bb7ecf1e26740,4,p4,4. Investigative skeptic,Blackbaud Opens Registration for bbcon 2026 to Rally Social Impact Sector Around AI Innovation,success,0.352374,0.430844,1.257876,1.0,0.25,0.0,0.155604,0.0,0.007498,0.010334,0.012019,0.000141
simulation_ui_20260918_000717_09_09_ddss,09,09,DDSS,09 · DDSS,43b305aebbf654fd9464eb6d39cf900b,1,p1,1. Conspiratorial,CS Atal Dulloo Reviews Progress Of Tawi Artificial Lake And Riverfront Development Projects,success,0.099238,0.099238,0.099238,0.006495,0.0,0.224998,0.162828,0.0,0.003647,0.003606,0.001724,0.005612
simulation_ui_20260918_000717_09_09_ddss,09,09,DDSS,09 · DDSS,43b305aebbf654fd9464eb6d39cf900b,2,p2,2. Conspiratorial,CS Atal Dulloo Reviews Progress Of Tawi Artificial Lake And Riverfront Development Projects,success,0.082183,0.134473,0.233711,0.14094,0.062328,0.0,0.120872,0.0,0.006246,0.004505,0.009679,0.004555
simulation_ui_20260918_000717_09_09_ddss,09,09,DDSS,09 · DDSS,43b305aebbf654fd9464eb6d39cf900b,3,p3,3. Investigative skeptic,CS Atal Dulloo Reviews Progress Of Tawi Artificial Lake And Riverfront Development Projects,success,0.135022,0.149858,0.383569,0.006495,0.166667,0.224998,0.133086,0.0,0.012744,0.009539,0.022262,0.00643
simulation_ui_20260918_000717_09_09_ddss,09,09,DDSS,09 · DDSS,43b305aebbf654fd9464eb6d39cf900b,4,p4,4. Investigative skeptic,CS Atal Dulloo Reviews Progress Of Tawi Artificial Lake And Riverfront Development Projects,success,0.103395,0.194078,0.577647,0.006495,0.015651,0.0,0.380613,0.0,0.015042,0.011942,0.030833,0.00235
simulation_ui_20260918_000717_09_09_ddss,09,09,DDSS,09 · DDSS,43d218dc30bd89b0c4da158243e74603,1,p1,1. Conspiratorial,Amesite Executes Trading Partner Agreement Enabling Secure Connectivity with Leading Homecare Technology Platform,success,0.166488,0.166488,0.166488,0.001231,0.187664,0.072448,0.3875,0.0,0.025528,0.023167,0.025167,0.02825
simulation_ui_20260918_000717_09_09_ddss,09,09,DDSS,09 · DDSS,43d218dc30bd89b0c4da158243e74603,2,p2,2. Conspiratorial,Amesite Executes Trading Partner Agreement Enabling Secure Connectivity with Leading Homecare Technology Platform,success,0.212112,0.248165,0.414653,0.001231,0.0,0.427728,0.409413,0.0,0.015934,0.013143,0.0173,0.017358
simulation_ui_20260918_000717_09_09_ddss,09,09,DDSS,09 · DDSS,43d218dc30bd89b0c4da158243e74603,3,p3,3. Investigative skeptic,Amesite Executes Trading Partner Agreement Enabling Secure Connectivity with Leading Homecare Technology Platform,success,0.264882,0.09914,0.513793,0.001231,0.167818,0.434977,0.441892,0.0,0.023036,0.006659,0.031362,0.031087
simulation_ui_20260918_000717_09_09_ddss,09,09,DDSS,09 · DDSS,43d218dc30bd89b0c4da158243e74603,4,p4,4. Investigative skeptic,Amesite Executes Trading Partner Agreement Enabling Secure Connectivity with Leading Homecare Technology Platform,success,0.264867,0.171835,0.685628,0.001231,0.25,0.437776,0.352157,0.0,0.030928,0.01272,0.042895,0.03717
simulation_ui_20260918_000717_09_09_ddss,09,09,DDSS,09 · DDSS,45a67f6f54cd92c32163be9459300052,1,p1,1. Conspiratorial,"Bitcoin Miners, Now AI Compute Leaders, Face Profitability Concerns",success,0.247452,0.247452,0.247452,0.096112,0.366353,0.090908,0.42475,0.0,0.019333,0.027643,0.011882,0.018474
simulation_ui_20260918_000717_09_09_ddss,09,09,DDSS,09 · DDSS,45a67f6f54cd92c32163be9459300052,2,p2,2. Conspiratorial,"Bitcoin Miners, Now AI Compute Leaders, Face Profitability Concerns",success,0.327836,0.194191,0.441643,0.082999,0.490198,0.273996,0.446581,0.0,0.032461,0.052292,0.036403,0.008689
simulation_ui_20260918_000717_09_09_ddss,09,09,DDSS,09 · DDSS,45a67f6f54cd92c32163be9459300052,3,p3,3. Investigative skeptic,"Bitcoin Miners, Now AI Compute Leaders, Face Profitability Concerns",success,0.316823,0.207802,0.649445,0.073158,0.470275,0.282498,0.431816,0.0,0.017403,0.028193,0.01719,0.006825
simulation_ui_20260918_000717_09_09_ddss,09,09,DDSS,09 · DDSS,45a67f6f54cd92c32163be9459300052,4,p4,4. Investigative skeptic,"Bitcoin Miners, Now AI Compute Leaders, Face Profitability Concerns",success,0.382934,0.240726,0.890171,0.073158,0.645145,0.318181,0.487518,0.0,0.015621,0.032674,0.00344,0.010749
simulation_ui_20260918_000717_09_09_ddss,09,09,DDSS,09 · DDSS,48375acfba2ffc7f64822005eaab01e9,1,p1,1. Conspiratorial,"Capitan Silver Commences Trading on the OTCQX Market Under Symbol ""CAPTF""",success,0.243843,0.243843,0.243843,0.142178,0.557097,0.189553,0.072504,0.0,0.023102,0.022799,0.026402,0.020106
simulation_ui_20260918_000717_09_09_ddss,09,09,DDSS,09 · DDSS,48375acfba2ffc7f64822005eaab01e9,2,p2,2. Conspiratorial,"Capitan Silver Commences Trading on the OTCQX Market Under Symbol ""CAPTF""",success,0.290245,0.251896,0.495739,0.156403,0.590828,0.189553,0.214536,0.0,0.016952,0.022007,0.025495,0.003353
simulation_ui_20260918_000717_09_09_ddss,09,09,DDSS,09 · DDSS,48375acfba2ffc7f64822005eaab01e9,3,p3,3. Investigative skeptic,"Capitan Silver Commences Trading on the OTCQX Market Under Symbol ""CAPTF""",success,0.338798,0.257042,0.752781,0.0,0.577786,0.189553,0.575141,0.0,0.023916,0.034725,0.023875,0.013147
simulation_ui_20260918_000717_09_09_ddss,09,09,DDSS,09 · DDSS,48375acfba2ffc7f64822005eaab01e9,4,p4,4. Investigative skeptic,"Capitan Silver Commences Trading on the OTCQX Market Under Symbol ""CAPTF""",success,0.326411,0.037913,0.790694,0.022188,0.577786,0.189553,0.506662,0.0,0.017481,0.045555,0.00469,0.002198
simulation_ui_20260918_000717_09_09_ddss,09,09,DDSS,09 · DDSS,4980763ccff9b986f6829df1e9489341,1,p1,1. Conspiratorial,Cabana Target Drawdown 7 ETF (NASDAQ:TDSB) Short Interest Down 96.6% in March,success,0.235795,0.235795,0.235795,0.035238,0.249211,0.139674,0.508575,0.0,0.017088,0.012206,0.028783,0.010275
simulation_ui_20260918_000717_09_09_ddss,09,09,DDSS,09 · DDSS,4980763ccff9b986f6829df1e9489341,2,p2,2. Conspiratorial,Cabana Target Drawdown 7 ETF (NASDAQ:TDSB) Short Interest Down 96.6% in March,success,0.31095,0.129455,0.36525,0.035238,0.534446,0.139674,0.525981,0.0,0.015303,0.004461,0.026757,0.01469
simulation_ui_20260918_000717_09_09_ddss,09,09,DDSS,09 · DDSS,4980763ccff9b986f6829df1e9489341,3,p3,3. Investigative skeptic,Cabana Target Drawdown 7 ETF (NASDAQ:TDSB) Short Interest Down 96.6% in March,success,0.270986,0.246383,0.611633,0.018797,0.477703,0.139674,0.440267,0.0,0.012829,0.017151,0.012657,0.008679
simulation_ui_20260918_000717_09_09_ddss,09,09,DDSS,09 · DDSS,4980763ccff9b986f6829df1e9489341,4,p4,4. Investigative skeptic,Cabana Target Drawdown 7 ETF (NASDAQ:TDSB) Short Interest Down 96.6% in March,success,0.259292,0.414007,1.02564,0.047531,0.300628,0.333333,0.34371,0.0,0.020112,0.026976,0.015448,0.017913
simulation_ui_20260918_000717_09_09_ddss,09,09,DDSS,09 · DDSS,4ac6395408a9caf70c7d2ffc4ca362c7,1,p1,1. Conspiratorial,Continuing Unemployment Claims Dip to Nearly 2-Year Low,success,0.264516,0.264516,0.264516,0.375886,0.356507,0.087707,0.229613,0.0,0.01415,0.029184,0.01321,5.5e-05
simulation_ui_20260918_000717_09_09_ddss,09,09,DDSS,09 · DDSS,4ac6395408a9caf70c7d2ffc4ca362c7,2,p2,2. Conspiratorial,Continuing Unemployment Claims Dip to Nearly 2-Year Low,success,0.279245,0.335092,0.599608,0.179347,0.320666,0.31578,0.293994,0.0,0.012443,0.00997,0.024238,0.00312
simulation_ui_20260918_000717_09_09_ddss,09,09,DDSS,09 · DDSS,4ac6395408a9caf70c7d2ffc4ca362c7,3,p3,3. Investigative skeptic,Continuing Unemployment Claims Dip to Nearly 2-Year Low,success,0.245631,0.218699,0.818307,0.179347,0.273749,0.333333,0.187142,0.0,0.014792,0.019727,0.009707,0.014942
simulation_ui_20260918_000717_09_09_ddss,09,09,DDSS,09 · DDSS,4ac6395408a9caf70c7d2ffc4ca362c7,4,p4,4. Investigative skeptic,Continuing Unemployment Claims Dip to Nearly 2-Year Low,success,0.321241,0.225461,1.043768,0.294245,0.344158,0.333333,0.307415,0.0,0.010682,0.021594,0.008644,0.001808
simulation_ui_20260918_000717_09_09_ddss,09,09,DDSS,09 · DDSS,59a0fb71f66cefb61fc91c97affb1dbe,1,p1,1. Conspiratorial,"Bank of Montreal targets 15% return on equity on wealth, US businesses growth",success,0.159746,0.159746,0.159746,0.135053,0.390826,0.031824,0.065936,0.0,0.022723,0.062363,4.2e-05,0.005763
simulation_ui_20260918_000717_09_09_ddss,09,09,DDSS,09 · DDSS,59a0fb71f66cefb61fc91c97affb1dbe,2,p2,2. Conspiratorial,"Bank of Montreal targets 15% return on equity on wealth, US businesses growth",success,0.212924,0.213048,0.372794,0.097497,0.357726,0.0,0.374491,0.0,0.034669,0.079473,0.000913,0.02362
simulation_ui_20260918_000717_09_09_ddss,09,09,DDSS,09 · DDSS,59a0fb71f66cefb61fc91c97affb1dbe,3,p3,3. Investigative skeptic,"Bank of Montreal targets 15% return on equity on wealth, US businesses growth",success,0.138402,0.211042,0.583836,0.092573,0.377914,0.0,0.059832,0.0,0.033563,0.056689,0.024201,0.019799
simulation_ui_20260918_000717_09_09_ddss,09,09,DDSS,09 · DDSS,59a0fb71f66cefb61fc91c97affb1dbe,4,p4,4. Investigative skeptic,"Bank of Montreal targets 15% return on equity on wealth, US businesses growth",success,0.158314,0.064215,0.648051,0.135053,0.411619,0.0,0.061472,0.0,0.03702,0.054828,0.02845,0.027781
simulation_ui_20260918_000717_09_09_ddss,09,09,DDSS,09 · DDSS,6282ee092c7147c978409e71f0096515,1,p1,1. Conspiratorial,Backdoor bet. How federal regulators are sidestepping Alabama: op-ed,success,0.16412,0.16412,0.16412,0.080396,0.191667,0.254782,0.124278,0.0,0.007999,0.011512,0.005461,0.007025
simulation_ui_20260918_000717_09_09_ddss,09,09,DDSS,09 · DDSS,6282ee092c7147c978409e71f0096515,2,p2,2. Conspiratorial,Backdoor bet. How federal regulators are sidestepping Alabama: op-ed,success,0.074777,0.165225,0.329345,0.026507,0.131499,0.006376,0.129335,0.0,0.007274,0.006521,0.007124,0.008176
simulation_ui_20260918_000717_09_09_ddss,09,09,DDSS,09 · DDSS,6282ee092c7147c978409e71f0096515,3,p3,3. Investigative skeptic,Backdoor bet. How federal regulators are sidestepping Alabama: op-ed,success,0.107681,0.089847,0.419192,0.031888,0.187798,0.006376,0.196503,0.0,0.011404,0.03044,0.002615,0.001158
simulation_ui_20260918_000717_09_09_ddss,09,09,DDSS,09 · DDSS,6282ee092c7147c978409e71f0096515,4,p4,4. Investigative skeptic,Backdoor bet. How federal regulators are sidestepping Alabama: op-ed,success,0.205895,0.21276,0.631952,0.322923,0.0,0.254782,0.236672,0.0,0.014447,0.014118,0.011723,0.017499
simulation_ui_20260918_000717_09_09_ddss,09,09,DDSS,09 · DDSS,6296ce617808e446ef3e272b65cb5b46,1,p1,1. Conspiratorial,Apple Adds New Partners to Expand Its U.S. Supply Chain,success,0.237891,0.237891,0.237891,0.0,0.25,0.142857,0.55318,0.0,0.009048,0.007116,0.016276,0.003751
simulation_ui_20260918_000717_09_09_ddss,09,09,DDSS,09 · DDSS,6296ce617808e446ef3e272b65cb5b46,2,p2,2. Conspiratorial,Apple Adds New Partners to Expand Its U.S. Supply Chain,success,0.075113,0.199064,0.436955,0.0,0.25,0.0,0.041235,0.0,0.012424,0.017074,0.01774,0.002458
simulation_ui_20260918_000717_09_09_ddss,09,09,DDSS,09 · DDSS,6296ce617808e446ef3e272b65cb5b46,3,p3,3. Investigative skeptic,Apple Adds New Partners to Expand Its U.S. Supply Chain,success,0.185142,0.157904,0.594859,0.0,0.446195,0.142857,0.139973,0.0,0.017642,0.022403,0.022077,0.008447
simulation_ui_20260918_000717_09_09_ddss,09,09,DDSS,09 · DDSS,6296ce617808e446ef3e272b65cb5b46,4,p4,4. Investigative skeptic,Apple Adds New Partners to Expand Its U.S. Supply Chain,success,0.183946,0.137815,0.732674,0.0,0.439355,0.142857,0.143086,0.0,0.016013,0.029498,0.015494,0.003047
simulation_ui_20260918_000717_09_09_ddss,09,09,DDSS,09 · DDSS,64aefc05d7d6e883d857202942daa279,1,p1,1. Conspiratorial,Competition Commission clears merger of Udemy with Coursera's arm,success,0.111365,0.111365,0.111365,0.0,0.31672,0.032604,0.08189,0.0,0.019958,0.04205,0.001624,0.016199
simulation_ui_20260918_000717_09_09_ddss,09,09,DDSS,09 · DDSS,64aefc05d7d6e883d857202942daa279,2,p2,2. Conspiratorial,Competition Commission clears merger of Udemy with Coursera's arm,success,0.118586,0.059069,0.170434,0.0,0.379803,0.0,0.079724,0.0,0.020925,0.031836,0.023009,0.007931
simulation_ui_20260918_000717_09_09_ddss,09,09,DDSS,09 · DDSS,64aefc05d7d6e883d857202942daa279,3,p3,3. Investigative skeptic,Competition Commission clears merger of Udemy with Coursera's arm,success,0.125582,0.087081,0.257515,0.0,0.391638,0.0,0.108374,0.0,0.00331,0.004232,0.005449,0.000249
simulation_ui_20260918_000717_09_09_ddss,09,09,DDSS,09 · DDSS,64aefc05d7d6e883d857202942daa279,4,p4,4. Investigative skeptic,Competition Commission clears merger of Udemy with Coursera's arm,success,0.121145,0.110539,0.368054,0.0,0.360712,0.0,0.111818,0.0,0.017083,0.018748,0.023317,0.009184
simulation_ui_20260918_000717_09_09_ddss,09,09,DDSS,09 · DDSS,675d6df42ab1fa2c25fcb6c96a0801ba,1,p1,1. Conspiratorial,"Cohen & Steers Infrastructure Fund, Inc (NYSE:UTF) Plans $0.17 Monthly Dividend",success,0.142337,0.142337,0.142337,0.062612,0.387845,0.106612,0.007698,0.0,0.006668,0.002615,0.010716,0.006672
simulation_ui_20260918_000717_09_09_ddss,09,09,DDSS,09 · DDSS,675d6df42ab1fa2c25fcb6c96a0801ba,2,p2,2. Conspiratorial,"Cohen & Steers Infrastructure Fund, Inc (NYSE:UTF) Plans $0.17 Monthly Dividend",success,0.135433,0.206828,0.349165,0.0,0.239458,0.0,0.298948,0.0,0.004803,0.006769,0.001418,0.006222
simulation_ui_20260918_000717_09_09_ddss,09,09,DDSS,09 · DDSS,675d6df42ab1fa2c25fcb6c96a0801ba,3,p3,3. Investigative skeptic,"Cohen & Steers Infrastructure Fund, Inc (NYSE:UTF) Plans $0.17 Monthly Dividend",success,0.276044,0.290317,0.639482,0.0,0.374404,0.333333,0.230511,0.25,0.022071,0.02135,0.033244,0.011619
simulation_ui_20260918_000717_09_09_ddss,09,09,DDSS,09 · DDSS,675d6df42ab1fa2c25fcb6c96a0801ba,4,p4,4. Investigative skeptic,"Cohen & Steers Infrastructure Fund, Inc (NYSE:UTF) Plans $0.17 Monthly Dividend",success,0.26357,0.214098,0.85358,0.0,0.221464,0.367685,0.295686,0.25,0.023125,0.020685,0.031168,0.017521
simulation_ui_20260918_000717_09_09_ddss,09,09,DDSS,09 · DDSS,73939fe081f6d0ef3ed498b2dd7f4039,1,p1,1. Conspiratorial,Coastal Electric plans rate increase,success,0.215839,0.215839,0.215839,0.010853,0.065749,0.666667,0.107495,0.0,0.019994,0.041217,0.014925,0.003841
simulation_ui_20260918_000717_09_09_ddss,09,09,DDSS,09 · DDSS,73939fe081f6d0ef3ed498b2dd7f4039,2,p2,2. Conspiratorial,Coastal Electric plans rate increase,success,0.212836,0.149394,0.365233,0.0,0.226971,0.5,0.116622,0.0,0.012278,0.000653,0.017757,0.018423
simulation_ui_20260918_000717_09_09_ddss,09,09,DDSS,09 · DDSS,73939fe081f6d0ef3ed498b2dd7f4039,3,p3,3. Investigative skeptic,Coastal Electric plans rate increase,success,0.083922,0.194353,0.559586,0.0,0.28427,0.0,0.041128,0.0,0.014001,0.012318,0.01123,0.018455
simulation_ui_20260918_000717_09_09_ddss,09,09,DDSS,09 · DDSS,73939fe081f6d0ef3ed498b2dd7f4039,4,p4,4. Investigative skeptic,Coastal Electric plans rate increase,success,0.071128,0.09487,0.654456,0.0,0.159247,0.0,0.107495,0.0,0.0238,0.005299,0.056947,0.009154
simulation_ui_20260918_000717_09_09_ddss,09,09,DDSS,09 · DDSS,764d938e82fccdeec46aa43984936af9,1,p1,1. Conspiratorial,Centre Highlights Border Infrastructure Push Through BADP and Vibrant Villages Programmes,success,0.28297,0.28297,0.28297,0.24087,0.195758,0.070309,0.616712,0.0,0.014306,0.013018,0.019414,0.010486
simulation_ui_20260918_000717_09_09_ddss,09,09,DDSS,09 · DDSS,764d938e82fccdeec46aa43984936af9,2,p2,2. Conspiratorial,Centre Highlights Border Infrastructure Push Through BADP and Vibrant Villages Programmes,success,0.427769,0.429614,0.712584,0.204159,0.247709,0.656651,0.595537,0.0,0.015289,0.032164,0.000663,0.013039
simulation_ui_20260918_000717_09_09_ddss,09,09,DDSS,09 · DDSS,764d938e82fccdeec46aa43984936af9,3,p3,3. Investigative skeptic,Centre Highlights Border Infrastructure Push Through BADP and Vibrant Villages Programmes,success,0.429496,0.255175,0.967759,0.24087,0.20554,0.607753,0.651073,0.0,0.027777,0.040248,0.03488,0.008202
simulation_ui_20260918_000717_09_09_ddss,09,09,DDSS,09 · DDSS,764d938e82fccdeec46aa43984936af9,4,p4,4. Investigative skeptic,Centre Highlights Border Infrastructure Push Through BADP and Vibrant Villages Programmes,success,0.408946,0.318966,1.286725,0.227315,0.279023,0.573681,0.540799,0.0,0.031448,0.042565,0.043238,0.008542
simulation_ui_20260918_000717_09_09_ddss,09,09,DDSS,09 · DDSS,80a390c3c68815dadd42b1ea065fd1af,1,p1,1. Conspiratorial,Contract OK’d to extend sidewalk repairs,success,0.251909,0.251909,0.251909,0.080656,0.547636,0.0,0.372845,0.0,0.010837,0.008569,0.006051,0.017891
simulation_ui_20260918_000717_09_09_ddss,09,09,DDSS,09 · DDSS,80a390c3c68815dadd42b1ea065fd1af,2,p2,2. Conspiratorial,Contract OK’d to extend sidewalk repairs,success,0.235109,0.262559,0.514468,0.025386,0.312175,0.0,0.593005,0.0,0.016075,0.013226,0.014851,0.020147
simulation_ui_20260918_000717_09_09_ddss,09,09,DDSS,09 · DDSS,80a390c3c68815dadd42b1ea065fd1af,3,p3,3. Investigative skeptic,Contract OK’d to extend sidewalk repairs,success,0.257122,0.31128,0.825748,0.063843,0.515713,0.0,0.442921,0.0,0.010091,0.012857,0.008665,0.008752
simulation_ui_20260918_000717_09_09_ddss,09,09,DDSS,09 · DDSS,80a390c3c68815dadd42b1ea065fd1af,4,p4,4. Investigative skeptic,Contract OK’d to extend sidewalk repairs,success,0.294567,0.166667,0.992415,0.063843,0.515713,0.0,0.593005,0.0,0.010091,0.012857,0.008665,0.008752
simulation_ui_20260918_000717_09_09_ddss,09,09,DDSS,09 · DDSS,80e1561246e5483a76211bd892a06bcb,1,p1,1. Conspiratorial,Aldi inches closer to being hit with unprecedented $15 policy at all locations in the state,success,0.199627,0.199627,0.199627,0.032326,0.366992,0.0,0.388295,0.0,0.016959,0.006994,0.036537,0.007346
simulation_ui_20260918_000717_09_09_ddss,09,09,DDSS,09 · DDSS,80e1561246e5483a76211bd892a06bcb,2,p2,2. Conspiratorial,Aldi inches closer to being hit with unprecedented $15 policy at all locations in the state,success,0.349971,0.253285,0.452912,0.23766,0.451457,0.182494,0.522331,0.0,0.011402,0.014496,0.017765,0.001946
simulation_ui_20260918_000717_09_09_ddss,09,09,DDSS,09 · DDSS,80e1561246e5483a76211bd892a06bcb,3,p3,3. Investigative skeptic,Aldi inches closer to being hit with unprecedented $15 policy at all locations in the state,success,0.341566,0.213563,0.666475,0.252514,0.32547,0.25,0.529595,0.0,0.016435,0.011956,0.03371,0.00364
simulation_ui_20260918_000717_09_09_ddss,09,09,DDSS,09 · DDSS,80e1561246e5483a76211bd892a06bcb,4,p4,4. Investigative skeptic,Aldi inches closer to being hit with unprecedented $15 policy at all locations in the state,success,0.358239,0.2028,0.869275,0.311887,0.322339,0.212228,0.576908,0.0,0.018615,0.016158,0.039069,0.000619
simulation_ui_20260918_000717_09_09_ddss,09,09,DDSS,09 · DDSS,954401161f2ebcd5c5ec0961fa417e31,1,p1,1. Conspiratorial,Biodiversity strategy is a must for mining companies,success,0.35293,0.35293,0.35293,0.0,0.572274,0.333333,0.493631,0.0,0.023999,0.025517,0.04578,0.0007
simulation_ui_20260918_000717_09_09_ddss,09,09,DDSS,09 · DDSS,954401161f2ebcd5c5ec0961fa417e31,2,p2,2. Conspiratorial,Biodiversity strategy is a must for mining companies,success,0.271216,0.241166,0.594096,0.092867,0.428736,0.333333,0.214166,0.0,0.02689,0.005275,0.062358,0.013038
simulation_ui_20260918_000717_09_09_ddss,09,09,DDSS,09 · DDSS,954401161f2ebcd5c5ec0961fa417e31,3,p3,3. Investigative skeptic,Biodiversity strategy is a must for mining companies,success,0.346379,0.27994,0.874036,0.044117,0.595295,0.30638,0.427573,0.0,0.023134,0.024549,0.037961,0.006892
simulation_ui_20260918_000717_09_09_ddss,09,09,DDSS,09 · DDSS,954401161f2ebcd5c5ec0961fa417e31,4,p4,4. Investigative skeptic,Biodiversity strategy is a must for mining companies,success,0.339133,0.175123,1.049159,0.044117,0.555607,0.30638,0.429421,0.0,0.039423,0.054024,0.052233,0.012011
simulation_ui_20260918_000717_09_09_ddss,09,09,DDSS,09 · DDSS,96039628b3a89f4a9134fd1dc3b666d7,1,p1,1. Conspiratorial,Air travel to become expensive from April 1? Civil Aviation Minister clarifies amid Middle East crisis,success,0.295571,0.295571,0.295571,0.216547,0.414402,0.0,0.53851,0.0,0.022658,0.003672,0.038639,0.025663
simulation_ui_20260918_000717_09_09_ddss,09,09,DDSS,09 · DDSS,96039628b3a89f4a9134fd1dc3b666d7,2,p2,2. Conspiratorial,Air travel to become expensive from April 1? Civil Aviation Minister clarifies amid Middle East crisis,success,0.233117,0.274088,0.569659,0.238937,0.381021,0.0,0.299921,0.0,0.020434,0.021817,0.03457,0.004916
simulation_ui_20260918_000717_09_09_ddss,09,09,DDSS,09 · DDSS,96039628b3a89f4a9134fd1dc3b666d7,3,p3,3. Investigative skeptic,Air travel to become expensive from April 1? Civil Aviation Minister clarifies amid Middle East crisis,success,0.267805,0.395401,0.96506,0.076164,0.150148,0.25,0.571688,0.0,0.039331,0.03462,0.078553,0.00482
simulation_ui_20260918_000717_09_09_ddss,09,09,DDSS,09 · DDSS,96039628b3a89f4a9134fd1dc3b666d7,4,p4,4. Investigative skeptic,Air travel to become expensive from April 1? Civil Aviation Minister clarifies amid Middle East crisis,success,0.383314,0.239898,1.204958,0.243668,0.365617,0.25,0.653788,0.0,0.04058,0.019489,0.091769,0.010482
simulation_ui_20260918_000717_09_09_ddss,09,09,DDSS,09 · DDSS,9dee564f6a8f10132f19e6a4b2b8e1a7,1,p1,1. Conspiratorial,"Better and Coinbase Launch the First Token-Backed, Conforming Mortgage",success,0.203919,0.203919,0.203919,0.0,0.472171,0.0,0.326747,0.0,0.026175,0.031519,0.005899,0.041106
simulation_ui_20260918_000717_09_09_ddss,09,09,DDSS,09 · DDSS,9dee564f6a8f10132f19e6a4b2b8e1a7,2,p2,2. Conspiratorial,"Better and Coinbase Launch the First Token-Backed, Conforming Mortgage",success,0.234561,0.211946,0.415865,0.212629,0.355024,0.0,0.326465,0.0,0.071039,0.108984,0.036558,0.067575
simulation_ui_20260918_000717_09_09_ddss,09,09,DDSS,09 · DDSS,9dee564f6a8f10132f19e6a4b2b8e1a7,3,p3,3. Investigative skeptic,"Better and Coinbase Launch the First Token-Backed, Conforming Mortgage",success,0.217584,0.167724,0.583589,0.181614,0.368582,0.0,0.299391,0.0,0.032932,0.066394,0.008353,0.024048
simulation_ui_20260918_000717_09_09_ddss,09,09,DDSS,09 · DDSS,9dee564f6a8f10132f19e6a4b2b8e1a7,4,p4,4. Investigative skeptic,"Better and Coinbase Launch the First Token-Backed, Conforming Mortgage",success,0.210956,0.141212,0.724801,0.189733,0.226035,0.056643,0.346782,0.0,0.038716,0.067645,0.003554,0.04495
simulation_ui_20260918_000717_09_09_ddss,09,09,DDSS,09 · DDSS,a83c7d9bd4c9948f8104f95aa8914a60,1,p1,1. Conspiratorial,Another cinema in Singapore is closing... but the big,success,0.321002,0.321002,0.321002,0.531096,0.478444,0.0,0.264927,0.0,0.017503,0.028269,0.014749,0.009492
simulation_ui_20260918_000717_09_09_ddss,09,09,DDSS,09 · DDSS,a83c7d9bd4c9948f8104f95aa8914a60,2,p2,2. Conspiratorial,Another cinema in Singapore is closing... but the big,success,0.249215,0.158434,0.479436,0.23582,0.406266,0.0,0.343984,0.0,0.0179,0.01769,0.008529,0.027481
simulation_ui_20260918_000717_09_09_ddss,09,09,DDSS,09 · DDSS,a83c7d9bd4c9948f8104f95aa8914a60,3,p3,3. Investigative skeptic,Another cinema in Singapore is closing... but the big,success,0.237566,0.093571,0.573007,0.245097,0.451335,0.0,0.251786,0.0,0.003354,0.008788,7.7e-05,0.001198
simulation_ui_20260918_000717_09_09_ddss,09,09,DDSS,09 · DDSS,a83c7d9bd4c9948f8104f95aa8914a60,4,p4,4. Investigative skeptic,Another cinema in Singapore is closing... but the big,success,0.257276,0.15652,0.729527,0.408416,0.508922,0.0,0.107173,0.0,0.007716,0.016671,0.00308,0.003397
simulation_ui_20260918_000717_09_09_ddss,09,09,DDSS,09 · DDSS,b8147bef700007b0dbccc9eaf88c04ac,1,p1,1. Conspiratorial,CLEO Expands Its Reach as Crypto Prop Traders Rally Around the Prop Firm Trading Platform Built for Them,success,0.27205,0.27205,0.27205,0.336775,0.463502,0.25,0.032167,0.0,0.009864,0.001536,0.015748,0.012307
simulation_ui_20260918_000717_09_09_ddss,09,09,DDSS,09 · DDSS,b8147bef700007b0dbccc9eaf88c04ac,2,p2,2. Conspiratorial,CLEO Expands Its Reach as Crypto Prop Traders Rally Around the Prop Firm Trading Platform Built for Them,success,0.262438,0.254401,0.526451,0.05516,0.396601,0.4,0.188884,0.0,0.015388,0.018451,0.005239,0.022474
simulation_ui_20260918_000717_09_09_ddss,09,09,DDSS,09 · DDSS,b8147bef700007b0dbccc9eaf88c04ac,3,p3,3. Investigative skeptic,CLEO Expands Its Reach as Crypto Prop Traders Rally Around the Prop Firm Trading Platform Built for Them,success,0.209307,0.204412,0.730863,0.149816,0.342133,0.25,0.085065,0.0,0.016093,0.008668,0.023871,0.015741
simulation_ui_20260918_000717_09_09_ddss,09,09,DDSS,09 · DDSS,b8147bef700007b0dbccc9eaf88c04ac,4,p4,4. Investigative skeptic,CLEO Expands Its Reach as Crypto Prop Traders Rally Around the Prop Firm Trading Platform Built for Them,success,0.313171,0.174063,0.904926,0.154306,0.490515,0.25,0.350678,0.0,0.013045,0.00872,0.00796,0.022455
simulation_ui_20260918_000717_09_09_ddss,09,09,DDSS,09 · DDSS,c24889258ff4d93fcb33d3ad9328f7e5,1,p1,1. Conspiratorial,Clearlake buys Qualus from New Mountain amid soaring power demand; KKR’s exit provides CoolIT employees with handsome payout,success,0.436249,0.436249,0.436249,0.523735,0.636842,0.0,0.446555,0.25,0.040076,0.064177,0.012526,0.043526
simulation_ui_20260918_000717_09_09_ddss,09,09,DDSS,09 · DDSS,c24889258ff4d93fcb33d3ad9328f7e5,2,p2,2. Conspiratorial,Clearlake buys Qualus from New Mountain amid soaring power demand; KKR’s exit provides CoolIT employees with handsome payout,success,0.3183,0.19715,0.633399,0.485413,0.345571,0.0,0.420395,0.0,0.039693,0.073466,0.017593,0.02802
simulation_ui_20260918_000717_09_09_ddss,09,09,DDSS,09 · DDSS,c24889258ff4d93fcb33d3ad9328f7e5,3,p3,3. Investigative skeptic,Clearlake buys Qualus from New Mountain amid soaring power demand; KKR’s exit provides CoolIT employees with handsome payout,success,0.444643,0.303945,0.937344,0.69198,0.587117,0.019876,0.458021,0.0,0.048102,0.07211,0.038806,0.03339
simulation_ui_20260918_000717_09_09_ddss,09,09,DDSS,09 · DDSS,c24889258ff4d93fcb33d3ad9328f7e5,4,p4,4. Investigative skeptic,Clearlake buys Qualus from New Mountain amid soaring power demand; KKR’s exit provides CoolIT employees with handsome payout,success,0.437569,0.160548,1.097892,0.535646,0.603767,0.0,0.4672,0.25,0.052759,0.076311,0.053078,0.028887
simulation_ui_20260918_000717_09_09_ddss,09,09,DDSS,09 · DDSS,c431d4ae9339f97a7ca5409d975805a3,1,p1,1. Conspiratorial,Anavex Life Sciences Stock Is Deeply Oversold. Should You Buy the Dip?,success,0.160065,0.160065,0.160065,0.165371,0.153091,0.210148,0.097432,0.0,0.021068,0.043621,0.003634,0.015948
simulation_ui_20260918_000717_09_09_ddss,09,09,DDSS,09 · DDSS,c431d4ae9339f97a7ca5409d975805a3,2,p2,2. Conspiratorial,Anavex Life Sciences Stock Is Deeply Oversold. Should You Buy the Dip?,success,0.303446,0.197645,0.35771,0.223593,0.454257,0.202605,0.324035,0.0,0.016625,0.023819,0.011357,0.014699
simulation_ui_20260918_000717_09_09_ddss,09,09,DDSS,09 · DDSS,c431d4ae9339f97a7ca5409d975805a3,3,p3,3. Investigative skeptic,Anavex Life Sciences Stock Is Deeply Oversold. Should You Buy the Dip?,success,0.281143,0.273492,0.631202,0.162041,0.320888,0.209013,0.422771,0.0,0.017086,0.013423,0.034056,0.003779
simulation_ui_20260918_000717_09_09_ddss,09,09,DDSS,09 · DDSS,c431d4ae9339f97a7ca5409d975805a3,4,p4,4. Investigative skeptic,Anavex Life Sciences Stock Is Deeply Oversold. Should You Buy the Dip?,success,0.247652,0.182103,0.813305,0.155807,0.38762,0.252054,0.183318,0.0,0.019543,0.012334,0.017997,0.028297
simulation_ui_20260918_000717_09_09_ddss,09,09,DDSS,09 · DDSS,ce21e05271d5e7a4e182ceb46e706964,1,p1,1. Conspiratorial,"Arizona opinion: European mandate means costlier food, groceries",success,0.3567,0.3567,0.3567,0.179497,0.499704,0.274198,0.458348,0.0,0.029083,0.044576,0.020329,0.022343
simulation_ui_20260918_000717_09_09_ddss,09,09,DDSS,09 · DDSS,ce21e05271d5e7a4e182ceb46e706964,2,p2,2. Conspiratorial,"Arizona opinion: European mandate means costlier food, groceries",success,0.262053,0.361039,0.717739,0.319201,0.246199,0.0,0.450817,0.0,0.053615,0.080257,0.03117,0.049418
simulation_ui_20260918_000717_09_09_ddss,09,09,DDSS,09 · DDSS,ce21e05271d5e7a4e182ceb46e706964,3,p3,3. Investigative skeptic,"Arizona opinion: European mandate means costlier food, groceries",success,0.424917,0.285274,1.003013,0.455351,0.7066,0.0,0.532233,0.0,0.011896,0.018279,0.012908,0.004502
simulation_ui_20260918_000717_09_09_ddss,09,09,DDSS,09 · DDSS,ce21e05271d5e7a4e182ceb46e706964,4,p4,4. Investigative skeptic,"Arizona opinion: European mandate means costlier food, groceries",success,0.303851,0.239992,1.243005,0.336136,0.348067,0.0,0.52666,0.0,0.008144,0.001116,0.020619,0.002697
simulation_ui_20260918_000717_09_09_ddss,09,09,DDSS,09 · DDSS,d66c6c1dfd9c66c9f17f51b8a1ecc92d,1,p1,1. Conspiratorial,"Cadre Holdings to Acquire Assets of Tedder Industries, Including Alien Gear Holsters",success,0.111093,0.111093,0.111093,0.006166,0.092162,0.0,0.333706,0.0,0.01729,0.001816,0.037025,0.01303
simulation_ui_20260918_000717_09_09_ddss,09,09,DDSS,09 · DDSS,d66c6c1dfd9c66c9f17f51b8a1ecc92d,2,p2,2. Conspiratorial,"Cadre Holdings to Acquire Assets of Tedder Industries, Including Alien Gear Holsters",success,0.039939,0.093374,0.204467,0.0,0.143915,0.0,0.001023,0.0,0.01922,0.008275,0.032463,0.016921
simulation_ui_20260918_000717_09_09_ddss,09,09,DDSS,09 · DDSS,d66c6c1dfd9c66c9f17f51b8a1ecc92d,3,p3,3. Investigative skeptic,"Cadre Holdings to Acquire Assets of Tedder Industries, Including Alien Gear Holsters",success,0.05531,0.019307,0.223774,0.0,0.143915,0.0,0.070368,0.0,0.009191,0.001672,0.021366,0.004535
simulation_ui_20260918_000717_09_09_ddss,09,09,DDSS,09 · DDSS,d66c6c1dfd9c66c9f17f51b8a1ecc92d,4,p4,4. Investigative skeptic,"Cadre Holdings to Acquire Assets of Tedder Industries, Including Alien Gear Holsters",success,0.135802,0.107841,0.331615,0.014624,0.092162,0.0,0.430319,0.0,0.008814,0.005243,0.015641,0.005557
simulation_ui_20260918_000717_09_09_ddss,09,09,DDSS,09 · DDSS,de1ef9dc3d1297e42a2fb05392a32d49,1,p1,1. Conspiratorial,Constellation Software Inc. (CSU) to Issue Quarterly Dividend of $1.00 on April 15th,success,0.208627,0.208627,0.208627,0.106538,0.410696,0.081983,0.231893,0.0,0.005364,0.007134,0.005767,0.003192
simulation_ui_20260918_000717_09_09_ddss,09,09,DDSS,09 · DDSS,de1ef9dc3d1297e42a2fb05392a32d49,2,p2,2. Conspiratorial,Constellation Software Inc. (CSU) to Issue Quarterly Dividend of $1.00 on April 15th,success,0.144427,0.08747,0.296097,0.104234,0.156571,0.081983,0.231893,0.0,0.004416,0.001612,0.009549,0.002087
simulation_ui_20260918_000717_09_09_ddss,09,09,DDSS,09 · DDSS,de1ef9dc3d1297e42a2fb05392a32d49,3,p3,3. Investigative skeptic,Constellation Software Inc. (CSU) to Issue Quarterly Dividend of $1.00 on April 15th,success,0.212192,0.125911,0.422008,0.107112,0.402084,0.088043,0.247369,0.0,0.006595,0.010274,0.005749,0.003763
simulation_ui_20260918_000717_09_09_ddss,09,09,DDSS,09 · DDSS,de1ef9dc3d1297e42a2fb05392a32d49,4,p4,4. Investigative skeptic,Constellation Software Inc. (CSU) to Issue Quarterly Dividend of $1.00 on April 15th,success,0.246706,0.188818,0.610826,0.107112,0.39898,0.088043,0.384769,0.0,0.013111,0.021592,0.003932,0.01381
simulation_ui_20260918_000717_09_09_ddss,09,09,DDSS,09 · DDSS,e0d8c78139dd28d077ec2c768043d7ca,1,p1,1. Conspiratorial,Change in LHV Group Audit Committee,success,0.195024,0.195024,0.195024,0.019831,0.455131,0.003154,0.297217,0.0,0.007388,0.00548,0.010572,0.006112
simulation_ui_20260918_000717_09_09_ddss,09,09,DDSS,09 · DDSS,e0d8c78139dd28d077ec2c768043d7ca,2,p2,2. Conspiratorial,Change in LHV Group Audit Committee,success,0.198417,0.027874,0.222898,0.019831,0.459352,0.029953,0.275672,0.0,0.013776,0.004382,0.021949,0.014996
simulation_ui_20260918_000717_09_09_ddss,09,09,DDSS,09 · DDSS,e0d8c78139dd28d077ec2c768043d7ca,3,p3,3. Investigative skeptic,Change in LHV Group Audit Committee,success,0.168386,0.163506,0.386404,0.092215,0.409454,0.034887,0.131191,0.0,0.008699,0.006911,0.012598,0.006589
simulation_ui_20260918_000717_09_09_ddss,09,09,DDSS,09 · DDSS,e0d8c78139dd28d077ec2c768043d7ca,4,p4,4. Investigative skeptic,Change in LHV Group Audit Committee,success,0.279122,0.247372,0.633776,0.014139,0.571412,0.128154,0.400251,0.0,0.004389,0.008671,0.004459,3.8e-05
simulation_ui_20260918_000717_09_09_ddss,09,09,DDSS,09 · DDSS,e42774600d5c0fd2405b181105990603,1,p1,1. Conspiratorial,Canada is losing more air traffic controllers than it’s hiring: aviation expert,success,0.123183,0.123183,0.123183,0.0,0.0534,0.0,0.434936,0.0,0.00626,0.006052,0.00905,0.003679
simulation_ui_20260918_000717_09_09_ddss,09,09,DDSS,09 · DDSS,e42774600d5c0fd2405b181105990603,2,p2,2. Conspiratorial,Canada is losing more air traffic controllers than it’s hiring: aviation expert,success,0.19089,0.144189,0.267372,0.002404,0.022376,0.25,0.476391,0.0,0.019067,0.035143,0.012842,0.009217
simulation_ui_20260918_000717_09_09_ddss,09,09,DDSS,09 · DDSS,e42774600d5c0fd2405b181105990603,3,p3,3. Investigative skeptic,Canada is losing more air traffic controllers than it’s hiring: aviation expert,success,0.314518,0.381525,0.648897,0.0,0.25,0.0,1.0,0.0,0.014675,0.016867,0.021158,0.005999
simulation_ui_20260918_000717_09_09_ddss,09,09,DDSS,09 · DDSS,e42774600d5c0fd2405b181105990603,4,p4,4. Investigative skeptic,Canada is losing more air traffic controllers than it’s hiring: aviation expert,success,0.10348,0.351446,1.000343,0.002404,0.197425,0.0,0.204682,0.0,0.013087,0.00243,0.01789,0.018941
simulation_ui_20260918_000717_09_09_ddss,09,09,DDSS,09 · DDSS,e68862b7bac57065b34e1018a51ce3f2,1,p1,1. Conspiratorial,"Cruisebound Launches ""Search by Map,"" Redefining How Travelers Discover Cruises",success,0.193028,0.193028,0.193028,0.062135,0.279159,0.333333,0.086183,0.0,0.017447,0.017536,0.026617,0.008188
simulation_ui_20260918_000717_09_09_ddss,09,09,DDSS,09 · DDSS,e68862b7bac57065b34e1018a51ce3f2,2,p2,2. Conspiratorial,"Cruisebound Launches ""Search by Map,"" Redefining How Travelers Discover Cruises",success,0.231212,0.091882,0.28491,0.062135,0.418478,0.333333,0.09748,0.0,0.021727,0.033265,0.016064,0.015851
simulation_ui_20260918_000717_09_09_ddss,09,09,DDSS,09 · DDSS,e68862b7bac57065b34e1018a51ce3f2,3,p3,3. Investigative skeptic,"Cruisebound Launches ""Search by Map,"" Redefining How Travelers Discover Cruises",success,0.224102,0.195066,0.479976,0.062135,0.310996,0.407175,0.086183,0.0,0.04774,0.044837,0.066603,0.031779
simulation_ui_20260918_000717_09_09_ddss,09,09,DDSS,09 · DDSS,e68862b7bac57065b34e1018a51ce3f2,4,p4,4. Investigative skeptic,"Cruisebound Launches ""Search by Map,"" Redefining How Travelers Discover Cruises",success,0.220511,0.180365,0.660341,0.071093,0.279159,0.333333,0.16911,0.0,0.046624,0.046507,0.071806,0.021558
simulation_ui_20260918_000717_09_09_ddss,09,09,DDSS,09 · DDSS,ea67fb6d8317500951f4bf21966a33ea,1,p1,1. Conspiratorial,China's 'Africa Diaper King' Delivers Strong Annual Profit Post-IPO,success,0.231107,0.231107,0.231107,0.195957,0.463365,0.0,0.254945,0.0,0.016466,0.013867,0.034187,0.001344
simulation_ui_20260918_000717_09_09_ddss,09,09,DDSS,09 · DDSS,ea67fb6d8317500951f4bf21966a33ea,2,p2,2. Conspiratorial,China's 'Africa Diaper King' Delivers Strong Annual Profit Post-IPO,success,0.27706,0.277801,0.508908,0.078154,0.361509,0.327092,0.33243,0.0,0.015607,0.009105,0.036057,0.001659
simulation_ui_20260918_000717_09_09_ddss,09,09,DDSS,09 · DDSS,ea67fb6d8317500951f4bf21966a33ea,3,p3,3. Investigative skeptic,China's 'Africa Diaper King' Delivers Strong Annual Profit Post-IPO,success,0.247184,0.290907,0.799815,0.195957,0.541007,0.0,0.247314,0.0,0.007393,0.001949,0.019393,0.000837
simulation_ui_20260918_000717_09_09_ddss,09,09,DDSS,09 · DDSS,ea67fb6d8317500951f4bf21966a33ea,4,p4,4. Investigative skeptic,China's 'Africa Diaper King' Delivers Strong Annual Profit Post-IPO,success,0.339041,0.206405,1.00622,0.203145,0.510832,0.303606,0.332173,0.0,0.01209,0.006243,0.029362,0.000664
simulation_ui_20260918_000717_09_09_ddss,09,09,DDSS,09 · DDSS,edd97daf51d7e0bb7d9da3f3e2c9bfa8,1,p1,1. Conspiratorial,Amazon and Walmart fined for selling banned refrigerant in Washington state,success,0.170589,0.170589,0.170589,0.016538,0.258471,0.0,0.401051,0.0,0.009471,0.015236,0.008177,0.005001
simulation_ui_20260918_000717_09_09_ddss,09,09,DDSS,09 · DDSS,edd97daf51d7e0bb7d9da3f3e2c9bfa8,2,p2,2. Conspiratorial,Amazon and Walmart fined for selling banned refrigerant in Washington state,success,0.20697,0.061851,0.23244,0.010915,0.40231,0.0,0.406028,0.0,0.013562,0.020821,0.001719,0.018147
simulation_ui_20260918_000717_09_09_ddss,09,09,DDSS,09 · DDSS,edd97daf51d7e0bb7d9da3f3e2c9bfa8,3,p3,3. Investigative skeptic,Amazon and Walmart fined for selling banned refrigerant in Washington state,success,0.1734,0.233786,0.466226,0.010947,0.423449,0.25,0.001565,0.0,0.011527,0.017031,0.007333,0.010218
simulation_ui_20260918_000717_09_09_ddss,09,09,DDSS,09 · DDSS,edd97daf51d7e0bb7d9da3f3e2c9bfa8,4,p4,4. Investigative skeptic,Amazon and Walmart fined for selling banned refrigerant in Washington state,success,0.147834,0.166081,0.632307,0.010915,0.570541,0.0,0.001565,0.0,0.012168,0.013575,0.012517,0.010411
simulation_ui_20260918_000717_09_09_ddss,09,09,DDSS,09 · DDSS,efc05dd0bbe1b970e1f97452c3e0b5a4,1,p1,1. Conspiratorial,Blackstone (BX) Slipped Amid Private Credit Concerns Despite Strong Long-Term Outlook,success,0.096161,0.096161,0.096161,0.085119,0.272315,0.024685,0.001438,0.0,0.001501,0.00174,0.000839,0.001923
simulation_ui_20260918_000717_09_09_ddss,09,09,DDSS,09 · DDSS,efc05dd0bbe1b970e1f97452c3e0b5a4,2,p2,2. Conspiratorial,Blackstone (BX) Slipped Amid Private Credit Concerns Despite Strong Long-Term Outlook,success,0.080533,0.040549,0.13671,0.085119,0.235616,0.0,0.0,0.0,0.001896,0.002994,0.001606,0.001088
simulation_ui_20260918_000717_09_09_ddss,09,09,DDSS,09 · DDSS,efc05dd0bbe1b970e1f97452c3e0b5a4,3,p3,3. Investigative skeptic,Blackstone (BX) Slipped Amid Private Credit Concerns Despite Strong Long-Term Outlook,success,0.083674,0.003781,0.140491,0.085119,0.235616,0.0,0.001558,0.0,0.016865,0.026418,0.009072,0.015105
simulation_ui_20260918_000717_09_09_ddss,09,09,DDSS,09 · DDSS,efc05dd0bbe1b970e1f97452c3e0b5a4,4,p4,4. Investigative skeptic,Blackstone (BX) Slipped Amid Private Credit Concerns Despite Strong Long-Term Outlook,success,0.253712,0.1764,0.316891,0.225412,0.322398,0.0,0.457899,0.0,0.015259,0.032238,0.003964,0.009576
simulation_ui_20260918_000717_09_09_ddss,09,09,DDSS,09 · DDSS,f46dd28ab257311f8706feca1dc99708,1,p1,1. Conspiratorial,Bevvy: Downtown’s New ‘Dirty’ Soda,success,0.119793,0.119793,0.119793,0.030477,0.425811,0.0,0.007922,0.0,0.021157,0.018252,0.035289,0.00993
simulation_ui_20260918_000717_09_09_ddss,09,09,DDSS,09 · DDSS,f46dd28ab257311f8706feca1dc99708,2,p2,2. Conspiratorial,Bevvy: Downtown’s New ‘Dirty’ Soda,success,0.140968,0.17117,0.290963,0.030477,0.389368,0.0,0.126743,0.0,0.025023,0.028574,0.044399,0.002095
simulation_ui_20260918_000717_09_09_ddss,09,09,DDSS,09 · DDSS,f46dd28ab257311f8706feca1dc99708,3,p3,3. Investigative skeptic,Bevvy: Downtown’s New ‘Dirty’ Soda,success,0.077538,0.082518,0.373481,0.030477,0.248763,0.0,0.010463,0.0,0.027555,0.019695,0.046958,0.016013
simulation_ui_20260918_000717_09_09_ddss,09,09,DDSS,09 · DDSS,f46dd28ab257311f8706feca1dc99708,4,p4,4. Investigative skeptic,Bevvy: Downtown’s New ‘Dirty’ Soda,success,0.201859,0.1484,0.521881,0.030477,0.481446,0.0,0.266216,0.0,0.045465,0.041192,0.070113,0.02509
simulation_ui_20260918_000717_09_09_ddss,09,09,DDSS,09 · DDSS,f7a4ad54b51a7d28de6970e46285b0f2,1,p1,1. Conspiratorial,5G Services Market Surges to $497.24 billion by 2028 | CAGR 19.3%,success,0.097827,0.097827,0.097827,0.0,0.06119,0.0,0.307937,0.0,0.030546,0.017724,0.057147,0.016768
simulation_ui_20260918_000717_09_09_ddss,09,09,DDSS,09 · DDSS,f7a4ad54b51a7d28de6970e46285b0f2,2,p2,2. Conspiratorial,5G Services Market Surges to $497.24 billion by 2028 | CAGR 19.3%,success,0.118117,0.006325,0.104152,0.0,0.06119,0.0,0.38784,0.0,0.033005,0.02957,0.044705,0.024741
simulation_ui_20260918_000717_09_09_ddss,09,09,DDSS,09 · DDSS,f7a4ad54b51a7d28de6970e46285b0f2,3,p3,3. Investigative skeptic,5G Services Market Surges to $497.24 billion by 2028 | CAGR 19.3%,success,0.15841,0.078591,0.182743,0.0,0.305232,0.0,0.307937,0.0,0.030222,0.040039,0.022561,0.028065
simulation_ui_20260918_000717_09_09_ddss,09,09,DDSS,09 · DDSS,f7a4ad54b51a7d28de6970e46285b0f2,4,p4,4. Investigative skeptic,5G Services Market Surges to $497.24 billion by 2028 | CAGR 19.3%,success,0.247984,0.115624,0.298367,0.11404,0.551933,0.0,0.307937,0.0,0.029784,0.037347,0.022867,0.029139
simulation_ui_20260918_000717_09_09_ddss,09,09,DDSS,09 · DDSS,ff437d173cf94bd173d62a3ee1c4dc9e,1,p1,1. Conspiratorial,Deputy minister: Belarus is among global leaders in dairy and meat exports,success,0.135575,0.135575,0.135575,0.00183,0.173975,0.25,0.103897,0.0,0.018154,0.021048,0.025225,0.008188
simulation_ui_20260918_000717_09_09_ddss,09,09,DDSS,09 · DDSS,ff437d173cf94bd173d62a3ee1c4dc9e,2,p2,2. Conspiratorial,Deputy minister: Belarus is among global leaders in dairy and meat exports,success,0.137105,0.063804,0.199379,0.095678,0.082792,0.25,0.109407,0.0,0.015224,0.013271,0.023799,0.008602
simulation_ui_20260918_000717_09_09_ddss,09,09,DDSS,09 · DDSS,ff437d173cf94bd173d62a3ee1c4dc9e,3,p3,3. Investigative skeptic,Deputy minister: Belarus is among global leaders in dairy and meat exports,success,0.259785,0.161961,0.36134,0.103228,0.531199,0.25,0.150183,0.0,0.007638,0.021406,0.001197,0.00031
simulation_ui_20260918_000717_09_09_ddss,09,09,DDSS,09 · DDSS,ff437d173cf94bd173d62a3ee1c4dc9e,4,p4,4. Investigative skeptic,Deputy minister: Belarus is among global leaders in dairy and meat exports,success,0.276179,0.249605,0.610945,0.00183,0.399694,0.25,0.448045,0.0,0.008874,0.010069,0.01647,8.3e-05
simulation_ui_20260918_000717_10_10_ssdd,10,10,SSDD,10 · SSDD,03d15c304dd6358c32fe4fdcb841b43a,1,p1,1. Investigative skeptic,"APO INVESTOR DEADLINE APPROACHING: Faruqi & Faruqi, LLP Reminds Apollo Global Management (APO) Investors of Securities Class Action Deadline on May 1, 2026",success,0.197362,0.197362,0.197362,0.044073,0.413632,0.0,0.325286,0.0,0.010036,0.013713,0.009451,0.006945
simulation_ui_20260918_000717_10_10_ssdd,10,10,SSDD,10 · SSDD,03d15c304dd6358c32fe4fdcb841b43a,2,p2,2. Investigative skeptic,"APO INVESTOR DEADLINE APPROACHING: Faruqi & Faruqi, LLP Reminds Apollo Global Management (APO) Investors of Securities Class Action Deadline on May 1, 2026",success,0.14726,0.217436,0.414798,0.0,0.321561,0.2,0.058948,0.0,0.012476,0.019578,0.009435,0.008416
simulation_ui_20260918_000717_10_10_ssdd,10,10,SSDD,10 · SSDD,03d15c304dd6358c32fe4fdcb841b43a,3,p3,3. Conspiratorial,"APO INVESTOR DEADLINE APPROACHING: Faruqi & Faruqi, LLP Reminds Apollo Global Management (APO) Investors of Securities Class Action Deadline on May 1, 2026",success,0.431094,0.429937,0.844735,1.0,0.436905,0.0,0.282364,0.0,0.011193,0.016666,0.008046,0.008867
simulation_ui_20260918_000717_10_10_ssdd,10,10,SSDD,10 · SSDD,03d15c304dd6358c32fe4fdcb841b43a,4,p4,4. Conspiratorial,"APO INVESTOR DEADLINE APPROACHING: Faruqi & Faruqi, LLP Reminds Apollo Global Management (APO) Investors of Securities Class Action Deadline on May 1, 2026",success,0.255498,0.499253,1.343988,0.0,0.335579,0.333333,0.349102,0.0,0.00667,0.010985,0.002509,0.006515
simulation_ui_20260918_000717_10_10_ssdd,10,10,SSDD,10 · SSDD,03d1d324c6615b5fbc7455135584ac57,1,p1,1. Investigative skeptic,Canadian Imperial Bank of Commerce (CM) To Go Ex-Dividend on March 27th,success,0.129417,0.129417,0.129417,0.054848,0.325446,0.081983,0.052292,0.0,0.004446,0.006953,0.000174,0.006212
simulation_ui_20260918_000717_10_10_ssdd,10,10,SSDD,10 · SSDD,03d1d324c6615b5fbc7455135584ac57,2,p2,2. Investigative skeptic,Canadian Imperial Bank of Commerce (CM) To Go Ex-Dividend on March 27th,success,0.245245,0.207081,0.336498,0.0,0.267184,0.333333,0.376347,0.0,0.006808,0.005692,0.004771,0.00996
simulation_ui_20260918_000717_10_10_ssdd,10,10,SSDD,10 · SSDD,03d1d324c6615b5fbc7455135584ac57,3,p3,3. Conspiratorial,Canadian Imperial Bank of Commerce (CM) To Go Ex-Dividend on March 27th,success,0.19568,0.196278,0.532776,0.0,0.25,0.0,0.523854,0.0,0.01374,0.012574,0.013162,0.015483
simulation_ui_20260918_000717_10_10_ssdd,10,10,SSDD,10 · SSDD,03d1d324c6615b5fbc7455135584ac57,4,p4,4. Conspiratorial,Canadian Imperial Bank of Commerce (CM) To Go Ex-Dividend on March 27th,success,0.191279,0.136901,0.669677,0.0,0.383306,0.0,0.376347,0.0,0.008429,0.00844,0.003956,0.012892
simulation_ui_20260918_000717_10_10_ssdd,10,10,SSDD,10 · SSDD,0883a2f27500aaeca578c2b397002506,1,p1,1. Investigative skeptic,'A crater': Pollster says Trump suffers 'objective measure' of 'failed presidency',success,0.178407,0.178407,0.178407,0.14202,0.25316,0.053864,0.247278,0.0,0.026195,0.026873,0.041496,0.010217
simulation_ui_20260918_000717_10_10_ssdd,10,10,SSDD,10 · SSDD,0883a2f27500aaeca578c2b397002506,2,p2,2. Investigative skeptic,'A crater': Pollster says Trump suffers 'objective measure' of 'failed presidency',success,0.185603,0.145536,0.323943,0.190336,0.139025,0.053864,0.343962,0.0,0.023259,0.016319,0.044289,0.009168
simulation_ui_20260918_000717_10_10_ssdd,10,10,SSDD,10 · SSDD,0883a2f27500aaeca578c2b397002506,3,p3,3. Conspiratorial,'A crater': Pollster says Trump suffers 'objective measure' of 'failed presidency',success,0.188286,0.249481,0.573424,0.15335,0.222935,0.050774,0.309057,0.0,0.026085,0.030993,0.043285,0.003978
simulation_ui_20260918_000717_10_10_ssdd,10,10,SSDD,10 · SSDD,0883a2f27500aaeca578c2b397002506,4,p4,4. Conspiratorial,'A crater': Pollster says Trump suffers 'objective measure' of 'failed presidency',success,0.204439,0.184529,0.757953,0.139132,0.270504,0.053864,0.338595,0.0,0.024485,0.03234,0.039457,0.001658
simulation_ui_20260918_000717_10_10_ssdd,10,10,SSDD,10 · SSDD,0b30ae6eaf7bab834a4906766ba2ecb2,1,p1,1. Investigative skeptic,Britain introduces “plug-in” solar panels for homes to tackle the energy crisis caused by the war in Iran,success,0.537361,0.537361,0.537361,1.0,0.367177,0.341595,0.43597,0.0,0.012671,0.019644,0.006291,0.012079
simulation_ui_20260918_000717_10_10_ssdd,10,10,SSDD,10 · SSDD,0b30ae6eaf7bab834a4906766ba2ecb2,2,p2,2. Investigative skeptic,Britain introduces “plug-in” solar panels for homes to tackle the energy crisis caused by the war in Iran,success,0.496312,0.133186,0.670547,1.0,0.25,0.341595,0.388046,0.0,0.013876,0.037462,0.002037,0.00213
simulation_ui_20260918_000717_10_10_ssdd,10,10,SSDD,10 · SSDD,0b30ae6eaf7bab834a4906766ba2ecb2,3,p3,3. Conspiratorial,Britain introduces “plug-in” solar panels for homes to tackle the energy crisis caused by the war in Iran,success,0.543952,0.163291,0.833838,1.0,0.493742,0.333333,0.34061,0.0,0.022161,0.046223,0.004889,0.01537
simulation_ui_20260918_000717_10_10_ssdd,10,10,SSDD,10 · SSDD,0b30ae6eaf7bab834a4906766ba2ecb2,4,p4,4. Conspiratorial,Britain introduces “plug-in” solar panels for homes to tackle the energy crisis caused by the war in Iran,success,0.314462,0.437956,1.271794,0.073886,0.297953,0.333333,0.528887,0.0,0.043007,0.072107,0.030655,0.02626
simulation_ui_20260918_000717_10_10_ssdd,10,10,SSDD,10 · SSDD,0c84c580588b0f1f5c9070df32dfc5a6,1,p1,1. Investigative skeptic,"$1,000 ‘Dog Tax Credit’? Americans eye big payout — don’t miss this April date",success,0.301554,0.301554,0.301554,0.145202,0.377436,0.348366,0.312264,0.0,0.040737,0.034155,0.067629,0.020428
simulation_ui_20260918_000717_10_10_ssdd,10,10,SSDD,10 · SSDD,0c84c580588b0f1f5c9070df32dfc5a6,2,p2,2. Investigative skeptic,"$1,000 ‘Dog Tax Credit’? Americans eye big payout — don’t miss this April date",success,0.36715,0.139337,0.440891,0.380776,0.472872,0.344776,0.24868,0.0,0.042104,0.052944,0.059985,0.013383
simulation_ui_20260918_000717_10_10_ssdd,10,10,SSDD,10 · SSDD,0c84c580588b0f1f5c9070df32dfc5a6,3,p3,3. Conspiratorial,"$1,000 ‘Dog Tax Credit’? Americans eye big payout — don’t miss this April date",success,0.353346,0.16544,0.606331,0.19682,0.507166,0.348366,0.338307,0.0,0.043547,0.067367,0.046716,0.016559
simulation_ui_20260918_000717_10_10_ssdd,10,10,SSDD,10 · SSDD,0c84c580588b0f1f5c9070df32dfc5a6,4,p4,4. Conspiratorial,"$1,000 ‘Dog Tax Credit’? Americans eye big payout — don’t miss this April date",success,0.342744,0.220411,0.826742,0.150706,0.439229,0.348366,0.413956,0.0,0.035352,0.045876,0.048186,0.011995
simulation_ui_20260918_000717_10_10_ssdd,10,10,SSDD,10 · SSDD,0ccfe99f5612d8b22298e5942170415d,1,p1,1. Investigative skeptic,Cambria Tax Aware ETF (NASDAQ:TAX) Short Interest Down 67.0% in March,success,0.176702,0.176702,0.176702,0.0,0.107108,0.0,0.580274,0.0,0.029323,0.047498,0.013781,0.02669
simulation_ui_20260918_000717_10_10_ssdd,10,10,SSDD,10 · SSDD,0ccfe99f5612d8b22298e5942170415d,2,p2,2. Investigative skeptic,Cambria Tax Aware ETF (NASDAQ:TAX) Short Interest Down 67.0% in March,success,0.259499,0.130329,0.307031,0.031717,0.192077,0.197901,0.60344,0.0,0.021618,0.026039,0.018448,0.020367
simulation_ui_20260918_000717_10_10_ssdd,10,10,SSDD,10 · SSDD,0ccfe99f5612d8b22298e5942170415d,3,p3,3. Conspiratorial,Cambria Tax Aware ETF (NASDAQ:TAX) Short Interest Down 67.0% in March,success,0.20256,0.09517,0.402201,0.047328,0.153485,0.0,0.604193,0.0,0.00819,0.010517,0.009592,0.004462
simulation_ui_20260918_000717_10_10_ssdd,10,10,SSDD,10 · SSDD,0ccfe99f5612d8b22298e5942170415d,4,p4,4. Conspiratorial,Cambria Tax Aware ETF (NASDAQ:TAX) Short Interest Down 67.0% in March,success,0.233479,0.257279,0.65948,0.047328,0.153633,0.333333,0.397909,0.0,0.002794,8.3e-05,0.002153,0.006146
simulation_ui_20260918_000717_10_10_ssdd,10,10,SSDD,10 · SSDD,11c9275c35fecd97efe0ba12a17b00da,1,p1,1. Investigative skeptic,CPA questions legal basis of GACL takeover of McDan Jet Terminal,success,0.282795,0.282795,0.282795,0.156835,0.354839,0.333333,0.279008,0.0,0.012458,0.023191,0.000675,0.013509
simulation_ui_20260918_000717_10_10_ssdd,10,10,SSDD,10 · SSDD,11c9275c35fecd97efe0ba12a17b00da,2,p2,2. Investigative skeptic,CPA questions legal basis of GACL takeover of McDan Jet Terminal,success,0.117782,0.237745,0.52054,0.141385,0.091876,0.0,0.229052,0.0,0.012458,0.023191,0.000675,0.013509
simulation_ui_20260918_000717_10_10_ssdd,10,10,SSDD,10 · SSDD,11c9275c35fecd97efe0ba12a17b00da,3,p3,3. Conspiratorial,CPA questions legal basis of GACL takeover of McDan Jet Terminal,success,0.230014,0.139427,0.659967,0.160616,0.52174,0.0,0.229951,0.0,0.012546,0.016931,0.006061,0.014647
simulation_ui_20260918_000717_10_10_ssdd,10,10,SSDD,10 · SSDD,11c9275c35fecd97efe0ba12a17b00da,4,p4,4. Conspiratorial,CPA questions legal basis of GACL takeover of McDan Jet Terminal,success,0.183531,0.090225,0.750192,0.17646,0.318907,0.0,0.23054,0.0,0.012546,0.016931,0.006061,0.014647
simulation_ui_20260918_000717_10_10_ssdd,10,10,SSDD,10 · SSDD,11fde5af588f2d6f6a0c145a6d089324,1,p1,1. Investigative skeptic,"BSNL Posts ₹5,000 Crore Profit After 18 Years, Scindia Signals ₹10,000 Crore Target & India Post IPO Plans",success,0.255822,0.255822,0.255822,0.343569,0.326509,0.25,0.081253,0.0,0.036614,0.057484,0.022828,0.029531
simulation_ui_20260918_000717_10_10_ssdd,10,10,SSDD,10 · SSDD,11fde5af588f2d6f6a0c145a6d089324,2,p2,2. Investigative skeptic,"BSNL Posts ₹5,000 Crore Profit After 18 Years, Scindia Signals ₹10,000 Crore Target & India Post IPO Plans",success,0.298954,0.068722,0.324544,0.400382,0.326509,0.25,0.188745,0.0,0.053236,0.075695,0.063669,0.020344
simulation_ui_20260918_000717_10_10_ssdd,10,10,SSDD,10 · SSDD,11fde5af588f2d6f6a0c145a6d089324,3,p3,3. Conspiratorial,"BSNL Posts ₹5,000 Crore Profit After 18 Years, Scindia Signals ₹10,000 Crore Target & India Post IPO Plans",success,0.275899,0.187931,0.512475,0.328222,0.533299,0.0,0.213064,0.0,0.049585,0.074318,0.044157,0.030281
simulation_ui_20260918_000717_10_10_ssdd,10,10,SSDD,10 · SSDD,11fde5af588f2d6f6a0c145a6d089324,4,p4,4. Conspiratorial,"BSNL Posts ₹5,000 Crore Profit After 18 Years, Scindia Signals ₹10,000 Crore Target & India Post IPO Plans",success,0.291731,0.228895,0.74137,0.31098,0.356577,0.25,0.222947,0.0,0.046194,0.067195,0.044647,0.026739
simulation_ui_20260918_000717_10_10_ssdd,10,10,SSDD,10 · SSDD,17cd8c3587799d6f5551faf3e5895209,1,p1,1. Investigative skeptic,"Credit Union of Colorado Foundation invests $50,000 in community college scholarships",success,0.129567,0.129567,0.129567,0.006451,0.496339,0.0,0.014267,0.0,0.001738,0.001829,0.00082,0.002566
simulation_ui_20260918_000717_10_10_ssdd,10,10,SSDD,10 · SSDD,17cd8c3587799d6f5551faf3e5895209,2,p2,2. Investigative skeptic,"Credit Union of Colorado Foundation invests $50,000 in community college scholarships",success,0.239478,0.114269,0.243836,0.075508,0.499521,0.333333,0.041284,0.0,0.013551,0.014765,0.018573,0.007315
simulation_ui_20260918_000717_10_10_ssdd,10,10,SSDD,10 · SSDD,17cd8c3587799d6f5551faf3e5895209,3,p3,3. Conspiratorial,"Credit Union of Colorado Foundation invests $50,000 in community college scholarships",success,0.127701,0.209972,0.453808,0.006451,0.396445,0.0,0.099107,0.0,0.012578,0.008872,0.013495,0.015368
simulation_ui_20260918_000717_10_10_ssdd,10,10,SSDD,10 · SSDD,17cd8c3587799d6f5551faf3e5895209,4,p4,4. Conspiratorial,"Credit Union of Colorado Foundation invests $50,000 in community college scholarships",success,0.232742,0.138565,0.592373,0.0,0.383557,0.333333,0.204998,0.0,0.014751,0.000187,0.02719,0.016875
simulation_ui_20260918_000717_10_10_ssdd,10,10,SSDD,10 · SSDD,1e83ba34429a85f3fbafdb5671e23f1d,1,p1,1. Investigative skeptic,Delhi PWD Accelerates PNG Pipeline Laying with 24-Hour Approvals,success,0.126163,0.126163,0.126163,0.075413,0.220379,0.0,0.197382,0.0,0.016366,0.0295,0.010647,0.008952
simulation_ui_20260918_000717_10_10_ssdd,10,10,SSDD,10 · SSDD,1e83ba34429a85f3fbafdb5671e23f1d,2,p2,2. Investigative skeptic,Delhi PWD Accelerates PNG Pipeline Laying with 24-Hour Approvals,success,0.217967,0.189609,0.315772,0.169426,0.412797,0.0,0.277289,0.0,0.019669,0.031583,0.012427,0.014997
simulation_ui_20260918_000717_10_10_ssdd,10,10,SSDD,10 · SSDD,1e83ba34429a85f3fbafdb5671e23f1d,3,p3,3. Conspiratorial,Delhi PWD Accelerates PNG Pipeline Laying with 24-Hour Approvals,success,0.229267,0.137456,0.453228,0.188128,0.468605,0.0,0.244476,0.0,0.025592,0.040015,0.008555,0.028206
simulation_ui_20260918_000717_10_10_ssdd,10,10,SSDD,10 · SSDD,1e83ba34429a85f3fbafdb5671e23f1d,4,p4,4. Conspiratorial,Delhi PWD Accelerates PNG Pipeline Laying with 24-Hour Approvals,success,0.304999,0.203293,0.656521,0.230409,0.475175,0.228138,0.273899,0.0,0.022156,0.039711,0.003047,0.02371
simulation_ui_20260918_000717_10_10_ssdd,10,10,SSDD,10 · SSDD,1eb77463838b3d1f2ea74f8bfa272767,1,p1,1. Investigative skeptic,Afghanistan urges regional water cooperation at Tashkent Forum,success,0.392463,0.392463,0.392463,1.0,0.309355,0.25,0.009676,0.0,0.001687,0.001493,0.0025,0.001068
simulation_ui_20260918_000717_10_10_ssdd,10,10,SSDD,10 · SSDD,1eb77463838b3d1f2ea74f8bfa272767,2,p2,2. Investigative skeptic,Afghanistan urges regional water cooperation at Tashkent Forum,success,0.244631,0.474493,0.866956,0.114997,0.25,0.213052,0.395635,0.0,0.007997,0.003194,0.006664,0.014134
simulation_ui_20260918_000717_10_10_ssdd,10,10,SSDD,10 · SSDD,1eb77463838b3d1f2ea74f8bfa272767,3,p3,3. Conspiratorial,Afghanistan urges regional water cooperation at Tashkent Forum,success,0.282679,0.113589,0.980545,0.114997,0.380851,0.286025,0.343248,0.0,0.00973,0.020011,0.005139,0.00404
simulation_ui_20260918_000717_10_10_ssdd,10,10,SSDD,10 · SSDD,1eb77463838b3d1f2ea74f8bfa272767,4,p4,4. Conspiratorial,Afghanistan urges regional water cooperation at Tashkent Forum,success,0.242062,0.166306,1.146851,0.114997,0.174468,0.316895,0.356713,0.0,0.008518,0.018901,0.00331,0.003343
simulation_ui_20260918_000717_10_10_ssdd,10,10,SSDD,10 · SSDD,20df5253ec5e5a2623c8823c2b38083b,1,p1,1. Investigative skeptic,Contango ORE (NYSEAMERICAN:CTGO) Now Covered by Analysts at Canaccord Genuity Group,success,0.300843,0.300843,0.300843,0.064315,0.226573,0.5,0.405642,0.0,0.012205,1.7e-05,0.019125,0.017472
simulation_ui_20260918_000717_10_10_ssdd,10,10,SSDD,10 · SSDD,20df5253ec5e5a2623c8823c2b38083b,2,p2,2. Investigative skeptic,Contango ORE (NYSEAMERICAN:CTGO) Now Covered by Analysts at Canaccord Genuity Group,success,0.284858,0.108379,0.409222,0.064315,0.343964,0.333333,0.38855,0.0,0.016152,0.010957,0.019458,0.01804
simulation_ui_20260918_000717_10_10_ssdd,10,10,SSDD,10 · SSDD,20df5253ec5e5a2623c8823c2b38083b,3,p3,3. Conspiratorial,Contango ORE (NYSEAMERICAN:CTGO) Now Covered by Analysts at Canaccord Genuity Group,success,0.313457,0.229842,0.639064,0.04194,0.481446,0.333333,0.386826,0.0,0.018652,0.024657,0.016256,0.015042
simulation_ui_20260918_000717_10_10_ssdd,10,10,SSDD,10 · SSDD,20df5253ec5e5a2623c8823c2b38083b,4,p4,4. Conspiratorial,Contango ORE (NYSEAMERICAN:CTGO) Now Covered by Analysts at Canaccord Genuity Group,success,0.326039,0.211352,0.850416,0.066512,0.507973,0.333333,0.38855,0.0,0.014406,0.016486,0.011705,0.015028
simulation_ui_20260918_000717_10_10_ssdd,10,10,SSDD,10 · SSDD,285f86ba6e2a489c2d4a3ab84f18a6a4,1,p1,1. Investigative skeptic,Company Banned from Marketing Business Opportunities to Settle FTC Charges it Misled Consumers About Earnings Potential,success,0.190064,0.190064,0.190064,0.148745,0.281205,0.0,0.317767,0.0,0.019275,0.033868,0.012725,0.011233
simulation_ui_20260918_000717_10_10_ssdd,10,10,SSDD,10 · SSDD,285f86ba6e2a489c2d4a3ab84f18a6a4,2,p2,2. Investigative skeptic,Company Banned from Marketing Business Opportunities to Settle FTC Charges it Misled Consumers About Earnings Potential,success,0.149781,0.198269,0.388333,0.048917,0.163556,0.166667,0.209882,0.0,0.014807,0.023127,0.012703,0.00859
simulation_ui_20260918_000717_10_10_ssdd,10,10,SSDD,10 · SSDD,285f86ba6e2a489c2d4a3ab84f18a6a4,3,p3,3. Conspiratorial,Company Banned from Marketing Business Opportunities to Settle FTC Charges it Misled Consumers About Earnings Potential,success,0.460285,0.419417,0.80775,1.0,0.290774,0.166667,0.377419,0.0,0.014501,0.012047,0.021331,0.010125
simulation_ui_20260918_000717_10_10_ssdd,10,10,SSDD,10 · SSDD,285f86ba6e2a489c2d4a3ab84f18a6a4,4,p4,4. Conspiratorial,Company Banned from Marketing Business Opportunities to Settle FTC Charges it Misled Consumers About Earnings Potential,success,0.389271,0.46152,1.26927,1.0,0.302964,0.0,0.248059,0.0,0.012377,0.00296,0.024031,0.010139
simulation_ui_20260918_000717_10_10_ssdd,10,10,SSDD,10 · SSDD,3343849e4bfdca882e24cd916fa75ec6,1,p1,1. Investigative skeptic,ASMALLWORLD Introduces New Marriott Bonvoy® Benefit for Members,success,0.156794,0.156794,0.156794,0.073371,0.0449,0.5,0.005157,0.0,0.005549,0.001854,0.011926,0.002867
simulation_ui_20260918_000717_10_10_ssdd,10,10,SSDD,10 · SSDD,3343849e4bfdca882e24cd916fa75ec6,2,p2,2. Investigative skeptic,ASMALLWORLD Introduces New Marriott Bonvoy® Benefit for Members,success,0.15662,0.282209,0.439003,0.05873,0.194591,0.0,0.366847,0.0,0.009336,0.009842,0.014207,0.003958
simulation_ui_20260918_000717_10_10_ssdd,10,10,SSDD,10 · SSDD,3343849e4bfdca882e24cd916fa75ec6,3,p3,3. Conspiratorial,ASMALLWORLD Introduces New Marriott Bonvoy® Benefit for Members,success,0.162013,0.259441,0.698444,0.05873,0.0449,0.5,0.040636,0.0,0.005644,0.007217,0.00929,0.000424
simulation_ui_20260918_000717_10_10_ssdd,10,10,SSDD,10 · SSDD,3343849e4bfdca882e24cd916fa75ec6,4,p4,4. Conspiratorial,ASMALLWORLD Introduces New Marriott Bonvoy® Benefit for Members,success,0.094671,0.136672,0.835116,0.038688,0.077545,0.25,0.00947,0.0,0.004111,0.010969,0.001069,0.000295
simulation_ui_20260918_000717_10_10_ssdd,10,10,SSDD,10 · SSDD,3e908966e0393a684386f1e186c5c6e3,1,p1,1. Investigative skeptic,CAAS defers sustainable aviation fuel levy,success,0.210245,0.210245,0.210245,0.034925,0.028904,0.368439,0.396388,0.0,0.019433,0.03218,0.003174,0.022946
simulation_ui_20260918_000717_10_10_ssdd,10,10,SSDD,10 · SSDD,3e908966e0393a684386f1e186c5c6e3,2,p2,2. Investigative skeptic,CAAS defers sustainable aviation fuel levy,success,0.273421,0.17279,0.383035,0.0,0.309868,0.404207,0.370417,0.0,0.015766,0.013967,0.001305,0.032025
simulation_ui_20260918_000717_10_10_ssdd,10,10,SSDD,10 · SSDD,3e908966e0393a684386f1e186c5c6e3,3,p3,3. Conspiratorial,CAAS defers sustainable aviation fuel levy,success,0.309124,0.156618,0.539653,0.213766,0.271678,0.368439,0.370607,0.0,0.021631,0.024457,0.00731,0.033125
simulation_ui_20260918_000717_10_10_ssdd,10,10,SSDD,10 · SSDD,3e908966e0393a684386f1e186c5c6e3,4,p4,4. Conspiratorial,CAAS defers sustainable aviation fuel levy,success,0.263643,0.131318,0.670971,0.0,0.271678,0.41889,0.355841,0.0,0.013818,0.014132,0.001074,0.026247
simulation_ui_20260918_000717_10_10_ssdd,10,10,SSDD,10 · SSDD,4284601d27a88508e23bb7ecf1e26740,1,p1,1. Investigative skeptic,Blackbaud Opens Registration for bbcon 2026 to Rally Social Impact Sector Around AI Innovation,success,0.367843,0.367843,0.367843,1.0,0.100621,0.0,0.366279,0.0,0.008824,0.007552,0.017142,0.001778
simulation_ui_20260918_000717_10_10_ssdd,10,10,SSDD,10 · SSDD,4284601d27a88508e23bb7ecf1e26740,2,p2,2. Investigative skeptic,Blackbaud Opens Registration for bbcon 2026 to Rally Social Impact Sector Around AI Innovation,success,0.105997,0.292151,0.659994,0.0,0.100621,0.0,0.316249,0.0,0.009933,0.010887,0.017134,0.001777
simulation_ui_20260918_000717_10_10_ssdd,10,10,SSDD,10 · SSDD,4284601d27a88508e23bb7ecf1e26740,3,p3,3. Conspiratorial,Blackbaud Opens Registration for bbcon 2026 to Rally Social Impact Sector Around AI Innovation,success,0.335863,0.339157,0.999151,1.0,0.0,0.0,0.338303,0.0,0.009671,0.012318,0.016094,0.000602
simulation_ui_20260918_000717_10_10_ssdd,10,10,SSDD,10 · SSDD,4284601d27a88508e23bb7ecf1e26740,4,p4,4. Conspiratorial,Blackbaud Opens Registration for bbcon 2026 to Rally Social Impact Sector Around AI Innovation,success,0.117869,0.27583,1.274981,0.02668,0.100621,0.0,0.338303,0.0,0.008307,0.003292,0.018972,0.002658
simulation_ui_20260918_000717_10_10_ssdd,10,10,SSDD,10 · SSDD,43b305aebbf654fd9464eb6d39cf900b,1,p1,1. Investigative skeptic,CS Atal Dulloo Reviews Progress Of Tawi Artificial Lake And Riverfront Development Projects,success,0.090605,0.090605,0.090605,0.00966,0.077978,0.031792,0.235307,0.0,0.010541,0.003011,0.026263,0.002349
simulation_ui_20260918_000717_10_10_ssdd,10,10,SSDD,10 · SSDD,43b305aebbf654fd9464eb6d39cf900b,2,p2,2. Investigative skeptic,CS Atal Dulloo Reviews Progress Of Tawi Artificial Lake And Riverfront Development Projects,success,0.114904,0.118001,0.208606,0.006769,0.112212,0.0,0.336759,0.0,0.005469,0.005675,0.007519,0.003212
simulation_ui_20260918_000717_10_10_ssdd,10,10,SSDD,10 · SSDD,43b305aebbf654fd9464eb6d39cf900b,3,p3,3. Conspiratorial,CS Atal Dulloo Reviews Progress Of Tawi Artificial Lake And Riverfront Development Projects,success,0.115938,0.032977,0.241583,0.00966,0.112212,0.031792,0.303789,0.0,0.008889,0.005199,0.016935,0.004532
simulation_ui_20260918_000717_10_10_ssdd,10,10,SSDD,10 · SSDD,43b305aebbf654fd9464eb6d39cf900b,4,p4,4. Conspiratorial,CS Atal Dulloo Reviews Progress Of Tawi Artificial Lake And Riverfront Development Projects,success,0.174607,0.104328,0.345911,0.00966,0.098135,0.224998,0.361239,0.0,0.006648,0.00092,0.012707,0.006318
simulation_ui_20260918_000717_10_10_ssdd,10,10,SSDD,10 · SSDD,43d218dc30bd89b0c4da158243e74603,1,p1,1. Investigative skeptic,Amesite Executes Trading Partner Agreement Enabling Secure Connectivity with Leading Homecare Technology Platform,success,0.166177,0.166177,0.166177,0.360781,0.127336,0.158179,0.003611,0.0,0.02209,0.019206,0.02281,0.024254
simulation_ui_20260918_000717_10_10_ssdd,10,10,SSDD,10 · SSDD,43d218dc30bd89b0c4da158243e74603,2,p2,2. Investigative skeptic,Amesite Executes Trading Partner Agreement Enabling Secure Connectivity with Leading Homecare Technology Platform,success,0.177457,0.234084,0.400261,0.069129,0.026462,0.400358,0.196087,0.0,0.026893,0.035685,0.010821,0.034174
simulation_ui_20260918_000717_10_10_ssdd,10,10,SSDD,10 · SSDD,43d218dc30bd89b0c4da158243e74603,3,p3,3. Conspiratorial,Amesite Executes Trading Partner Agreement Enabling Secure Connectivity with Leading Homecare Technology Platform,success,0.174317,0.256326,0.656587,0.080875,0.281472,0.239037,0.086326,0.0,0.014429,0.009198,0.006223,0.027866
simulation_ui_20260918_000717_10_10_ssdd,10,10,SSDD,10 · SSDD,43d218dc30bd89b0c4da158243e74603,4,p4,4. Conspiratorial,Amesite Executes Trading Partner Agreement Enabling Secure Connectivity with Leading Homecare Technology Platform,success,0.351757,0.266881,0.923468,0.324935,0.281472,0.445915,0.341561,0.0,0.025221,0.021474,0.021079,0.03311
simulation_ui_20260918_000717_10_10_ssdd,10,10,SSDD,10 · SSDD,45a67f6f54cd92c32163be9459300052,1,p1,1. Investigative skeptic,"Bitcoin Miners, Now AI Compute Leaders, Face Profitability Concerns",success,0.236337,0.236337,0.236337,0.063702,0.361616,0.5,0.010794,0.0,0.015071,0.026566,0.009331,0.009315
simulation_ui_20260918_000717_10_10_ssdd,10,10,SSDD,10 · SSDD,45a67f6f54cd92c32163be9459300052,2,p2,2. Investigative skeptic,"Bitcoin Miners, Now AI Compute Leaders, Face Profitability Concerns",success,0.20117,0.15087,0.387207,0.063702,0.291739,0.333333,0.105652,0.0,0.015992,0.034824,0.00792,0.005231
simulation_ui_20260918_000717_10_10_ssdd,10,10,SSDD,10 · SSDD,45a67f6f54cd92c32163be9459300052,3,p3,3. Conspiratorial,"Bitcoin Miners, Now AI Compute Leaders, Face Profitability Concerns",success,0.265435,0.142918,0.530125,0.066188,0.502663,0.333333,0.152031,0.0,0.012775,0.026771,0.011043,0.000512
simulation_ui_20260918_000717_10_10_ssdd,10,10,SSDD,10 · SSDD,45a67f6f54cd92c32163be9459300052,4,p4,4. Conspiratorial,"Bitcoin Miners, Now AI Compute Leaders, Face Profitability Concerns",success,0.346765,0.172787,0.702912,0.086126,0.527932,0.333333,0.434688,0.0,0.00951,0.01859,0.00489,0.005051
simulation_ui_20260918_000717_10_10_ssdd,10,10,SSDD,10 · SSDD,48375acfba2ffc7f64822005eaab01e9,1,p1,1. Investigative skeptic,"Capitan Silver Commences Trading on the OTCQX Market Under Symbol ""CAPTF""",success,0.153316,0.153316,0.153316,0.0,0.322602,0.25,0.012866,0.0,0.0407,0.083334,0.02322,0.015546
simulation_ui_20260918_000717_10_10_ssdd,10,10,SSDD,10 · SSDD,48375acfba2ffc7f64822005eaab01e9,2,p2,2. Investigative skeptic,"Capitan Silver Commences Trading on the OTCQX Market Under Symbol ""CAPTF""",success,0.083435,0.114514,0.26783,0.0,0.26537,0.0,0.044027,0.0,0.032982,0.076934,0.014032,0.007979
simulation_ui_20260918_000717_10_10_ssdd,10,10,SSDD,10 · SSDD,48375acfba2ffc7f64822005eaab01e9,3,p3,3. Conspiratorial,"Capitan Silver Commences Trading on the OTCQX Market Under Symbol ""CAPTF""",success,0.315659,0.295552,0.563382,0.156403,0.465289,0.25,0.362685,0.0,0.051089,0.086463,0.037312,0.029491
simulation_ui_20260918_000717_10_10_ssdd,10,10,SSDD,10 · SSDD,48375acfba2ffc7f64822005eaab01e9,4,p4,4. Conspiratorial,"Capitan Silver Commences Trading on the OTCQX Market Under Symbol ""CAPTF""",success,0.228376,0.180654,0.744036,0.159512,0.42742,0.25,0.044027,0.0,0.052169,0.090252,0.040051,0.026203
simulation_ui_20260918_000717_10_10_ssdd,10,10,SSDD,10 · SSDD,4980763ccff9b986f6829df1e9489341,1,p1,1. Investigative skeptic,Cabana Target Drawdown 7 ETF (NASDAQ:TDSB) Short Interest Down 96.6% in March,success,0.204077,0.204077,0.204077,0.0,0.291287,0.0,0.517349,0.0,0.012021,0.018421,0.008516,0.009126
simulation_ui_20260918_000717_10_10_ssdd,10,10,SSDD,10 · SSDD,4980763ccff9b986f6829df1e9489341,2,p2,2. Investigative skeptic,Cabana Target Drawdown 7 ETF (NASDAQ:TDSB) Short Interest Down 96.6% in March,success,0.261592,0.241786,0.445863,0.012326,0.777897,0.0,0.246715,0.0,0.015912,0.026228,0.011182,0.010326
simulation_ui_20260918_000717_10_10_ssdd,10,10,SSDD,10 · SSDD,4980763ccff9b986f6829df1e9489341,3,p3,3. Conspiratorial,Cabana Target Drawdown 7 ETF (NASDAQ:TDSB) Short Interest Down 96.6% in March,success,0.167087,0.199003,0.644866,0.035238,0.491715,0.0,0.12874,0.0,0.018918,0.02572,0.021141,0.009892
simulation_ui_20260918_000717_10_10_ssdd,10,10,SSDD,10 · SSDD,4980763ccff9b986f6829df1e9489341,4,p4,4. Conspiratorial,Cabana Target Drawdown 7 ETF (NASDAQ:TDSB) Short Interest Down 96.6% in March,success,0.333343,0.248987,0.893853,0.047441,0.797367,0.0,0.482682,0.0,0.011005,0.015941,0.015192,0.001881
simulation_ui_20260918_000717_10_10_ssdd,10,10,SSDD,10 · SSDD,4ac6395408a9caf70c7d2ffc4ca362c7,1,p1,1. Investigative skeptic,Continuing Unemployment Claims Dip to Nearly 2-Year Low,success,0.312662,0.312662,0.312662,0.179347,0.19869,0.333333,0.530064,0.0,0.016699,0.012233,0.018188,0.019675
simulation_ui_20260918_000717_10_10_ssdd,10,10,SSDD,10 · SSDD,4ac6395408a9caf70c7d2ffc4ca362c7,2,p2,2. Investigative skeptic,Continuing Unemployment Claims Dip to Nearly 2-Year Low,success,0.388257,0.252625,0.565287,0.384779,0.342136,0.333333,0.484462,0.0,0.016941,0.005454,0.031295,0.014074
simulation_ui_20260918_000717_10_10_ssdd,10,10,SSDD,10 · SSDD,4ac6395408a9caf70c7d2ffc4ca362c7,3,p3,3. Conspiratorial,Continuing Unemployment Claims Dip to Nearly 2-Year Low,success,0.334524,0.186368,0.751655,0.384779,0.342136,0.0,0.604058,0.0,0.013345,0.002538,0.018381,0.019117
simulation_ui_20260918_000717_10_10_ssdd,10,10,SSDD,10 · SSDD,4ac6395408a9caf70c7d2ffc4ca362c7,4,p4,4. Conspiratorial,Continuing Unemployment Claims Dip to Nearly 2-Year Low,success,0.381164,0.157582,0.909237,0.384779,0.342136,0.333333,0.457048,0.0,0.01482,0.015648,0.018615,0.010196
simulation_ui_20260918_000717_10_10_ssdd,10,10,SSDD,10 · SSDD,59a0fb71f66cefb61fc91c97affb1dbe,1,p1,1. Investigative skeptic,"Bank of Montreal targets 15% return on equity on wealth, US businesses growth",success,0.046184,0.046184,0.046184,0.013475,0.118279,0.0,0.040362,0.0,0.016484,0.016004,0.014753,0.018696
simulation_ui_20260918_000717_10_10_ssdd,10,10,SSDD,10 · SSDD,59a0fb71f66cefb61fc91c97affb1dbe,2,p2,2. Investigative skeptic,"Bank of Montreal targets 15% return on equity on wealth, US businesses growth",success,0.047422,0.024659,0.070843,0.030802,0.086015,0.003711,0.060289,0.0,0.011616,0.018625,0.002529,0.013695
simulation_ui_20260918_000717_10_10_ssdd,10,10,SSDD,10 · SSDD,59a0fb71f66cefb61fc91c97affb1dbe,3,p3,3. Conspiratorial,"Bank of Montreal targets 15% return on equity on wealth, US businesses growth",success,0.124602,0.113583,0.184426,0.147879,0.262515,0.003711,0.060289,0.0,0.034057,0.055997,0.008062,0.038111
simulation_ui_20260918_000717_10_10_ssdd,10,10,SSDD,10 · SSDD,59a0fb71f66cefb61fc91c97affb1dbe,4,p4,4. Conspiratorial,"Bank of Montreal targets 15% return on equity on wealth, US businesses growth",success,0.128656,0.109359,0.293785,0.048472,0.368308,0.016049,0.060289,0.0,0.03066,0.054208,0.013063,0.02471
simulation_ui_20260918_000717_10_10_ssdd,10,10,SSDD,10 · SSDD,6282ee092c7147c978409e71f0096515,1,p1,1. Investigative skeptic,Backdoor bet. How federal regulators are sidestepping Alabama: op-ed,success,0.215393,0.215393,0.215393,0.284178,0.078882,0.25,0.230638,0.0,0.028316,0.012491,0.041877,0.030579
simulation_ui_20260918_000717_10_10_ssdd,10,10,SSDD,10 · SSDD,6282ee092c7147c978409e71f0096515,2,p2,2. Investigative skeptic,Backdoor bet. How federal regulators are sidestepping Alabama: op-ed,success,0.221043,0.217639,0.433032,0.203484,0.255647,0.101833,0.305397,0.0,0.028417,0.002151,0.043718,0.039381
simulation_ui_20260918_000717_10_10_ssdd,10,10,SSDD,10 · SSDD,6282ee092c7147c978409e71f0096515,3,p3,3. Conspiratorial,Backdoor bet. How federal regulators are sidestepping Alabama: op-ed,success,0.196057,0.158336,0.591368,0.078658,0.197976,0.101833,0.386865,0.0,0.029206,0.014134,0.033967,0.039516
simulation_ui_20260918_000717_10_10_ssdd,10,10,SSDD,10 · SSDD,6282ee092c7147c978409e71f0096515,4,p4,4. Conspiratorial,Backdoor bet. How federal regulators are sidestepping Alabama: op-ed,success,0.245661,0.214454,0.805822,0.085528,0.322389,0.326375,0.227754,0.0,0.033902,0.012036,0.043893,0.045778
simulation_ui_20260918_000717_10_10_ssdd,10,10,SSDD,10 · SSDD,6296ce617808e446ef3e272b65cb5b46,1,p1,1. Investigative skeptic,Apple Adds New Partners to Expand Its U.S. Supply Chain,success,0.049882,0.049882,0.049882,0.0,0.0,0.142857,0.051144,0.0,0.007261,0.001331,0.020199,0.000253
simulation_ui_20260918_000717_10_10_ssdd,10,10,SSDD,10 · SSDD,6296ce617808e446ef3e272b65cb5b46,2,p2,2. Investigative skeptic,Apple Adds New Partners to Expand Its U.S. Supply Chain,success,0.081251,0.031474,0.081356,0.0,0.121001,0.142857,0.051144,0.0,0.013569,0.012733,0.026235,0.00174
simulation_ui_20260918_000717_10_10_ssdd,10,10,SSDD,10 · SSDD,6296ce617808e446ef3e272b65cb5b46,3,p3,3. Conspiratorial,Apple Adds New Partners to Expand Its U.S. Supply Chain,success,0.10998,0.134486,0.215842,0.0,0.369726,0.0,0.054669,0.0,0.021709,0.026107,0.037306,0.001714
simulation_ui_20260918_000717_10_10_ssdd,10,10,SSDD,10 · SSDD,6296ce617808e446ef3e272b65cb5b46,4,p4,4. Conspiratorial,Apple Adds New Partners to Expand Its U.S. Supply Chain,success,0.158175,0.095257,0.311099,0.0,0.332738,0.142857,0.143593,0.0,0.019984,0.023197,0.029766,0.006988
simulation_ui_20260918_000717_10_10_ssdd,10,10,SSDD,10 · SSDD,64aefc05d7d6e883d857202942daa279,1,p1,1. Investigative skeptic,Competition Commission clears merger of Udemy with Coursera's arm,success,0.194393,0.194393,0.194393,0.0,0.301347,0.333333,0.129588,0.0,0.020555,0.005629,0.032427,0.023609
simulation_ui_20260918_000717_10_10_ssdd,10,10,SSDD,10 · SSDD,64aefc05d7d6e883d857202942daa279,2,p2,2. Investigative skeptic,Competition Commission clears merger of Udemy with Coursera's arm,success,0.257472,0.160704,0.355097,0.0,0.270815,0.333333,0.410096,0.0,0.0262,0.015519,0.038306,0.024775
simulation_ui_20260918_000717_10_10_ssdd,10,10,SSDD,10 · SSDD,64aefc05d7d6e883d857202942daa279,3,p3,3. Conspiratorial,Competition Commission clears merger of Udemy with Coursera's arm,success,0.239136,0.160884,0.515981,0.0,0.25,0.333333,0.357526,0.0,0.025637,0.037962,0.007964,0.030986
simulation_ui_20260918_000717_10_10_ssdd,10,10,SSDD,10 · SSDD,64aefc05d7d6e883d857202942daa279,4,p4,4. Conspiratorial,Competition Commission clears merger of Udemy with Coursera's arm,success,0.258217,0.084979,0.60096,0.0,0.25,0.333333,0.438428,0.0,0.018645,0.02063,0.004543,0.030762
simulation_ui_20260918_000717_10_10_ssdd,10,10,SSDD,10 · SSDD,675d6df42ab1fa2c25fcb6c96a0801ba,1,p1,1. Investigative skeptic,"Cohen & Steers Infrastructure Fund, Inc (NYSE:UTF) Plans $0.17 Monthly Dividend",success,0.179434,0.179434,0.179434,0.05859,0.384817,0.0,0.267877,0.0,0.009812,0.015843,0.004073,0.009521
simulation_ui_20260918_000717_10_10_ssdd,10,10,SSDD,10 · SSDD,675d6df42ab1fa2c25fcb6c96a0801ba,2,p2,2. Investigative skeptic,"Cohen & Steers Infrastructure Fund, Inc (NYSE:UTF) Plans $0.17 Monthly Dividend",success,0.179913,0.002602,0.182036,0.058064,0.384817,0.0,0.267877,0.0,0.01352,0.020645,0.006547,0.013367
simulation_ui_20260918_000717_10_10_ssdd,10,10,SSDD,10 · SSDD,675d6df42ab1fa2c25fcb6c96a0801ba,3,p3,3. Conspiratorial,"Cohen & Steers Infrastructure Fund, Inc (NYSE:UTF) Plans $0.17 Monthly Dividend",success,0.23332,0.205171,0.387207,0.05859,0.333333,0.106612,0.421855,0.0,0.020928,0.034902,0.000452,0.027431
simulation_ui_20260918_000717_10_10_ssdd,10,10,SSDD,10 · SSDD,675d6df42ab1fa2c25fcb6c96a0801ba,4,p4,4. Conspiratorial,"Cohen & Steers Infrastructure Fund, Inc (NYSE:UTF) Plans $0.17 Monthly Dividend",success,0.248683,0.078218,0.465425,0.058064,0.404065,0.106612,0.411937,0.0,0.023272,0.033588,0.010694,0.025533
simulation_ui_20260918_000717_10_10_ssdd,10,10,SSDD,10 · SSDD,73939fe081f6d0ef3ed498b2dd7f4039,1,p1,1. Investigative skeptic,Coastal Electric plans rate increase,success,0.250968,0.250968,0.250968,0.0,0.375051,0.5,0.116809,0.0,0.019966,0.012415,0.03236,0.015123
simulation_ui_20260918_000717_10_10_ssdd,10,10,SSDD,10 · SSDD,73939fe081f6d0ef3ed498b2dd7f4039,2,p2,2. Investigative skeptic,Coastal Electric plans rate increase,success,0.165335,0.123176,0.374144,0.010853,0.107466,0.5,0.040277,0.0,0.004104,0.003192,0.00727,0.001851
simulation_ui_20260918_000717_10_10_ssdd,10,10,SSDD,10 · SSDD,73939fe081f6d0ef3ed498b2dd7f4039,3,p3,3. Conspiratorial,Coastal Electric plans rate increase,success,0.22725,0.098466,0.47261,0.03966,0.245343,0.5,0.121546,0.0,0.00396,0.000892,0.001435,0.009552
simulation_ui_20260918_000717_10_10_ssdd,10,10,SSDD,10 · SSDD,73939fe081f6d0ef3ed498b2dd7f4039,4,p4,4. Conspiratorial,Coastal Electric plans rate increase,success,0.16741,0.064815,0.537425,0.010853,0.041717,0.5,0.112823,0.0,0.006368,0.002772,0.008181,0.008152
simulation_ui_20260918_000717_10_10_ssdd,10,10,SSDD,10 · SSDD,764d938e82fccdeec46aa43984936af9,1,p1,1. Investigative skeptic,Centre Highlights Border Infrastructure Push Through BADP and Vibrant Villages Programmes,success,0.408743,0.408743,0.408743,0.091977,0.312255,0.637164,0.585224,0.0,0.017597,0.016715,0.027541,0.008536
simulation_ui_20260918_000717_10_10_ssdd,10,10,SSDD,10 · SSDD,764d938e82fccdeec46aa43984936af9,2,p2,2. Investigative skeptic,Centre Highlights Border Infrastructure Push Through BADP and Vibrant Villages Programmes,success,0.426582,0.311795,0.720538,0.208519,0.351517,0.632794,0.501668,0.0,0.025652,0.022511,0.039963,0.014482
simulation_ui_20260918_000717_10_10_ssdd,10,10,SSDD,10 · SSDD,764d938e82fccdeec46aa43984936af9,3,p3,3. Conspiratorial,Centre Highlights Border Infrastructure Push Through BADP and Vibrant Villages Programmes,success,0.483138,0.399522,1.12006,0.334815,0.525533,0.659339,0.402981,0.0,0.023789,0.040251,0.014961,0.016156
simulation_ui_20260918_000717_10_10_ssdd,10,10,SSDD,10 · SSDD,764d938e82fccdeec46aa43984936af9,4,p4,4. Conspiratorial,Centre Highlights Border Infrastructure Push Through BADP and Vibrant Villages Programmes,success,0.549137,0.330679,1.450739,0.418544,0.537806,0.639259,0.59155,0.0,0.025895,0.038547,0.024911,0.014226
simulation_ui_20260918_000717_10_10_ssdd,10,10,SSDD,10 · SSDD,80a390c3c68815dadd42b1ea065fd1af,1,p1,1. Investigative skeptic,Contract OK’d to extend sidewalk repairs,success,0.375034,0.375034,0.375034,0.131435,0.65459,0.289869,0.418782,0.0,0.010896,0.013006,0.011193,0.008488
simulation_ui_20260918_000717_10_10_ssdd,10,10,SSDD,10 · SSDD,80a390c3c68815dadd42b1ea065fd1af,2,p2,2. Investigative skeptic,Contract OK’d to extend sidewalk repairs,success,0.252691,0.204232,0.579266,0.081254,0.33483,0.125794,0.462634,0.0,0.010434,0.009028,0.013171,0.009104
simulation_ui_20260918_000717_10_10_ssdd,10,10,SSDD,10 · SSDD,80a390c3c68815dadd42b1ea065fd1af,3,p3,3. Conspiratorial,Contract OK’d to extend sidewalk repairs,success,0.355822,0.263904,0.84317,0.215475,0.610969,0.125794,0.464658,0.0,0.012369,0.010927,0.018226,0.007953
simulation_ui_20260918_000717_10_10_ssdd,10,10,SSDD,10 · SSDD,80a390c3c68815dadd42b1ea065fd1af,4,p4,4. Conspiratorial,Contract OK’d to extend sidewalk repairs,success,0.354001,0.291191,1.134361,0.154161,0.43747,0.344345,0.473959,0.0,0.011717,0.011488,0.009687,0.013977
simulation_ui_20260918_000717_10_10_ssdd,10,10,SSDD,10 · SSDD,80e1561246e5483a76211bd892a06bcb,1,p1,1. Investigative skeptic,Aldi inches closer to being hit with unprecedented $15 policy at all locations in the state,success,0.242532,0.242532,0.242532,0.053362,0.441975,0.168326,0.298768,0.0,0.012667,0.012508,0.013787,0.011705
simulation_ui_20260918_000717_10_10_ssdd,10,10,SSDD,10 · SSDD,80e1561246e5483a76211bd892a06bcb,2,p2,2. Investigative skeptic,Aldi inches closer to being hit with unprecedented $15 policy at all locations in the state,success,0.381783,0.299906,0.542438,0.258917,0.413281,0.25,0.462638,0.25,0.023221,0.007945,0.037905,0.023814
simulation_ui_20260918_000717_10_10_ssdd,10,10,SSDD,10 · SSDD,80e1561246e5483a76211bd892a06bcb,3,p3,3. Conspiratorial,Aldi inches closer to being hit with unprecedented $15 policy at all locations in the state,success,0.27508,0.320351,0.862789,0.269909,0.3594,0.212843,0.24313,0.0,0.025799,0.015517,0.037255,0.024626
simulation_ui_20260918_000717_10_10_ssdd,10,10,SSDD,10 · SSDD,80e1561246e5483a76211bd892a06bcb,4,p4,4. Conspiratorial,Aldi inches closer to being hit with unprecedented $15 policy at all locations in the state,success,0.349836,0.216074,1.078863,0.269909,0.443544,0.214801,0.320521,0.25,0.024886,0.013532,0.043414,0.017712
simulation_ui_20260918_000717_10_10_ssdd,10,10,SSDD,10 · SSDD,954401161f2ebcd5c5ec0961fa417e31,1,p1,1. Investigative skeptic,Biodiversity strategy is a must for mining companies,success,0.178208,0.178208,0.178208,0.089642,0.070086,0.333333,0.211812,0.0,0.012075,0.014866,0.008743,0.012616
simulation_ui_20260918_000717_10_10_ssdd,10,10,SSDD,10 · SSDD,954401161f2ebcd5c5ec0961fa417e31,2,p2,2. Investigative skeptic,Biodiversity strategy is a must for mining companies,success,0.182133,0.218093,0.396301,0.110392,0.350651,0.0,0.246675,0.0,0.031611,0.053109,0.035761,0.005962
simulation_ui_20260918_000717_10_10_ssdd,10,10,SSDD,10 · SSDD,954401161f2ebcd5c5ec0961fa417e31,3,p3,3. Conspiratorial,Biodiversity strategy is a must for mining companies,success,0.215776,0.127712,0.524013,0.162531,0.340476,0.0,0.345113,0.0,0.023773,0.02872,0.028223,0.014375
simulation_ui_20260918_000717_10_10_ssdd,10,10,SSDD,10 · SSDD,954401161f2ebcd5c5ec0961fa417e31,4,p4,4. Conspiratorial,Biodiversity strategy is a must for mining companies,success,0.312835,0.322234,0.846247,0.116264,0.42263,0.333333,0.367003,0.0,0.021933,0.034969,0.026107,0.004722
simulation_ui_20260918_000717_10_10_ssdd,10,10,SSDD,10 · SSDD,96039628b3a89f4a9134fd1dc3b666d7,1,p1,1. Investigative skeptic,Air travel to become expensive from April 1? Civil Aviation Minister clarifies amid Middle East crisis,success,0.27204,0.27204,0.27204,0.226786,0.454546,0.275387,0.11447,0.0,0.028972,0.029201,0.053654,0.004062
simulation_ui_20260918_000717_10_10_ssdd,10,10,SSDD,10 · SSDD,96039628b3a89f4a9134fd1dc3b666d7,2,p2,2. Investigative skeptic,Air travel to become expensive from April 1? Civil Aviation Minister clarifies amid Middle East crisis,success,0.248834,0.227176,0.499216,0.134949,0.454546,0.0,0.380278,0.0,0.042183,0.033743,0.075315,0.01749
simulation_ui_20260918_000717_10_10_ssdd,10,10,SSDD,10 · SSDD,96039628b3a89f4a9134fd1dc3b666d7,3,p3,3. Conspiratorial,Air travel to become expensive from April 1? Civil Aviation Minister clarifies amid Middle East crisis,success,0.191746,0.209812,0.709028,0.134949,0.375798,0.067269,0.162153,0.0,0.041131,0.043114,0.067459,0.012821
simulation_ui_20260918_000717_10_10_ssdd,10,10,SSDD,10 · SSDD,96039628b3a89f4a9134fd1dc3b666d7,4,p4,4. Conspiratorial,Air travel to become expensive from April 1? Civil Aviation Minister clarifies amid Middle East crisis,success,0.327573,0.329357,1.038385,0.033441,0.660672,0.0,0.59541,0.0,0.038315,0.006583,0.089703,0.018659
simulation_ui_20260918_000717_10_10_ssdd,10,10,SSDD,10 · SSDD,9dee564f6a8f10132f19e6a4b2b8e1a7,1,p1,1. Investigative skeptic,"Better and Coinbase Launch the First Token-Backed, Conforming Mortgage",success,0.200771,0.200771,0.200771,0.11115,0.360898,0.0,0.305138,0.0,0.040179,0.057479,0.025856,0.037203
simulation_ui_20260918_000717_10_10_ssdd,10,10,SSDD,10 · SSDD,9dee564f6a8f10132f19e6a4b2b8e1a7,2,p2,2. Investigative skeptic,"Better and Coinbase Launch the First Token-Backed, Conforming Mortgage",success,0.299328,0.281011,0.481782,0.198662,0.538365,0.104986,0.328588,0.0,0.0472,0.049698,0.051264,0.040638
simulation_ui_20260918_000717_10_10_ssdd,10,10,SSDD,10 · SSDD,9dee564f6a8f10132f19e6a4b2b8e1a7,3,p3,3. Conspiratorial,"Better and Coinbase Launch the First Token-Backed, Conforming Mortgage",success,0.221278,0.295673,0.777455,0.10535,0.269695,0.139192,0.346886,0.0,0.038215,0.059743,0.006399,0.048503
simulation_ui_20260918_000717_10_10_ssdd,10,10,SSDD,10 · SSDD,9dee564f6a8f10132f19e6a4b2b8e1a7,4,p4,4. Conspiratorial,"Better and Coinbase Launch the First Token-Backed, Conforming Mortgage",success,0.279437,0.220159,0.997614,0.10535,0.452757,0.0,0.537181,0.0,0.038662,0.060944,0.015756,0.039285
simulation_ui_20260918_000717_10_10_ssdd,10,10,SSDD,10 · SSDD,a83c7d9bd4c9948f8104f95aa8914a60,1,p1,1. Investigative skeptic,Another cinema in Singapore is closing... but the big,success,0.116687,0.116687,0.116687,0.006493,0.21637,0.0,0.227604,0.0,0.022936,0.022202,0.02787,0.018736
simulation_ui_20260918_000717_10_10_ssdd,10,10,SSDD,10 · SSDD,a83c7d9bd4c9948f8104f95aa8914a60,2,p2,2. Investigative skeptic,Another cinema in Singapore is closing... but the big,success,0.105356,0.154679,0.271366,0.031655,0.083668,0.0,0.294826,0.0,0.015706,0.004425,0.039272,0.00342
simulation_ui_20260918_000717_10_10_ssdd,10,10,SSDD,10 · SSDD,a83c7d9bd4c9948f8104f95aa8914a60,3,p3,3. Conspiratorial,Another cinema in Singapore is closing... but the big,success,0.218198,0.166518,0.437884,0.114694,0.355392,0.0,0.389368,0.0,0.021238,0.032442,0.019372,0.0119
simulation_ui_20260918_000717_10_10_ssdd,10,10,SSDD,10 · SSDD,a83c7d9bd4c9948f8104f95aa8914a60,4,p4,4. Conspiratorial,Another cinema in Singapore is closing... but the big,success,0.149817,0.200102,0.637986,0.032004,0.266935,0.0,0.288213,0.0,0.017752,0.02121,0.016823,0.015222
simulation_ui_20260918_000717_10_10_ssdd,10,10,SSDD,10 · SSDD,b8147bef700007b0dbccc9eaf88c04ac,1,p1,1. Investigative skeptic,CLEO Expands Its Reach as Crypto Prop Traders Rally Around the Prop Firm Trading Platform Built for Them,success,0.209228,0.209228,0.209228,0.0,0.323566,0.34903,0.15202,0.0,0.019361,0.006572,0.027824,0.023686
simulation_ui_20260918_000717_10_10_ssdd,10,10,SSDD,10 · SSDD,b8147bef700007b0dbccc9eaf88c04ac,2,p2,2. Investigative skeptic,CLEO Expands Its Reach as Crypto Prop Traders Rally Around the Prop Firm Trading Platform Built for Them,success,0.196751,0.245473,0.454701,0.016832,0.360491,0.025226,0.364037,0.0,0.031574,0.025158,0.033467,0.036097
simulation_ui_20260918_000717_10_10_ssdd,10,10,SSDD,10 · SSDD,b8147bef700007b0dbccc9eaf88c04ac,3,p3,3. Conspiratorial,CLEO Expands Its Reach as Crypto Prop Traders Rally Around the Prop Firm Trading Platform Built for Them,success,0.226307,0.19554,0.650241,0.0,0.400724,0.284899,0.194183,0.0,0.040735,0.033981,0.04402,0.044203
simulation_ui_20260918_000717_10_10_ssdd,10,10,SSDD,10 · SSDD,b8147bef700007b0dbccc9eaf88c04ac,4,p4,4. Conspiratorial,CLEO Expands Its Reach as Crypto Prop Traders Rally Around the Prop Firm Trading Platform Built for Them,success,0.251887,0.231584,0.881825,0.117637,0.500164,0.025226,0.340667,0.0,0.039541,0.040365,0.035114,0.043144
simulation_ui_20260918_000717_10_10_ssdd,10,10,SSDD,10 · SSDD,c24889258ff4d93fcb33d3ad9328f7e5,1,p1,1. Investigative skeptic,Clearlake buys Qualus from New Mountain amid soaring power demand; KKR’s exit provides CoolIT employees with handsome payout,success,0.164317,0.164317,0.164317,0.03049,0.055562,0.0,0.353383,0.25,0.058837,0.067178,0.052654,0.056678
simulation_ui_20260918_000717_10_10_ssdd,10,10,SSDD,10 · SSDD,c24889258ff4d93fcb33d3ad9328f7e5,2,p2,2. Investigative skeptic,Clearlake buys Qualus from New Mountain amid soaring power demand; KKR’s exit provides CoolIT employees with handsome payout,success,0.257338,0.179626,0.343943,0.058879,0.411507,0.019876,0.502332,0.0,0.061114,0.070347,0.053165,0.059831
simulation_ui_20260918_000717_10_10_ssdd,10,10,SSDD,10 · SSDD,c24889258ff4d93fcb33d3ad9328f7e5,3,p3,3. Conspiratorial,Clearlake buys Qualus from New Mountain amid soaring power demand; KKR’s exit provides CoolIT employees with handsome payout,success,0.32555,0.168895,0.512838,0.481026,0.375597,0.0,0.41411,0.0,0.057646,0.066333,0.052509,0.054095
simulation_ui_20260918_000717_10_10_ssdd,10,10,SSDD,10 · SSDD,c24889258ff4d93fcb33d3ad9328f7e5,4,p4,4. Conspiratorial,Clearlake buys Qualus from New Mountain amid soaring power demand; KKR’s exit provides CoolIT employees with handsome payout,success,0.3669,0.14489,0.657728,0.481026,0.413215,0.0,0.418683,0.25,0.039807,0.053109,0.028364,0.037948
simulation_ui_20260918_000717_10_10_ssdd,10,10,SSDD,10 · SSDD,c431d4ae9339f97a7ca5409d975805a3,1,p1,1. Investigative skeptic,Anavex Life Sciences Stock Is Deeply Oversold. Should You Buy the Dip?,success,0.283473,0.283473,0.283473,0.093188,0.415416,0.37767,0.225728,0.0,0.037898,0.070137,0.018739,0.024817
simulation_ui_20260918_000717_10_10_ssdd,10,10,SSDD,10 · SSDD,c431d4ae9339f97a7ca5409d975805a3,2,p2,2. Investigative skeptic,Anavex Life Sciences Stock Is Deeply Oversold. Should You Buy the Dip?,success,0.323159,0.257098,0.540571,0.210395,0.479598,0.2049,0.371522,0.0,0.047963,0.106428,0.002864,0.034597
simulation_ui_20260918_000717_10_10_ssdd,10,10,SSDD,10 · SSDD,c431d4ae9339f97a7ca5409d975805a3,3,p3,3. Conspiratorial,Anavex Life Sciences Stock Is Deeply Oversold. Should You Buy the Dip?,success,0.371142,0.256498,0.797069,0.229392,0.478152,0.401439,0.360793,0.0,0.029228,0.065566,0.017057,0.005062
simulation_ui_20260918_000717_10_10_ssdd,10,10,SSDD,10 · SSDD,c431d4ae9339f97a7ca5409d975805a3,4,p4,4. Conspiratorial,Anavex Life Sciences Stock Is Deeply Oversold. Should You Buy the Dip?,success,0.393528,0.181987,0.979056,0.277207,0.541056,0.339462,0.398523,0.0,0.036548,0.078633,0.014764,0.016247
simulation_ui_20260918_000717_10_10_ssdd,10,10,SSDD,10 · SSDD,ce21e05271d5e7a4e182ceb46e706964,1,p1,1. Investigative skeptic,"Arizona opinion: European mandate means costlier food, groceries",success,0.392318,0.392318,0.392318,0.641095,0.279707,0.373965,0.267361,0.0,0.014655,0.007744,0.034183,0.002038
simulation_ui_20260918_000717_10_10_ssdd,10,10,SSDD,10 · SSDD,ce21e05271d5e7a4e182ceb46e706964,2,p2,2. Investigative skeptic,"Arizona opinion: European mandate means costlier food, groceries",success,0.360995,0.194345,0.586663,0.65063,0.44086,0.116341,0.220932,0.0,0.029594,0.023836,0.036336,0.028609
simulation_ui_20260918_000717_10_10_ssdd,10,10,SSDD,10 · SSDD,ce21e05271d5e7a4e182ceb46e706964,3,p3,3. Conspiratorial,"Arizona opinion: European mandate means costlier food, groceries",success,0.333076,0.15559,0.742253,0.540498,0.384511,0.182515,0.210598,0.0,0.026439,0.021699,0.031114,0.026503
simulation_ui_20260918_000717_10_10_ssdd,10,10,SSDD,10 · SSDD,ce21e05271d5e7a4e182ceb46e706964,4,p4,4. Conspiratorial,"Arizona opinion: European mandate means costlier food, groceries",success,0.324647,0.21475,0.957003,0.294307,0.394218,0.229022,0.373087,0.0,0.014678,0.009866,0.019284,0.014884
simulation_ui_20260918_000717_10_10_ssdd,10,10,SSDD,10 · SSDD,d66c6c1dfd9c66c9f17f51b8a1ecc92d,1,p1,1. Investigative skeptic,"Cadre Holdings to Acquire Assets of Tedder Industries, Including Alien Gear Holsters",success,0.122634,0.122634,0.122634,0.006403,0.126778,0.0,0.347389,0.0,0.014158,0.010601,0.021063,0.01081
simulation_ui_20260918_000717_10_10_ssdd,10,10,SSDD,10 · SSDD,d66c6c1dfd9c66c9f17f51b8a1ecc92d,2,p2,2. Investigative skeptic,"Cadre Holdings to Acquire Assets of Tedder Industries, Including Alien Gear Holsters",success,0.125504,0.01077,0.133404,0.006403,0.143915,0.0,0.348973,0.0,0.003893,0.001176,0.008977,0.001526
simulation_ui_20260918_000717_10_10_ssdd,10,10,SSDD,10 · SSDD,d66c6c1dfd9c66c9f17f51b8a1ecc92d,3,p3,3. Conspiratorial,"Cadre Holdings to Acquire Assets of Tedder Industries, Including Alien Gear Holsters",success,0.124746,0.099166,0.23257,0.006403,0.308544,0.0,0.181223,0.0,0.004018,0.001534,0.010085,0.000435
simulation_ui_20260918_000717_10_10_ssdd,10,10,SSDD,10 · SSDD,d66c6c1dfd9c66c9f17f51b8a1ecc92d,4,p4,4. Conspiratorial,"Cadre Holdings to Acquire Assets of Tedder Industries, Including Alien Gear Holsters",success,0.128258,0.027637,0.260207,0.006403,0.330283,0.0,0.172957,0.0,0.004857,0.003135,0.01077,0.000667
simulation_ui_20260918_000717_10_10_ssdd,10,10,SSDD,10 · SSDD,de1ef9dc3d1297e42a2fb05392a32d49,1,p1,1. Investigative skeptic,Constellation Software Inc. (CSU) to Issue Quarterly Dividend of $1.00 on April 15th,success,0.174323,0.174323,0.174323,0.020507,0.0,0.333333,0.333333,0.0,0.01527,0.010143,0.021829,0.013837
simulation_ui_20260918_000717_10_10_ssdd,10,10,SSDD,10 · SSDD,de1ef9dc3d1297e42a2fb05392a32d49,2,p2,2. Investigative skeptic,Constellation Software Inc. (CSU) to Issue Quarterly Dividend of $1.00 on April 15th,success,0.23128,0.240674,0.414997,0.091035,0.410696,0.081983,0.333333,0.0,0.013094,0.010143,0.014874,0.014265
simulation_ui_20260918_000717_10_10_ssdd,10,10,SSDD,10 · SSDD,de1ef9dc3d1297e42a2fb05392a32d49,3,p3,3. Conspiratorial,Constellation Software Inc. (CSU) to Issue Quarterly Dividend of $1.00 on April 15th,success,0.251991,0.064212,0.479209,0.11761,0.468932,0.081983,0.333333,0.0,0.010183,0.009848,0.014307,0.006393
simulation_ui_20260918_000717_10_10_ssdd,10,10,SSDD,10 · SSDD,de1ef9dc3d1297e42a2fb05392a32d49,4,p4,4. Conspiratorial,Constellation Software Inc. (CSU) to Issue Quarterly Dividend of $1.00 on April 15th,success,0.213624,0.185827,0.665036,0.11761,0.23667,0.081983,0.413194,0.0,0.007995,0.018727,0.001058,0.004201
simulation_ui_20260918_000717_10_10_ssdd,10,10,SSDD,10 · SSDD,e0d8c78139dd28d077ec2c768043d7ca,1,p1,1. Investigative skeptic,Change in LHV Group Audit Committee,success,0.273489,0.273489,0.273489,0.008058,0.640675,0.010183,0.431366,0.0,0.006311,0.009951,0.000437,0.008545
simulation_ui_20260918_000717_10_10_ssdd,10,10,SSDD,10 · SSDD,e0d8c78139dd28d077ec2c768043d7ca,2,p2,2. Investigative skeptic,Change in LHV Group Audit Committee,success,0.307161,0.142955,0.416444,0.019831,0.644186,0.135183,0.428113,0.0,0.002403,0.006532,0.000138,0.000538
simulation_ui_20260918_000717_10_10_ssdd,10,10,SSDD,10 · SSDD,e0d8c78139dd28d077ec2c768043d7ca,3,p3,3. Conspiratorial,Change in LHV Group Audit Committee,success,0.275141,0.08288,0.499324,0.008058,0.644186,0.135183,0.30858,0.0,0.007849,0.011132,0.009625,0.00279
simulation_ui_20260918_000717_10_10_ssdd,10,10,SSDD,10 · SSDD,e0d8c78139dd28d077ec2c768043d7ca,4,p4,4. Conspiratorial,Change in LHV Group Audit Committee,success,0.377972,0.250918,0.750242,0.395157,0.744844,0.010183,0.353901,0.0,0.015634,0.01815,0.014946,0.013805
simulation_ui_20260918_000717_10_10_ssdd,10,10,SSDD,10 · SSDD,e42774600d5c0fd2405b181105990603,1,p1,1. Investigative skeptic,Canada is losing more air traffic controllers than it’s hiring: aviation expert,success,0.180045,0.180045,0.180045,0.219407,0.059789,0.0,0.433349,0.0,0.011612,0.018191,0.000823,0.015823
simulation_ui_20260918_000717_10_10_ssdd,10,10,SSDD,10 · SSDD,e42774600d5c0fd2405b181105990603,2,p2,2. Investigative skeptic,Canada is losing more air traffic controllers than it’s hiring: aviation expert,success,0.197673,0.299136,0.479181,0.081039,0.25,0.068835,0.368964,0.0,0.033815,0.048517,0.021215,0.031714
simulation_ui_20260918_000717_10_10_ssdd,10,10,SSDD,10 · SSDD,e42774600d5c0fd2405b181105990603,3,p3,3. Conspiratorial,Canada is losing more air traffic controllers than it’s hiring: aviation expert,success,0.480959,0.39214,0.871321,1.0,0.273268,0.301627,0.336305,0.0,0.030245,0.047542,0.01968,0.023513
simulation_ui_20260918_000717_10_10_ssdd,10,10,SSDD,10 · SSDD,e42774600d5c0fd2405b181105990603,4,p4,4. Conspiratorial,Canada is losing more air traffic controllers than it’s hiring: aviation expert,success,0.269502,0.481892,1.353213,0.0,0.4,0.068835,0.597017,0.0,0.020717,0.042414,0.005289,0.014448
simulation_ui_20260918_000717_10_10_ssdd,10,10,SSDD,10 · SSDD,e68862b7bac57065b34e1018a51ce3f2,1,p1,1. Investigative skeptic,"Cruisebound Launches ""Search by Map,"" Redefining How Travelers Discover Cruises",success,0.226444,0.226444,0.226444,0.062135,0.418681,0.0,0.397425,0.0,0.0441,0.037012,0.072006,0.023283
simulation_ui_20260918_000717_10_10_ssdd,10,10,SSDD,10 · SSDD,e68862b7bac57065b34e1018a51ce3f2,2,p2,2. Investigative skeptic,"Cruisebound Launches ""Search by Map,"" Redefining How Travelers Discover Cruises",success,0.18993,0.157933,0.384377,0.062135,0.264226,0.0,0.398142,0.0,0.05376,0.05488,0.076126,0.030274
simulation_ui_20260918_000717_10_10_ssdd,10,10,SSDD,10 · SSDD,e68862b7bac57065b34e1018a51ce3f2,3,p3,3. Conspiratorial,"Cruisebound Launches ""Search by Map,"" Redefining How Travelers Discover Cruises",success,0.184251,0.074025,0.458402,0.011568,0.300338,0.0,0.397425,0.0,0.042049,0.044768,0.05928,0.0221
simulation_ui_20260918_000717_10_10_ssdd,10,10,SSDD,10 · SSDD,e68862b7bac57065b34e1018a51ce3f2,4,p4,4. Conspiratorial,"Cruisebound Launches ""Search by Map,"" Redefining How Travelers Discover Cruises",success,0.266661,0.130667,0.589069,0.063412,0.579772,0.0,0.398142,0.0,0.042783,0.047881,0.059165,0.021304
simulation_ui_20260918_000717_10_10_ssdd,10,10,SSDD,10 · SSDD,ea67fb6d8317500951f4bf21966a33ea,1,p1,1. Investigative skeptic,China's 'Africa Diaper King' Delivers Strong Annual Profit Post-IPO,success,0.278438,0.278438,0.278438,0.169458,0.403157,0.171719,0.357408,0.0,0.020721,0.036203,0.018044,0.007917
simulation_ui_20260918_000717_10_10_ssdd,10,10,SSDD,10 · SSDD,ea67fb6d8317500951f4bf21966a33ea,2,p2,2. Investigative skeptic,China's 'Africa Diaper King' Delivers Strong Annual Profit Post-IPO,success,0.28344,0.257525,0.535963,0.195957,0.593853,0.033673,0.295569,0.0,0.025525,0.032903,0.029612,0.01406
simulation_ui_20260918_000717_10_10_ssdd,10,10,SSDD,10 · SSDD,ea67fb6d8317500951f4bf21966a33ea,3,p3,3. Conspiratorial,China's 'Africa Diaper King' Delivers Strong Annual Profit Post-IPO,success,0.256147,0.257764,0.793727,0.23536,0.468861,0.171719,0.139901,0.0,0.014654,0.021158,0.022424,0.000379
simulation_ui_20260918_000717_10_10_ssdd,10,10,SSDD,10 · SSDD,ea67fb6d8317500951f4bf21966a33ea,4,p4,4. Conspiratorial,China's 'Africa Diaper King' Delivers Strong Annual Profit Post-IPO,success,0.253907,0.127327,0.921054,0.203145,0.52249,0.171719,0.108052,0.0,0.017069,0.027844,0.012881,0.010482
simulation_ui_20260918_000717_10_10_ssdd,10,10,SSDD,10 · SSDD,edd97daf51d7e0bb7d9da3f3e2c9bfa8,1,p1,1. Investigative skeptic,Amazon and Walmart fined for selling banned refrigerant in Washington state,success,0.144401,0.144401,0.144401,0.116733,0.456519,0.0,0.0,0.0,0.006351,0.00106,0.001865,0.016127
simulation_ui_20260918_000717_10_10_ssdd,10,10,SSDD,10 · SSDD,edd97daf51d7e0bb7d9da3f3e2c9bfa8,2,p2,2. Investigative skeptic,Amazon and Walmart fined for selling banned refrigerant in Washington state,success,0.125649,0.071558,0.215959,0.116733,0.328745,0.0,0.047638,0.0,0.013514,0.011503,0.011583,0.017456
simulation_ui_20260918_000717_10_10_ssdd,10,10,SSDD,10 · SSDD,edd97daf51d7e0bb7d9da3f3e2c9bfa8,3,p3,3. Conspiratorial,Amazon and Walmart fined for selling banned refrigerant in Washington state,success,0.222703,0.234167,0.450126,0.118515,0.467235,0.25,0.047705,0.0,0.011801,0.020082,0.00334,0.011981
simulation_ui_20260918_000717_10_10_ssdd,10,10,SSDD,10 · SSDD,edd97daf51d7e0bb7d9da3f3e2c9bfa8,4,p4,4. Conspiratorial,Amazon and Walmart fined for selling banned refrigerant in Washington state,success,0.158279,0.16465,0.614776,0.118515,0.46329,0.0,0.047705,0.0,0.005349,0.004959,0.003516,0.007572
simulation_ui_20260918_000717_10_10_ssdd,10,10,SSDD,10 · SSDD,efc05dd0bbe1b970e1f97452c3e0b5a4,1,p1,1. Investigative skeptic,Blackstone (BX) Slipped Amid Private Credit Concerns Despite Strong Long-Term Outlook,success,0.199948,0.199948,0.199948,0.121165,0.420919,0.0,0.254037,0.0,0.005732,0.003217,0.009121,0.004859
simulation_ui_20260918_000717_10_10_ssdd,10,10,SSDD,10 · SSDD,efc05dd0bbe1b970e1f97452c3e0b5a4,2,p2,2. Investigative skeptic,Blackstone (BX) Slipped Amid Private Credit Concerns Despite Strong Long-Term Outlook,success,0.191815,0.163634,0.363582,0.115322,0.43637,0.2,0.005306,0.0,0.015824,0.012325,0.018607,0.016541
simulation_ui_20260918_000717_10_10_ssdd,10,10,SSDD,10 · SSDD,efc05dd0bbe1b970e1f97452c3e0b5a4,3,p3,3. Conspiratorial,Blackstone (BX) Slipped Amid Private Credit Concerns Despite Strong Long-Term Outlook,success,0.269204,0.216024,0.579606,0.003151,0.514708,0.2,0.350713,0.0,0.01406,0.031391,0.005598,0.005191
simulation_ui_20260918_000717_10_10_ssdd,10,10,SSDD,10 · SSDD,efc05dd0bbe1b970e1f97452c3e0b5a4,4,p4,4. Conspiratorial,Blackstone (BX) Slipped Amid Private Credit Concerns Despite Strong Long-Term Outlook,success,0.278176,0.223799,0.803405,0.085361,0.583522,0.0451,0.391946,0.0,0.011708,0.026266,0.00711,0.001747
simulation_ui_20260918_000717_10_10_ssdd,10,10,SSDD,10 · SSDD,f46dd28ab257311f8706feca1dc99708,1,p1,1. Investigative skeptic,Bevvy: Downtown’s New ‘Dirty’ Soda,success,0.119819,0.119819,0.119819,0.092744,0.384399,0.0,0.0,0.0,0.003026,0.002692,0.004777,0.001609
simulation_ui_20260918_000717_10_10_ssdd,10,10,SSDD,10 · SSDD,f46dd28ab257311f8706feca1dc99708,2,p2,2. Investigative skeptic,Bevvy: Downtown’s New ‘Dirty’ Soda,success,0.168891,0.2318,0.351619,0.119539,0.277611,0.0,0.257356,0.0,0.03147,0.032238,0.042664,0.019507
simulation_ui_20260918_000717_10_10_ssdd,10,10,SSDD,10 · SSDD,f46dd28ab257311f8706feca1dc99708,3,p3,3. Conspiratorial,Bevvy: Downtown’s New ‘Dirty’ Soda,success,0.112964,0.184242,0.535861,0.08746,0.316818,0.0,0.009807,0.0,0.052666,0.065768,0.054162,0.038068
simulation_ui_20260918_000717_10_10_ssdd,10,10,SSDD,10 · SSDD,f46dd28ab257311f8706feca1dc99708,4,p4,4. Conspiratorial,Bevvy: Downtown’s New ‘Dirty’ Soda,success,0.149115,0.107618,0.643479,0.092744,0.456692,0.0,0.009807,0.0,0.054085,0.079231,0.041539,0.041486
simulation_ui_20260918_000717_10_10_ssdd,10,10,SSDD,10 · SSDD,f7a4ad54b51a7d28de6970e46285b0f2,1,p1,1. Investigative skeptic,5G Services Market Surges to $497.24 billion by 2028 | CAGR 19.3%,success,0.2017,0.2017,0.2017,0.034927,0.301183,0.0,0.457769,0.0,0.020149,0.024034,0.019604,0.016808
simulation_ui_20260918_000717_10_10_ssdd,10,10,SSDD,10 · SSDD,f7a4ad54b51a7d28de6970e46285b0f2,2,p2,2. Investigative skeptic,5G Services Market Surges to $497.24 billion by 2028 | CAGR 19.3%,success,0.259579,0.142864,0.344564,0.097556,0.399101,0.0,0.521722,0.0,0.033435,0.037344,0.034122,0.02884
simulation_ui_20260918_000717_10_10_ssdd,10,10,SSDD,10 · SSDD,f7a4ad54b51a7d28de6970e46285b0f2,3,p3,3. Conspiratorial,5G Services Market Surges to $497.24 billion by 2028 | CAGR 19.3%,success,0.24774,0.118254,0.462818,0.097556,0.333333,0.0,0.538469,0.0,0.035642,0.049518,0.022659,0.034748
simulation_ui_20260918_000717_10_10_ssdd,10,10,SSDD,10 · SSDD,f7a4ad54b51a7d28de6970e46285b0f2,4,p4,4. Conspiratorial,5G Services Market Surges to $497.24 billion by 2028 | CAGR 19.3%,success,0.391574,0.284718,0.747536,0.058204,0.671988,0.333333,0.484706,0.0,0.036837,0.044913,0.028329,0.03727
simulation_ui_20260918_000717_10_10_ssdd,10,10,SSDD,10 · SSDD,ff437d173cf94bd173d62a3ee1c4dc9e,1,p1,1. Investigative skeptic,Deputy minister: Belarus is among global leaders in dairy and meat exports,success,0.250193,0.250193,0.250193,0.23909,0.264174,0.0,0.487488,0.0,0.016646,0.017156,0.016111,0.016671
simulation_ui_20260918_000717_10_10_ssdd,10,10,SSDD,10 · SSDD,ff437d173cf94bd173d62a3ee1c4dc9e,2,p2,2. Investigative skeptic,Deputy minister: Belarus is among global leaders in dairy and meat exports,success,0.235122,0.271534,0.521727,0.211443,0.006114,0.25,0.467319,0.0,0.009157,0.007758,0.019707,5e-06
simulation_ui_20260918_000717_10_10_ssdd,10,10,SSDD,10 · SSDD,ff437d173cf94bd173d62a3ee1c4dc9e,3,p3,3. Conspiratorial,Deputy minister: Belarus is among global leaders in dairy and meat exports,success,0.238843,0.206281,0.728008,0.107652,0.288764,0.07483,0.470152,0.0,0.022844,0.029019,0.031282,0.00823
simulation_ui_20260918_000717_10_10_ssdd,10,10,SSDD,10 · SSDD,ff437d173cf94bd173d62a3ee1c4dc9e,4,p4,4. Conspiratorial,Deputy minister: Belarus is among global leaders in dairy and meat exports,success,0.243994,0.233036,0.961044,0.107652,0.204891,0.238226,0.412914,0.0,0.020244,0.044319,0.014715,0.001699
simulation_ui_20260918_000717_11_11_dsds,11,11,DSDS,11 · DSDS,03d15c304dd6358c32fe4fdcb841b43a,1,p1,1. Conspiratorial,"APO INVESTOR DEADLINE APPROACHING: Faruqi & Faruqi, LLP Reminds Apollo Global Management (APO) Investors of Securities Class Action Deadline on May 1, 2026",success,0.151881,0.151881,0.151881,0.0,0.19548,0.2,0.208047,0.0,0.005885,0.010656,0.000765,0.006234
simulation_ui_20260918_000717_11_11_dsds,11,11,DSDS,11 · DSDS,03d15c304dd6358c32fe4fdcb841b43a,2,p2,2. Investigative skeptic,"APO INVESTOR DEADLINE APPROACHING: Faruqi & Faruqi, LLP Reminds Apollo Global Management (APO) Investors of Securities Class Action Deadline on May 1, 2026",success,0.494721,0.519856,0.671737,1.0,0.44054,0.2,0.327782,0.0,0.025995,0.047018,0.021269,0.009699
simulation_ui_20260918_000717_11_11_dsds,11,11,DSDS,11 · DSDS,03d15c304dd6358c32fe4fdcb841b43a,3,p3,3. Conspiratorial,"APO INVESTOR DEADLINE APPROACHING: Faruqi & Faruqi, LLP Reminds Apollo Global Management (APO) Investors of Securities Class Action Deadline on May 1, 2026",success,0.276658,0.405184,1.076921,0.0,0.495353,0.2,0.402885,0.0,0.014467,0.022006,0.019061,0.002335
simulation_ui_20260918_000717_11_11_dsds,11,11,DSDS,11 · DSDS,03d15c304dd6358c32fe4fdcb841b43a,4,p4,4. Investigative skeptic,"APO INVESTOR DEADLINE APPROACHING: Faruqi & Faruqi, LLP Reminds Apollo Global Management (APO) Investors of Securities Class Action Deadline on May 1, 2026",success,0.150821,0.212618,1.289539,0.0,0.306228,0.0,0.28695,0.0,0.014833,0.021804,0.020323,0.002371
simulation_ui_20260918_000717_11_11_dsds,11,11,DSDS,11 · DSDS,03d1d324c6615b5fbc7455135584ac57,1,p1,1. Conspiratorial,Canadian Imperial Bank of Commerce (CM) To Go Ex-Dividend on March 27th,success,0.285156,0.285156,0.285156,0.0,0.216483,0.38688,0.533617,0.0,0.006366,0.007286,0.001389,0.010424
simulation_ui_20260918_000717_11_11_dsds,11,11,DSDS,11 · DSDS,03d1d324c6615b5fbc7455135584ac57,2,p2,2. Investigative skeptic,Canadian Imperial Bank of Commerce (CM) To Go Ex-Dividend on March 27th,success,0.223133,0.231893,0.517049,0.104091,0.221124,0.0,0.55843,0.0,0.014256,0.021405,0.009851,0.011513
simulation_ui_20260918_000717_11_11_dsds,11,11,DSDS,11 · DSDS,03d1d324c6615b5fbc7455135584ac57,3,p3,3. Conspiratorial,Canadian Imperial Bank of Commerce (CM) To Go Ex-Dividend on March 27th,success,0.291095,0.234999,0.752048,0.0,0.25,0.402167,0.505909,0.0,0.011091,0.021334,0.006434,0.005505
simulation_ui_20260918_000717_11_11_dsds,11,11,DSDS,11 · DSDS,03d1d324c6615b5fbc7455135584ac57,4,p4,4. Investigative skeptic,Canadian Imperial Bank of Commerce (CM) To Go Ex-Dividend on March 27th,success,0.27448,0.153864,0.905912,0.0,0.383306,0.402167,0.305902,0.0,0.011254,0.021115,0.003082,0.009564
simulation_ui_20260918_000717_11_11_dsds,11,11,DSDS,11 · DSDS,0883a2f27500aaeca578c2b397002506,1,p1,1. Conspiratorial,'A crater': Pollster says Trump suffers 'objective measure' of 'failed presidency',success,0.154428,0.154428,0.154428,0.218288,0.108455,0.050774,0.236055,0.0,0.006114,0.001028,0.010817,0.006496
simulation_ui_20260918_000717_11_11_dsds,11,11,DSDS,11 · DSDS,0883a2f27500aaeca578c2b397002506,2,p2,2. Investigative skeptic,'A crater': Pollster says Trump suffers 'objective measure' of 'failed presidency',success,0.215288,0.195268,0.349696,0.130735,0.260888,0.088366,0.361731,0.0,0.030763,0.032929,0.047993,0.011367
simulation_ui_20260918_000717_11_11_dsds,11,11,DSDS,11 · DSDS,0883a2f27500aaeca578c2b397002506,3,p3,3. Conspiratorial,'A crater': Pollster says Trump suffers 'objective measure' of 'failed presidency',success,0.19698,0.173772,0.523468,0.089324,0.177977,0.050774,0.45507,0.0,0.022894,0.025611,0.030687,0.012383
simulation_ui_20260918_000717_11_11_dsds,11,11,DSDS,11 · DSDS,0883a2f27500aaeca578c2b397002506,4,p4,4. Investigative skeptic,'A crater': Pollster says Trump suffers 'objective measure' of 'failed presidency',success,0.174516,0.234594,0.758062,0.158648,0.124353,0.0,0.39951,0.0,0.023443,0.026026,0.040346,0.003956
simulation_ui_20260918_000717_11_11_dsds,11,11,DSDS,11 · DSDS,0b30ae6eaf7bab834a4906766ba2ecb2,1,p1,1. Conspiratorial,Britain introduces “plug-in” solar panels for homes to tackle the energy crisis caused by the war in Iran,success,0.212688,0.212688,0.212688,0.024277,0.179321,0.2,0.438655,0.0,0.013458,0.003677,0.028885,0.007812
simulation_ui_20260918_000717_11_11_dsds,11,11,DSDS,11 · DSDS,0b30ae6eaf7bab834a4906766ba2ecb2,2,p2,2. Investigative skeptic,Britain introduces “plug-in” solar panels for homes to tackle the energy crisis caused by the war in Iran,success,0.20633,0.0628,0.275488,0.027761,0.117198,0.2,0.472328,0.0,0.012617,0.003804,0.03199,0.002057
simulation_ui_20260918_000717_11_11_dsds,11,11,DSDS,11 · DSDS,0b30ae6eaf7bab834a4906766ba2ecb2,3,p3,3. Conspiratorial,Britain introduces “plug-in” solar panels for homes to tackle the energy crisis caused by the war in Iran,success,0.274219,0.111778,0.387266,0.092954,0.307678,0.2,0.475677,0.0,0.03517,0.039629,0.049577,0.016305
simulation_ui_20260918_000717_11_11_dsds,11,11,DSDS,11 · DSDS,0b30ae6eaf7bab834a4906766ba2ecb2,4,p4,4. Investigative skeptic,Britain introduces “plug-in” solar panels for homes to tackle the energy crisis caused by the war in Iran,success,0.250886,0.182468,0.569734,0.027761,0.330573,0.2,0.436205,0.0,0.014984,0.009398,0.028461,0.007094
simulation_ui_20260918_000717_11_11_dsds,11,11,DSDS,11 · DSDS,0c84c580588b0f1f5c9070df32dfc5a6,1,p1,1. Conspiratorial,"$1,000 ‘Dog Tax Credit’? Americans eye big payout — don’t miss this April date",success,0.204668,0.204668,0.204668,0.13746,0.404533,0.128451,0.135251,0.0,0.020314,0.034305,0.024002,0.002636
simulation_ui_20260918_000717_11_11_dsds,11,11,DSDS,11 · DSDS,0c84c580588b0f1f5c9070df32dfc5a6,2,p2,2. Investigative skeptic,"$1,000 ‘Dog Tax Credit’? Americans eye big payout — don’t miss this April date",success,0.368141,0.221555,0.426223,0.129071,0.490286,0.354921,0.48042,0.0,0.035099,0.056104,0.046554,0.002638
simulation_ui_20260918_000717_11_11_dsds,11,11,DSDS,11 · DSDS,0c84c580588b0f1f5c9070df32dfc5a6,3,p3,3. Conspiratorial,"$1,000 ‘Dog Tax Credit’? Americans eye big payout — don’t miss this April date",success,0.250351,0.215986,0.642209,0.160457,0.383583,0.139894,0.301037,0.0,0.027252,0.053616,0.026455,0.001685
simulation_ui_20260918_000717_11_11_dsds,11,11,DSDS,11 · DSDS,0c84c580588b0f1f5c9070df32dfc5a6,4,p4,4. Investigative skeptic,"$1,000 ‘Dog Tax Credit’? Americans eye big payout — don’t miss this April date",success,0.325304,0.238577,0.880786,0.19682,0.405292,0.332075,0.347049,0.0,0.036748,0.057014,0.045243,0.007987
simulation_ui_20260918_000717_11_11_dsds,11,11,DSDS,11 · DSDS,0ccfe99f5612d8b22298e5942170415d,1,p1,1. Conspiratorial,Cambria Tax Aware ETF (NASDAQ:TAX) Short Interest Down 67.0% in March,success,0.302225,0.302225,0.302225,0.074853,0.190061,0.465267,0.465257,0.0,0.023998,0.040601,0.005261,0.026133
simulation_ui_20260918_000717_11_11_dsds,11,11,DSDS,11 · DSDS,0ccfe99f5612d8b22298e5942170415d,2,p2,2. Investigative skeptic,Cambria Tax Aware ETF (NASDAQ:TAX) Short Interest Down 67.0% in March,success,0.2917,0.213854,0.516079,0.013969,0.236586,0.452411,0.455633,0.0,0.01443,0.001453,0.04128,0.000557
simulation_ui_20260918_000717_11_11_dsds,11,11,DSDS,11 · DSDS,0ccfe99f5612d8b22298e5942170415d,3,p3,3. Conspiratorial,Cambria Tax Aware ETF (NASDAQ:TAX) Short Interest Down 67.0% in March,success,0.218046,0.184631,0.70071,0.013969,0.082953,0.197901,0.568645,0.0,0.013895,0.00399,0.036314,0.001382
simulation_ui_20260918_000717_11_11_dsds,11,11,DSDS,11 · DSDS,0ccfe99f5612d8b22298e5942170415d,4,p4,4. Investigative skeptic,Cambria Tax Aware ETF (NASDAQ:TAX) Short Interest Down 67.0% in March,success,0.174162,0.239605,0.940315,0.013969,0.023751,0.465267,0.185814,0.0,0.011847,0.004191,0.029926,0.001423
simulation_ui_20260918_000717_11_11_dsds,11,11,DSDS,11 · DSDS,11c9275c35fecd97efe0ba12a17b00da,1,p1,1. Conspiratorial,CPA questions legal basis of GACL takeover of McDan Jet Terminal,success,0.153743,0.153743,0.153743,0.015081,0.139785,0.2,0.253533,0.0,0.009693,0.01555,0.010771,0.002758
simulation_ui_20260918_000717_11_11_dsds,11,11,DSDS,11 · DSDS,11c9275c35fecd97efe0ba12a17b00da,2,p2,2. Investigative skeptic,CPA questions legal basis of GACL takeover of McDan Jet Terminal,success,0.18455,0.257842,0.411585,0.310502,0.182723,0.0,0.234802,0.0,0.015545,0.024382,0.004236,0.018017
simulation_ui_20260918_000717_11_11_dsds,11,11,DSDS,11 · DSDS,11c9275c35fecd97efe0ba12a17b00da,3,p3,3. Conspiratorial,CPA questions legal basis of GACL takeover of McDan Jet Terminal,success,0.218768,0.181058,0.592643,0.197952,0.428746,0.0,0.241504,0.0,0.010969,0.015352,0.005336,0.012219
simulation_ui_20260918_000717_11_11_dsds,11,11,DSDS,11 · DSDS,11c9275c35fecd97efe0ba12a17b00da,4,p4,4. Investigative skeptic,CPA questions legal basis of GACL takeover of McDan Jet Terminal,success,0.287059,0.205221,0.797864,0.302898,0.348368,0.2,0.290094,0.0,0.012024,0.020992,0.002994,0.012086
simulation_ui_20260918_000717_11_11_dsds,11,11,DSDS,11 · DSDS,11fde5af588f2d6f6a0c145a6d089324,1,p1,1. Conspiratorial,"BSNL Posts ₹5,000 Crore Profit After 18 Years, Scindia Signals ₹10,000 Crore Target & India Post IPO Plans",success,0.270791,0.270791,0.270791,0.308197,0.553843,0.096392,0.101752,0.0,0.039084,0.038127,0.053493,0.025631
simulation_ui_20260918_000717_11_11_dsds,11,11,DSDS,11 · DSDS,11fde5af588f2d6f6a0c145a6d089324,2,p2,2. Investigative skeptic,"BSNL Posts ₹5,000 Crore Profit After 18 Years, Scindia Signals ₹10,000 Crore Target & India Post IPO Plans",success,0.193224,0.230203,0.500994,0.046573,0.516315,0.0,0.174702,0.0,0.05411,0.07528,0.059574,0.027476
simulation_ui_20260918_000717_11_11_dsds,11,11,DSDS,11 · DSDS,11fde5af588f2d6f6a0c145a6d089324,3,p3,3. Conspiratorial,"BSNL Posts ₹5,000 Crore Profit After 18 Years, Scindia Signals ₹10,000 Crore Target & India Post IPO Plans",success,0.264637,0.099009,0.600003,0.145984,0.548526,0.115458,0.2192,0.0,0.049446,0.07617,0.042929,0.029239
simulation_ui_20260918_000717_11_11_dsds,11,11,DSDS,11 · DSDS,11fde5af588f2d6f6a0c145a6d089324,4,p4,4. Investigative skeptic,"BSNL Posts ₹5,000 Crore Profit After 18 Years, Scindia Signals ₹10,000 Crore Target & India Post IPO Plans",success,0.292807,0.141805,0.741808,0.065481,0.569734,0.202103,0.304217,0.0,0.051939,0.075318,0.049136,0.031362
simulation_ui_20260918_000717_11_11_dsds,11,11,DSDS,11 · DSDS,17cd8c3587799d6f5551faf3e5895209,1,p1,1. Conspiratorial,"Credit Union of Colorado Foundation invests $50,000 in community college scholarships",success,0.327896,0.327896,0.327896,0.006451,0.355536,0.333333,0.60916,0.0,0.013176,0.020576,0.014428,0.004524
simulation_ui_20260918_000717_11_11_dsds,11,11,DSDS,11 · DSDS,17cd8c3587799d6f5551faf3e5895209,2,p2,2. Investigative skeptic,"Credit Union of Colorado Foundation invests $50,000 in community college scholarships",success,0.130911,0.274919,0.602815,0.006451,0.290055,0.0,0.218321,0.0,0.012649,0.030963,0.003673,0.00331
simulation_ui_20260918_000717_11_11_dsds,11,11,DSDS,11 · DSDS,17cd8c3587799d6f5551faf3e5895209,3,p3,3. Conspiratorial,"Credit Union of Colorado Foundation invests $50,000 in community college scholarships",success,0.250922,0.147825,0.75064,0.006451,0.377032,0.0,0.60916,0.0,0.018361,0.028143,0.024919,0.002022
simulation_ui_20260918_000717_11_11_dsds,11,11,DSDS,11 · DSDS,17cd8c3587799d6f5551faf3e5895209,4,p4,4. Investigative skeptic,"Credit Union of Colorado Foundation invests $50,000 in community college scholarships",success,0.219076,0.083136,0.833776,0.006451,0.252386,0.0,0.60916,0.0,0.013259,0.031357,0.005055,0.003364
simulation_ui_20260918_000717_11_11_dsds,11,11,DSDS,11 · DSDS,1e83ba34429a85f3fbafdb5671e23f1d,1,p1,1. Conspiratorial,Delhi PWD Accelerates PNG Pipeline Laying with 24-Hour Approvals,success,0.228461,0.228461,0.228461,0.24373,0.270845,0.0,0.389307,0.0,0.01609,0.026295,0.012441,0.009534
simulation_ui_20260918_000717_11_11_dsds,11,11,DSDS,11 · DSDS,1e83ba34429a85f3fbafdb5671e23f1d,2,p2,2. Investigative skeptic,Delhi PWD Accelerates PNG Pipeline Laying with 24-Hour Approvals,success,0.127684,0.149171,0.377632,0.107201,0.270845,0.0,0.124959,0.0,0.011053,0.02117,0.010029,0.00196
simulation_ui_20260918_000717_11_11_dsds,11,11,DSDS,11 · DSDS,1e83ba34429a85f3fbafdb5671e23f1d,3,p3,3. Conspiratorial,Delhi PWD Accelerates PNG Pipeline Laying with 24-Hour Approvals,success,0.327509,0.249045,0.626677,0.253587,0.396638,0.25,0.404091,0.0,0.010613,0.016783,0.009871,0.005184
simulation_ui_20260918_000717_11_11_dsds,11,11,DSDS,11 · DSDS,1e83ba34429a85f3fbafdb5671e23f1d,4,p4,4. Investigative skeptic,Delhi PWD Accelerates PNG Pipeline Laying with 24-Hour Approvals,success,0.335781,0.074441,0.701118,0.256016,0.421332,0.25,0.409968,0.0,0.010909,0.022062,0.00541,0.005254
simulation_ui_20260918_000717_11_11_dsds,11,11,DSDS,11 · DSDS,1eb77463838b3d1f2ea74f8bfa272767,1,p1,1. Conspiratorial,Afghanistan urges regional water cooperation at Tashkent Forum,success,0.430105,0.430105,0.430105,1.0,0.435777,0.280391,0.001495,0.0,0.006037,0.015094,0.000118,0.002898
simulation_ui_20260918_000717_11_11_dsds,11,11,DSDS,11 · DSDS,1eb77463838b3d1f2ea74f8bfa272767,2,p2,2. Investigative skeptic,Afghanistan urges regional water cooperation at Tashkent Forum,success,0.241172,0.442491,0.872596,0.114997,0.190237,0.280391,0.368761,0.0,0.016916,0.02018,0.017676,0.012892
simulation_ui_20260918_000717_11_11_dsds,11,11,DSDS,11 · DSDS,1eb77463838b3d1f2ea74f8bfa272767,3,p3,3. Conspiratorial,Afghanistan urges regional water cooperation at Tashkent Forum,success,0.220005,0.074016,0.946612,0.114997,0.190237,0.2,0.364183,0.0,0.016934,0.023264,0.01386,0.013678
simulation_ui_20260918_000717_11_11_dsds,11,11,DSDS,11 · DSDS,1eb77463838b3d1f2ea74f8bfa272767,4,p4,4. Investigative skeptic,Afghanistan urges regional water cooperation at Tashkent Forum,success,0.233385,0.184196,1.130808,0.0,0.377807,0.2,0.348014,0.0,0.012555,0.024597,0.003075,0.009994
simulation_ui_20260918_000717_11_11_dsds,11,11,DSDS,11 · DSDS,20df5253ec5e5a2623c8823c2b38083b,1,p1,1. Conspiratorial,Contango ORE (NYSEAMERICAN:CTGO) Now Covered by Analysts at Canaccord Genuity Group,success,0.101074,0.101074,0.101074,0.014196,0.0,0.0,0.380206,0.0,0.01372,0.015237,0.015008,0.010914
simulation_ui_20260918_000717_11_11_dsds,11,11,DSDS,11 · DSDS,20df5253ec5e5a2623c8823c2b38083b,2,p2,2. Investigative skeptic,Contango ORE (NYSEAMERICAN:CTGO) Now Covered by Analysts at Canaccord Genuity Group,success,0.299061,0.214315,0.315389,0.04194,0.395575,0.333333,0.417604,0.0,0.013854,0.013567,0.026153,0.001842
simulation_ui_20260918_000717_11_11_dsds,11,11,DSDS,11 · DSDS,20df5253ec5e5a2623c8823c2b38083b,3,p3,3. Conspiratorial,Contango ORE (NYSEAMERICAN:CTGO) Now Covered by Analysts at Canaccord Genuity Group,success,0.100412,0.209587,0.524976,0.005848,0.0,0.0,0.386626,0.0,0.012716,0.013124,0.022358,0.002667
simulation_ui_20260918_000717_11_11_dsds,11,11,DSDS,11 · DSDS,20df5253ec5e5a2623c8823c2b38083b,4,p4,4. Investigative skeptic,Contango ORE (NYSEAMERICAN:CTGO) Now Covered by Analysts at Canaccord Genuity Group,success,0.195582,0.106504,0.63148,0.086141,0.30833,0.0,0.377218,0.0,0.016478,0.005876,0.034954,0.008604
simulation_ui_20260918_000717_11_11_dsds,11,11,DSDS,11 · DSDS,285f86ba6e2a489c2d4a3ab84f18a6a4,1,p1,1. Conspiratorial,Company Banned from Marketing Business Opportunities to Settle FTC Charges it Misled Consumers About Earnings Potential,success,0.248155,0.248155,0.248155,0.064252,0.292307,0.152556,0.475986,0.0,0.012469,0.007234,0.025158,0.005015
simulation_ui_20260918_000717_11_11_dsds,11,11,DSDS,11 · DSDS,285f86ba6e2a489c2d4a3ab84f18a6a4,2,p2,2. Investigative skeptic,Company Banned from Marketing Business Opportunities to Settle FTC Charges it Misled Consumers About Earnings Potential,success,0.452154,0.412399,0.660554,1.0,0.379552,0.0,0.422746,0.0,0.014374,0.009591,0.031875,0.001655
simulation_ui_20260918_000717_11_11_dsds,11,11,DSDS,11 · DSDS,285f86ba6e2a489c2d4a3ab84f18a6a4,3,p3,3. Conspiratorial,Company Banned from Marketing Business Opportunities to Settle FTC Charges it Misled Consumers About Earnings Potential,success,0.179514,0.420367,1.080921,0.046525,0.040827,0.15619,0.464519,0.0,0.015183,0.004405,0.033418,0.007727
simulation_ui_20260918_000717_11_11_dsds,11,11,DSDS,11 · DSDS,285f86ba6e2a489c2d4a3ab84f18a6a4,4,p4,4. Investigative skeptic,Company Banned from Marketing Business Opportunities to Settle FTC Charges it Misled Consumers About Earnings Potential,success,0.196133,0.207589,1.28851,0.063011,0.268815,0.152556,0.289769,0.0,0.016091,0.001722,0.040875,0.005675
simulation_ui_20260918_000717_11_11_dsds,11,11,DSDS,11 · DSDS,3343849e4bfdca882e24cd916fa75ec6,1,p1,1. Conspiratorial,ASMALLWORLD Introduces New Marriott Bonvoy® Benefit for Members,success,0.044041,0.044041,0.044041,0.05842,0.0449,0.0,0.066259,0.0,0.008595,0.010938,0.007571,0.007276
simulation_ui_20260918_000717_11_11_dsds,11,11,DSDS,11 · DSDS,3343849e4bfdca882e24cd916fa75ec6,2,p2,2. Investigative skeptic,ASMALLWORLD Introduces New Marriott Bonvoy® Benefit for Members,success,0.147319,0.132614,0.176655,0.063794,0.0449,0.333333,0.137939,0.0,0.01361,0.021071,0.012901,0.006859
simulation_ui_20260918_000717_11_11_dsds,11,11,DSDS,11 · DSDS,3343849e4bfdca882e24cd916fa75ec6,3,p3,3. Conspiratorial,ASMALLWORLD Introduces New Marriott Bonvoy® Benefit for Members,success,0.189929,0.167517,0.344172,0.059108,0.275848,0.281216,0.131589,0.0,0.01838,0.022072,0.024991,0.008076
simulation_ui_20260918_000717_11_11_dsds,11,11,DSDS,11 · DSDS,3343849e4bfdca882e24cd916fa75ec6,4,p4,4. Investigative skeptic,ASMALLWORLD Introduces New Marriott Bonvoy® Benefit for Members,success,0.150282,0.180529,0.524701,0.063794,0.0449,0.333333,0.135044,0.0,0.035141,0.044318,0.05398,0.007125
simulation_ui_20260918_000717_11_11_dsds,11,11,DSDS,11 · DSDS,3e908966e0393a684386f1e186c5c6e3,1,p1,1. Conspiratorial,CAAS defers sustainable aviation fuel levy,success,0.169623,0.169623,0.169623,0.145617,0.184523,0.0,0.345685,0.0,0.00401,0.00207,0.006856,0.003104
simulation_ui_20260918_000717_11_11_dsds,11,11,DSDS,11 · DSDS,3e908966e0393a684386f1e186c5c6e3,2,p2,2. Investigative skeptic,CAAS defers sustainable aviation fuel levy,success,0.218581,0.159422,0.329045,0.145617,0.271678,0.196713,0.255824,0.0,0.007175,0.002483,0.004056,0.014987
simulation_ui_20260918_000717_11_11_dsds,11,11,DSDS,11 · DSDS,3e908966e0393a684386f1e186c5c6e3,3,p3,3. Conspiratorial,CAAS defers sustainable aviation fuel levy,success,0.327082,0.301124,0.630169,0.141203,0.345794,0.20458,0.611169,0.0,0.010346,0.022794,0.002183,0.006062
simulation_ui_20260918_000717_11_11_dsds,11,11,DSDS,11 · DSDS,3e908966e0393a684386f1e186c5c6e3,4,p4,4. Investigative skeptic,CAAS defers sustainable aviation fuel levy,success,0.280077,0.120144,0.750313,0.037336,0.271678,0.196713,0.611169,0.0,0.005918,0.000367,0.016085,0.001301
simulation_ui_20260918_000717_11_11_dsds,11,11,DSDS,11 · DSDS,4284601d27a88508e23bb7ecf1e26740,1,p1,1. Conspiratorial,Blackbaud Opens Registration for bbcon 2026 to Rally Social Impact Sector Around AI Innovation,success,0.436209,0.436209,0.436209,1.0,0.165831,0.25,0.321084,0.0,0.0175,0.000928,0.03912,0.012453
simulation_ui_20260918_000717_11_11_dsds,11,11,DSDS,11 · DSDS,4284601d27a88508e23bb7ecf1e26740,2,p2,2. Investigative skeptic,Blackbaud Opens Registration for bbcon 2026 to Rally Social Impact Sector Around AI Innovation,success,0.437127,0.031377,0.467586,1.0,0.165831,0.25,0.328944,0.0,0.008275,0.004618,0.019743,0.000464
simulation_ui_20260918_000717_11_11_dsds,11,11,DSDS,11 · DSDS,4284601d27a88508e23bb7ecf1e26740,3,p3,3. Conspiratorial,Blackbaud Opens Registration for bbcon 2026 to Rally Social Impact Sector Around AI Innovation,success,0.437437,0.007216,0.474802,1.0,0.165831,0.25,0.328944,0.0,0.011023,0.005313,0.022646,0.005111
simulation_ui_20260918_000717_11_11_dsds,11,11,DSDS,11 · DSDS,4284601d27a88508e23bb7ecf1e26740,4,p4,4. Investigative skeptic,Blackbaud Opens Registration for bbcon 2026 to Rally Social Impact Sector Around AI Innovation,success,0.483804,0.10214,0.576942,1.0,0.346088,0.25,0.33611,0.0,0.007302,0.016793,0.000999,0.004114
simulation_ui_20260918_000717_11_11_dsds,11,11,DSDS,11 · DSDS,43b305aebbf654fd9464eb6d39cf900b,1,p1,1. Conspiratorial,CS Atal Dulloo Reviews Progress Of Tawi Artificial Lake And Riverfront Development Projects,success,0.076187,0.076187,0.076187,0.005932,0.062328,0.0,0.230727,0.0,0.007785,0.001175,0.016287,0.005894
simulation_ui_20260918_000717_11_11_dsds,11,11,DSDS,11 · DSDS,43b305aebbf654fd9464eb6d39cf900b,2,p2,2. Investigative skeptic,CS Atal Dulloo Reviews Progress Of Tawi Artificial Lake And Riverfront Development Projects,success,0.0938,0.073842,0.150029,0.005932,0.180225,0.0,0.183585,0.0,0.007515,0.007809,0.007916,0.006821
simulation_ui_20260918_000717_11_11_dsds,11,11,DSDS,11 · DSDS,43b305aebbf654fd9464eb6d39cf900b,3,p3,3. Conspiratorial,CS Atal Dulloo Reviews Progress Of Tawi Artificial Lake And Riverfront Development Projects,success,0.144074,0.179129,0.329158,0.005932,0.062328,0.224998,0.276035,0.0,0.010209,0.013342,0.006634,0.010652
simulation_ui_20260918_000717_11_11_dsds,11,11,DSDS,11 · DSDS,43b305aebbf654fd9464eb6d39cf900b,4,p4,4. Investigative skeptic,CS Atal Dulloo Reviews Progress Of Tawi Artificial Lake And Riverfront Development Projects,success,0.229359,0.165631,0.494789,0.005932,0.218606,0.224998,0.462165,0.0,0.009285,0.010059,0.007135,0.010661
simulation_ui_20260918_000717_11_11_dsds,11,11,DSDS,11 · DSDS,43d218dc30bd89b0c4da158243e74603,1,p1,1. Conspiratorial,Amesite Executes Trading Partner Agreement Enabling Secure Connectivity with Leading Homecare Technology Platform,success,0.186588,0.186588,0.186588,0.061353,0.245955,0.0,0.429349,0.0,0.014852,0.014361,0.000299,0.029897
simulation_ui_20260918_000717_11_11_dsds,11,11,DSDS,11 · DSDS,43d218dc30bd89b0c4da158243e74603,2,p2,2. Investigative skeptic,Amesite Executes Trading Partner Agreement Enabling Secure Connectivity with Leading Homecare Technology Platform,success,0.25261,0.202942,0.38953,0.061353,0.512116,0.0,0.428148,0.0,0.014713,0.003524,0.000807,0.039808
simulation_ui_20260918_000717_11_11_dsds,11,11,DSDS,11 · DSDS,43d218dc30bd89b0c4da158243e74603,3,p3,3. Conspiratorial,Amesite Executes Trading Partner Agreement Enabling Secure Connectivity with Leading Homecare Technology Platform,success,0.195598,0.153386,0.542916,0.061353,0.253521,0.0,0.453639,0.0,0.021473,0.012819,0.005381,0.04622
simulation_ui_20260918_000717_11_11_dsds,11,11,DSDS,11 · DSDS,43d218dc30bd89b0c4da158243e74603,4,p4,4. Investigative skeptic,Amesite Executes Trading Partner Agreement Enabling Secure Connectivity with Leading Homecare Technology Platform,success,0.211843,0.089278,0.632194,0.072787,0.308291,0.0,0.453553,0.0,0.020126,0.012396,0.002781,0.045202
simulation_ui_20260918_000717_11_11_dsds,11,11,DSDS,11 · DSDS,45a67f6f54cd92c32163be9459300052,1,p1,1. Conspiratorial,"Bitcoin Miners, Now AI Compute Leaders, Face Profitability Concerns",success,0.312429,0.312429,0.312429,0.070025,0.406392,0.333333,0.431506,0.0,0.015334,0.02579,0.001874,0.018339
simulation_ui_20260918_000717_11_11_dsds,11,11,DSDS,11 · DSDS,45a67f6f54cd92c32163be9459300052,2,p2,2. Investigative skeptic,"Bitcoin Miners, Now AI Compute Leaders, Face Profitability Concerns",success,0.362121,0.172397,0.484826,0.077086,0.598387,0.333333,0.433439,0.0,0.012195,0.031724,0.004051,0.000809
simulation_ui_20260918_000717_11_11_dsds,11,11,DSDS,11 · DSDS,45a67f6f54cd92c32163be9459300052,3,p3,3. Conspiratorial,"Bitcoin Miners, Now AI Compute Leaders, Face Profitability Concerns",success,0.331055,0.096846,0.581672,0.058149,0.511512,0.333333,0.409229,0.0,0.022321,0.047892,0.018284,0.000787
simulation_ui_20260918_000717_11_11_dsds,11,11,DSDS,11 · DSDS,45a67f6f54cd92c32163be9459300052,4,p4,4. Investigative skeptic,"Bitcoin Miners, Now AI Compute Leaders, Face Profitability Concerns",success,0.371992,0.137228,0.7189,0.063702,0.682563,0.333333,0.403619,0.0,0.009437,0.022632,7.8e-05,0.005601
simulation_ui_20260918_000717_11_11_dsds,11,11,DSDS,11 · DSDS,48375acfba2ffc7f64822005eaab01e9,1,p1,1. Conspiratorial,"Capitan Silver Commences Trading on the OTCQX Market Under Symbol ""CAPTF""",success,0.082024,0.082024,0.082024,0.211703,0.053919,0.0,0.041241,0.0,0.028746,0.062217,0.013758,0.010263
simulation_ui_20260918_000717_11_11_dsds,11,11,DSDS,11 · DSDS,48375acfba2ffc7f64822005eaab01e9,2,p2,2. Investigative skeptic,"Capitan Silver Commences Trading on the OTCQX Market Under Symbol ""CAPTF""",success,0.106548,0.159695,0.241719,0.083039,0.320799,0.0,0.0,0.0,0.031079,0.067608,0.022748,0.002882
simulation_ui_20260918_000717_11_11_dsds,11,11,DSDS,11 · DSDS,48375acfba2ffc7f64822005eaab01e9,3,p3,3. Conspiratorial,"Capitan Silver Commences Trading on the OTCQX Market Under Symbol ""CAPTF""",success,0.185052,0.199681,0.4414,0.114034,0.333333,0.25,0.003406,0.0,0.059764,0.090462,0.050036,0.038795
simulation_ui_20260918_000717_11_11_dsds,11,11,DSDS,11 · DSDS,48375acfba2ffc7f64822005eaab01e9,4,p4,4. Investigative skeptic,"Capitan Silver Commences Trading on the OTCQX Market Under Symbol ""CAPTF""",success,0.098837,0.186088,0.627488,0.086953,0.27617,0.0,0.0,0.0,0.044303,0.076242,0.029813,0.026853
simulation_ui_20260918_000717_11_11_dsds,11,11,DSDS,11 · DSDS,4980763ccff9b986f6829df1e9489341,1,p1,1. Conspiratorial,Cabana Target Drawdown 7 ETF (NASDAQ:TDSB) Short Interest Down 96.6% in March,success,0.210048,0.210048,0.210048,0.035238,0.453054,0.0,0.338779,0.0,0.020677,0.029102,0.032584,0.000346
simulation_ui_20260918_000717_11_11_dsds,11,11,DSDS,11 · DSDS,4980763ccff9b986f6829df1e9489341,2,p2,2. Investigative skeptic,Cabana Target Drawdown 7 ETF (NASDAQ:TDSB) Short Interest Down 96.6% in March,success,0.295316,0.183532,0.39358,0.035238,0.778937,0.0,0.364208,0.0,0.005102,0.004061,0.005548,0.005697
simulation_ui_20260918_000717_11_11_dsds,11,11,DSDS,11 · DSDS,4980763ccff9b986f6829df1e9489341,3,p3,3. Conspiratorial,Cabana Target Drawdown 7 ETF (NASDAQ:TDSB) Short Interest Down 96.6% in March,success,0.389295,0.255382,0.648962,0.035238,0.741533,0.42645,0.342597,0.0,0.023152,0.008576,0.032104,0.028775
simulation_ui_20260918_000717_11_11_dsds,11,11,DSDS,11 · DSDS,4980763ccff9b986f6829df1e9489341,4,p4,4. Investigative skeptic,Cabana Target Drawdown 7 ETF (NASDAQ:TDSB) Short Interest Down 96.6% in March,success,0.283104,0.20612,0.855082,0.035238,0.725869,0.0,0.370238,0.0,0.001864,0.002832,0.001733,0.001026
simulation_ui_20260918_000717_11_11_dsds,11,11,DSDS,11 · DSDS,4ac6395408a9caf70c7d2ffc4ca362c7,1,p1,1. Conspiratorial,Continuing Unemployment Claims Dip to Nearly 2-Year Low,success,0.076689,0.076689,0.076689,0.003277,0.0,0.0,0.298852,0.0,0.006256,0.005658,0.003326,0.009785
simulation_ui_20260918_000717_11_11_dsds,11,11,DSDS,11 · DSDS,4ac6395408a9caf70c7d2ffc4ca362c7,2,p2,2. Investigative skeptic,Continuing Unemployment Claims Dip to Nearly 2-Year Low,success,0.347438,0.292137,0.368826,0.348469,0.314928,0.333333,0.38605,0.0,0.013322,0.021297,0.009046,0.009624
simulation_ui_20260918_000717_11_11_dsds,11,11,DSDS,11 · DSDS,4ac6395408a9caf70c7d2ffc4ca362c7,3,p3,3. Conspiratorial,Continuing Unemployment Claims Dip to Nearly 2-Year Low,success,0.2961,0.20923,0.578056,0.40117,0.252568,0.333333,0.19095,0.0,0.011299,0.014961,0.01532,0.003617
simulation_ui_20260918_000717_11_11_dsds,11,11,DSDS,11 · DSDS,4ac6395408a9caf70c7d2ffc4ca362c7,4,p4,4. Investigative skeptic,Continuing Unemployment Claims Dip to Nearly 2-Year Low,success,0.23446,0.388339,0.966395,0.122144,0.25,0.108051,0.443824,0.0,0.022468,0.035585,0.01702,0.0148
simulation_ui_20260918_000717_11_11_dsds,11,11,DSDS,11 · DSDS,59a0fb71f66cefb61fc91c97affb1dbe,1,p1,1. Conspiratorial,"Bank of Montreal targets 15% return on equity on wealth, US businesses growth",success,0.224617,0.224617,0.224617,0.111315,0.364115,0.031824,0.376198,0.0,0.024091,0.053566,0.008748,0.009959
simulation_ui_20260918_000717_11_11_dsds,11,11,DSDS,11 · DSDS,59a0fb71f66cefb61fc91c97affb1dbe,2,p2,2. Investigative skeptic,"Bank of Montreal targets 15% return on equity on wealth, US businesses growth",success,0.185194,0.086028,0.310645,0.030841,0.292812,0.031824,0.371515,0.0,0.02106,0.04218,0.008328,0.012673
simulation_ui_20260918_000717_11_11_dsds,11,11,DSDS,11 · DSDS,59a0fb71f66cefb61fc91c97affb1dbe,3,p3,3. Conspiratorial,"Bank of Montreal targets 15% return on equity on wealth, US businesses growth",success,0.144621,0.176876,0.487521,0.117126,0.364115,0.031824,0.049623,0.0,0.022977,0.049484,0.007564,0.011882
simulation_ui_20260918_000717_11_11_dsds,11,11,DSDS,11 · DSDS,59a0fb71f66cefb61fc91c97affb1dbe,4,p4,4. Investigative skeptic,"Bank of Montreal targets 15% return on equity on wealth, US businesses growth",success,0.128648,0.06147,0.548991,0.117126,0.261914,0.031824,0.088891,0.0,0.021194,0.042817,0.004866,0.015899
simulation_ui_20260918_000717_11_11_dsds,11,11,DSDS,11 · DSDS,6282ee092c7147c978409e71f0096515,1,p1,1. Conspiratorial,Backdoor bet. How federal regulators are sidestepping Alabama: op-ed,success,0.077184,0.077184,0.077184,0.04327,0.168502,0.006376,0.084176,0.0,0.008672,0.001495,0.007146,0.017376
simulation_ui_20260918_000717_11_11_dsds,11,11,DSDS,11 · DSDS,6282ee092c7147c978409e71f0096515,2,p2,2. Investigative skeptic,Backdoor bet. How federal regulators are sidestepping Alabama: op-ed,success,0.129679,0.159955,0.237139,0.044947,0.25,0.0,0.219449,0.0,0.006196,0.00138,0.001327,0.01588
simulation_ui_20260918_000717_11_11_dsds,11,11,DSDS,11 · DSDS,6282ee092c7147c978409e71f0096515,3,p3,3. Conspiratorial,Backdoor bet. How federal regulators are sidestepping Alabama: op-ed,success,0.227154,0.206099,0.443238,0.031777,0.25,0.006376,0.613661,0.0,0.010975,0.002031,0.002322,0.028571
simulation_ui_20260918_000717_11_11_dsds,11,11,DSDS,11 · DSDS,6282ee092c7147c978409e71f0096515,4,p4,4. Investigative skeptic,Backdoor bet. How federal regulators are sidestepping Alabama: op-ed,success,0.201533,0.285215,0.728453,0.16944,0.39325,0.006376,0.227802,0.0,0.014461,0.003332,0.00833,0.031721
simulation_ui_20260918_000717_11_11_dsds,11,11,DSDS,11 · DSDS,6296ce617808e446ef3e272b65cb5b46,1,p1,1. Conspiratorial,Apple Adds New Partners to Expand Its U.S. Supply Chain,success,0.117054,0.117054,0.117054,0.0,0.340751,0.0,0.119919,0.0,0.010661,0.015571,0.013246,0.003167
simulation_ui_20260918_000717_11_11_dsds,11,11,DSDS,11 · DSDS,6296ce617808e446ef3e272b65cb5b46,2,p2,2. Investigative skeptic,Apple Adds New Partners to Expand Its U.S. Supply Chain,success,0.111491,0.125285,0.242339,0.0,0.285644,0.0,0.140757,0.0,0.027369,0.024255,0.038437,0.019415
simulation_ui_20260918_000717_11_11_dsds,11,11,DSDS,11 · DSDS,6296ce617808e446ef3e272b65cb5b46,3,p3,3. Conspiratorial,Apple Adds New Partners to Expand Its U.S. Supply Chain,success,0.175442,0.160213,0.402552,0.0,0.462681,0.142857,0.078289,0.0,0.027049,0.073397,0.0068,0.000951
simulation_ui_20260918_000717_11_11_dsds,11,11,DSDS,11 · DSDS,6296ce617808e446ef3e272b65cb5b46,4,p4,4. Investigative skeptic,Apple Adds New Partners to Expand Its U.S. Supply Chain,success,0.240583,0.226841,0.629393,0.0,0.25,0.142857,0.55131,0.0,0.029725,0.050281,0.032726,0.006167
simulation_ui_20260918_000717_11_11_dsds,11,11,DSDS,11 · DSDS,64aefc05d7d6e883d857202942daa279,1,p1,1. Conspiratorial,Competition Commission clears merger of Udemy with Coursera's arm,success,0.09315,0.09315,0.09315,0.026533,0.25,0.0,0.082996,0.0,0.017954,0.029483,0.009282,0.015098
simulation_ui_20260918_000717_11_11_dsds,11,11,DSDS,11 · DSDS,64aefc05d7d6e883d857202942daa279,2,p2,2. Investigative skeptic,Competition Commission clears merger of Udemy with Coursera's arm,success,0.192969,0.126426,0.219576,0.133801,0.35605,0.0,0.266126,0.0,0.024505,0.037097,0.005658,0.030759
simulation_ui_20260918_000717_11_11_dsds,11,11,DSDS,11 · DSDS,64aefc05d7d6e883d857202942daa279,3,p3,3. Conspiratorial,Competition Commission clears merger of Udemy with Coursera's arm,success,0.153465,0.093613,0.313189,0.133801,0.371474,0.0,0.099602,0.0,0.013227,0.025488,0.004341,0.009853
simulation_ui_20260918_000717_11_11_dsds,11,11,DSDS,11 · DSDS,64aefc05d7d6e883d857202942daa279,4,p4,4. Investigative skeptic,Competition Commission clears merger of Udemy with Coursera's arm,success,0.12071,0.100275,0.413464,0.026533,0.354572,0.0,0.086304,0.0,0.021839,0.032832,0.005315,0.027371
simulation_ui_20260918_000717_11_11_dsds,11,11,DSDS,11 · DSDS,675d6df42ab1fa2c25fcb6c96a0801ba,1,p1,1. Conspiratorial,"Cohen & Steers Infrastructure Fund, Inc (NYSE:UTF) Plans $0.17 Monthly Dividend",success,0.258776,0.258776,0.258776,0.030864,0.153777,0.333333,0.511918,0.0,0.008777,0.014546,0.000544,0.011242
simulation_ui_20260918_000717_11_11_dsds,11,11,DSDS,11 · DSDS,675d6df42ab1fa2c25fcb6c96a0801ba,2,p2,2. Investigative skeptic,"Cohen & Steers Infrastructure Fund, Inc (NYSE:UTF) Plans $0.17 Monthly Dividend",success,0.157013,0.195961,0.454737,0.030864,0.097204,0.333333,0.154236,0.0,0.018344,0.033105,0.016949,0.004979
simulation_ui_20260918_000717_11_11_dsds,11,11,DSDS,11 · DSDS,675d6df42ab1fa2c25fcb6c96a0801ba,3,p3,3. Conspiratorial,"Cohen & Steers Infrastructure Fund, Inc (NYSE:UTF) Plans $0.17 Monthly Dividend",success,0.243236,0.188195,0.642932,0.0,0.157477,0.439946,0.206383,0.25,0.015358,0.020387,0.014644,0.011042
simulation_ui_20260918_000717_11_11_dsds,11,11,DSDS,11 · DSDS,675d6df42ab1fa2c25fcb6c96a0801ba,4,p4,4. Investigative skeptic,"Cohen & Steers Infrastructure Fund, Inc (NYSE:UTF) Plans $0.17 Monthly Dividend",success,0.22335,0.164913,0.807845,0.035258,0.41135,0.333333,0.100453,0.0,0.020847,0.030348,0.019643,0.012551
simulation_ui_20260918_000717_11_11_dsds,11,11,DSDS,11 · DSDS,73939fe081f6d0ef3ed498b2dd7f4039,1,p1,1. Conspiratorial,Coastal Electric plans rate increase,success,0.314475,0.314475,0.314475,0.0,0.337063,0.5,0.405316,0.0,0.028139,0.061017,0.011963,0.011436
simulation_ui_20260918_000717_11_11_dsds,11,11,DSDS,11 · DSDS,73939fe081f6d0ef3ed498b2dd7f4039,2,p2,2. Investigative skeptic,Coastal Electric plans rate increase,success,0.240016,0.126751,0.441226,0.0,0.333333,0.5,0.117219,0.0,0.015597,0.001372,0.032314,0.013106
simulation_ui_20260918_000717_11_11_dsds,11,11,DSDS,11 · DSDS,73939fe081f6d0ef3ed498b2dd7f4039,3,p3,3. Conspiratorial,Coastal Electric plans rate increase,success,0.322841,0.182923,0.624149,0.010853,0.5,0.666667,0.107974,0.0,0.010809,0.020528,0.000118,0.011781
simulation_ui_20260918_000717_11_11_dsds,11,11,DSDS,11 · DSDS,73939fe081f6d0ef3ed498b2dd7f4039,4,p4,4. Investigative skeptic,Coastal Electric plans rate increase,success,0.124061,0.287717,0.911866,0.0,0.373776,0.0,0.107974,0.0,0.020597,0.006375,0.050521,0.004894
simulation_ui_20260918_000717_11_11_dsds,11,11,DSDS,11 · DSDS,764d938e82fccdeec46aa43984936af9,1,p1,1. Conspiratorial,Centre Highlights Border Infrastructure Push Through BADP and Vibrant Villages Programmes,success,0.194696,0.194696,0.194696,0.193701,0.344717,0.0,0.234203,0.0,0.009549,0.009069,0.015706,0.003872
simulation_ui_20260918_000717_11_11_dsds,11,11,DSDS,11 · DSDS,764d938e82fccdeec46aa43984936af9,2,p2,2. Investigative skeptic,Centre Highlights Border Infrastructure Push Through BADP and Vibrant Villages Programmes,success,0.377416,0.358352,0.553048,0.172498,0.584828,0.542623,0.197767,0.0,0.023877,0.025126,0.034564,0.01194
simulation_ui_20260918_000717_11_11_dsds,11,11,DSDS,11 · DSDS,764d938e82fccdeec46aa43984936af9,3,p3,3. Conspiratorial,Centre Highlights Border Infrastructure Push Through BADP and Vibrant Villages Programmes,success,0.442566,0.42324,0.976288,0.418527,0.651387,0.265792,0.421756,0.0,0.028546,0.04324,0.029054,0.013343
simulation_ui_20260918_000717_11_11_dsds,11,11,DSDS,11 · DSDS,764d938e82fccdeec46aa43984936af9,4,p4,4. Investigative skeptic,Centre Highlights Border Infrastructure Push Through BADP and Vibrant Villages Programmes,success,0.39311,0.439017,1.415305,0.121141,0.583322,0.535154,0.315021,0.0,0.0364,0.042603,0.034891,0.031705
simulation_ui_20260918_000717_11_11_dsds,11,11,DSDS,11 · DSDS,80a390c3c68815dadd42b1ea065fd1af,1,p1,1. Conspiratorial,Contract OK’d to extend sidewalk repairs,success,0.16235,0.16235,0.16235,0.115669,0.132905,0.0,0.400632,0.0,0.00029,0.00078,8.2e-05,8e-06
simulation_ui_20260918_000717_11_11_dsds,11,11,DSDS,11 · DSDS,80a390c3c68815dadd42b1ea065fd1af,2,p2,2. Investigative skeptic,Contract OK’d to extend sidewalk repairs,success,0.249885,0.307976,0.470326,0.182296,0.291773,0.356175,0.163979,0.0,0.008846,0.008205,0.006464,0.011869
simulation_ui_20260918_000717_11_11_dsds,11,11,DSDS,11 · DSDS,80a390c3c68815dadd42b1ea065fd1af,3,p3,3. Conspiratorial,Contract OK’d to extend sidewalk repairs,success,0.386575,0.421841,0.892167,0.340186,0.522112,0.25,0.42885,0.0,0.01048,0.014795,0.002141,0.014503
simulation_ui_20260918_000717_11_11_dsds,11,11,DSDS,11 · DSDS,80a390c3c68815dadd42b1ea065fd1af,4,p4,4. Investigative skeptic,Contract OK’d to extend sidewalk repairs,success,0.311226,0.290323,1.18249,0.057581,0.362816,0.289869,0.529484,0.0,0.009337,0.00238,0.010392,0.015238
simulation_ui_20260918_000717_11_11_dsds,11,11,DSDS,11 · DSDS,80e1561246e5483a76211bd892a06bcb,1,p1,1. Conspiratorial,Aldi inches closer to being hit with unprecedented $15 policy at all locations in the state,success,0.194399,0.194399,0.194399,0.184507,0.203004,0.214893,0.168492,0.0,0.010377,0.008785,0.005651,0.016696
simulation_ui_20260918_000717_11_11_dsds,11,11,DSDS,11 · DSDS,80e1561246e5483a76211bd892a06bcb,2,p2,2. Investigative skeptic,Aldi inches closer to being hit with unprecedented $15 policy at all locations in the state,success,0.33614,0.287132,0.481531,0.286167,0.544048,0.4,0.106691,0.0,0.014372,0.009019,0.026647,0.00745
simulation_ui_20260918_000717_11_11_dsds,11,11,DSDS,11 · DSDS,80e1561246e5483a76211bd892a06bcb,3,p3,3. Conspiratorial,Aldi inches closer to being hit with unprecedented $15 policy at all locations in the state,success,0.312639,0.160263,0.641794,0.286313,0.535302,0.24139,0.175023,0.0,0.022676,0.022644,0.03426,0.011125
simulation_ui_20260918_000717_11_11_dsds,11,11,DSDS,11 · DSDS,80e1561246e5483a76211bd892a06bcb,4,p4,4. Investigative skeptic,Aldi inches closer to being hit with unprecedented $15 policy at all locations in the state,success,0.276755,0.178006,0.8198,0.286167,0.332274,0.256283,0.216218,0.0,0.027637,0.038501,0.02648,0.017931
simulation_ui_20260918_000717_11_11_dsds,11,11,DSDS,11 · DSDS,954401161f2ebcd5c5ec0961fa417e31,1,p1,1. Conspiratorial,Biodiversity strategy is a must for mining companies,success,0.229123,0.229123,0.229123,0.017925,0.232906,0.333333,0.318088,0.0,0.022984,0.019557,0.021894,0.027501
simulation_ui_20260918_000717_11_11_dsds,11,11,DSDS,11 · DSDS,954401161f2ebcd5c5ec0961fa417e31,2,p2,2. Investigative skeptic,Biodiversity strategy is a must for mining companies,success,0.275049,0.100734,0.329857,0.017925,0.469423,0.333333,0.260895,0.0,0.031903,0.012513,0.050758,0.032439
simulation_ui_20260918_000717_11_11_dsds,11,11,DSDS,11 · DSDS,954401161f2ebcd5c5ec0961fa417e31,3,p3,3. Conspiratorial,Biodiversity strategy is a must for mining companies,success,0.39323,0.225776,0.555633,0.116264,0.620776,0.333333,0.487348,0.0,0.031118,0.009954,0.047512,0.035887
simulation_ui_20260918_000717_11_11_dsds,11,11,DSDS,11 · DSDS,954401161f2ebcd5c5ec0961fa417e31,4,p4,4. Investigative skeptic,Biodiversity strategy is a must for mining companies,success,0.376871,0.129789,0.685422,0.116264,0.582201,0.333333,0.460373,0.0,0.030533,0.002761,0.055531,0.033306
simulation_ui_20260918_000717_11_11_dsds,11,11,DSDS,11 · DSDS,96039628b3a89f4a9134fd1dc3b666d7,1,p1,1. Conspiratorial,Air travel to become expensive from April 1? Civil Aviation Minister clarifies amid Middle East crisis,success,0.270211,0.270211,0.270211,0.159003,0.447143,0.0,0.460683,0.0,0.02389,0.019367,0.014235,0.038067
simulation_ui_20260918_000717_11_11_dsds,11,11,DSDS,11 · DSDS,96039628b3a89f4a9134fd1dc3b666d7,2,p2,2. Investigative skeptic,Air travel to become expensive from April 1? Civil Aviation Minister clarifies amid Middle East crisis,success,0.445094,0.437115,0.707326,0.218444,0.588006,0.390012,0.562544,0.0,0.047681,0.008629,0.102375,0.032039
simulation_ui_20260918_000717_11_11_dsds,11,11,DSDS,11 · DSDS,96039628b3a89f4a9134fd1dc3b666d7,3,p3,3. Conspiratorial,Air travel to become expensive from April 1? Civil Aviation Minister clarifies amid Middle East crisis,success,0.326037,0.252974,0.9603,0.21918,0.217435,0.34469,0.499971,0.0,0.042066,0.006012,0.095278,0.024907
simulation_ui_20260918_000717_11_11_dsds,11,11,DSDS,11 · DSDS,96039628b3a89f4a9134fd1dc3b666d7,4,p4,4. Investigative skeptic,Air travel to become expensive from April 1? Civil Aviation Minister clarifies amid Middle East crisis,success,0.422949,0.294518,1.254818,0.286786,0.401254,0.440464,0.54558,0.0,0.038073,0.019438,0.08747,0.007311
simulation_ui_20260918_000717_11_11_dsds,11,11,DSDS,11 · DSDS,9dee564f6a8f10132f19e6a4b2b8e1a7,1,p1,1. Conspiratorial,"Better and Coinbase Launch the First Token-Backed, Conforming Mortgage",success,0.22816,0.22816,0.22816,0.14825,0.330097,0.104986,0.322065,0.0,0.011703,0.015798,0.005642,0.013669
simulation_ui_20260918_000717_11_11_dsds,11,11,DSDS,11 · DSDS,9dee564f6a8f10132f19e6a4b2b8e1a7,2,p2,2. Investigative skeptic,"Better and Coinbase Launch the First Token-Backed, Conforming Mortgage",success,0.179334,0.228332,0.456492,0.0,0.312238,0.0,0.396032,0.0,0.013772,0.019904,0.009434,0.011979
simulation_ui_20260918_000717_11_11_dsds,11,11,DSDS,11 · DSDS,9dee564f6a8f10132f19e6a4b2b8e1a7,3,p3,3. Conspiratorial,"Better and Coinbase Launch the First Token-Backed, Conforming Mortgage",success,0.251476,0.124987,0.581479,0.180723,0.352616,0.104986,0.358546,0.0,0.015038,0.032223,0.009031,0.00386
simulation_ui_20260918_000717_11_11_dsds,11,11,DSDS,11 · DSDS,9dee564f6a8f10132f19e6a4b2b8e1a7,4,p4,4. Investigative skeptic,"Better and Coinbase Launch the First Token-Backed, Conforming Mortgage",success,0.290941,0.162923,0.744402,0.242173,0.440716,0.104986,0.360586,0.0,0.026836,0.03949,0.015522,0.025496
simulation_ui_20260918_000717_11_11_dsds,11,11,DSDS,11 · DSDS,a83c7d9bd4c9948f8104f95aa8914a60,1,p1,1. Conspiratorial,Another cinema in Singapore is closing... but the big,success,0.256082,0.256082,0.256082,0.249497,0.388626,0.125,0.25505,0.0,0.010322,0.009914,0.005463,0.015589
simulation_ui_20260918_000717_11_11_dsds,11,11,DSDS,11 · DSDS,a83c7d9bd4c9948f8104f95aa8914a60,2,p2,2. Investigative skeptic,Another cinema in Singapore is closing... but the big,success,0.28864,0.085634,0.341716,0.212513,0.401444,0.125,0.411125,0.0,0.007858,0.000355,0.012554,0.010665
simulation_ui_20260918_000717_11_11_dsds,11,11,DSDS,11 · DSDS,a83c7d9bd4c9948f8104f95aa8914a60,3,p3,3. Conspiratorial,Another cinema in Singapore is closing... but the big,success,0.317031,0.093959,0.435675,0.212513,0.551305,0.125,0.374731,0.0,0.008361,0.011028,0.006324,0.007731
simulation_ui_20260918_000717_11_11_dsds,11,11,DSDS,11 · DSDS,a83c7d9bd4c9948f8104f95aa8914a60,4,p4,4. Investigative skeptic,Another cinema in Singapore is closing... but the big,success,0.304874,0.088984,0.524659,0.212513,0.504011,0.125,0.370483,0.0,0.013434,0.010154,0.015165,0.014982
simulation_ui_20260918_000717_11_11_dsds,11,11,DSDS,11 · DSDS,b8147bef700007b0dbccc9eaf88c04ac,1,p1,1. Conspiratorial,CLEO Expands Its Reach as Crypto Prop Traders Rally Around the Prop Firm Trading Platform Built for Them,success,0.118772,0.118772,0.118772,0.05516,0.128714,0.25,0.028211,0.0,0.018376,0.007043,0.03585,0.012234
simulation_ui_20260918_000717_11_11_dsds,11,11,DSDS,11 · DSDS,b8147bef700007b0dbccc9eaf88c04ac,2,p2,2. Investigative skeptic,CLEO Expands Its Reach as Crypto Prop Traders Rally Around the Prop Firm Trading Platform Built for Them,success,0.27763,0.224829,0.343601,0.201225,0.29278,0.25,0.360103,0.0,0.011069,0.028665,0.0008,0.003741
simulation_ui_20260918_000717_11_11_dsds,11,11,DSDS,11 · DSDS,b8147bef700007b0dbccc9eaf88c04ac,3,p3,3. Conspiratorial,CLEO Expands Its Reach as Crypto Prop Traders Rally Around the Prop Firm Trading Platform Built for Them,success,0.289838,0.091318,0.434919,0.189832,0.364757,0.291999,0.300845,0.0,0.020893,0.036041,0.007578,0.019059
simulation_ui_20260918_000717_11_11_dsds,11,11,DSDS,11 · DSDS,b8147bef700007b0dbccc9eaf88c04ac,4,p4,4. Investigative skeptic,CLEO Expands Its Reach as Crypto Prop Traders Rally Around the Prop Firm Trading Platform Built for Them,success,0.246926,0.138243,0.573162,0.014289,0.360053,0.25,0.350408,0.0,0.021413,0.038695,0.011114,0.01443
simulation_ui_20260918_000717_11_11_dsds,11,11,DSDS,11 · DSDS,c24889258ff4d93fcb33d3ad9328f7e5,1,p1,1. Conspiratorial,Clearlake buys Qualus from New Mountain amid soaring power demand; KKR’s exit provides CoolIT employees with handsome payout,success,0.352284,0.352284,0.352284,0.507634,0.466226,0.0,0.419491,0.0,0.030275,0.050387,0.017693,0.022746
simulation_ui_20260918_000717_11_11_dsds,11,11,DSDS,11 · DSDS,c24889258ff4d93fcb33d3ad9328f7e5,2,p2,2. Investigative skeptic,Clearlake buys Qualus from New Mountain amid soaring power demand; KKR’s exit provides CoolIT employees with handsome payout,success,0.39184,0.225962,0.578246,0.557866,0.594271,0.0,0.385853,0.0,0.059649,0.095823,0.029421,0.053702
simulation_ui_20260918_000717_11_11_dsds,11,11,DSDS,11 · DSDS,c24889258ff4d93fcb33d3ad9328f7e5,3,p3,3. Conspiratorial,Clearlake buys Qualus from New Mountain amid soaring power demand; KKR’s exit provides CoolIT employees with handsome payout,success,0.316073,0.178461,0.756707,0.438999,0.466678,0.0,0.318216,0.0,0.072762,0.112807,0.035226,0.070252
simulation_ui_20260918_000717_11_11_dsds,11,11,DSDS,11 · DSDS,c24889258ff4d93fcb33d3ad9328f7e5,4,p4,4. Investigative skeptic,Clearlake buys Qualus from New Mountain amid soaring power demand; KKR’s exit provides CoolIT employees with handsome payout,success,0.381439,0.131304,0.888011,0.507634,0.597608,0.0,0.385853,0.0,0.069078,0.100179,0.046467,0.060587
simulation_ui_20260918_000717_11_11_dsds,11,11,DSDS,11 · DSDS,c431d4ae9339f97a7ca5409d975805a3,1,p1,1. Conspiratorial,Anavex Life Sciences Stock Is Deeply Oversold. Should You Buy the Dip?,success,0.313127,0.313127,0.313127,0.107517,0.478049,0.247126,0.404302,0.0,0.028072,0.06925,0.006383,0.008583
simulation_ui_20260918_000717_11_11_dsds,11,11,DSDS,11 · DSDS,c431d4ae9339f97a7ca5409d975805a3,2,p2,2. Investigative skeptic,Anavex Life Sciences Stock Is Deeply Oversold. Should You Buy the Dip?,success,0.391289,0.367704,0.680831,0.30809,0.434866,0.204896,0.606747,0.0,0.021585,0.040071,0.006468,0.018216
simulation_ui_20260918_000717_11_11_dsds,11,11,DSDS,11 · DSDS,c431d4ae9339f97a7ca5409d975805a3,3,p3,3. Conspiratorial,Anavex Life Sciences Stock Is Deeply Oversold. Should You Buy the Dip?,success,0.457497,0.330527,1.011358,0.374146,0.492469,0.367012,0.579722,0.0,0.038048,0.060275,0.03711,0.01676
simulation_ui_20260918_000717_11_11_dsds,11,11,DSDS,11 · DSDS,c431d4ae9339f97a7ca5409d975805a3,4,p4,4. Investigative skeptic,Anavex Life Sciences Stock Is Deeply Oversold. Should You Buy the Dip?,success,0.374924,0.353501,1.364859,0.062382,0.526439,0.269948,0.628885,0.0,0.023967,0.043045,0.015978,0.012879
simulation_ui_20260918_000717_11_11_dsds,11,11,DSDS,11 · DSDS,ce21e05271d5e7a4e182ceb46e706964,1,p1,1. Conspiratorial,"Arizona opinion: European mandate means costlier food, groceries",success,0.345654,0.345654,0.345654,0.234425,0.619152,0.0,0.517214,0.0,0.02249,0.040536,0.020175,0.006758
simulation_ui_20260918_000717_11_11_dsds,11,11,DSDS,11 · DSDS,ce21e05271d5e7a4e182ceb46e706964,2,p2,2. Investigative skeptic,"Arizona opinion: European mandate means costlier food, groceries",success,0.408425,0.234148,0.579802,0.291296,0.420721,0.4,0.51478,0.0,0.014543,0.025902,0.002366,0.015362
simulation_ui_20260918_000717_11_11_dsds,11,11,DSDS,11 · DSDS,ce21e05271d5e7a4e182ceb46e706964,3,p3,3. Conspiratorial,"Arizona opinion: European mandate means costlier food, groceries",success,0.3679,0.167047,0.746849,0.293983,0.472669,0.25,0.446269,0.0,0.017102,0.03647,0.007757,0.007078
simulation_ui_20260918_000717_11_11_dsds,11,11,DSDS,11 · DSDS,ce21e05271d5e7a4e182ceb46e706964,4,p4,4. Investigative skeptic,"Arizona opinion: European mandate means costlier food, groceries",success,0.407517,0.124388,0.871237,0.337438,0.449198,0.25,0.589725,0.0,0.007809,0.002223,0.005914,0.015291
simulation_ui_20260918_000717_11_11_dsds,11,11,DSDS,11 · DSDS,d66c6c1dfd9c66c9f17f51b8a1ecc92d,1,p1,1. Conspiratorial,"Cadre Holdings to Acquire Assets of Tedder Industries, Including Alien Gear Holsters",success,0.013574,0.013574,0.013574,0.006403,0.0,0.0,0.045387,0.0,0.003172,0.005297,0.002846,0.001372
simulation_ui_20260918_000717_11_11_dsds,11,11,DSDS,11 · DSDS,d66c6c1dfd9c66c9f17f51b8a1ecc92d,2,p2,2. Investigative skeptic,"Cadre Holdings to Acquire Assets of Tedder Industries, Including Alien Gear Holsters",success,0.094703,0.089819,0.103393,0.0,0.092162,0.0,0.282949,0.0,0.005107,0.000262,0.01217,0.002888
simulation_ui_20260918_000717_11_11_dsds,11,11,DSDS,11 · DSDS,d66c6c1dfd9c66c9f17f51b8a1ecc92d,3,p3,3. Conspiratorial,"Cadre Holdings to Acquire Assets of Tedder Industries, Including Alien Gear Holsters",success,0.085723,0.118236,0.221629,0.0,0.092162,0.2,0.043636,0.0,0.00968,0.005662,0.017671,0.005708
simulation_ui_20260918_000717_11_11_dsds,11,11,DSDS,11 · DSDS,d66c6c1dfd9c66c9f17f51b8a1ecc92d,4,p4,4. Investigative skeptic,"Cadre Holdings to Acquire Assets of Tedder Industries, Including Alien Gear Holsters",success,0.263993,0.199283,0.420912,0.2705,0.240061,0.2,0.340351,0.0,0.008578,0.004506,0.01176,0.009467
simulation_ui_20260918_000717_11_11_dsds,11,11,DSDS,11 · DSDS,de1ef9dc3d1297e42a2fb05392a32d49,1,p1,1. Conspiratorial,Constellation Software Inc. (CSU) to Issue Quarterly Dividend of $1.00 on April 15th,success,0.173082,0.173082,0.173082,0.104234,0.369362,0.0,0.211947,0.0,0.010236,0.014124,0.007293,0.00929
simulation_ui_20260918_000717_11_11_dsds,11,11,DSDS,11 · DSDS,de1ef9dc3d1297e42a2fb05392a32d49,2,p2,2. Investigative skeptic,Constellation Software Inc. (CSU) to Issue Quarterly Dividend of $1.00 on April 15th,success,0.236938,0.168516,0.341598,0.104234,0.351543,0.137612,0.343284,0.0,0.018085,0.019826,0.011579,0.022849
simulation_ui_20260918_000717_11_11_dsds,11,11,DSDS,11 · DSDS,de1ef9dc3d1297e42a2fb05392a32d49,3,p3,3. Conspiratorial,Constellation Software Inc. (CSU) to Issue Quarterly Dividend of $1.00 on April 15th,success,0.21902,0.186221,0.527819,0.104234,0.292449,0.311487,0.15151,0.0,0.02611,0.030098,0.018566,0.029667
simulation_ui_20260918_000717_11_11_dsds,11,11,DSDS,11 · DSDS,de1ef9dc3d1297e42a2fb05392a32d49,4,p4,4. Investigative skeptic,Constellation Software Inc. (CSU) to Issue Quarterly Dividend of $1.00 on April 15th,success,0.183952,0.149963,0.677782,0.118425,0.272144,0.137612,0.197836,0.0,0.014954,0.022129,0.007092,0.01564
simulation_ui_20260918_000717_11_11_dsds,11,11,DSDS,11 · DSDS,e0d8c78139dd28d077ec2c768043d7ca,1,p1,1. Conspiratorial,Change in LHV Group Audit Committee,success,0.187961,0.187961,0.187961,0.019831,0.458456,0.038334,0.2311,0.0,0.006339,0.006503,0.00444,0.008075
simulation_ui_20260918_000717_11_11_dsds,11,11,DSDS,11 · DSDS,e0d8c78139dd28d077ec2c768043d7ca,2,p2,2. Investigative skeptic,Change in LHV Group Audit Committee,success,0.13037,0.21781,0.405771,0.014139,0.110118,0.045362,0.339121,0.0,0.018245,0.029446,0.014675,0.010614
simulation_ui_20260918_000717_11_11_dsds,11,11,DSDS,11 · DSDS,e0d8c78139dd28d077ec2c768043d7ca,3,p3,3. Conspiratorial,Change in LHV Group Audit Committee,success,0.335315,0.284562,0.690333,0.019831,0.733329,0.170362,0.397163,0.0,0.038393,0.052263,0.035052,0.027863
simulation_ui_20260918_000717_11_11_dsds,11,11,DSDS,11 · DSDS,e0d8c78139dd28d077ec2c768043d7ca,4,p4,4. Investigative skeptic,Change in LHV Group Audit Committee,success,0.258947,0.28173,0.972063,0.0,0.458796,0.170362,0.400678,0.0,0.010019,0.007672,0.015894,0.00649
simulation_ui_20260918_000717_11_11_dsds,11,11,DSDS,11 · DSDS,e42774600d5c0fd2405b181105990603,1,p1,1. Conspiratorial,Canada is losing more air traffic controllers than it’s hiring: aviation expert,success,0.106685,0.106685,0.106685,0.168482,0.031025,0.0,0.222424,0.0,0.006721,0.000352,0.014692,0.005118
simulation_ui_20260918_000717_11_11_dsds,11,11,DSDS,11 · DSDS,e42774600d5c0fd2405b181105990603,2,p2,2. Investigative skeptic,Canada is losing more air traffic controllers than it’s hiring: aviation expert,success,0.152059,0.068401,0.175086,0.168482,0.149077,0.0,0.283411,0.0,0.010691,0.00183,0.020799,0.009443
simulation_ui_20260918_000717_11_11_dsds,11,11,DSDS,11 · DSDS,e42774600d5c0fd2405b181105990603,3,p3,3. Conspiratorial,Canada is losing more air traffic controllers than it’s hiring: aviation expert,success,0.266038,0.293752,0.468838,0.002404,0.273268,0.25,0.527236,0.0,0.019076,0.014072,0.032034,0.011123
simulation_ui_20260918_000717_11_11_dsds,11,11,DSDS,11 · DSDS,e42774600d5c0fd2405b181105990603,4,p4,4. Investigative skeptic,Canada is losing more air traffic controllers than it’s hiring: aviation expert,success,0.34503,0.205549,0.674387,0.134571,0.454244,0.25,0.528941,0.0,0.023483,0.01057,0.047098,0.012781
simulation_ui_20260918_000717_11_11_dsds,11,11,DSDS,11 · DSDS,e68862b7bac57065b34e1018a51ce3f2,1,p1,1. Conspiratorial,"Cruisebound Launches ""Search by Map,"" Redefining How Travelers Discover Cruises",success,0.167146,0.167146,0.167146,0.0,0.228416,0.333333,0.098849,0.0,0.011959,0.01412,0.015688,0.006069
simulation_ui_20260918_000717_11_11_dsds,11,11,DSDS,11 · DSDS,e68862b7bac57065b34e1018a51ce3f2,2,p2,2. Investigative skeptic,"Cruisebound Launches ""Search by Map,"" Redefining How Travelers Discover Cruises",success,0.195873,0.165586,0.332732,0.062135,0.083947,0.333333,0.272561,0.0,0.048515,0.052483,0.055595,0.037466
simulation_ui_20260918_000717_11_11_dsds,11,11,DSDS,11 · DSDS,e68862b7bac57065b34e1018a51ce3f2,3,p3,3. Conspiratorial,"Cruisebound Launches ""Search by Map,"" Redefining How Travelers Discover Cruises",success,0.103504,0.229501,0.562233,0.060058,0.228416,0.0,0.102468,0.0,0.031965,0.037353,0.034011,0.024531
simulation_ui_20260918_000717_11_11_dsds,11,11,DSDS,11 · DSDS,e68862b7bac57065b34e1018a51ce3f2,4,p4,4. Investigative skeptic,"Cruisebound Launches ""Search by Map,"" Redefining How Travelers Discover Cruises",success,0.137558,0.058035,0.620268,0.071093,0.228416,0.0,0.215049,0.0,0.051176,0.053998,0.061747,0.037783
simulation_ui_20260918_000717_11_11_dsds,11,11,DSDS,11 · DSDS,ea67fb6d8317500951f4bf21966a33ea,1,p1,1. Conspiratorial,China's 'Africa Diaper King' Delivers Strong Annual Profit Post-IPO,success,0.24768,0.24768,0.24768,0.256179,0.526372,0.0,0.200722,0.0,0.01234,0.010196,0.02302,0.003803
simulation_ui_20260918_000717_11_11_dsds,11,11,DSDS,11 · DSDS,ea67fb6d8317500951f4bf21966a33ea,2,p2,2. Investigative skeptic,China's 'Africa Diaper King' Delivers Strong Annual Profit Post-IPO,success,0.270688,0.247638,0.495318,0.146649,0.487156,0.29826,0.144422,0.0,0.010714,0.001799,0.029041,0.001301
simulation_ui_20260918_000717_11_11_dsds,11,11,DSDS,11 · DSDS,ea67fb6d8317500951f4bf21966a33ea,3,p3,3. Conspiratorial,China's 'Africa Diaper King' Delivers Strong Annual Profit Post-IPO,success,0.245209,0.247772,0.74309,0.138959,0.455481,0.197828,0.182753,0.0,0.009612,0.002086,0.0231,0.003651
simulation_ui_20260918_000717_11_11_dsds,11,11,DSDS,11 · DSDS,ea67fb6d8317500951f4bf21966a33ea,4,p4,4. Investigative skeptic,China's 'Africa Diaper King' Delivers Strong Annual Profit Post-IPO,success,0.307014,0.212229,0.955319,0.21567,0.388467,0.25,0.368143,0.0,0.010399,0.003864,0.02364,0.003694
simulation_ui_20260918_000717_11_11_dsds,11,11,DSDS,11 · DSDS,edd97daf51d7e0bb7d9da3f3e2c9bfa8,1,p1,1. Conspiratorial,Amazon and Walmart fined for selling banned refrigerant in Washington state,success,0.182405,0.182405,0.182405,0.0,0.315242,0.0,0.406751,0.0,0.011636,0.014454,0.003193,0.01726
simulation_ui_20260918_000717_11_11_dsds,11,11,DSDS,11 · DSDS,edd97daf51d7e0bb7d9da3f3e2c9bfa8,2,p2,2. Investigative skeptic,Amazon and Walmart fined for selling banned refrigerant in Washington state,success,0.178202,0.230505,0.41291,0.009225,0.426468,0.25,0.017259,0.0,0.014946,0.014962,0.008313,0.021564
simulation_ui_20260918_000717_11_11_dsds,11,11,DSDS,11 · DSDS,edd97daf51d7e0bb7d9da3f3e2c9bfa8,3,p3,3. Conspiratorial,Amazon and Walmart fined for selling banned refrigerant in Washington state,success,0.209325,0.103814,0.516724,0.039463,0.492648,0.25,0.04652,0.0,0.013669,0.008943,0.004754,0.027311
simulation_ui_20260918_000717_11_11_dsds,11,11,DSDS,11 · DSDS,edd97daf51d7e0bb7d9da3f3e2c9bfa8,4,p4,4. Investigative skeptic,Amazon and Walmart fined for selling banned refrigerant in Washington state,success,0.132323,0.166762,0.683486,0.0,0.197381,0.25,0.059353,0.0,0.032285,0.034438,0.035114,0.027303
simulation_ui_20260918_000717_11_11_dsds,11,11,DSDS,11 · DSDS,efc05dd0bbe1b970e1f97452c3e0b5a4,1,p1,1. Conspiratorial,Blackstone (BX) Slipped Amid Private Credit Concerns Despite Strong Long-Term Outlook,success,0.414929,0.414929,0.414929,0.724904,0.479554,0.0,0.44092,0.0,0.030448,0.054153,0.007331,0.029859
simulation_ui_20260918_000717_11_11_dsds,11,11,DSDS,11 · DSDS,efc05dd0bbe1b970e1f97452c3e0b5a4,2,p2,2. Investigative skeptic,Blackstone (BX) Slipped Amid Private Credit Concerns Despite Strong Long-Term Outlook,success,0.110937,0.407918,0.822847,0.012097,0.049777,0.0,0.36772,0.0,0.019821,0.022825,0.012704,0.023933
simulation_ui_20260918_000717_11_11_dsds,11,11,DSDS,11 · DSDS,efc05dd0bbe1b970e1f97452c3e0b5a4,3,p3,3. Conspiratorial,Blackstone (BX) Slipped Amid Private Credit Concerns Despite Strong Long-Term Outlook,success,0.080427,0.129974,0.952821,0.012097,0.015018,0.0,0.28287,0.0,0.015886,0.013861,0.008296,0.025501
simulation_ui_20260918_000717_11_11_dsds,11,11,DSDS,11 · DSDS,efc05dd0bbe1b970e1f97452c3e0b5a4,4,p4,4. Investigative skeptic,Blackstone (BX) Slipped Amid Private Credit Concerns Despite Strong Long-Term Outlook,success,0.134301,0.123145,1.075966,0.098588,0.07155,0.0,0.347539,0.0,0.02804,0.022688,0.02961,0.031821
simulation_ui_20260918_000717_11_11_dsds,11,11,DSDS,11 · DSDS,f46dd28ab257311f8706feca1dc99708,1,p1,1. Conspiratorial,Bevvy: Downtown’s New ‘Dirty’ Soda,success,0.129058,0.129058,0.129058,0.0,0.234414,0.0,0.270954,0.0,0.015546,0.015965,0.024632,0.006042
simulation_ui_20260918_000717_11_11_dsds,11,11,DSDS,11 · DSDS,f46dd28ab257311f8706feca1dc99708,2,p2,2. Investigative skeptic,Bevvy: Downtown’s New ‘Dirty’ Soda,success,0.163628,0.04873,0.177788,0.030477,0.351722,0.0,0.264963,0.0,0.010963,0.010516,0.022286,8.7e-05
simulation_ui_20260918_000717_11_11_dsds,11,11,DSDS,11 · DSDS,f46dd28ab257311f8706feca1dc99708,3,p3,3. Conspiratorial,Bevvy: Downtown’s New ‘Dirty’ Soda,success,0.238386,0.261144,0.438932,0.241335,0.542194,0.0,0.162163,0.0,0.012857,0.014092,0.023556,0.000922
simulation_ui_20260918_000717_11_11_dsds,11,11,DSDS,11 · DSDS,f46dd28ab257311f8706feca1dc99708,4,p4,4. Investigative skeptic,Bevvy: Downtown’s New ‘Dirty’ Soda,success,0.154294,0.268533,0.707465,0.030682,0.26258,0.0,0.309588,0.0,0.021087,0.019228,0.029822,0.014212
simulation_ui_20260918_000717_11_11_dsds,11,11,DSDS,11 · DSDS,f7a4ad54b51a7d28de6970e46285b0f2,1,p1,1. Conspiratorial,5G Services Market Surges to $497.24 billion by 2028 | CAGR 19.3%,success,0.065719,0.065719,0.065719,0.077461,0.1731,0.0,0.00187,0.0,0.013936,0.007817,0.02926,0.00473
simulation_ui_20260918_000717_11_11_dsds,11,11,DSDS,11 · DSDS,f7a4ad54b51a7d28de6970e46285b0f2,2,p2,2. Investigative skeptic,5G Services Market Surges to $497.24 billion by 2028 | CAGR 19.3%,success,0.425828,0.38265,0.448369,1.0,0.1731,0.0,0.523655,0.0,0.014235,0.013828,0.017931,0.010945
simulation_ui_20260918_000717_11_11_dsds,11,11,DSDS,11 · DSDS,f7a4ad54b51a7d28de6970e46285b0f2,3,p3,3. Conspiratorial,5G Services Market Surges to $497.24 billion by 2028 | CAGR 19.3%,success,0.488274,0.178673,0.627042,1.0,0.1731,0.333333,0.429177,0.0,0.042354,0.039762,0.055915,0.031384
simulation_ui_20260918_000717_11_11_dsds,11,11,DSDS,11 · DSDS,f7a4ad54b51a7d28de6970e46285b0f2,4,p4,4. Investigative skeptic,5G Services Market Surges to $497.24 billion by 2028 | CAGR 19.3%,success,0.433822,0.240984,0.868026,1.0,0.19986,0.0,0.522587,0.0,0.028188,0.034685,0.03481,0.01507
simulation_ui_20260918_000717_11_11_dsds,11,11,DSDS,11 · DSDS,ff437d173cf94bd173d62a3ee1c4dc9e,1,p1,1. Conspiratorial,Deputy minister: Belarus is among global leaders in dairy and meat exports,success,0.345092,0.345092,0.345092,0.168704,0.568878,0.25,0.375388,0.0,0.032986,0.018218,0.051123,0.029617
simulation_ui_20260918_000717_11_11_dsds,11,11,DSDS,11 · DSDS,ff437d173cf94bd173d62a3ee1c4dc9e,2,p2,2. Investigative skeptic,Deputy minister: Belarus is among global leaders in dairy and meat exports,success,0.309731,0.176884,0.521976,0.162639,0.472206,0.233009,0.36372,0.0,0.013276,0.011492,0.027311,0.001026
simulation_ui_20260918_000717_11_11_dsds,11,11,DSDS,11 · DSDS,ff437d173cf94bd173d62a3ee1c4dc9e,3,p3,3. Conspiratorial,Deputy minister: Belarus is among global leaders in dairy and meat exports,success,0.359008,0.129621,0.651597,0.192644,0.592956,0.25,0.387646,0.0,0.024812,0.037084,0.021192,0.016159
simulation_ui_20260918_000717_11_11_dsds,11,11,DSDS,11 · DSDS,ff437d173cf94bd173d62a3ee1c4dc9e,4,p4,4. Investigative skeptic,Deputy minister: Belarus is among global leaders in dairy and meat exports,success,0.349252,0.110908,0.762505,0.201285,0.615184,0.238226,0.333683,0.0,0.016522,0.0293,0.008143,0.012124
simulation_ui_20260918_000717_12_12_sdsd,12,12,SDSD,12 · SDSD,03d15c304dd6358c32fe4fdcb841b43a,1,p1,1. Investigative skeptic,"APO INVESTOR DEADLINE APPROACHING: Faruqi & Faruqi, LLP Reminds Apollo Global Management (APO) Investors of Securities Class Action Deadline on May 1, 2026",success,0.199429,0.199429,0.199429,0.143006,0.065985,0.2,0.380819,0.0,0.012314,0.003692,0.014765,0.018485
simulation_ui_20260918_000717_12_12_sdsd,12,12,SDSD,12 · SDSD,03d15c304dd6358c32fe4fdcb841b43a,2,p2,2. Conspiratorial,"APO INVESTOR DEADLINE APPROACHING: Faruqi & Faruqi, LLP Reminds Apollo Global Management (APO) Investors of Securities Class Action Deadline on May 1, 2026",success,0.256617,0.248961,0.44839,0.0,0.315985,0.333333,0.372278,0.0,0.008178,0.009788,0.007962,0.006784
simulation_ui_20260918_000717_12_12_sdsd,12,12,SDSD,12 · SDSD,03d15c304dd6358c32fe4fdcb841b43a,3,p3,3. Investigative skeptic,"APO INVESTOR DEADLINE APPROACHING: Faruqi & Faruqi, LLP Reminds Apollo Global Management (APO) Investors of Securities Class Action Deadline on May 1, 2026",success,0.20304,0.239858,0.688248,0.0,0.136616,0.2,0.470825,0.0,0.007388,0.007937,0.006478,0.007749
simulation_ui_20260918_000717_12_12_sdsd,12,12,SDSD,12 · SDSD,03d15c304dd6358c32fe4fdcb841b43a,4,p4,4. Conspiratorial,"APO INVESTOR DEADLINE APPROACHING: Faruqi & Faruqi, LLP Reminds Apollo Global Management (APO) Investors of Securities Class Action Deadline on May 1, 2026",success,0.237287,0.120397,0.808645,0.0,0.136616,0.2,0.607106,0.0,0.008878,0.022748,0.001545,0.00234
simulation_ui_20260918_000717_12_12_sdsd,12,12,SDSD,12 · SDSD,03d1d324c6615b5fbc7455135584ac57,1,p1,1. Investigative skeptic,Canadian Imperial Bank of Commerce (CM) To Go Ex-Dividend on March 27th,success,0.17531,0.17531,0.17531,0.0,0.078676,0.081983,0.352126,0.25,0.021274,0.034693,0.001937,0.027193
simulation_ui_20260918_000717_12_12_sdsd,12,12,SDSD,12 · SDSD,03d1d324c6615b5fbc7455135584ac57,2,p2,2. Conspiratorial,Canadian Imperial Bank of Commerce (CM) To Go Ex-Dividend on March 27th,success,0.22079,0.178712,0.354022,0.152291,0.32109,0.137612,0.262073,0.0,0.016143,0.023059,0.002859,0.02251
simulation_ui_20260918_000717_12_12_sdsd,12,12,SDSD,12 · SDSD,03d1d324c6615b5fbc7455135584ac57,3,p3,3. Investigative skeptic,Canadian Imperial Bank of Commerce (CM) To Go Ex-Dividend on March 27th,success,0.312469,0.274846,0.628868,0.107548,0.438245,0.080861,0.468758,0.25,0.016733,0.021326,0.00633,0.022544
simulation_ui_20260918_000717_12_12_sdsd,12,12,SDSD,12 · SDSD,03d1d324c6615b5fbc7455135584ac57,4,p4,4. Conspiratorial,Canadian Imperial Bank of Commerce (CM) To Go Ex-Dividend on March 27th,success,0.226205,0.223099,0.851967,0.063504,0.355305,0.188554,0.285406,0.0,0.019392,0.023451,0.007185,0.027539
simulation_ui_20260918_000717_12_12_sdsd,12,12,SDSD,12 · SDSD,0883a2f27500aaeca578c2b397002506,1,p1,1. Investigative skeptic,'A crater': Pollster says Trump suffers 'objective measure' of 'failed presidency',success,0.199962,0.199962,0.199962,0.0939,0.11789,0.270497,0.303692,0.0,0.021573,0.028031,0.035103,0.001586
simulation_ui_20260918_000717_12_12_sdsd,12,12,SDSD,12 · SDSD,0883a2f27500aaeca578c2b397002506,2,p2,2. Conspiratorial,'A crater': Pollster says Trump suffers 'objective measure' of 'failed presidency',success,0.185445,0.161322,0.361284,0.069678,0.141596,0.253529,0.260203,0.0,0.025609,0.031963,0.036776,0.008087
simulation_ui_20260918_000717_12_12_sdsd,12,12,SDSD,12 · SDSD,0883a2f27500aaeca578c2b397002506,3,p3,3. Investigative skeptic,'A crater': Pollster says Trump suffers 'objective measure' of 'failed presidency',success,0.274909,0.217511,0.578795,0.280466,0.223784,0.253529,0.326271,0.0,0.026727,0.039152,0.037174,0.003856
simulation_ui_20260918_000717_12_12_sdsd,12,12,SDSD,12 · SDSD,0883a2f27500aaeca578c2b397002506,4,p4,4. Conspiratorial,'A crater': Pollster says Trump suffers 'objective measure' of 'failed presidency',success,0.210895,0.193722,0.772517,0.142423,0.156148,0.253529,0.273792,0.0,0.027864,0.031813,0.042046,0.009733
simulation_ui_20260918_000717_12_12_sdsd,12,12,SDSD,12 · SDSD,0b30ae6eaf7bab834a4906766ba2ecb2,1,p1,1. Investigative skeptic,Britain introduces “plug-in” solar panels for homes to tackle the energy crisis caused by the war in Iran,success,0.212946,0.212946,0.212946,0.024277,0.411895,0.0,0.405895,0.0,0.015384,0.011623,0.018718,0.015812
simulation_ui_20260918_000717_12_12_sdsd,12,12,SDSD,12 · SDSD,0b30ae6eaf7bab834a4906766ba2ecb2,2,p2,2. Conspiratorial,Britain introduces “plug-in” solar panels for homes to tackle the energy crisis caused by the war in Iran,success,0.215427,0.11873,0.331676,0.093206,0.275055,0.0,0.474411,0.0,0.030146,0.036912,0.022881,0.030645
simulation_ui_20260918_000717_12_12_sdsd,12,12,SDSD,12 · SDSD,0b30ae6eaf7bab834a4906766ba2ecb2,3,p3,3. Investigative skeptic,Britain introduces “plug-in” solar panels for homes to tackle the energy crisis caused by the war in Iran,success,0.283356,0.200987,0.532663,0.065837,0.44335,0.0,0.60626,0.0,0.031164,0.04091,0.025607,0.026976
simulation_ui_20260918_000717_12_12_sdsd,12,12,SDSD,12 · SDSD,0b30ae6eaf7bab834a4906766ba2ecb2,4,p4,4. Conspiratorial,Britain introduces “plug-in” solar panels for homes to tackle the energy crisis caused by the war in Iran,success,0.419272,0.27396,0.806623,0.044501,0.569543,0.2,0.591818,0.5,0.025294,0.049164,0.022034,0.004685
simulation_ui_20260918_000717_12_12_sdsd,12,12,SDSD,12 · SDSD,0c84c580588b0f1f5c9070df32dfc5a6,1,p1,1. Investigative skeptic,"$1,000 ‘Dog Tax Credit’? Americans eye big payout — don’t miss this April date",success,0.273206,0.273206,0.273206,0.122189,0.340584,0.333333,0.275863,0.0,0.035611,0.027286,0.054496,0.02505
simulation_ui_20260918_000717_12_12_sdsd,12,12,SDSD,12 · SDSD,0c84c580588b0f1f5c9070df32dfc5a6,2,p2,2. Conspiratorial,"$1,000 ‘Dog Tax Credit’? Americans eye big payout — don’t miss this April date",success,0.295416,0.22996,0.503166,0.117909,0.451678,0.116941,0.475913,0.0,0.033874,0.055946,0.033674,0.012003
simulation_ui_20260918_000717_12_12_sdsd,12,12,SDSD,12 · SDSD,0c84c580588b0f1f5c9070df32dfc5a6,3,p3,3. Investigative skeptic,"$1,000 ‘Dog Tax Credit’? Americans eye big payout — don’t miss this April date",success,0.231613,0.231153,0.734319,0.121393,0.309781,0.15561,0.308167,0.0,0.050728,0.079442,0.05649,0.016253
simulation_ui_20260918_000717_12_12_sdsd,12,12,SDSD,12 · SDSD,0c84c580588b0f1f5c9070df32dfc5a6,4,p4,4. Conspiratorial,"$1,000 ‘Dog Tax Credit’? Americans eye big payout — don’t miss this April date",success,0.347232,0.226961,0.96128,0.156314,0.530171,0.223694,0.455468,0.0,0.044185,0.083801,0.036314,0.012441
simulation_ui_20260918_000717_12_12_sdsd,12,12,SDSD,12 · SDSD,0ccfe99f5612d8b22298e5942170415d,1,p1,1. Investigative skeptic,Cambria Tax Aware ETF (NASDAQ:TAX) Short Interest Down 67.0% in March,success,0.075378,0.075378,0.075378,0.009055,0.087817,0.0,0.192956,0.0,0.015745,0.022183,0.023454,0.001598
simulation_ui_20260918_000717_12_12_sdsd,12,12,SDSD,12 · SDSD,0ccfe99f5612d8b22298e5942170415d,2,p2,2. Conspiratorial,Cambria Tax Aware ETF (NASDAQ:TAX) Short Interest Down 67.0% in March,success,0.196461,0.198409,0.273787,0.0,0.404997,0.197901,0.17742,0.0,0.008579,0.003351,0.007932,0.014454
simulation_ui_20260918_000717_12_12_sdsd,12,12,SDSD,12 · SDSD,0ccfe99f5612d8b22298e5942170415d,3,p3,3. Investigative skeptic,Cambria Tax Aware ETF (NASDAQ:TAX) Short Interest Down 67.0% in March,success,0.20857,0.214626,0.488413,0.013969,0.357083,0.0,0.455208,0.0,0.012634,0.007146,0.028838,0.001917
simulation_ui_20260918_000717_12_12_sdsd,12,12,SDSD,12 · SDSD,0ccfe99f5612d8b22298e5942170415d,4,p4,4. Conspiratorial,Cambria Tax Aware ETF (NASDAQ:TAX) Short Interest Down 67.0% in March,success,0.318577,0.339757,0.82817,0.0,0.529847,0.333333,0.404325,0.0,0.012451,0.008081,0.010331,0.01894
simulation_ui_20260918_000717_12_12_sdsd,12,12,SDSD,12 · SDSD,11c9275c35fecd97efe0ba12a17b00da,1,p1,1. Investigative skeptic,CPA questions legal basis of GACL takeover of McDan Jet Terminal,success,0.165483,0.165483,0.165483,0.072657,0.318271,0.0,0.260921,0.0,0.015059,0.028259,0.001587,0.015332
simulation_ui_20260918_000717_12_12_sdsd,12,12,SDSD,12 · SDSD,11c9275c35fecd97efe0ba12a17b00da,2,p2,2. Conspiratorial,CPA questions legal basis of GACL takeover of McDan Jet Terminal,success,0.035387,0.156424,0.321907,0.081146,0.0,0.0,0.051433,0.0,0.011594,0.015125,0.011476,0.00818
simulation_ui_20260918_000717_12_12_sdsd,12,12,SDSD,12 · SDSD,11c9275c35fecd97efe0ba12a17b00da,3,p3,3. Investigative skeptic,CPA questions legal basis of GACL takeover of McDan Jet Terminal,success,0.119117,0.110461,0.432368,0.072657,0.091876,0.013667,0.290689,0.0,0.01073,0.002721,0.021394,0.008074
simulation_ui_20260918_000717_12_12_sdsd,12,12,SDSD,12 · SDSD,11c9275c35fecd97efe0ba12a17b00da,4,p4,4. Conspiratorial,CPA questions legal basis of GACL takeover of McDan Jet Terminal,success,0.275967,0.253687,0.686055,0.092151,0.482609,0.166667,0.354181,0.0,0.014219,0.00791,0.033516,0.001232
simulation_ui_20260918_000717_12_12_sdsd,12,12,SDSD,12 · SDSD,11fde5af588f2d6f6a0c145a6d089324,1,p1,1. Investigative skeptic,"BSNL Posts ₹5,000 Crore Profit After 18 Years, Scindia Signals ₹10,000 Crore Target & India Post IPO Plans",success,0.149182,0.149182,0.149182,0.113142,0.119049,0.25,0.098103,0.0,0.02403,0.035996,0.019228,0.016865
simulation_ui_20260918_000717_12_12_sdsd,12,12,SDSD,12 · SDSD,11fde5af588f2d6f6a0c145a6d089324,2,p2,2. Conspiratorial,"BSNL Posts ₹5,000 Crore Profit After 18 Years, Scindia Signals ₹10,000 Crore Target & India Post IPO Plans",success,0.196093,0.128711,0.277893,0.130971,0.283347,0.25,0.098103,0.0,0.033898,0.059594,0.026699,0.015402
simulation_ui_20260918_000717_12_12_sdsd,12,12,SDSD,12 · SDSD,11fde5af588f2d6f6a0c145a6d089324,3,p3,3. Investigative skeptic,"BSNL Posts ₹5,000 Crore Profit After 18 Years, Scindia Signals ₹10,000 Crore Target & India Post IPO Plans",success,0.266544,0.177826,0.455719,0.324547,0.341831,0.25,0.121804,0.0,0.047261,0.08304,0.040852,0.01789
simulation_ui_20260918_000717_12_12_sdsd,12,12,SDSD,12 · SDSD,11fde5af588f2d6f6a0c145a6d089324,4,p4,4. Conspiratorial,"BSNL Posts ₹5,000 Crore Profit After 18 Years, Scindia Signals ₹10,000 Crore Target & India Post IPO Plans",success,0.237439,0.188996,0.644715,0.102,0.46064,0.25,0.117394,0.0,0.032122,0.051227,0.038133,0.007006
simulation_ui_20260918_000717_12_12_sdsd,12,12,SDSD,12 · SDSD,17cd8c3587799d6f5551faf3e5895209,1,p1,1. Investigative skeptic,"Credit Union of Colorado Foundation invests $50,000 in community college scholarships",success,0.159799,0.159799,0.159799,0.081216,0.466314,0.0,0.078723,0.0,0.01918,0.024161,0.017037,0.016341
simulation_ui_20260918_000717_12_12_sdsd,12,12,SDSD,12 · SDSD,17cd8c3587799d6f5551faf3e5895209,2,p2,2. Conspiratorial,"Credit Union of Colorado Foundation invests $50,000 in community college scholarships",success,0.260536,0.208467,0.368266,0.034367,0.624866,0.0,0.369766,0.0,0.022121,0.033328,0.007678,0.025357
simulation_ui_20260918_000717_12_12_sdsd,12,12,SDSD,12 · SDSD,17cd8c3587799d6f5551faf3e5895209,3,p3,3. Investigative skeptic,"Credit Union of Colorado Foundation invests $50,000 in community college scholarships",success,0.273525,0.093319,0.461585,0.08362,0.624866,0.0,0.359826,0.0,0.043982,0.064239,0.019066,0.048641
simulation_ui_20260918_000717_12_12_sdsd,12,12,SDSD,12 · SDSD,17cd8c3587799d6f5551faf3e5895209,4,p4,4. Conspiratorial,"Credit Union of Colorado Foundation invests $50,000 in community college scholarships",success,0.287341,0.121176,0.582761,0.136524,0.599736,0.0,0.390201,0.0,0.03985,0.073897,0.008606,0.037046
simulation_ui_20260918_000717_12_12_sdsd,12,12,SDSD,12 · SDSD,1e83ba34429a85f3fbafdb5671e23f1d,1,p1,1. Investigative skeptic,Delhi PWD Accelerates PNG Pipeline Laying with 24-Hour Approvals,success,0.202638,0.202638,0.202638,0.151832,0.21883,0.25,0.181346,0.0,0.013357,0.01702,0.020311,0.00274
simulation_ui_20260918_000717_12_12_sdsd,12,12,SDSD,12 · SDSD,1e83ba34429a85f3fbafdb5671e23f1d,2,p2,2. Conspiratorial,Delhi PWD Accelerates PNG Pipeline Laying with 24-Hour Approvals,success,0.297791,0.181423,0.384061,0.34681,0.457113,0.25,0.129619,0.0,0.01353,0.021182,0.016015,0.003393
simulation_ui_20260918_000717_12_12_sdsd,12,12,SDSD,12 · SDSD,1e83ba34429a85f3fbafdb5671e23f1d,3,p3,3. Investigative skeptic,Delhi PWD Accelerates PNG Pipeline Laying with 24-Hour Approvals,success,0.327885,0.194013,0.578074,0.244882,0.496251,0.25,0.310786,0.0,0.017832,0.026611,0.023227,0.003659
simulation_ui_20260918_000717_12_12_sdsd,12,12,SDSD,12 · SDSD,1e83ba34429a85f3fbafdb5671e23f1d,4,p4,4. Conspiratorial,Delhi PWD Accelerates PNG Pipeline Laying with 24-Hour Approvals,success,0.255033,0.173276,0.75135,0.271071,0.460101,0.0,0.280686,0.0,0.013846,0.027117,0.009768,0.004653
simulation_ui_20260918_000717_12_12_sdsd,12,12,SDSD,12 · SDSD,1eb77463838b3d1f2ea74f8bfa272767,1,p1,1. Investigative skeptic,Afghanistan urges regional water cooperation at Tashkent Forum,success,0.313475,0.313475,0.313475,1.0,0.25,0.0,0.002831,0.0,0.001946,0.003251,0.000989,0.001599
simulation_ui_20260918_000717_12_12_sdsd,12,12,SDSD,12 · SDSD,1eb77463838b3d1f2ea74f8bfa272767,2,p2,2. Conspiratorial,Afghanistan urges regional water cooperation at Tashkent Forum,success,0.161372,0.43417,0.747645,0.114997,0.168882,0.2,0.155782,0.0,0.00867,0.012411,0.012938,0.000661
simulation_ui_20260918_000717_12_12_sdsd,12,12,SDSD,12 · SDSD,1eb77463838b3d1f2ea74f8bfa272767,3,p3,3. Investigative skeptic,Afghanistan urges regional water cooperation at Tashkent Forum,success,0.408688,0.298811,1.046456,1.0,0.174468,0.262054,0.191875,0.0,0.013398,0.015865,0.00641,0.017918
simulation_ui_20260918_000717_12_12_sdsd,12,12,SDSD,12 · SDSD,1eb77463838b3d1f2ea74f8bfa272767,4,p4,4. Conspiratorial,Afghanistan urges regional water cooperation at Tashkent Forum,success,0.191103,0.367235,1.413691,0.119755,0.379849,0.061413,0.194051,0.0,0.014399,0.020811,0.00157,0.020815
simulation_ui_20260918_000717_12_12_sdsd,12,12,SDSD,12 · SDSD,20df5253ec5e5a2623c8823c2b38083b,1,p1,1. Investigative skeptic,Contango ORE (NYSEAMERICAN:CTGO) Now Covered by Analysts at Canaccord Genuity Group,success,0.259759,0.259759,0.259759,0.082319,0.461711,0.333333,0.151082,0.0,0.017819,0.022775,0.022675,0.008008
simulation_ui_20260918_000717_12_12_sdsd,12,12,SDSD,12 · SDSD,20df5253ec5e5a2623c8823c2b38083b,2,p2,2. Conspiratorial,Contango ORE (NYSEAMERICAN:CTGO) Now Covered by Analysts at Canaccord Genuity Group,success,0.257211,0.108556,0.368315,0.099475,0.416953,0.333333,0.173156,0.0,0.009954,0.011379,0.004336,0.014146
simulation_ui_20260918_000717_12_12_sdsd,12,12,SDSD,12 · SDSD,20df5253ec5e5a2623c8823c2b38083b,3,p3,3. Investigative skeptic,Contango ORE (NYSEAMERICAN:CTGO) Now Covered by Analysts at Canaccord Genuity Group,success,0.137661,0.187099,0.555414,0.033693,0.0,0.333333,0.173156,0.0,0.015118,0.012062,0.024477,0.008816
simulation_ui_20260918_000717_12_12_sdsd,12,12,SDSD,12 · SDSD,20df5253ec5e5a2623c8823c2b38083b,4,p4,4. Conspiratorial,Contango ORE (NYSEAMERICAN:CTGO) Now Covered by Analysts at Canaccord Genuity Group,success,0.241831,0.174797,0.730211,0.033693,0.447139,0.333333,0.147656,0.0,0.009057,0.000674,0.01379,0.012708
simulation_ui_20260918_000717_12_12_sdsd,12,12,SDSD,12 · SDSD,285f86ba6e2a489c2d4a3ab84f18a6a4,1,p1,1. Investigative skeptic,Company Banned from Marketing Business Opportunities to Settle FTC Charges it Misled Consumers About Earnings Potential,success,0.16914,0.16914,0.16914,0.05558,0.023311,0.166667,0.421353,0.0,0.014477,0.009802,0.023419,0.010211
simulation_ui_20260918_000717_12_12_sdsd,12,12,SDSD,12 · SDSD,285f86ba6e2a489c2d4a3ab84f18a6a4,2,p2,2. Conspiratorial,Company Banned from Marketing Business Opportunities to Settle FTC Charges it Misled Consumers About Earnings Potential,success,0.279956,0.230534,0.399674,0.111184,0.260792,0.191685,0.545057,0.0,0.019205,0.005799,0.044318,0.007499
simulation_ui_20260918_000717_12_12_sdsd,12,12,SDSD,12 · SDSD,285f86ba6e2a489c2d4a3ab84f18a6a4,3,p3,3. Investigative skeptic,Company Banned from Marketing Business Opportunities to Settle FTC Charges it Misled Consumers About Earnings Potential,success,0.182028,0.223208,0.622882,0.089857,0.04923,0.166667,0.410185,0.0,0.018532,0.003246,0.046629,0.00572
simulation_ui_20260918_000717_12_12_sdsd,12,12,SDSD,12 · SDSD,285f86ba6e2a489c2d4a3ab84f18a6a4,4,p4,4. Conspiratorial,Company Banned from Marketing Business Opportunities to Settle FTC Charges it Misled Consumers About Earnings Potential,success,0.267468,0.134388,0.75727,0.122266,0.023311,0.489523,0.42332,0.0,0.019463,0.00455,0.045269,0.00857
simulation_ui_20260918_000717_12_12_sdsd,12,12,SDSD,12 · SDSD,3343849e4bfdca882e24cd916fa75ec6,1,p1,1. Investigative skeptic,ASMALLWORLD Introduces New Marriott Bonvoy® Benefit for Members,success,0.089541,0.089541,0.089541,0.0,0.065164,0.281216,0.007988,0.0,0.005207,0.00467,0.009452,0.0015
simulation_ui_20260918_000717_12_12_sdsd,12,12,SDSD,12 · SDSD,3343849e4bfdca882e24cd916fa75ec6,2,p2,2. Conspiratorial,ASMALLWORLD Introduces New Marriott Bonvoy® Benefit for Members,success,0.135019,0.140929,0.23047,0.0,0.170761,0.333333,0.03103,0.0,0.007146,0.002175,0.014414,0.004849
simulation_ui_20260918_000717_12_12_sdsd,12,12,SDSD,12 · SDSD,3343849e4bfdca882e24cd916fa75ec6,3,p3,3. Investigative skeptic,ASMALLWORLD Introduces New Marriott Bonvoy® Benefit for Members,success,0.202666,0.21258,0.44305,0.042463,0.404906,0.281216,0.073659,0.0,0.013167,0.017338,0.011091,0.011073
simulation_ui_20260918_000717_12_12_sdsd,12,12,SDSD,12 · SDSD,3343849e4bfdca882e24cd916fa75ec6,4,p4,4. Conspiratorial,ASMALLWORLD Introduces New Marriott Bonvoy® Benefit for Members,success,0.224442,0.20185,0.6449,0.100566,0.338763,0.333333,0.110723,0.0,0.023072,0.049524,0.016793,0.002899
simulation_ui_20260918_000717_12_12_sdsd,12,12,SDSD,12 · SDSD,3e908966e0393a684386f1e186c5c6e3,1,p1,1. Investigative skeptic,CAAS defers sustainable aviation fuel levy,success,0.179903,0.179903,0.179903,0.150426,0.035444,0.196713,0.327002,0.0,0.015237,0.031688,0.007467,0.006555
simulation_ui_20260918_000717_12_12_sdsd,12,12,SDSD,12 · SDSD,3e908966e0393a684386f1e186c5c6e3,2,p2,2. Conspiratorial,CAAS defers sustainable aviation fuel levy,success,0.245976,0.131954,0.311857,0.145617,0.36186,0.196713,0.272661,0.0,0.011665,0.001448,0.021684,0.011863
simulation_ui_20260918_000717_12_12_sdsd,12,12,SDSD,12 · SDSD,3e908966e0393a684386f1e186c5c6e3,3,p3,3. Investigative skeptic,CAAS defers sustainable aviation fuel levy,success,0.232561,0.149668,0.461525,0.141203,0.291424,0.196713,0.295395,0.0,0.008954,0.009529,0.011032,0.006301
simulation_ui_20260918_000717_12_12_sdsd,12,12,SDSD,12 · SDSD,3e908966e0393a684386f1e186c5c6e3,4,p4,4. Conspiratorial,CAAS defers sustainable aviation fuel levy,success,0.263659,0.140016,0.601541,0.141203,0.314773,0.300452,0.293211,0.0,0.008466,0.012927,0.002816,0.009654
simulation_ui_20260918_000717_12_12_sdsd,12,12,SDSD,12 · SDSD,4284601d27a88508e23bb7ecf1e26740,1,p1,1. Investigative skeptic,Blackbaud Opens Registration for bbcon 2026 to Rally Social Impact Sector Around AI Innovation,success,0.134626,0.134626,0.134626,0.0,0.25,0.0,0.282815,0.0,0.008206,0.001482,0.016319,0.006816
simulation_ui_20260918_000717_12_12_sdsd,12,12,SDSD,12 · SDSD,4284601d27a88508e23bb7ecf1e26740,2,p2,2. Conspiratorial,Blackbaud Opens Registration for bbcon 2026 to Rally Social Impact Sector Around AI Innovation,success,0.351639,0.381357,0.515983,1.0,0.100621,0.0,0.298902,0.0,0.013526,0.005093,0.033899,0.001587
simulation_ui_20260918_000717_12_12_sdsd,12,12,SDSD,12 · SDSD,4284601d27a88508e23bb7ecf1e26740,3,p3,3. Investigative skeptic,Blackbaud Opens Registration for bbcon 2026 to Rally Social Impact Sector Around AI Innovation,success,0.115173,0.355917,0.8719,0.0,0.163973,0.0,0.286889,0.0,0.013848,0.00506,0.03311,0.003374
simulation_ui_20260918_000717_12_12_sdsd,12,12,SDSD,12 · SDSD,4284601d27a88508e23bb7ecf1e26740,4,p4,4. Conspiratorial,Blackbaud Opens Registration for bbcon 2026 to Rally Social Impact Sector Around AI Innovation,success,0.116026,0.076413,0.948313,0.02668,0.094859,0.0,0.334316,0.0,0.011638,0.013451,0.019939,0.001525
simulation_ui_20260918_000717_12_12_sdsd,12,12,SDSD,12 · SDSD,43b305aebbf654fd9464eb6d39cf900b,1,p1,1. Investigative skeptic,CS Atal Dulloo Reviews Progress Of Tawi Artificial Lake And Riverfront Development Projects,success,0.171355,0.171355,0.171355,0.005932,0.166667,0.224998,0.280443,0.0,0.011109,0.010362,0.02094,0.002024
simulation_ui_20260918_000717_12_12_sdsd,12,12,SDSD,12 · SDSD,43b305aebbf654fd9464eb6d39cf900b,2,p2,2. Conspiratorial,CS Atal Dulloo Reviews Progress Of Tawi Artificial Lake And Riverfront Development Projects,success,0.097279,0.118888,0.290243,0.007782,0.07361,0.224998,0.073423,0.0,0.012849,0.009804,0.027042,0.0017
simulation_ui_20260918_000717_12_12_sdsd,12,12,SDSD,12 · SDSD,43b305aebbf654fd9464eb6d39cf900b,3,p3,3. Investigative skeptic,CS Atal Dulloo Reviews Progress Of Tawi Artificial Lake And Riverfront Development Projects,success,0.192395,0.135402,0.425645,0.005932,0.166667,0.224998,0.364268,0.0,0.011912,0.009134,0.024479,0.002123
simulation_ui_20260918_000717_12_12_sdsd,12,12,SDSD,12 · SDSD,43b305aebbf654fd9464eb6d39cf900b,4,p4,4. Conspiratorial,CS Atal Dulloo Reviews Progress Of Tawi Artificial Lake And Riverfront Development Projects,success,0.132811,0.132134,0.557779,0.005932,0.218606,0.224998,0.073423,0.0,0.011914,0.003452,0.030158,0.002132
simulation_ui_20260918_000717_12_12_sdsd,12,12,SDSD,12 · SDSD,43d218dc30bd89b0c4da158243e74603,1,p1,1. Investigative skeptic,Amesite Executes Trading Partner Agreement Enabling Secure Connectivity with Leading Homecare Technology Platform,success,0.262767,0.262767,0.262767,0.012239,0.332282,0.333333,0.366379,0.0,0.011565,0.021431,0.001438,0.011827
simulation_ui_20260918_000717_12_12_sdsd,12,12,SDSD,12 · SDSD,43d218dc30bd89b0c4da158243e74603,2,p2,2. Conspiratorial,Amesite Executes Trading Partner Agreement Enabling Secure Connectivity with Leading Homecare Technology Platform,success,0.271401,0.148186,0.410953,0.079876,0.261626,0.333333,0.402019,0.0,0.014964,0.01919,0.015019,0.010683
simulation_ui_20260918_000717_12_12_sdsd,12,12,SDSD,12 · SDSD,43d218dc30bd89b0c4da158243e74603,3,p3,3. Investigative skeptic,Amesite Executes Trading Partner Agreement Enabling Secure Connectivity with Leading Homecare Technology Platform,success,0.350539,0.170139,0.581092,0.088821,0.579874,0.333333,0.386941,0.0,0.025251,0.027869,0.018976,0.028909
simulation_ui_20260918_000717_12_12_sdsd,12,12,SDSD,12 · SDSD,43d218dc30bd89b0c4da158243e74603,4,p4,4. Conspiratorial,Amesite Executes Trading Partner Agreement Enabling Secure Connectivity with Leading Homecare Technology Platform,success,0.274995,0.148259,0.729351,0.079876,0.261626,0.333333,0.398514,0.0,0.045494,0.054204,0.034336,0.047941
simulation_ui_20260918_000717_12_12_sdsd,12,12,SDSD,12 · SDSD,45a67f6f54cd92c32163be9459300052,1,p1,1. Investigative skeptic,"Bitcoin Miners, Now AI Compute Leaders, Face Profitability Concerns",success,0.182255,0.182255,0.182255,0.00953,0.333758,0.333333,0.037672,0.0,0.022412,0.00821,0.042003,0.017024
simulation_ui_20260918_000717_12_12_sdsd,12,12,SDSD,12 · SDSD,45a67f6f54cd92c32163be9459300052,2,p2,2. Conspiratorial,"Bitcoin Miners, Now AI Compute Leaders, Face Profitability Concerns",success,0.241783,0.116974,0.299229,0.066188,0.40135,0.333333,0.155834,0.0,0.01713,0.017826,0.020232,0.013331
simulation_ui_20260918_000717_12_12_sdsd,12,12,SDSD,12 · SDSD,45a67f6f54cd92c32163be9459300052,3,p3,3. Investigative skeptic,"Bitcoin Miners, Now AI Compute Leaders, Face Profitability Concerns",success,0.26231,0.120424,0.419653,0.063702,0.556261,0.333333,0.084826,0.0,0.018767,0.011021,0.025613,0.019666
simulation_ui_20260918_000717_12_12_sdsd,12,12,SDSD,12 · SDSD,45a67f6f54cd92c32163be9459300052,4,p4,4. Conspiratorial,"Bitcoin Miners, Now AI Compute Leaders, Face Profitability Concerns",success,0.389786,0.311153,0.730806,0.066188,0.621181,0.5,0.369255,0.0,0.005159,0.0099,0.005032,0.000545
simulation_ui_20260918_000717_12_12_sdsd,12,12,SDSD,12 · SDSD,48375acfba2ffc7f64822005eaab01e9,1,p1,1. Investigative skeptic,"Capitan Silver Commences Trading on the OTCQX Market Under Symbol ""CAPTF""",success,0.161697,0.161697,0.161697,0.025904,0.606518,0.0,0.002629,0.0,0.017438,0.014307,0.024194,0.013813
simulation_ui_20260918_000717_12_12_sdsd,12,12,SDSD,12 · SDSD,48375acfba2ffc7f64822005eaab01e9,2,p2,2. Conspiratorial,"Capitan Silver Commences Trading on the OTCQX Market Under Symbol ""CAPTF""",success,0.265626,0.242126,0.403823,0.058472,0.684175,0.25,0.050039,0.0,0.033507,0.079773,0.014264,0.006485
simulation_ui_20260918_000717_12_12_sdsd,12,12,SDSD,12 · SDSD,48375acfba2ffc7f64822005eaab01e9,3,p3,3. Investigative skeptic,"Capitan Silver Commences Trading on the OTCQX Market Under Symbol ""CAPTF""",success,0.211955,0.12689,0.530713,0.079021,0.693965,0.0,0.050039,0.0,0.039025,0.080142,0.033554,0.003379
simulation_ui_20260918_000717_12_12_sdsd,12,12,SDSD,12 · SDSD,48375acfba2ffc7f64822005eaab01e9,4,p4,4. Conspiratorial,"Capitan Silver Commences Trading on the OTCQX Market Under Symbol ""CAPTF""",success,0.272316,0.144333,0.675046,0.058472,0.653924,0.25,0.103179,0.0,0.040365,0.097146,0.02296,0.000988
simulation_ui_20260918_000717_12_12_sdsd,12,12,SDSD,12 · SDSD,4980763ccff9b986f6829df1e9489341,1,p1,1. Investigative skeptic,Cabana Target Drawdown 7 ETF (NASDAQ:TDSB) Short Interest Down 96.6% in March,success,0.246906,0.246906,0.246906,0.019973,0.394682,0.139674,0.420382,0.0,0.021339,0.021844,0.021871,0.020302
simulation_ui_20260918_000717_12_12_sdsd,12,12,SDSD,12 · SDSD,4980763ccff9b986f6829df1e9489341,2,p2,2. Conspiratorial,Cabana Target Drawdown 7 ETF (NASDAQ:TDSB) Short Interest Down 96.6% in March,success,0.162728,0.225827,0.472733,0.019973,0.522317,0.0,0.097343,0.0,0.016785,0.026322,0.021948,0.002086
simulation_ui_20260918_000717_12_12_sdsd,12,12,SDSD,12 · SDSD,4980763ccff9b986f6829df1e9489341,3,p3,3. Investigative skeptic,Cabana Target Drawdown 7 ETF (NASDAQ:TDSB) Short Interest Down 96.6% in March,success,0.186319,0.204133,0.676866,0.022137,0.344912,0.0,0.361829,0.0,0.025065,0.048324,0.000484,0.026387
simulation_ui_20260918_000717_12_12_sdsd,12,12,SDSD,12 · SDSD,4980763ccff9b986f6829df1e9489341,4,p4,4. Conspiratorial,Cabana Target Drawdown 7 ETF (NASDAQ:TDSB) Short Interest Down 96.6% in March,success,0.290968,0.187825,0.864691,0.019973,0.345757,0.42645,0.363877,0.0,0.013742,0.019205,0.016096,0.005925
simulation_ui_20260918_000717_12_12_sdsd,12,12,SDSD,12 · SDSD,4ac6395408a9caf70c7d2ffc4ca362c7,1,p1,1. Investigative skeptic,Continuing Unemployment Claims Dip to Nearly 2-Year Low,success,0.203575,0.203575,0.203575,0.194973,0.136262,0.354184,0.121321,0.0,0.01184,0.022134,0.011501,0.001886
simulation_ui_20260918_000717_12_12_sdsd,12,12,SDSD,12 · SDSD,4ac6395408a9caf70c7d2ffc4ca362c7,2,p2,2. Conspiratorial,Continuing Unemployment Claims Dip to Nearly 2-Year Low,success,0.219095,0.187928,0.391503,0.0,0.04969,0.374528,0.446719,0.0,0.008697,0.006987,0.005231,0.013872
simulation_ui_20260918_000717_12_12_sdsd,12,12,SDSD,12 · SDSD,4ac6395408a9caf70c7d2ffc4ca362c7,3,p3,3. Investigative skeptic,Continuing Unemployment Claims Dip to Nearly 2-Year Low,success,0.192277,0.073439,0.464942,0.0,0.04969,0.354184,0.357438,0.0,0.012037,0.026109,0.009731,0.000272
simulation_ui_20260918_000717_12_12_sdsd,12,12,SDSD,12 · SDSD,4ac6395408a9caf70c7d2ffc4ca362c7,4,p4,4. Conspiratorial,Continuing Unemployment Claims Dip to Nearly 2-Year Low,success,0.173526,0.110717,0.575659,0.0,0.04969,0.354184,0.282092,0.0,0.012276,0.018694,0.006109,0.012024
simulation_ui_20260918_000717_12_12_sdsd,12,12,SDSD,12 · SDSD,59a0fb71f66cefb61fc91c97affb1dbe,1,p1,1. Investigative skeptic,"Bank of Montreal targets 15% return on equity on wealth, US businesses growth",success,0.05408,0.05408,0.05408,0.131774,0.004457,0.003711,0.045904,0.0,0.039948,0.056405,0.033446,0.029992
simulation_ui_20260918_000717_12_12_sdsd,12,12,SDSD,12 · SDSD,59a0fb71f66cefb61fc91c97affb1dbe,2,p2,2. Conspiratorial,"Bank of Montreal targets 15% return on equity on wealth, US businesses growth",success,0.232139,0.244383,0.298463,0.020884,0.492569,0.003711,0.379707,0.0,0.051053,0.070304,0.034432,0.048422
simulation_ui_20260918_000717_12_12_sdsd,12,12,SDSD,12 · SDSD,59a0fb71f66cefb61fc91c97affb1dbe,3,p3,3. Investigative skeptic,"Bank of Montreal targets 15% return on equity on wealth, US businesses growth",success,0.161274,0.156311,0.454774,0.088772,0.482719,0.003711,0.046036,0.0,0.035307,0.067728,0.011499,0.026694
simulation_ui_20260918_000717_12_12_sdsd,12,12,SDSD,12 · SDSD,59a0fb71f66cefb61fc91c97affb1dbe,4,p4,4. Conspiratorial,"Bank of Montreal targets 15% return on equity on wealth, US businesses growth",success,0.247063,0.153962,0.608736,0.088235,0.491386,0.003711,0.380033,0.0,0.040975,0.075549,0.020194,0.027183
simulation_ui_20260918_000717_12_12_sdsd,12,12,SDSD,12 · SDSD,6282ee092c7147c978409e71f0096515,1,p1,1. Investigative skeptic,Backdoor bet. How federal regulators are sidestepping Alabama: op-ed,success,0.250204,0.250204,0.250204,0.028276,0.422737,0.09149,0.441728,0.0,0.027499,0.051015,0.019556,0.011925
simulation_ui_20260918_000717_12_12_sdsd,12,12,SDSD,12 · SDSD,6282ee092c7147c978409e71f0096515,2,p2,2. Conspiratorial,Backdoor bet. How federal regulators are sidestepping Alabama: op-ed,success,0.318005,0.235753,0.485957,0.278521,0.515411,0.09149,0.381725,0.0,0.008913,0.007619,0.013447,0.005673
simulation_ui_20260918_000717_12_12_sdsd,12,12,SDSD,12 · SDSD,6282ee092c7147c978409e71f0096515,3,p3,3. Investigative skeptic,Backdoor bet. How federal regulators are sidestepping Alabama: op-ed,success,0.346176,0.10628,0.592237,0.272441,0.602394,0.09149,0.411408,0.0,0.013293,0.010609,0.01612,0.013149
simulation_ui_20260918_000717_12_12_sdsd,12,12,SDSD,12 · SDSD,6282ee092c7147c978409e71f0096515,4,p4,4. Conspiratorial,Backdoor bet. How federal regulators are sidestepping Alabama: op-ed,success,0.269783,0.187642,0.779879,0.049681,0.524225,0.101833,0.396483,0.0,0.011799,0.02312,0.007986,0.00429
simulation_ui_20260918_000717_12_12_sdsd,12,12,SDSD,12 · SDSD,6296ce617808e446ef3e272b65cb5b46,1,p1,1. Investigative skeptic,Apple Adds New Partners to Expand Its U.S. Supply Chain,success,0.210152,0.210152,0.210152,0.0,0.25,0.0,0.588314,0.0,0.003625,0.004998,0.002005,0.003872
simulation_ui_20260918_000717_12_12_sdsd,12,12,SDSD,12 · SDSD,6296ce617808e446ef3e272b65cb5b46,2,p2,2. Conspiratorial,Apple Adds New Partners to Expand Its U.S. Supply Chain,success,0.168879,0.243571,0.453723,0.0,0.340751,0.142857,0.186654,0.0,0.007892,0.008881,0.014252,0.000543
simulation_ui_20260918_000717_12_12_sdsd,12,12,SDSD,12 · SDSD,6296ce617808e446ef3e272b65cb5b46,3,p3,3. Investigative skeptic,Apple Adds New Partners to Expand Its U.S. Supply Chain,success,0.204696,0.128251,0.581974,0.065282,0.543541,0.0,0.202527,0.0,0.011654,0.007864,0.015982,0.011116
simulation_ui_20260918_000717_12_12_sdsd,12,12,SDSD,12 · SDSD,6296ce617808e446ef3e272b65cb5b46,4,p4,4. Conspiratorial,Apple Adds New Partners to Expand Its U.S. Supply Chain,success,0.154482,0.1215,0.703474,0.026363,0.374958,0.0,0.202527,0.0,0.020729,0.027593,0.033519,0.001076
simulation_ui_20260918_000717_12_12_sdsd,12,12,SDSD,12 · SDSD,64aefc05d7d6e883d857202942daa279,1,p1,1. Investigative skeptic,Competition Commission clears merger of Udemy with Coursera's arm,success,0.230061,0.230061,0.230061,0.150973,0.368936,0.333333,0.04369,0.0,0.037561,0.023417,0.036479,0.052787
simulation_ui_20260918_000717_12_12_sdsd,12,12,SDSD,12 · SDSD,64aefc05d7d6e883d857202942daa279,2,p2,2. Conspiratorial,Competition Commission clears merger of Udemy with Coursera's arm,success,0.201689,0.131678,0.361739,0.043746,0.349433,0.333333,0.053014,0.0,0.042278,0.041632,0.028084,0.057119
simulation_ui_20260918_000717_12_12_sdsd,12,12,SDSD,12 · SDSD,64aefc05d7d6e883d857202942daa279,3,p3,3. Investigative skeptic,Competition Commission clears merger of Udemy with Coursera's arm,success,0.212426,0.229239,0.590978,0.043746,0.661069,0.0,0.120116,0.0,0.039009,0.026471,0.037314,0.053242
simulation_ui_20260918_000717_12_12_sdsd,12,12,SDSD,12 · SDSD,64aefc05d7d6e883d857202942daa279,4,p4,4. Conspiratorial,Competition Commission clears merger of Udemy with Coursera's arm,success,0.11652,0.14818,0.739158,0.043746,0.350602,0.0,0.046019,0.0,0.03612,0.035261,0.026794,0.046304
simulation_ui_20260918_000717_12_12_sdsd,12,12,SDSD,12 · SDSD,675d6df42ab1fa2c25fcb6c96a0801ba,1,p1,1. Investigative skeptic,"Cohen & Steers Infrastructure Fund, Inc (NYSE:UTF) Plans $0.17 Monthly Dividend",success,0.21242,0.21242,0.21242,0.0,0.0,0.329959,0.510775,0.0,0.01416,0.018094,0.011798,0.012587
simulation_ui_20260918_000717_12_12_sdsd,12,12,SDSD,12 · SDSD,675d6df42ab1fa2c25fcb6c96a0801ba,2,p2,2. Conspiratorial,"Cohen & Steers Infrastructure Fund, Inc (NYSE:UTF) Plans $0.17 Monthly Dividend",success,0.300882,0.135528,0.347948,0.05859,0.374404,0.25,0.510775,0.0,0.017387,0.027785,0.012381,0.011995
simulation_ui_20260918_000717_12_12_sdsd,12,12,SDSD,12 · SDSD,675d6df42ab1fa2c25fcb6c96a0801ba,3,p3,3. Investigative skeptic,"Cohen & Steers Infrastructure Fund, Inc (NYSE:UTF) Plans $0.17 Monthly Dividend",success,0.230232,0.317032,0.66498,0.058064,0.309562,0.25,0.291484,0.0,0.019115,0.031141,0.006439,0.019766
simulation_ui_20260918_000717_12_12_sdsd,12,12,SDSD,12 · SDSD,675d6df42ab1fa2c25fcb6c96a0801ba,4,p4,4. Conspiratorial,"Cohen & Steers Infrastructure Fund, Inc (NYSE:UTF) Plans $0.17 Monthly Dividend",success,0.301197,0.27188,0.93686,0.058064,0.386457,0.329959,0.420267,0.0,0.0179,0.027889,0.004813,0.020999
simulation_ui_20260918_000717_12_12_sdsd,12,12,SDSD,12 · SDSD,73939fe081f6d0ef3ed498b2dd7f4039,1,p1,1. Investigative skeptic,Coastal Electric plans rate increase,success,0.110337,0.110337,0.110337,0.0,0.303216,0.0,0.122326,0.0,0.02211,0.005239,0.044498,0.016593
simulation_ui_20260918_000717_12_12_sdsd,12,12,SDSD,12 · SDSD,73939fe081f6d0ef3ed498b2dd7f4039,2,p2,2. Conspiratorial,Coastal Electric plans rate increase,success,0.24796,0.199645,0.309982,0.03966,0.305909,0.5,0.139205,0.0,0.01172,0.007472,0.015624,0.012063
simulation_ui_20260918_000717_12_12_sdsd,12,12,SDSD,12 · SDSD,73939fe081f6d0ef3ed498b2dd7f4039,3,p3,3. Investigative skeptic,Coastal Electric plans rate increase,success,0.117739,0.217739,0.527721,0.03966,0.319387,0.0,0.090129,0.0,0.030668,0.034329,0.046689,0.010987
simulation_ui_20260918_000717_12_12_sdsd,12,12,SDSD,12 · SDSD,73939fe081f6d0ef3ed498b2dd7f4039,4,p4,4. Conspiratorial,Coastal Electric plans rate increase,success,0.393847,0.377858,0.905579,0.03966,0.476694,0.666667,0.385137,0.0,0.014865,0.014479,0.02397,0.006145
simulation_ui_20260918_000717_12_12_sdsd,12,12,SDSD,12 · SDSD,764d938e82fccdeec46aa43984936af9,1,p1,1. Investigative skeptic,Centre Highlights Border Infrastructure Push Through BADP and Vibrant Villages Programmes,success,0.368668,0.368668,0.368668,0.155981,0.188597,0.434298,0.68591,0.0,0.019499,0.012156,0.034172,0.01217
simulation_ui_20260918_000717_12_12_sdsd,12,12,SDSD,12 · SDSD,764d938e82fccdeec46aa43984936af9,2,p2,2. Conspiratorial,Centre Highlights Border Infrastructure Push Through BADP and Vibrant Villages Programmes,success,0.323982,0.358491,0.727159,0.217478,0.330335,0.141644,0.586583,0.0,0.036505,0.053171,0.035397,0.020947
simulation_ui_20260918_000717_12_12_sdsd,12,12,SDSD,12 · SDSD,764d938e82fccdeec46aa43984936af9,3,p3,3. Investigative skeptic,Centre Highlights Border Infrastructure Push Through BADP and Vibrant Villages Programmes,success,0.314949,0.199215,0.926374,0.155981,0.402956,0.094359,0.589459,0.0,0.0309,0.05602,0.02936,0.00732
simulation_ui_20260918_000717_12_12_sdsd,12,12,SDSD,12 · SDSD,764d938e82fccdeec46aa43984936af9,4,p4,4. Conspiratorial,Centre Highlights Border Infrastructure Push Through BADP and Vibrant Villages Programmes,success,0.38698,0.301056,1.22743,0.277949,0.380763,0.222835,0.647991,0.0,0.037207,0.063721,0.021881,0.02602
simulation_ui_20260918_000717_12_12_sdsd,12,12,SDSD,12 · SDSD,80a390c3c68815dadd42b1ea065fd1af,1,p1,1. Investigative skeptic,Contract OK’d to extend sidewalk repairs,success,0.235465,0.235465,0.235465,0.025386,0.184512,0.289869,0.43607,0.0,0.009828,0.004843,0.011868,0.012773
simulation_ui_20260918_000717_12_12_sdsd,12,12,SDSD,12 · SDSD,80a390c3c68815dadd42b1ea065fd1af,2,p2,2. Conspiratorial,Contract OK’d to extend sidewalk repairs,success,0.172511,0.102917,0.338382,0.072722,0.0,0.289869,0.324912,0.0,0.003838,0.008439,0.000238,0.002838
simulation_ui_20260918_000717_12_12_sdsd,12,12,SDSD,12 · SDSD,80a390c3c68815dadd42b1ea065fd1af,3,p3,3. Investigative skeptic,Contract OK’d to extend sidewalk repairs,success,0.209,0.107221,0.445603,0.151074,0.0,0.289869,0.391782,0.0,0.005167,0.009322,0.005925,0.000253
simulation_ui_20260918_000717_12_12_sdsd,12,12,SDSD,12 · SDSD,80a390c3c68815dadd42b1ea065fd1af,4,p4,4. Conspiratorial,Contract OK’d to extend sidewalk repairs,success,0.219295,0.142173,0.587776,0.080656,0.108078,0.289869,0.393756,0.0,0.007708,0.014435,0.006262,0.002427
simulation_ui_20260918_000717_12_12_sdsd,12,12,SDSD,12 · SDSD,80e1561246e5483a76211bd892a06bcb,1,p1,1. Investigative skeptic,Aldi inches closer to being hit with unprecedented $15 policy at all locations in the state,success,0.270492,0.270492,0.270492,0.080081,0.366761,0.110352,0.510771,0.0,0.02388,0.030057,0.023764,0.017818
simulation_ui_20260918_000717_12_12_sdsd,12,12,SDSD,12 · SDSD,80e1561246e5483a76211bd892a06bcb,2,p2,2. Conspiratorial,Aldi inches closer to being hit with unprecedented $15 policy at all locations in the state,success,0.319044,0.301822,0.572314,0.252514,0.450719,0.210558,0.342643,0.0,0.035979,0.032889,0.037452,0.037597
simulation_ui_20260918_000717_12_12_sdsd,12,12,SDSD,12 · SDSD,80e1561246e5483a76211bd892a06bcb,3,p3,3. Investigative skeptic,Aldi inches closer to being hit with unprecedented $15 policy at all locations in the state,success,0.319485,0.343181,0.915495,0.120149,0.432377,0.106809,0.601076,0.0,0.031994,0.032114,0.038435,0.025434
simulation_ui_20260918_000717_12_12_sdsd,12,12,SDSD,12 · SDSD,80e1561246e5483a76211bd892a06bcb,4,p4,4. Conspiratorial,Aldi inches closer to being hit with unprecedented $15 policy at all locations in the state,success,0.349136,0.353793,1.269288,0.252514,0.507729,0.209175,0.411755,0.0,0.02935,0.035692,0.027644,0.024714
simulation_ui_20260918_000717_12_12_sdsd,12,12,SDSD,12 · SDSD,954401161f2ebcd5c5ec0961fa417e31,1,p1,1. Investigative skeptic,Biodiversity strategy is a must for mining companies,success,0.111486,0.111486,0.111486,0.116264,0.089297,0.0,0.233033,0.0,0.010318,0.012554,0.007588,0.010813
simulation_ui_20260918_000717_12_12_sdsd,12,12,SDSD,12 · SDSD,954401161f2ebcd5c5ec0961fa417e31,2,p2,2. Conspiratorial,Biodiversity strategy is a must for mining companies,success,0.110604,0.188112,0.299598,0.0,0.425211,0.0,0.011383,0.0,0.008169,0.003985,0.001937,0.018584
simulation_ui_20260918_000717_12_12_sdsd,12,12,SDSD,12 · SDSD,954401161f2ebcd5c5ec0961fa417e31,3,p3,3. Investigative skeptic,Biodiversity strategy is a must for mining companies,success,0.173939,0.170852,0.47045,0.0,0.453783,0.0,0.230258,0.0,0.017662,0.022144,0.012187,0.018656
simulation_ui_20260918_000717_12_12_sdsd,12,12,SDSD,12 · SDSD,954401161f2ebcd5c5ec0961fa417e31,4,p4,4. Conspiratorial,Biodiversity strategy is a must for mining companies,success,0.215406,0.219425,0.689875,0.116264,0.388939,0.0,0.348861,0.0,0.012014,0.010047,0.001466,0.024529
simulation_ui_20260918_000717_12_12_sdsd,12,12,SDSD,12 · SDSD,96039628b3a89f4a9134fd1dc3b666d7,1,p1,1. Investigative skeptic,Air travel to become expensive from April 1? Civil Aviation Minister clarifies amid Middle East crisis,success,0.151824,0.151824,0.151824,0.0,0.0,0.244492,0.337158,0.0,0.037515,0.015725,0.077513,0.019308
simulation_ui_20260918_000717_12_12_sdsd,12,12,SDSD,12 · SDSD,96039628b3a89f4a9134fd1dc3b666d7,2,p2,2. Conspiratorial,Air travel to become expensive from April 1? Civil Aviation Minister clarifies amid Middle East crisis,success,0.271163,0.236601,0.388425,0.323917,0.17526,0.25,0.311658,0.0,0.040516,0.023593,0.081279,0.016675
simulation_ui_20260918_000717_12_12_sdsd,12,12,SDSD,12 · SDSD,96039628b3a89f4a9134fd1dc3b666d7,3,p3,3. Investigative skeptic,Air travel to become expensive from April 1? Civil Aviation Minister clarifies amid Middle East crisis,success,0.305983,0.361121,0.749546,0.089876,0.128707,0.406089,0.570432,0.0,0.051391,0.048289,0.096636,0.009248
simulation_ui_20260918_000717_12_12_sdsd,12,12,SDSD,12 · SDSD,96039628b3a89f4a9134fd1dc3b666d7,4,p4,4. Conspiratorial,Air travel to become expensive from April 1? Civil Aviation Minister clarifies amid Middle East crisis,success,0.310793,0.273669,1.023215,0.054261,0.198301,0.220536,0.755173,0.0,0.02688,0.006205,0.072315,0.002119
simulation_ui_20260918_000717_12_12_sdsd,12,12,SDSD,12 · SDSD,9dee564f6a8f10132f19e6a4b2b8e1a7,1,p1,1. Investigative skeptic,"Better and Coinbase Launch the First Token-Backed, Conforming Mortgage",success,0.235349,0.235349,0.235349,0.071742,0.248106,0.104986,0.48888,0.0,0.044844,0.038746,0.03699,0.058796
simulation_ui_20260918_000717_12_12_sdsd,12,12,SDSD,12 · SDSD,9dee564f6a8f10132f19e6a4b2b8e1a7,2,p2,2. Conspiratorial,"Better and Coinbase Launch the First Token-Backed, Conforming Mortgage",success,0.301934,0.240345,0.475694,0.071742,0.473257,0.0,0.636164,0.0,0.047132,0.036152,0.051368,0.053876
simulation_ui_20260918_000717_12_12_sdsd,12,12,SDSD,12 · SDSD,9dee564f6a8f10132f19e6a4b2b8e1a7,3,p3,3. Investigative skeptic,"Better and Coinbase Launch the First Token-Backed, Conforming Mortgage",success,0.281306,0.123168,0.598862,0.078092,0.408029,0.0,0.609718,0.0,0.050593,0.059649,0.041567,0.050564
simulation_ui_20260918_000717_12_12_sdsd,12,12,SDSD,12 · SDSD,9dee564f6a8f10132f19e6a4b2b8e1a7,4,p4,4. Conspiratorial,"Better and Coinbase Launch the First Token-Backed, Conforming Mortgage",success,0.291973,0.184267,0.783129,0.025416,0.375253,0.104986,0.632669,0.0,0.05166,0.060008,0.041084,0.053887
simulation_ui_20260918_000717_12_12_sdsd,12,12,SDSD,12 · SDSD,a83c7d9bd4c9948f8104f95aa8914a60,1,p1,1. Investigative skeptic,Another cinema in Singapore is closing... but the big,success,0.142723,0.142723,0.142723,0.108657,0.163966,0.0,0.290432,0.0,0.011403,0.009962,0.021362,0.002885
simulation_ui_20260918_000717_12_12_sdsd,12,12,SDSD,12 · SDSD,a83c7d9bd4c9948f8104f95aa8914a60,2,p2,2. Conspiratorial,Another cinema in Singapore is closing... but the big,success,0.109794,0.059681,0.202404,0.036748,0.123652,0.0,0.267271,0.0,0.016103,0.016168,0.016804,0.015336
simulation_ui_20260918_000717_12_12_sdsd,12,12,SDSD,12 · SDSD,a83c7d9bd4c9948f8104f95aa8914a60,3,p3,3. Investigative skeptic,Another cinema in Singapore is closing... but the big,success,0.223747,0.206728,0.409132,0.108657,0.407311,0.0,0.374157,0.0,0.007818,0.005967,0.015441,0.002045
simulation_ui_20260918_000717_12_12_sdsd,12,12,SDSD,12 · SDSD,a83c7d9bd4c9948f8104f95aa8914a60,4,p4,4. Conspiratorial,Another cinema in Singapore is closing... but the big,success,0.199542,0.162146,0.571278,0.11526,0.137189,0.125,0.415167,0.0,0.008654,0.011429,0.008148,0.006385
simulation_ui_20260918_000717_12_12_sdsd,12,12,SDSD,12 · SDSD,b8147bef700007b0dbccc9eaf88c04ac,1,p1,1. Investigative skeptic,CLEO Expands Its Reach as Crypto Prop Traders Rally Around the Prop Firm Trading Platform Built for Them,success,0.224015,0.224015,0.224015,0.014289,0.342093,0.34903,0.163695,0.0,0.043045,0.011947,0.081057,0.03613
simulation_ui_20260918_000717_12_12_sdsd,12,12,SDSD,12 · SDSD,b8147bef700007b0dbccc9eaf88c04ac,2,p2,2. Conspiratorial,CLEO Expands Its Reach as Crypto Prop Traders Rally Around the Prop Firm Trading Platform Built for Them,success,0.247241,0.202958,0.426973,0.017465,0.294555,0.34903,0.302211,0.0,0.042319,0.026267,0.063183,0.037507
simulation_ui_20260918_000717_12_12_sdsd,12,12,SDSD,12 · SDSD,b8147bef700007b0dbccc9eaf88c04ac,3,p3,3. Investigative skeptic,CLEO Expands Its Reach as Crypto Prop Traders Rally Around the Prop Firm Trading Platform Built for Them,success,0.243999,0.060902,0.487875,0.014289,0.249355,0.34903,0.337572,0.0,0.042214,0.022099,0.069286,0.035258
simulation_ui_20260918_000717_12_12_sdsd,12,12,SDSD,12 · SDSD,b8147bef700007b0dbccc9eaf88c04ac,4,p4,4. Conspiratorial,CLEO Expands Its Reach as Crypto Prop Traders Rally Around the Prop Firm Trading Platform Built for Them,success,0.209857,0.137779,0.625654,0.014289,0.341184,0.26892,0.184809,0.0,0.047362,0.046802,0.0496,0.045683
simulation_ui_20260918_000717_12_12_sdsd,12,12,SDSD,12 · SDSD,c24889258ff4d93fcb33d3ad9328f7e5,1,p1,1. Investigative skeptic,Clearlake buys Qualus from New Mountain amid soaring power demand; KKR’s exit provides CoolIT employees with handsome payout,success,0.290313,0.290313,0.290313,0.0,0.588665,0.0,0.538923,0.0,0.058599,0.068122,0.060997,0.046678
simulation_ui_20260918_000717_12_12_sdsd,12,12,SDSD,12 · SDSD,c24889258ff4d93fcb33d3ad9328f7e5,2,p2,2. Conspiratorial,Clearlake buys Qualus from New Mountain amid soaring power demand; KKR’s exit provides CoolIT employees with handsome payout,success,0.1723,0.172545,0.462858,0.0,0.095873,0.0,0.542171,0.0,0.076082,0.108854,0.045205,0.074188
simulation_ui_20260918_000717_12_12_sdsd,12,12,SDSD,12 · SDSD,c24889258ff4d93fcb33d3ad9328f7e5,3,p3,3. Investigative skeptic,Clearlake buys Qualus from New Mountain amid soaring power demand; KKR’s exit provides CoolIT employees with handsome payout,success,0.345084,0.252396,0.715254,0.459197,0.401447,0.0,0.486737,0.0,0.062115,0.082624,0.044831,0.058889
simulation_ui_20260918_000717_12_12_sdsd,12,12,SDSD,12 · SDSD,c24889258ff4d93fcb33d3ad9328f7e5,4,p4,4. Conspiratorial,Clearlake buys Qualus from New Mountain amid soaring power demand; KKR’s exit provides CoolIT employees with handsome payout,success,0.196543,0.254536,0.96979,0.0,0.50413,0.0,0.236005,0.0,0.070613,0.105536,0.051214,0.055089
simulation_ui_20260918_000717_12_12_sdsd,12,12,SDSD,12 · SDSD,c431d4ae9339f97a7ca5409d975805a3,1,p1,1. Investigative skeptic,Anavex Life Sciences Stock Is Deeply Oversold. Should You Buy the Dip?,success,0.42346,0.42346,0.42346,0.289797,0.592442,0.455378,0.347838,0.0,0.018115,0.037334,0.005033,0.011978
simulation_ui_20260918_000717_12_12_sdsd,12,12,SDSD,12 · SDSD,c431d4ae9339f97a7ca5409d975805a3,2,p2,2. Conspiratorial,Anavex Life Sciences Stock Is Deeply Oversold. Should You Buy the Dip?,success,0.421979,0.328849,0.752309,0.30514,0.681407,0.291027,0.404029,0.0,0.013613,0.034965,0.00194,0.003934
simulation_ui_20260918_000717_12_12_sdsd,12,12,SDSD,12 · SDSD,c431d4ae9339f97a7ca5409d975805a3,3,p3,3. Investigative skeptic,Anavex Life Sciences Stock Is Deeply Oversold. Should You Buy the Dip?,success,0.316402,0.280731,1.03304,0.248059,0.626119,0.220232,0.162451,0.0,0.015941,0.038178,0.006118,0.003527
simulation_ui_20260918_000717_12_12_sdsd,12,12,SDSD,12 · SDSD,c431d4ae9339f97a7ca5409d975805a3,4,p4,4. Conspiratorial,Anavex Life Sciences Stock Is Deeply Oversold. Should You Buy the Dip?,success,0.394576,0.254035,1.287075,0.358364,0.614905,0.291027,0.307282,0.0,0.01385,0.039869,0.000749,0.000933
simulation_ui_20260918_000717_12_12_sdsd,12,12,SDSD,12 · SDSD,ce21e05271d5e7a4e182ceb46e706964,1,p1,1. Investigative skeptic,"Arizona opinion: European mandate means costlier food, groceries",success,0.293254,0.293254,0.293254,0.150224,0.265212,0.25,0.501695,0.0,0.010387,0.012056,0.018578,0.000526
simulation_ui_20260918_000717_12_12_sdsd,12,12,SDSD,12 · SDSD,ce21e05271d5e7a4e182ceb46e706964,2,p2,2. Conspiratorial,"Arizona opinion: European mandate means costlier food, groceries",success,0.200793,0.192204,0.485458,0.150224,0.173794,0.25,0.217778,0.0,0.017731,0.025126,0.015352,0.012716
simulation_ui_20260918_000717_12_12_sdsd,12,12,SDSD,12 · SDSD,ce21e05271d5e7a4e182ceb46e706964,3,p3,3. Investigative skeptic,"Arizona opinion: European mandate means costlier food, groceries",success,0.351602,0.270901,0.756359,0.507053,0.276172,0.25,0.363179,0.0,0.019212,0.021421,0.023947,0.012268
simulation_ui_20260918_000717_12_12_sdsd,12,12,SDSD,12 · SDSD,ce21e05271d5e7a4e182ceb46e706964,4,p4,4. Conspiratorial,"Arizona opinion: European mandate means costlier food, groceries",success,0.211263,0.156755,0.913114,0.144887,0.265212,0.25,0.171814,0.0,0.020734,0.03644,0.008713,0.01705
simulation_ui_20260918_000717_12_12_sdsd,12,12,SDSD,12 · SDSD,d66c6c1dfd9c66c9f17f51b8a1ecc92d,1,p1,1. Investigative skeptic,"Cadre Holdings to Acquire Assets of Tedder Industries, Including Alien Gear Holsters",success,0.012499,0.012499,0.012499,0.0,0.030157,0.0,0.018803,0.0,0.001312,0.000168,0.001565,0.002202
simulation_ui_20260918_000717_12_12_sdsd,12,12,SDSD,12 · SDSD,d66c6c1dfd9c66c9f17f51b8a1ecc92d,2,p2,2. Conspiratorial,"Cadre Holdings to Acquire Assets of Tedder Industries, Including Alien Gear Holsters",success,0.085978,0.092668,0.105167,0.005018,0.0,0.0,0.333706,0.0,0.007085,0.00565,0.00934,0.006265
simulation_ui_20260918_000717_12_12_sdsd,12,12,SDSD,12 · SDSD,d66c6c1dfd9c66c9f17f51b8a1ecc92d,3,p3,3. Investigative skeptic,"Cadre Holdings to Acquire Assets of Tedder Industries, Including Alien Gear Holsters",success,0.052583,0.103196,0.208363,0.015547,0.0,0.0,0.189745,0.0,0.006643,0.012724,0.000862,0.006344
simulation_ui_20260918_000717_12_12_sdsd,12,12,SDSD,12 · SDSD,d66c6c1dfd9c66c9f17f51b8a1ecc92d,4,p4,4. Conspiratorial,"Cadre Holdings to Acquire Assets of Tedder Industries, Including Alien Gear Holsters",success,0.098791,0.108531,0.316894,0.017402,0.092162,0.0,0.280181,0.0,0.007503,0.015476,0.006379,0.000655
simulation_ui_20260918_000717_12_12_sdsd,12,12,SDSD,12 · SDSD,de1ef9dc3d1297e42a2fb05392a32d49,1,p1,1. Investigative skeptic,Constellation Software Inc. (CSU) to Issue Quarterly Dividend of $1.00 on April 15th,success,0.120357,0.120357,0.120357,0.073747,0.267184,0.081983,0.053345,0.0,0.007332,0.001727,0.014536,0.005733
simulation_ui_20260918_000717_12_12_sdsd,12,12,SDSD,12 · SDSD,de1ef9dc3d1297e42a2fb05392a32d49,2,p2,2. Conspiratorial,Constellation Software Inc. (CSU) to Issue Quarterly Dividend of $1.00 on April 15th,success,0.185293,0.207354,0.327711,0.020507,0.327305,0.0,0.389176,0.0,0.00641,0.004067,0.008113,0.00705
simulation_ui_20260918_000717_12_12_sdsd,12,12,SDSD,12 · SDSD,de1ef9dc3d1297e42a2fb05392a32d49,3,p3,3. Investigative skeptic,Constellation Software Inc. (CSU) to Issue Quarterly Dividend of $1.00 on April 15th,success,0.076012,0.187248,0.514959,0.0,0.277542,0.0,0.018735,0.0,0.010489,0.013462,0.01303,0.004976
simulation_ui_20260918_000717_12_12_sdsd,12,12,SDSD,12 · SDSD,de1ef9dc3d1297e42a2fb05392a32d49,4,p4,4. Conspiratorial,Constellation Software Inc. (CSU) to Issue Quarterly Dividend of $1.00 on April 15th,success,0.062081,0.049602,0.564561,0.020507,0.149564,0.0,0.06785,0.0,0.013825,0.016448,0.014083,0.010943
simulation_ui_20260918_000717_12_12_sdsd,12,12,SDSD,12 · SDSD,e0d8c78139dd28d077ec2c768043d7ca,1,p1,1. Investigative skeptic,Change in LHV Group Audit Committee,success,0.098151,0.098151,0.098151,0.102312,0.054822,0.038334,0.193413,0.0,0.005155,0.011183,0.000898,0.003384
simulation_ui_20260918_000717_12_12_sdsd,12,12,SDSD,12 · SDSD,e0d8c78139dd28d077ec2c768043d7ca,2,p2,2. Conspiratorial,Change in LHV Group Audit Committee,success,0.136297,0.13973,0.237881,0.0,0.360255,0.045362,0.135438,0.0,0.005976,0.004619,0.012253,0.001056
simulation_ui_20260918_000717_12_12_sdsd,12,12,SDSD,12 · SDSD,e0d8c78139dd28d077ec2c768043d7ca,3,p3,3. Investigative skeptic,Change in LHV Group Audit Committee,success,0.168449,0.10626,0.344141,0.1313,0.368309,0.045362,0.122543,0.0,0.009423,0.004698,0.012048,0.011522
simulation_ui_20260918_000717_12_12_sdsd,12,12,SDSD,12 · SDSD,e0d8c78139dd28d077ec2c768043d7ca,4,p4,4. Conspiratorial,Change in LHV Group Audit Committee,success,0.275358,0.213509,0.55765,0.289323,0.585072,0.045362,0.174339,0.0,0.01262,0.002416,0.021142,0.014302
simulation_ui_20260918_000717_12_12_sdsd,12,12,SDSD,12 · SDSD,e42774600d5c0fd2405b181105990603,1,p1,1. Investigative skeptic,Canada is losing more air traffic controllers than it’s hiring: aviation expert,success,0.239822,0.239822,0.239822,0.203933,0.090814,0.25,0.410034,0.0,0.007401,0.007532,0.007519,0.007153
simulation_ui_20260918_000717_12_12_sdsd,12,12,SDSD,12 · SDSD,e42774600d5c0fd2405b181105990603,2,p2,2. Conspiratorial,Canada is losing more air traffic controllers than it’s hiring: aviation expert,success,0.281464,0.212889,0.452711,0.075184,0.294842,0.25,0.497797,0.0,0.013935,0.018042,0.008539,0.015225
simulation_ui_20260918_000717_12_12_sdsd,12,12,SDSD,12 · SDSD,e42774600d5c0fd2405b181105990603,3,p3,3. Investigative skeptic,Canada is losing more air traffic controllers than it’s hiring: aviation expert,success,0.253854,0.267608,0.720319,0.181621,0.294842,0.25,0.284253,0.0,0.007864,0.012779,0.003411,0.007402
simulation_ui_20260918_000717_12_12_sdsd,12,12,SDSD,12 · SDSD,e42774600d5c0fd2405b181105990603,4,p4,4. Conspiratorial,Canada is losing more air traffic controllers than it’s hiring: aviation expert,success,0.277837,0.289491,1.00981,0.075434,0.31811,0.215447,0.496053,0.0,0.010885,0.014275,0.006874,0.011505
simulation_ui_20260918_000717_12_12_sdsd,12,12,SDSD,12 · SDSD,e68862b7bac57065b34e1018a51ce3f2,1,p1,1. Investigative skeptic,"Cruisebound Launches ""Search by Map,"" Redefining How Travelers Discover Cruises",success,0.182786,0.182786,0.182786,0.028032,0.177405,0.333333,0.163256,0.0,0.044144,0.050022,0.049263,0.033147
simulation_ui_20260918_000717_12_12_sdsd,12,12,SDSD,12 · SDSD,e68862b7bac57065b34e1018a51ce3f2,2,p2,2. Conspiratorial,"Cruisebound Launches ""Search by Map,"" Redefining How Travelers Discover Cruises",success,0.331229,0.310839,0.493625,0.021791,0.586045,0.247746,0.442171,0.0,0.05026,0.063035,0.04358,0.044165
simulation_ui_20260918_000717_12_12_sdsd,12,12,SDSD,12 · SDSD,e68862b7bac57065b34e1018a51ce3f2,3,p3,3. Investigative skeptic,"Cruisebound Launches ""Search by Map,"" Redefining How Travelers Discover Cruises",success,0.357794,0.269628,0.763253,0.012213,0.355966,0.581079,0.461391,0.0,0.039637,0.039591,0.052577,0.026742
simulation_ui_20260918_000717_12_12_sdsd,12,12,SDSD,12 · SDSD,e68862b7bac57065b34e1018a51ce3f2,4,p4,4. Conspiratorial,"Cruisebound Launches ""Search by Map,"" Redefining How Travelers Discover Cruises",success,0.418655,0.163446,0.926699,0.021791,0.58462,0.581079,0.465312,0.0,0.046477,0.055619,0.052534,0.031277
simulation_ui_20260918_000717_12_12_sdsd,12,12,SDSD,12 · SDSD,ea67fb6d8317500951f4bf21966a33ea,1,p1,1. Investigative skeptic,China's 'Africa Diaper King' Delivers Strong Annual Profit Post-IPO,success,0.216148,0.216148,0.216148,0.15604,0.347189,0.033673,0.321385,0.0,0.010035,0.009362,0.020666,7.6e-05
simulation_ui_20260918_000717_12_12_sdsd,12,12,SDSD,12 · SDSD,ea67fb6d8317500951f4bf21966a33ea,2,p2,2. Conspiratorial,China's 'Africa Diaper King' Delivers Strong Annual Profit Post-IPO,success,0.218034,0.185015,0.401163,0.061704,0.285677,0.22669,0.290576,0.0,0.011944,0.021117,0.009072,0.005643
simulation_ui_20260918_000717_12_12_sdsd,12,12,SDSD,12 · SDSD,ea67fb6d8317500951f4bf21966a33ea,3,p3,3. Investigative skeptic,China's 'Africa Diaper King' Delivers Strong Annual Profit Post-IPO,success,0.233428,0.131856,0.533019,0.150177,0.432491,0.097805,0.248332,0.0,0.007986,0.001935,0.018427,0.003596
simulation_ui_20260918_000717_12_12_sdsd,12,12,SDSD,12 · SDSD,ea67fb6d8317500951f4bf21966a33ea,4,p4,4. Conspiratorial,China's 'Africa Diaper King' Delivers Strong Annual Profit Post-IPO,success,0.209184,0.164806,0.697825,0.046309,0.528132,0.033673,0.221509,0.0,0.011219,0.008274,0.015923,0.009459
simulation_ui_20260918_000717_12_12_sdsd,12,12,SDSD,12 · SDSD,edd97daf51d7e0bb7d9da3f3e2c9bfa8,1,p1,1. Investigative skeptic,Amazon and Walmart fined for selling banned refrigerant in Washington state,success,0.156017,0.156017,0.156017,0.104492,0.504579,0.0,0.010702,0.0,0.006351,0.00106,0.001865,0.016127
simulation_ui_20260918_000717_12_12_sdsd,12,12,SDSD,12 · SDSD,edd97daf51d7e0bb7d9da3f3e2c9bfa8,2,p2,2. Conspiratorial,Amazon and Walmart fined for selling banned refrigerant in Washington state,success,0.148439,0.122653,0.27867,0.104492,0.39,0.0,0.094932,0.0,0.006351,0.00106,0.001865,0.016127
simulation_ui_20260918_000717_12_12_sdsd,12,12,SDSD,12 · SDSD,edd97daf51d7e0bb7d9da3f3e2c9bfa8,3,p3,3. Investigative skeptic,Amazon and Walmart fined for selling banned refrigerant in Washington state,success,0.213726,0.194103,0.472773,0.104492,0.414245,0.25,0.077642,0.0,0.013514,0.011503,0.011583,0.017456
simulation_ui_20260918_000717_12_12_sdsd,12,12,SDSD,12 · SDSD,edd97daf51d7e0bb7d9da3f3e2c9bfa8,4,p4,4. Conspiratorial,Amazon and Walmart fined for selling banned refrigerant in Washington state,success,0.252137,0.257393,0.730166,0.104492,0.471487,0.0,0.426383,0.0,0.010316,0.021776,0.000768,0.008404
simulation_ui_20260918_000717_12_12_sdsd,12,12,SDSD,12 · SDSD,efc05dd0bbe1b970e1f97452c3e0b5a4,1,p1,1. Investigative skeptic,Blackstone (BX) Slipped Amid Private Credit Concerns Despite Strong Long-Term Outlook,success,0.046209,0.046209,0.046209,0.09522,0.064882,0.0,0.013518,0.0,0.014657,0.017474,0.014806,0.011691
simulation_ui_20260918_000717_12_12_sdsd,12,12,SDSD,12 · SDSD,efc05dd0bbe1b970e1f97452c3e0b5a4,2,p2,2. Conspiratorial,Blackstone (BX) Slipped Amid Private Credit Concerns Despite Strong Long-Term Outlook,success,0.099617,0.13749,0.183699,0.0,0.048611,0.0,0.342837,0.0,0.009728,0.001585,0.020526,0.007074
simulation_ui_20260918_000717_12_12_sdsd,12,12,SDSD,12 · SDSD,efc05dd0bbe1b970e1f97452c3e0b5a4,3,p3,3. Investigative skeptic,Blackstone (BX) Slipped Amid Private Credit Concerns Despite Strong Long-Term Outlook,success,0.18036,0.197675,0.381374,0.141734,0.304771,0.0,0.262697,0.0,0.018596,0.011829,0.033332,0.010627
simulation_ui_20260918_000717_12_12_sdsd,12,12,SDSD,12 · SDSD,efc05dd0bbe1b970e1f97452c3e0b5a4,4,p4,4. Conspiratorial,Blackstone (BX) Slipped Amid Private Credit Concerns Despite Strong Long-Term Outlook,success,0.196789,0.086814,0.468188,0.141734,0.325684,0.0,0.313285,0.0,0.010022,0.006508,0.015719,0.00784
simulation_ui_20260918_000717_12_12_sdsd,12,12,SDSD,12 · SDSD,f46dd28ab257311f8706feca1dc99708,1,p1,1. Investigative skeptic,Bevvy: Downtown’s New ‘Dirty’ Soda,success,0.181591,0.181591,0.181591,0.120725,0.356545,0.2,0.038125,0.0,0.016695,0.011875,0.027454,0.010757
simulation_ui_20260918_000717_12_12_sdsd,12,12,SDSD,12 · SDSD,f46dd28ab257311f8706feca1dc99708,2,p2,2. Conspiratorial,Bevvy: Downtown’s New ‘Dirty’ Soda,success,0.147075,0.152821,0.334412,0.101412,0.465637,0.0,0.009807,0.0,0.016715,0.015477,0.025335,0.009332
simulation_ui_20260918_000717_12_12_sdsd,12,12,SDSD,12 · SDSD,f46dd28ab257311f8706feca1dc99708,3,p3,3. Investigative skeptic,Bevvy: Downtown’s New ‘Dirty’ Soda,success,0.107713,0.074591,0.409003,0.120725,0.259273,0.0,0.038125,0.0,0.017769,0.015634,0.022683,0.014989
simulation_ui_20260918_000717_12_12_sdsd,12,12,SDSD,12 · SDSD,f46dd28ab257311f8706feca1dc99708,4,p4,4. Conspiratorial,Bevvy: Downtown’s New ‘Dirty’ Soda,success,0.147506,0.078418,0.487421,0.101412,0.46428,0.0,0.009807,0.0,0.021205,0.021287,0.029185,0.013144
simulation_ui_20260918_000717_12_12_sdsd,12,12,SDSD,12 · SDSD,f7a4ad54b51a7d28de6970e46285b0f2,1,p1,1. Investigative skeptic,5G Services Market Surges to $497.24 billion by 2028 | CAGR 19.3%,success,0.259436,0.259436,0.259436,0.068949,0.42586,0.0,0.537216,0.0,0.009633,0.014516,0.002381,0.012002
simulation_ui_20260918_000717_12_12_sdsd,12,12,SDSD,12 · SDSD,f7a4ad54b51a7d28de6970e46285b0f2,2,p2,2. Conspiratorial,5G Services Market Surges to $497.24 billion by 2028 | CAGR 19.3%,success,0.174505,0.131959,0.391395,0.068949,0.065767,0.0,0.54019,0.0,0.034757,0.034671,0.038952,0.030647
simulation_ui_20260918_000717_12_12_sdsd,12,12,SDSD,12 · SDSD,f7a4ad54b51a7d28de6970e46285b0f2,3,p3,3. Investigative skeptic,5G Services Market Surges to $497.24 billion by 2028 | CAGR 19.3%,success,0.396805,0.316587,0.707982,1.0,0.126958,0.0,0.451399,0.0,0.018296,0.021741,0.012508,0.020639
simulation_ui_20260918_000717_12_12_sdsd,12,12,SDSD,12 · SDSD,f7a4ad54b51a7d28de6970e46285b0f2,4,p4,4. Conspiratorial,5G Services Market Surges to $497.24 billion by 2028 | CAGR 19.3%,success,0.209507,0.36969,1.077672,0.0,0.368714,0.0,0.455899,0.0,0.021123,0.024118,0.002571,0.03668
simulation_ui_20260918_000717_12_12_sdsd,12,12,SDSD,12 · SDSD,ff437d173cf94bd173d62a3ee1c4dc9e,1,p1,1. Investigative skeptic,Deputy minister: Belarus is among global leaders in dairy and meat exports,success,0.340776,0.340776,0.340776,0.327486,0.427375,0.146643,0.454269,0.0,0.013862,0.008524,0.019195,0.013867
simulation_ui_20260918_000717_12_12_sdsd,12,12,SDSD,12 · SDSD,ff437d173cf94bd173d62a3ee1c4dc9e,2,p2,2. Conspiratorial,Deputy minister: Belarus is among global leaders in dairy and meat exports,success,0.218032,0.276525,0.617301,0.360873,0.294407,0.0142,0.181634,0.0,0.03337,0.007313,0.060475,0.032321
simulation_ui_20260918_000717_12_12_sdsd,12,12,SDSD,12 · SDSD,ff437d173cf94bd173d62a3ee1c4dc9e,3,p3,3. Investigative skeptic,Deputy minister: Belarus is among global leaders in dairy and meat exports,success,0.240845,0.077519,0.69482,0.375416,0.294407,0.08903,0.191557,0.0,0.021263,0.030663,0.028615,0.004511
simulation_ui_20260918_000717_12_12_sdsd,12,12,SDSD,12 · SDSD,ff437d173cf94bd173d62a3ee1c4dc9e,4,p4,4. Conspiratorial,Deputy minister: Belarus is among global leaders in dairy and meat exports,success,0.223906,0.02142,0.71624,0.375416,0.294407,0.0142,0.191557,0.0,0.032076,0.040198,0.043373,0.012656
simulation_ui_20260918_000717_13_13_ddes,13,13,DDES,13 · DDES,03d15c304dd6358c32fe4fdcb841b43a,1,p1,1. Conspiratorial,"APO INVESTOR DEADLINE APPROACHING: Faruqi & Faruqi, LLP Reminds Apollo Global Management (APO) Investors of Securities Class Action Deadline on May 1, 2026",success,0.467883,0.467883,0.467883,1.0,0.322526,0.2,0.343162,0.0,0.013686,0.026221,0.009677,0.005159
simulation_ui_20260918_000717_13_13_ddes,13,13,DDES,13 · DDES,03d15c304dd6358c32fe4fdcb841b43a,2,p2,2. Conspiratorial,"APO INVESTOR DEADLINE APPROACHING: Faruqi & Faruqi, LLP Reminds Apollo Global Management (APO) Investors of Securities Class Action Deadline on May 1, 2026",success,0.470026,0.125507,0.59339,1.0,0.375539,0.2,0.297135,0.0,0.017463,0.030915,0.015911,0.005562
simulation_ui_20260918_000717_13_13_ddes,13,13,DDES,13 · DDES,03d15c304dd6358c32fe4fdcb841b43a,3,p3,3. Emotional amplifier,"APO INVESTOR DEADLINE APPROACHING: Faruqi & Faruqi, LLP Reminds Apollo Global Management (APO) Investors of Securities Class Action Deadline on May 1, 2026",success,0.28987,0.339621,0.933011,0.200727,0.375539,0.2,0.377247,0.0,0.01048,0.01906,0.007493,0.004886
simulation_ui_20260918_000717_13_13_ddes,13,13,DDES,13 · DDES,03d15c304dd6358c32fe4fdcb841b43a,4,p4,4. Investigative skeptic,"APO INVESTOR DEADLINE APPROACHING: Faruqi & Faruqi, LLP Reminds Apollo Global Management (APO) Investors of Securities Class Action Deadline on May 1, 2026",success,0.24416,0.155355,1.088366,0.067279,0.363866,0.2,0.337061,0.0,0.013911,0.024117,0.016094,0.001523
simulation_ui_20260918_000717_13_13_ddes,13,13,DDES,13 · DDES,03d1d324c6615b5fbc7455135584ac57,1,p1,1. Conspiratorial,Canadian Imperial Bank of Commerce (CM) To Go Ex-Dividend on March 27th,success,0.12788,0.12788,0.12788,0.047826,0.194288,0.0,0.266692,0.0,0.003888,0.003085,0.006273,0.002305
simulation_ui_20260918_000717_13_13_ddes,13,13,DDES,13 · DDES,03d1d324c6615b5fbc7455135584ac57,2,p2,2. Conspiratorial,Canadian Imperial Bank of Commerce (CM) To Go Ex-Dividend on March 27th,success,0.106132,0.106907,0.234787,0.0,0.194288,0.081983,0.145176,0.0,0.004305,0.003584,0.006089,0.003242
simulation_ui_20260918_000717_13_13_ddes,13,13,DDES,13 · DDES,03d1d324c6615b5fbc7455135584ac57,3,p3,3. Emotional amplifier,Canadian Imperial Bank of Commerce (CM) To Go Ex-Dividend on March 27th,success,0.213189,0.191828,0.426615,0.178528,0.436702,0.0,0.235874,0.0,0.002623,0.001321,0.006001,0.000546
simulation_ui_20260918_000717_13_13_ddes,13,13,DDES,13 · DDES,03d1d324c6615b5fbc7455135584ac57,4,p4,4. Investigative skeptic,Canadian Imperial Bank of Commerce (CM) To Go Ex-Dividend on March 27th,success,0.178139,0.201178,0.627793,0.0,0.194288,0.0,0.515418,0.0,0.004329,0.006917,0.001103,0.004966
simulation_ui_20260918_000717_13_13_ddes,13,13,DDES,13 · DDES,0883a2f27500aaeca578c2b397002506,1,p1,1. Conspiratorial,'A crater': Pollster says Trump suffers 'objective measure' of 'failed presidency',success,0.366248,0.366248,0.366248,0.31613,0.25449,0.37408,0.518441,0.0,0.003649,0.001487,0.008118,0.001343
simulation_ui_20260918_000717_13_13_ddes,13,13,DDES,13 · DDES,0883a2f27500aaeca578c2b397002506,2,p2,2. Conspiratorial,'A crater': Pollster says Trump suffers 'objective measure' of 'failed presidency',success,0.360926,0.169209,0.535457,0.435736,0.254446,0.302082,0.445249,0.0,0.012077,0.00795,0.012552,0.01573
simulation_ui_20260918_000717_13_13_ddes,13,13,DDES,13 · DDES,0883a2f27500aaeca578c2b397002506,3,p3,3. Emotional amplifier,'A crater': Pollster says Trump suffers 'objective measure' of 'failed presidency',success,0.270341,0.203849,0.739306,0.361137,0.308085,0.0,0.406355,0.0,0.009897,0.007508,0.008055,0.014129
simulation_ui_20260918_000717_13_13_ddes,13,13,DDES,13 · DDES,0883a2f27500aaeca578c2b397002506,4,p4,4. Investigative skeptic,'A crater': Pollster says Trump suffers 'objective measure' of 'failed presidency',success,0.369548,0.279237,1.018543,0.34471,0.272963,0.375,0.474501,0.0,0.021747,0.033027,0.023328,0.008887
simulation_ui_20260918_000717_13_13_ddes,13,13,DDES,13 · DDES,0b30ae6eaf7bab834a4906766ba2ecb2,1,p1,1. Conspiratorial,Britain introduces “plug-in” solar panels for homes to tackle the energy crisis caused by the war in Iran,success,0.201078,0.201078,0.201078,0.024277,0.358273,0.102841,0.316109,0.0,0.004395,0.002465,0.00163,0.00909
simulation_ui_20260918_000717_13_13_ddes,13,13,DDES,13 · DDES,0b30ae6eaf7bab834a4906766ba2ecb2,2,p2,2. Conspiratorial,Britain introduces “plug-in” solar panels for homes to tackle the energy crisis caused by the war in Iran,success,0.247512,0.121431,0.322509,0.059243,0.471373,0.102841,0.349844,0.0,0.011186,0.022902,0.001363,0.009292
simulation_ui_20260918_000717_13_13_ddes,13,13,DDES,13 · DDES,0b30ae6eaf7bab834a4906766ba2ecb2,3,p3,3. Emotional amplifier,Britain introduces “plug-in” solar panels for homes to tackle the energy crisis caused by the war in Iran,success,0.197001,0.128994,0.451503,0.048017,0.22701,0.102841,0.400616,0.0,0.014774,0.008729,0.032994,0.0026
simulation_ui_20260918_000717_13_13_ddes,13,13,DDES,13 · DDES,0b30ae6eaf7bab834a4906766ba2ecb2,4,p4,4. Investigative skeptic,Britain introduces “plug-in” solar panels for homes to tackle the energy crisis caused by the war in Iran,success,0.184968,0.058123,0.509626,0.044166,0.22701,0.101939,0.361458,0.0,0.008116,0.010524,0.013696,0.000127
simulation_ui_20260918_000717_13_13_ddes,13,13,DDES,13 · DDES,0c84c580588b0f1f5c9070df32dfc5a6,1,p1,1. Conspiratorial,"$1,000 ‘Dog Tax Credit’? Americans eye big payout — don’t miss this April date",success,0.14024,0.14024,0.14024,0.021737,0.171189,0.089127,0.252362,0.0,0.038299,0.062558,0.042918,0.009422
simulation_ui_20260918_000717_13_13_ddes,13,13,DDES,13 · DDES,0c84c580588b0f1f5c9070df32dfc5a6,2,p2,2. Conspiratorial,"$1,000 ‘Dog Tax Credit’? Americans eye big payout — don’t miss this April date",success,0.178825,0.096619,0.236859,0.006335,0.401064,0.027847,0.258822,0.0,0.032111,0.052311,0.040773,0.003248
simulation_ui_20260918_000717_13_13_ddes,13,13,DDES,13 · DDES,0c84c580588b0f1f5c9070df32dfc5a6,3,p3,3. Emotional amplifier,"$1,000 ‘Dog Tax Credit’? Americans eye big payout — don’t miss this April date",success,0.191591,0.120621,0.35748,0.0,0.416814,0.050478,0.285938,0.0,0.020227,0.033888,0.024378,0.002415
simulation_ui_20260918_000717_13_13_ddes,13,13,DDES,13 · DDES,0c84c580588b0f1f5c9070df32dfc5a6,4,p4,4. Investigative skeptic,"$1,000 ‘Dog Tax Credit’? Americans eye big payout — don’t miss this April date",success,0.231543,0.175999,0.533479,0.037993,0.533509,0.042771,0.29778,0.0,0.022864,0.023633,0.034636,0.010324
simulation_ui_20260918_000717_13_13_ddes,13,13,DDES,13 · DDES,0ccfe99f5612d8b22298e5942170415d,1,p1,1. Conspiratorial,Cambria Tax Aware ETF (NASDAQ:TAX) Short Interest Down 67.0% in March,success,0.13283,0.13283,0.13283,0.053813,0.06741,0.333333,0.05826,0.0,0.026529,0.033045,0.023452,0.023089
simulation_ui_20260918_000717_13_13_ddes,13,13,DDES,13 · DDES,0ccfe99f5612d8b22298e5942170415d,2,p2,2. Conspiratorial,Cambria Tax Aware ETF (NASDAQ:TAX) Short Interest Down 67.0% in March,success,0.312416,0.250722,0.383552,0.037416,0.023751,0.465267,0.704898,0.0,0.033107,0.030298,0.043148,0.025874
simulation_ui_20260918_000717_13_13_ddes,13,13,DDES,13 · DDES,0ccfe99f5612d8b22298e5942170415d,3,p3,3. Emotional amplifier,Cambria Tax Aware ETF (NASDAQ:TAX) Short Interest Down 67.0% in March,success,0.237386,0.238105,0.621657,0.021175,0.107108,0.333333,0.471001,0.0,0.027591,0.023775,0.03122,0.027778
simulation_ui_20260918_000717_13_13_ddes,13,13,DDES,13 · DDES,0ccfe99f5612d8b22298e5942170415d,4,p4,4. Investigative skeptic,Cambria Tax Aware ETF (NASDAQ:TAX) Short Interest Down 67.0% in March,success,0.201369,0.062656,0.684313,0.037416,0.0,0.333333,0.421726,0.0,0.020268,0.029137,0.018793,0.012874
simulation_ui_20260918_000717_13_13_ddes,13,13,DDES,13 · DDES,11c9275c35fecd97efe0ba12a17b00da,1,p1,1. Conspiratorial,CPA questions legal basis of GACL takeover of McDan Jet Terminal,success,0.255565,0.255565,0.255565,0.17646,0.342165,0.2,0.297728,0.0,0.0099,0.006219,0.009292,0.014188
simulation_ui_20260918_000717_13_13_ddes,13,13,DDES,13 · DDES,11c9275c35fecd97efe0ba12a17b00da,2,p2,2. Conspiratorial,CPA questions legal basis of GACL takeover of McDan Jet Terminal,success,0.121666,0.252211,0.507776,0.141513,0.091876,0.0,0.239756,0.0,0.019164,0.019199,0.017746,0.020546
simulation_ui_20260918_000717_13_13_ddes,13,13,DDES,13 · DDES,11c9275c35fecd97efe0ba12a17b00da,3,p3,3. Emotional amplifier,CPA questions legal basis of GACL takeover of McDan Jet Terminal,success,0.070253,0.081964,0.58974,0.02776,0.0,0.0,0.242472,0.0,0.014453,0.002667,0.029171,0.011521
simulation_ui_20260918_000717_13_13_ddes,13,13,DDES,13 · DDES,11c9275c35fecd97efe0ba12a17b00da,4,p4,4. Investigative skeptic,CPA questions legal basis of GACL takeover of McDan Jet Terminal,success,0.152841,0.101201,0.690941,0.02776,0.342165,0.0,0.231832,0.0,0.014134,0.014807,0.009746,0.017848
simulation_ui_20260918_000717_13_13_ddes,13,13,DDES,13 · DDES,11fde5af588f2d6f6a0c145a6d089324,1,p1,1. Conspiratorial,"BSNL Posts ₹5,000 Crore Profit After 18 Years, Scindia Signals ₹10,000 Crore Target & India Post IPO Plans",success,0.2305,0.2305,0.2305,0.101307,0.509489,0.25,0.043226,0.0,0.029034,0.053469,0.011965,0.021667
simulation_ui_20260918_000717_13_13_ddes,13,13,DDES,13 · DDES,11fde5af588f2d6f6a0c145a6d089324,2,p2,2. Conspiratorial,"BSNL Posts ₹5,000 Crore Profit After 18 Years, Scindia Signals ₹10,000 Crore Target & India Post IPO Plans",success,0.240126,0.015973,0.246473,0.101307,0.509489,0.25,0.073742,0.0,0.042351,0.086983,0.019436,0.020634
simulation_ui_20260918_000717_13_13_ddes,13,13,DDES,13 · DDES,11fde5af588f2d6f6a0c145a6d089324,3,p3,3. Emotional amplifier,"BSNL Posts ₹5,000 Crore Profit After 18 Years, Scindia Signals ₹10,000 Crore Target & India Post IPO Plans",success,0.259462,0.266588,0.513061,0.093996,0.595293,0.0,0.330599,0.0,0.03013,0.056748,0.021015,0.012627
simulation_ui_20260918_000717_13_13_ddes,13,13,DDES,13 · DDES,11fde5af588f2d6f6a0c145a6d089324,4,p4,4. Investigative skeptic,"BSNL Posts ₹5,000 Crore Profit After 18 Years, Scindia Signals ₹10,000 Crore Target & India Post IPO Plans",success,0.303647,0.218672,0.731733,0.079461,0.522194,0.25,0.344691,0.0,0.032529,0.043266,0.039122,0.015198
simulation_ui_20260918_000717_13_13_ddes,13,13,DDES,13 · DDES,17cd8c3587799d6f5551faf3e5895209,1,p1,1. Conspiratorial,"Credit Union of Colorado Foundation invests $50,000 in community college scholarships",success,0.068367,0.068367,0.068367,0.006451,0.195529,0.0,0.063927,0.0,0.010126,0.014785,0.008158,0.007434
simulation_ui_20260918_000717_13_13_ddes,13,13,DDES,13 · DDES,17cd8c3587799d6f5551faf3e5895209,2,p2,2. Conspiratorial,"Credit Union of Colorado Foundation invests $50,000 in community college scholarships",success,0.134517,0.170647,0.239014,0.0,0.143087,0.333333,0.053904,0.0,0.011159,0.022243,0.003001,0.008233
simulation_ui_20260918_000717_13_13_ddes,13,13,DDES,13 · DDES,17cd8c3587799d6f5551faf3e5895209,3,p3,3. Emotional amplifier,"Credit Union of Colorado Foundation invests $50,000 in community college scholarships",success,0.098846,0.158152,0.397166,0.0,0.301401,0.0,0.082856,0.0,0.015387,0.025773,0.013538,0.006849
simulation_ui_20260918_000717_13_13_ddes,13,13,DDES,13 · DDES,17cd8c3587799d6f5551faf3e5895209,4,p4,4. Investigative skeptic,"Credit Union of Colorado Foundation invests $50,000 in community college scholarships",success,0.065985,0.047469,0.444635,0.006451,0.192309,0.0,0.054079,0.0,0.014812,0.021371,0.012645,0.01042
simulation_ui_20260918_000717_13_13_ddes,13,13,DDES,13 · DDES,1e83ba34429a85f3fbafdb5671e23f1d,1,p1,1. Conspiratorial,Delhi PWD Accelerates PNG Pipeline Laying with 24-Hour Approvals,success,0.284378,0.284378,0.284378,0.142895,0.373735,0.270756,0.341339,0.0,0.015305,0.028252,0.012705,0.004957
simulation_ui_20260918_000717_13_13_ddes,13,13,DDES,13 · DDES,1e83ba34429a85f3fbafdb5671e23f1d,2,p2,2. Conspiratorial,Delhi PWD Accelerates PNG Pipeline Laying with 24-Hour Approvals,success,0.308877,0.141601,0.425979,0.109465,0.516532,0.270756,0.326343,0.0,0.022352,0.038682,0.018327,0.010046
simulation_ui_20260918_000717_13_13_ddes,13,13,DDES,13 · DDES,1e83ba34429a85f3fbafdb5671e23f1d,3,p3,3. Emotional amplifier,Delhi PWD Accelerates PNG Pipeline Laying with 24-Hour Approvals,success,0.305885,0.14642,0.572399,0.168988,0.440162,0.270268,0.326265,0.0,0.031953,0.044568,0.038746,0.012546
simulation_ui_20260918_000717_13_13_ddes,13,13,DDES,13 · DDES,1e83ba34429a85f3fbafdb5671e23f1d,4,p4,4. Investigative skeptic,Delhi PWD Accelerates PNG Pipeline Laying with 24-Hour Approvals,success,0.274082,0.266026,0.838425,0.174102,0.566933,0.0,0.346683,0.0,0.014783,0.032602,0.011411,0.000335
simulation_ui_20260918_000717_13_13_ddes,13,13,DDES,13 · DDES,1eb77463838b3d1f2ea74f8bfa272767,1,p1,1. Conspiratorial,Afghanistan urges regional water cooperation at Tashkent Forum,success,0.430258,0.430258,0.430258,1.0,0.178142,0.250801,0.286369,0.0,0.012515,0.016793,0.014085,0.006667
simulation_ui_20260918_000717_13_13_ddes,13,13,DDES,13 · DDES,1eb77463838b3d1f2ea74f8bfa272767,2,p2,2. Conspiratorial,Afghanistan urges regional water cooperation at Tashkent Forum,success,0.483603,0.317504,0.747762,1.0,0.391106,0.25,0.28705,0.0,0.015102,0.020361,0.013068,0.011877
simulation_ui_20260918_000717_13_13_ddes,13,13,DDES,13 · DDES,1eb77463838b3d1f2ea74f8bfa272767,3,p3,3. Emotional amplifier,Afghanistan urges regional water cooperation at Tashkent Forum,success,0.485388,0.390037,1.137799,1.0,0.24406,0.402775,0.292087,0.0,0.006381,0.000578,0.015818,0.002747
simulation_ui_20260918_000717_13_13_ddes,13,13,DDES,13 · DDES,1eb77463838b3d1f2ea74f8bfa272767,4,p4,4. Investigative skeptic,Afghanistan urges regional water cooperation at Tashkent Forum,success,0.475988,0.100192,1.237991,1.0,0.233951,0.328706,0.337638,0.0,0.008707,0.012804,0.004305,0.009011
simulation_ui_20260918_000717_13_13_ddes,13,13,DDES,13 · DDES,20df5253ec5e5a2623c8823c2b38083b,1,p1,1. Conspiratorial,Contango ORE (NYSEAMERICAN:CTGO) Now Covered by Analysts at Canaccord Genuity Group,success,0.143568,0.143568,0.143568,0.0,0.181801,0.0,0.38452,0.0,0.01158,0.010736,0.021765,0.002238
simulation_ui_20260918_000717_13_13_ddes,13,13,DDES,13 · DDES,20df5253ec5e5a2623c8823c2b38083b,2,p2,2. Conspiratorial,Contango ORE (NYSEAMERICAN:CTGO) Now Covered by Analysts at Canaccord Genuity Group,success,0.168209,0.066695,0.210263,0.0,0.254341,0.0,0.412434,0.0,0.009093,0.013289,0.004081,0.009909
simulation_ui_20260918_000717_13_13_ddes,13,13,DDES,13 · DDES,20df5253ec5e5a2623c8823c2b38083b,3,p3,3. Emotional amplifier,Contango ORE (NYSEAMERICAN:CTGO) Now Covered by Analysts at Canaccord Genuity Group,success,0.233574,0.151185,0.361448,0.005848,0.181801,0.333333,0.401385,0.0,0.019379,0.035691,0.000257,0.022188
simulation_ui_20260918_000717_13_13_ddes,13,13,DDES,13 · DDES,20df5253ec5e5a2623c8823c2b38083b,4,p4,4. Investigative skeptic,Contango ORE (NYSEAMERICAN:CTGO) Now Covered by Analysts at Canaccord Genuity Group,success,0.211446,0.198649,0.560097,0.052565,0.389198,0.0,0.397313,0.0,0.010612,0.007572,0.005123,0.01914
simulation_ui_20260918_000717_13_13_ddes,13,13,DDES,13 · DDES,285f86ba6e2a489c2d4a3ab84f18a6a4,1,p1,1. Conspiratorial,Company Banned from Marketing Business Opportunities to Settle FTC Charges it Misled Consumers About Earnings Potential,success,0.417764,0.417764,0.417764,1.0,0.260829,0.271769,0.132505,0.0,0.012748,0.009891,0.016677,0.011675
simulation_ui_20260918_000717_13_13_ddes,13,13,DDES,13 · DDES,285f86ba6e2a489c2d4a3ab84f18a6a4,2,p2,2. Conspiratorial,Company Banned from Marketing Business Opportunities to Settle FTC Charges it Misled Consumers About Earnings Potential,success,0.220366,0.406817,0.824581,0.086287,0.322063,0.294393,0.171196,0.0,0.012034,0.016781,0.010646,0.008674
simulation_ui_20260918_000717_13_13_ddes,13,13,DDES,13 · DDES,285f86ba6e2a489c2d4a3ab84f18a6a4,3,p3,3. Emotional amplifier,Company Banned from Marketing Business Opportunities to Settle FTC Charges it Misled Consumers About Earnings Potential,success,0.214321,0.149805,0.974386,0.084571,0.303904,0.304615,0.156432,0.0,0.012318,0.010322,0.021126,0.005506
simulation_ui_20260918_000717_13_13_ddes,13,13,DDES,13 · DDES,285f86ba6e2a489c2d4a3ab84f18a6a4,4,p4,4. Investigative skeptic,Company Banned from Marketing Business Opportunities to Settle FTC Charges it Misled Consumers About Earnings Potential,success,0.463306,0.429192,1.403578,1.0,0.076036,0.304615,0.467604,0.0,0.011551,0.013683,0.016345,0.004626
simulation_ui_20260918_000717_13_13_ddes,13,13,DDES,13 · DDES,3343849e4bfdca882e24cd916fa75ec6,1,p1,1. Conspiratorial,ASMALLWORLD Introduces New Marriott Bonvoy® Benefit for Members,success,0.001328,0.001328,0.001328,0.0,0.0,0.0,0.0,0.0,0.006642,0.010741,0.004693,0.004491
simulation_ui_20260918_000717_13_13_ddes,13,13,DDES,13 · DDES,3343849e4bfdca882e24cd916fa75ec6,2,p2,2. Conspiratorial,ASMALLWORLD Introduces New Marriott Bonvoy® Benefit for Members,success,0.094618,0.09414,0.095468,0.05842,0.258664,0.0,0.057421,0.0,0.005473,0.004739,0.005065,0.006614
simulation_ui_20260918_000717_13_13_ddes,13,13,DDES,13 · DDES,3343849e4bfdca882e24cd916fa75ec6,3,p3,3. Emotional amplifier,ASMALLWORLD Introduces New Marriott Bonvoy® Benefit for Members,success,0.171135,0.118916,0.214384,0.022681,0.258664,0.0,0.395868,0.0,0.011026,0.009497,0.01222,0.011362
simulation_ui_20260918_000717_13_13_ddes,13,13,DDES,13 · DDES,3343849e4bfdca882e24cd916fa75ec6,4,p4,4. Investigative skeptic,ASMALLWORLD Introduces New Marriott Bonvoy® Benefit for Members,success,0.176092,0.279109,0.493493,0.05842,0.077915,0.333333,0.224875,0.0,0.01486,0.023788,0.010167,0.010626
simulation_ui_20260918_000717_13_13_ddes,13,13,DDES,13 · DDES,3e908966e0393a684386f1e186c5c6e3,1,p1,1. Conspiratorial,CAAS defers sustainable aviation fuel levy,success,0.163169,0.163169,0.163169,0.12403,0.041424,0.240361,0.237051,0.0,0.014611,0.007216,0.015494,0.021124
simulation_ui_20260918_000717_13_13_ddes,13,13,DDES,13 · DDES,3e908966e0393a684386f1e186c5c6e3,2,p2,2. Conspiratorial,CAAS defers sustainable aviation fuel levy,success,0.194018,0.160108,0.323277,0.109388,0.112232,0.247165,0.297472,0.0,0.015173,0.00099,0.016516,0.028014
simulation_ui_20260918_000717_13_13_ddes,13,13,DDES,13 · DDES,3e908966e0393a684386f1e186c5c6e3,3,p3,3. Emotional amplifier,CAAS defers sustainable aviation fuel levy,success,0.147315,0.155644,0.478921,0.139211,0.064773,0.25,0.11961,0.0,0.022858,0.01501,0.024096,0.029467
simulation_ui_20260918_000717_13_13_ddes,13,13,DDES,13 · DDES,3e908966e0393a684386f1e186c5c6e3,4,p4,4. Investigative skeptic,CAAS defers sustainable aviation fuel levy,success,0.153251,0.207088,0.686009,0.018618,0.265202,0.050452,0.267292,0.0,0.01683,0.009601,0.010888,0.030001
simulation_ui_20260918_000717_13_13_ddes,13,13,DDES,13 · DDES,4284601d27a88508e23bb7ecf1e26740,1,p1,1. Conspiratorial,Blackbaud Opens Registration for bbcon 2026 to Rally Social Impact Sector Around AI Innovation,success,0.13912,0.13912,0.13912,0.0,0.175666,0.25,0.109648,0.0,0.030548,0.006909,0.05741,0.027325
simulation_ui_20260918_000717_13_13_ddes,13,13,DDES,13 · DDES,4284601d27a88508e23bb7ecf1e26740,2,p2,2. Conspiratorial,Blackbaud Opens Registration for bbcon 2026 to Rally Social Impact Sector Around AI Innovation,success,0.143138,0.13357,0.27269,0.0,0.0,0.25,0.307574,0.0,0.021753,0.002307,0.043937,0.019014
simulation_ui_20260918_000717_13_13_ddes,13,13,DDES,13 · DDES,4284601d27a88508e23bb7ecf1e26740,3,p3,3. Emotional amplifier,Blackbaud Opens Registration for bbcon 2026 to Rally Social Impact Sector Around AI Innovation,success,0.195591,0.116114,0.388804,0.02668,0.268955,0.25,0.215031,0.0,0.033491,0.009128,0.05769,0.033655
simulation_ui_20260918_000717_13_13_ddes,13,13,DDES,13 · DDES,4284601d27a88508e23bb7ecf1e26740,4,p4,4. Investigative skeptic,Blackbaud Opens Registration for bbcon 2026 to Rally Social Impact Sector Around AI Innovation,success,0.143315,0.109461,0.498265,0.0,0.0,0.25,0.311816,0.0,0.016643,0.001155,0.027166,0.021608
simulation_ui_20260918_000717_13_13_ddes,13,13,DDES,13 · DDES,43b305aebbf654fd9464eb6d39cf900b,1,p1,1. Conspiratorial,CS Atal Dulloo Reviews Progress Of Tawi Artificial Lake And Riverfront Development Projects,success,0.059639,0.059639,0.059639,0.0,0.140368,0.0,0.087374,0.0,0.014333,0.010049,0.01824,0.014711
simulation_ui_20260918_000717_13_13_ddes,13,13,DDES,13 · DDES,43b305aebbf654fd9464eb6d39cf900b,2,p2,2. Conspiratorial,CS Atal Dulloo Reviews Progress Of Tawi Artificial Lake And Riverfront Development Projects,success,0.131362,0.142953,0.202592,0.0,0.166667,0.224998,0.123489,0.0,0.014772,0.004829,0.021489,0.017998
simulation_ui_20260918_000717_13_13_ddes,13,13,DDES,13 · DDES,43b305aebbf654fd9464eb6d39cf900b,3,p3,3. Emotional amplifier,CS Atal Dulloo Reviews Progress Of Tawi Artificial Lake And Riverfront Development Projects,success,0.074839,0.127941,0.330533,0.0,0.221474,0.0,0.070155,0.0,0.01042,0.009741,0.005995,0.015523
simulation_ui_20260918_000717_13_13_ddes,13,13,DDES,13 · DDES,43b305aebbf654fd9464eb6d39cf900b,4,p4,4. Investigative skeptic,CS Atal Dulloo Reviews Progress Of Tawi Artificial Lake And Riverfront Development Projects,success,0.095711,0.069671,0.400204,0.0,0.19301,0.031792,0.150744,0.0,0.010066,0.007101,0.012302,0.010794
simulation_ui_20260918_000717_13_13_ddes,13,13,DDES,13 · DDES,43d218dc30bd89b0c4da158243e74603,1,p1,1. Conspiratorial,Amesite Executes Trading Partner Agreement Enabling Secure Connectivity with Leading Homecare Technology Platform,success,0.367545,0.367545,0.367545,0.374537,0.281472,0.5,0.305607,0.0,0.016871,0.033533,0.007005,0.010075
simulation_ui_20260918_000717_13_13_ddes,13,13,DDES,13 · DDES,43d218dc30bd89b0c4da158243e74603,2,p2,2. Conspiratorial,Amesite Executes Trading Partner Agreement Enabling Secure Connectivity with Leading Homecare Technology Platform,success,0.327869,0.095834,0.463379,0.374537,0.348124,0.5,0.076976,0.0,0.02192,0.008387,0.019547,0.037826
simulation_ui_20260918_000717_13_13_ddes,13,13,DDES,13 · DDES,43d218dc30bd89b0c4da158243e74603,3,p3,3. Emotional amplifier,Amesite Executes Trading Partner Agreement Enabling Secure Connectivity with Leading Homecare Technology Platform,success,0.356997,0.245811,0.70919,0.3797,0.281472,0.403897,0.352519,0.0,0.020137,0.010403,0.007951,0.042056
simulation_ui_20260918_000717_13_13_ddes,13,13,DDES,13 · DDES,43d218dc30bd89b0c4da158243e74603,4,p4,4. Investigative skeptic,Amesite Executes Trading Partner Agreement Enabling Secure Connectivity with Leading Homecare Technology Platform,success,0.311097,0.226343,0.935533,0.374537,0.281472,0.5,0.076976,0.0,0.020608,0.005621,0.030327,0.025877
simulation_ui_20260918_000717_13_13_ddes,13,13,DDES,13 · DDES,45a67f6f54cd92c32163be9459300052,1,p1,1. Conspiratorial,"Bitcoin Miners, Now AI Compute Leaders, Face Profitability Concerns",success,0.12115,0.12115,0.12115,0.077086,0.11999,0.091849,0.186492,0.0,0.013028,0.026749,0.00544,0.006895
simulation_ui_20260918_000717_13_13_ddes,13,13,DDES,13 · DDES,45a67f6f54cd92c32163be9459300052,2,p2,2. Conspiratorial,"Bitcoin Miners, Now AI Compute Leaders, Face Profitability Concerns",success,0.347676,0.288096,0.409246,0.070025,0.427702,0.336399,0.54651,0.0,0.019216,0.049083,0.005107,0.003458
simulation_ui_20260918_000717_13_13_ddes,13,13,DDES,13 · DDES,45a67f6f54cd92c32163be9459300052,3,p3,3. Emotional amplifier,"Bitcoin Miners, Now AI Compute Leaders, Face Profitability Concerns",success,0.190928,0.252529,0.661775,0.063702,0.237328,0.115199,0.327391,0.0,0.03085,0.045324,0.043677,0.003548
simulation_ui_20260918_000717_13_13_ddes,13,13,DDES,13 · DDES,45a67f6f54cd92c32163be9459300052,4,p4,4. Investigative skeptic,"Bitcoin Miners, Now AI Compute Leaders, Face Profitability Concerns",success,0.315398,0.269162,0.930937,0.066188,0.604251,0.25,0.334051,0.0,0.012931,0.0078,0.010197,0.020796
simulation_ui_20260918_000717_13_13_ddes,13,13,DDES,13 · DDES,48375acfba2ffc7f64822005eaab01e9,1,p1,1. Conspiratorial,"Capitan Silver Commences Trading on the OTCQX Market Under Symbol ""CAPTF""",success,0.129813,0.129813,0.129813,0.033861,0.455728,0.0,0.005244,0.0,0.034833,0.08505,0.008423,0.011026
simulation_ui_20260918_000717_13_13_ddes,13,13,DDES,13 · DDES,48375acfba2ffc7f64822005eaab01e9,2,p2,2. Conspiratorial,"Capitan Silver Commences Trading on the OTCQX Market Under Symbol ""CAPTF""",success,0.145719,0.037194,0.167007,0.0,0.53334,0.0,0.027374,0.0,0.03222,0.087257,0.000558,0.008845
simulation_ui_20260918_000717_13_13_ddes,13,13,DDES,13 · DDES,48375acfba2ffc7f64822005eaab01e9,3,p3,3. Emotional amplifier,"Capitan Silver Commences Trading on the OTCQX Market Under Symbol ""CAPTF""",success,0.234186,0.191367,0.358374,0.120949,0.506152,0.25,0.044027,0.0,0.025357,0.058691,0.012635,0.004746
simulation_ui_20260918_000717_13_13_ddes,13,13,DDES,13 · DDES,48375acfba2ffc7f64822005eaab01e9,4,p4,4. Investigative skeptic,"Capitan Silver Commences Trading on the OTCQX Market Under Symbol ""CAPTF""",success,0.221202,0.139172,0.497546,0.159059,0.452817,0.25,0.0,0.0,0.036537,0.077369,0.027239,0.005004
simulation_ui_20260918_000717_13_13_ddes,13,13,DDES,13 · DDES,4980763ccff9b986f6829df1e9489341,1,p1,1. Conspiratorial,Cabana Target Drawdown 7 ETF (NASDAQ:TDSB) Short Interest Down 96.6% in March,success,0.164942,0.164942,0.164942,0.035984,0.531597,0.0,0.080718,0.0,0.01711,0.02338,0.009605,0.018346
simulation_ui_20260918_000717_13_13_ddes,13,13,DDES,13 · DDES,4980763ccff9b986f6829df1e9489341,2,p2,2. Conspiratorial,Cabana Target Drawdown 7 ETF (NASDAQ:TDSB) Short Interest Down 96.6% in March,success,0.321608,0.326947,0.491889,0.058333,0.564319,0.42645,0.227802,0.0,0.017496,0.01942,0.01779,0.015279
simulation_ui_20260918_000717_13_13_ddes,13,13,DDES,13 · DDES,4980763ccff9b986f6829df1e9489341,3,p3,3. Emotional amplifier,Cabana Target Drawdown 7 ETF (NASDAQ:TDSB) Short Interest Down 96.6% in March,success,0.34193,0.282519,0.774408,0.035984,0.50585,0.42645,0.387145,0.0,0.023236,0.020886,0.036989,0.011832
simulation_ui_20260918_000717_13_13_ddes,13,13,DDES,13 · DDES,4980763ccff9b986f6829df1e9489341,4,p4,4. Investigative skeptic,Cabana Target Drawdown 7 ETF (NASDAQ:TDSB) Short Interest Down 96.6% in March,success,0.314479,0.290222,1.06463,0.078327,0.646686,0.0,0.523748,0.0,0.016641,0.010552,0.014856,0.024516
simulation_ui_20260918_000717_13_13_ddes,13,13,DDES,13 · DDES,4ac6395408a9caf70c7d2ffc4ca362c7,1,p1,1. Conspiratorial,Continuing Unemployment Claims Dip to Nearly 2-Year Low,success,0.316995,0.316995,0.316995,0.294245,0.228665,0.354184,0.384144,0.0,0.012311,0.012164,0.013605,0.011165
simulation_ui_20260918_000717_13_13_ddes,13,13,DDES,13 · DDES,4ac6395408a9caf70c7d2ffc4ca362c7,2,p2,2. Conspiratorial,Continuing Unemployment Claims Dip to Nearly 2-Year Low,success,0.246929,0.293346,0.610341,0.351058,0.408194,0.031276,0.187508,0.0,0.016019,0.027007,0.010356,0.010693
simulation_ui_20260918_000717_13_13_ddes,13,13,DDES,13 · DDES,4ac6395408a9caf70c7d2ffc4ca362c7,3,p3,3. Emotional amplifier,Continuing Unemployment Claims Dip to Nearly 2-Year Low,success,0.18604,0.285347,0.895688,0.0,0.322671,0.031276,0.379184,0.0,0.016879,0.030068,0.018186,0.002382
simulation_ui_20260918_000717_13_13_ddes,13,13,DDES,13 · DDES,4ac6395408a9caf70c7d2ffc4ca362c7,4,p4,4. Investigative skeptic,Continuing Unemployment Claims Dip to Nearly 2-Year Low,success,0.301486,0.261861,1.157549,0.338012,0.475907,0.031276,0.353913,0.0,0.012202,0.029443,0.000227,0.006936
simulation_ui_20260918_000717_13_13_ddes,13,13,DDES,13 · DDES,59a0fb71f66cefb61fc91c97affb1dbe,1,p1,1. Conspiratorial,"Bank of Montreal targets 15% return on equity on wealth, US businesses growth",success,0.143958,0.143958,0.143958,0.004197,0.476968,0.0,0.077132,0.0,0.025472,0.046284,0.024677,0.005454
simulation_ui_20260918_000717_13_13_ddes,13,13,DDES,13 · DDES,59a0fb71f66cefb61fc91c97affb1dbe,2,p2,2. Conspiratorial,"Bank of Montreal targets 15% return on equity on wealth, US businesses growth",success,0.16175,0.152349,0.296307,0.208374,0.333333,0.0,0.081294,0.0,0.035535,0.063619,0.025215,0.01777
simulation_ui_20260918_000717_13_13_ddes,13,13,DDES,13 · DDES,59a0fb71f66cefb61fc91c97affb1dbe,3,p3,3. Emotional amplifier,"Bank of Montreal targets 15% return on equity on wealth, US businesses growth",success,0.179844,0.130493,0.4268,0.083918,0.476968,0.031824,0.112532,0.0,0.02145,0.044079,0.00618,0.014092
simulation_ui_20260918_000717_13_13_ddes,13,13,DDES,13 · DDES,59a0fb71f66cefb61fc91c97affb1dbe,4,p4,4. Investigative skeptic,"Bank of Montreal targets 15% return on equity on wealth, US businesses growth",success,0.1842,0.22095,0.64775,0.0,0.333333,0.031824,0.35194,0.0,0.030006,0.058578,0.027878,0.003563
simulation_ui_20260918_000717_13_13_ddes,13,13,DDES,13 · DDES,6282ee092c7147c978409e71f0096515,1,p1,1. Conspiratorial,Backdoor bet. How federal regulators are sidestepping Alabama: op-ed,success,0.138886,0.138886,0.138886,0.068426,0.203069,0.101833,0.175483,0.0,0.009757,0.002872,0.012868,0.013531
simulation_ui_20260918_000717_13_13_ddes,13,13,DDES,13 · DDES,6282ee092c7147c978409e71f0096515,2,p2,2. Conspiratorial,Backdoor bet. How federal regulators are sidestepping Alabama: op-ed,success,0.133816,0.117442,0.256328,0.077959,0.234151,0.101833,0.11602,0.0,0.007637,0.013617,0.004164,0.005129
simulation_ui_20260918_000717_13_13_ddes,13,13,DDES,13 · DDES,6282ee092c7147c978409e71f0096515,3,p3,3. Emotional amplifier,Backdoor bet. How federal regulators are sidestepping Alabama: op-ed,success,0.158063,0.11542,0.371748,0.073068,0.305718,0.101833,0.143456,0.0,0.012111,0.001261,0.024009,0.011063
simulation_ui_20260918_000717_13_13_ddes,13,13,DDES,13 · DDES,6282ee092c7147c978409e71f0096515,4,p4,4. Investigative skeptic,Backdoor bet. How federal regulators are sidestepping Alabama: op-ed,success,0.156455,0.073416,0.445164,0.083514,0.305116,0.101833,0.129988,0.0,0.007945,0.00123,0.014103,0.008503
simulation_ui_20260918_000717_13_13_ddes,13,13,DDES,13 · DDES,6296ce617808e446ef3e272b65cb5b46,1,p1,1. Conspiratorial,Apple Adds New Partners to Expand Its U.S. Supply Chain,success,0.072782,0.072782,0.072782,0.0,0.275538,0.0,0.011962,0.0,0.004888,0.004156,0.006841,0.003668
simulation_ui_20260918_000717_13_13_ddes,13,13,DDES,13 · DDES,6296ce617808e446ef3e272b65cb5b46,2,p2,2. Conspiratorial,Apple Adds New Partners to Expand Its U.S. Supply Chain,success,0.109652,0.071078,0.14386,0.0,0.417977,0.0,0.016959,0.0,0.005152,0.008079,0.001425,0.005953
simulation_ui_20260918_000717_13_13_ddes,13,13,DDES,13 · DDES,6296ce617808e446ef3e272b65cb5b46,3,p3,3. Emotional amplifier,Apple Adds New Partners to Expand Its U.S. Supply Chain,success,0.141389,0.08031,0.22417,0.0,0.429441,0.0,0.119914,0.0,0.023473,0.027763,0.021966,0.020691
simulation_ui_20260918_000717_13_13_ddes,13,13,DDES,13 · DDES,6296ce617808e446ef3e272b65cb5b46,4,p4,4. Investigative skeptic,Apple Adds New Partners to Expand Its U.S. Supply Chain,success,0.177502,0.106643,0.330813,0.0,0.435475,0.142857,0.114143,0.0,0.026503,0.025782,0.033971,0.019755
simulation_ui_20260918_000717_13_13_ddes,13,13,DDES,13 · DDES,64aefc05d7d6e883d857202942daa279,1,p1,1. Conspiratorial,Competition Commission clears merger of Udemy with Coursera's arm,success,0.120993,0.120993,0.120993,0.026533,0.08896,0.333333,0.028547,0.0,0.009369,0.004452,0.021399,0.002257
simulation_ui_20260918_000717_13_13_ddes,13,13,DDES,13 · DDES,64aefc05d7d6e883d857202942daa279,2,p2,2. Conspiratorial,Competition Commission clears merger of Udemy with Coursera's arm,success,0.188506,0.094632,0.215625,0.0,0.391638,0.333333,0.021223,0.0,0.012035,0.011188,0.014814,0.010103
simulation_ui_20260918_000717_13_13_ddes,13,13,DDES,13 · DDES,64aefc05d7d6e883d857202942daa279,3,p3,3. Emotional amplifier,Competition Commission clears merger of Udemy with Coursera's arm,success,0.176422,0.080588,0.296213,0.026533,0.31672,0.333333,0.021668,0.0,0.011256,0.00823,0.018008,0.007531
simulation_ui_20260918_000717_13_13_ddes,13,13,DDES,13 · DDES,64aefc05d7d6e883d857202942daa279,4,p4,4. Investigative skeptic,Competition Commission clears merger of Udemy with Coursera's arm,success,0.196366,0.075096,0.371309,0.026533,0.391638,0.333333,0.027099,0.0,0.010647,0.007817,0.015262,0.008863
simulation_ui_20260918_000717_13_13_ddes,13,13,DDES,13 · DDES,675d6df42ab1fa2c25fcb6c96a0801ba,1,p1,1. Conspiratorial,"Cohen & Steers Infrastructure Fund, Inc (NYSE:UTF) Plans $0.17 Monthly Dividend",success,0.145831,0.145831,0.145831,0.058064,0.058191,0.106612,0.355546,0.0,0.007175,0.009045,0.006577,0.005902
simulation_ui_20260918_000717_13_13_ddes,13,13,DDES,13 · DDES,675d6df42ab1fa2c25fcb6c96a0801ba,2,p2,2. Conspiratorial,"Cohen & Steers Infrastructure Fund, Inc (NYSE:UTF) Plans $0.17 Monthly Dividend",success,0.11818,0.188899,0.33473,0.058064,0.374404,0.0,0.033319,0.0,0.009808,0.01199,0.010084,0.007349
simulation_ui_20260918_000717_13_13_ddes,13,13,DDES,13 · DDES,675d6df42ab1fa2c25fcb6c96a0801ba,3,p3,3. Emotional amplifier,"Cohen & Steers Infrastructure Fund, Inc (NYSE:UTF) Plans $0.17 Monthly Dividend",success,0.126598,0.249277,0.584007,0.002148,0.115616,0.0,0.378627,0.0,0.014275,0.019705,0.003445,0.019676
simulation_ui_20260918_000717_13_13_ddes,13,13,DDES,13 · DDES,675d6df42ab1fa2c25fcb6c96a0801ba,4,p4,4. Investigative skeptic,"Cohen & Steers Infrastructure Fund, Inc (NYSE:UTF) Plans $0.17 Monthly Dividend",success,0.107901,0.113888,0.697895,0.05859,0.0,0.0,0.363819,0.0,0.012852,0.034541,0.003484,0.00053
simulation_ui_20260918_000717_13_13_ddes,13,13,DDES,13 · DDES,73939fe081f6d0ef3ed498b2dd7f4039,1,p1,1. Conspiratorial,Coastal Electric plans rate increase,success,0.116297,0.116297,0.116297,0.0,0.333333,0.0,0.11874,0.0,0.018481,0.007046,0.025359,0.023037
simulation_ui_20260918_000717_13_13_ddes,13,13,DDES,13 · DDES,73939fe081f6d0ef3ed498b2dd7f4039,2,p2,2. Conspiratorial,Coastal Electric plans rate increase,success,0.1105,0.094497,0.210794,0.0,0.31253,0.0,0.109722,0.0,0.027601,0.052741,0.007842,0.022221
simulation_ui_20260918_000717_13_13_ddes,13,13,DDES,13 · DDES,73939fe081f6d0ef3ed498b2dd7f4039,3,p3,3. Emotional amplifier,Coastal Electric plans rate increase,success,0.295964,0.284899,0.495693,0.0,0.290899,0.5,0.379517,0.0,0.023752,0.027615,0.018787,0.024854
simulation_ui_20260918_000717_13_13_ddes,13,13,DDES,13 · DDES,73939fe081f6d0ef3ed498b2dd7f4039,4,p4,4. Investigative skeptic,Coastal Electric plans rate increase,success,0.259105,0.211904,0.707597,0.0,0.27265,0.666667,0.083451,0.0,0.022927,0.022896,0.037278,0.008608
simulation_ui_20260918_000717_13_13_ddes,13,13,DDES,13 · DDES,764d938e82fccdeec46aa43984936af9,1,p1,1. Conspiratorial,Centre Highlights Border Infrastructure Push Through BADP and Vibrant Villages Programmes,success,0.342028,0.342028,0.342028,0.212031,0.368261,0.313021,0.46464,0.0,0.019229,0.027433,0.017079,0.013176
simulation_ui_20260918_000717_13_13_ddes,13,13,DDES,13 · DDES,764d938e82fccdeec46aa43984936af9,2,p2,2. Conspiratorial,Centre Highlights Border Infrastructure Push Through BADP and Vibrant Villages Programmes,success,0.353936,0.209153,0.551181,0.239346,0.433733,0.177264,0.55349,0.0,0.022942,0.043024,0.012993,0.012808
simulation_ui_20260918_000717_13_13_ddes,13,13,DDES,13 · DDES,764d938e82fccdeec46aa43984936af9,3,p3,3. Emotional amplifier,Centre Highlights Border Infrastructure Push Through BADP and Vibrant Villages Programmes,success,0.325088,0.176819,0.728,0.126748,0.57907,0.022427,0.561319,0.0,0.0199,0.042341,0.00525,0.01211
simulation_ui_20260918_000717_13_13_ddes,13,13,DDES,13 · DDES,764d938e82fccdeec46aa43984936af9,4,p4,4. Investigative skeptic,Centre Highlights Border Infrastructure Push Through BADP and Vibrant Villages Programmes,success,0.354105,0.316768,1.044768,0.330393,0.552138,0.266644,0.249731,0.0,0.033663,0.070019,0.021194,0.009777
simulation_ui_20260918_000717_13_13_ddes,13,13,DDES,13 · DDES,80a390c3c68815dadd42b1ea065fd1af,1,p1,1. Conspiratorial,Contract OK’d to extend sidewalk repairs,success,0.389649,0.389649,0.389649,0.218794,0.455371,0.280821,0.59518,0.0,0.017208,0.033283,0.00807,0.010272
simulation_ui_20260918_000717_13_13_ddes,13,13,DDES,13 · DDES,80a390c3c68815dadd42b1ea065fd1af,2,p2,2. Conspiratorial,Contract OK’d to extend sidewalk repairs,success,0.375028,0.178,0.567649,0.218794,0.428047,0.366434,0.477549,0.0,0.018512,0.040343,0.01324,0.001952
simulation_ui_20260918_000717_13_13_ddes,13,13,DDES,13 · DDES,80a390c3c68815dadd42b1ea065fd1af,3,p3,3. Emotional amplifier,Contract OK’d to extend sidewalk repairs,success,0.377973,0.089041,0.65669,0.218794,0.402486,0.280821,0.59959,0.0,0.020412,0.037328,0.014837,0.009072
simulation_ui_20260918_000717_13_13_ddes,13,13,DDES,13 · DDES,80a390c3c68815dadd42b1ea065fd1af,4,p4,4. Investigative skeptic,Contract OK’d to extend sidewalk repairs,success,0.390385,0.255342,0.912032,0.218794,0.455371,0.366434,0.508966,0.0,0.024436,0.058667,0.001013,0.013627
simulation_ui_20260918_000717_13_13_ddes,13,13,DDES,13 · DDES,80e1561246e5483a76211bd892a06bcb,1,p1,1. Conspiratorial,Aldi inches closer to being hit with unprecedented $15 policy at all locations in the state,success,0.251158,0.251158,0.251158,0.0,0.365392,0.110352,0.523042,0.0,0.009741,0.008499,0.019329,0.001396
simulation_ui_20260918_000717_13_13_ddes,13,13,DDES,13 · DDES,80e1561246e5483a76211bd892a06bcb,2,p2,2. Conspiratorial,Aldi inches closer to being hit with unprecedented $15 policy at all locations in the state,success,0.308699,0.192585,0.443743,0.070819,0.420231,0.220166,0.516267,0.0,0.013186,0.02726,0.002075,0.010224
simulation_ui_20260918_000717_13_13_ddes,13,13,DDES,13 · DDES,80e1561246e5483a76211bd892a06bcb,3,p3,3. Emotional amplifier,Aldi inches closer to being hit with unprecedented $15 policy at all locations in the state,success,0.256514,0.130876,0.574619,0.032326,0.46812,0.0,0.520148,0.0,0.009166,0.019138,0.005616,0.002743
simulation_ui_20260918_000717_13_13_ddes,13,13,DDES,13 · DDES,80e1561246e5483a76211bd892a06bcb,4,p4,4. Investigative skeptic,Aldi inches closer to being hit with unprecedented $15 policy at all locations in the state,success,0.289427,0.253192,0.827811,0.080081,0.427474,0.172668,0.465916,0.0,0.020271,0.024321,0.025555,0.010936
simulation_ui_20260918_000717_13_13_ddes,13,13,DDES,13 · DDES,954401161f2ebcd5c5ec0961fa417e31,1,p1,1. Conspiratorial,Biodiversity strategy is a must for mining companies,success,0.127598,0.127598,0.127598,0.0,0.0,0.333333,0.168468,0.0,0.012279,0.014989,0.016597,0.00525
simulation_ui_20260918_000717_13_13_ddes,13,13,DDES,13 · DDES,954401161f2ebcd5c5ec0961fa417e31,2,p2,2. Conspiratorial,Biodiversity strategy is a must for mining companies,success,0.40345,0.333256,0.460854,0.116264,0.454456,0.604092,0.432181,0.0,0.014223,0.009848,0.024804,0.008016
simulation_ui_20260918_000717_13_13_ddes,13,13,DDES,13 · DDES,954401161f2ebcd5c5ec0961fa417e31,3,p3,3. Emotional amplifier,Biodiversity strategy is a must for mining companies,success,0.379462,0.319207,0.780061,0.0,0.277093,0.703069,0.527292,0.0,0.020848,0.003187,0.052027,0.00733
simulation_ui_20260918_000717_13_13_ddes,13,13,DDES,13 · DDES,954401161f2ebcd5c5ec0961fa417e31,4,p4,4. Investigative skeptic,Biodiversity strategy is a must for mining companies,success,0.356171,0.361826,1.141887,0.117532,0.406523,0.550673,0.336834,0.0,0.025348,0.003338,0.041336,0.03137
simulation_ui_20260918_000717_13_13_ddes,13,13,DDES,13 · DDES,96039628b3a89f4a9134fd1dc3b666d7,1,p1,1. Conspiratorial,Air travel to become expensive from April 1? Civil Aviation Minister clarifies amid Middle East crisis,success,0.253082,0.253082,0.253082,0.255182,0.362627,0.089759,0.289899,0.0,0.02475,0.025818,0.032125,0.016307
simulation_ui_20260918_000717_13_13_ddes,13,13,DDES,13 · DDES,96039628b3a89f4a9134fd1dc3b666d7,2,p2,2. Conspiratorial,Air travel to become expensive from April 1? Civil Aviation Minister clarifies amid Middle East crisis,success,0.231518,0.158257,0.411339,0.185706,0.355398,0.089759,0.282608,0.0,0.020416,0.02961,0.028623,0.003015
simulation_ui_20260918_000717_13_13_ddes,13,13,DDES,13 · DDES,96039628b3a89f4a9134fd1dc3b666d7,3,p3,3. Emotional amplifier,Air travel to become expensive from April 1? Civil Aviation Minister clarifies amid Middle East crisis,success,0.313726,0.222091,0.63343,0.365039,0.429471,0.089759,0.356086,0.0,0.02636,0.04369,0.022722,0.012668
simulation_ui_20260918_000717_13_13_ddes,13,13,DDES,13 · DDES,96039628b3a89f4a9134fd1dc3b666d7,4,p4,4. Investigative skeptic,Air travel to become expensive from April 1? Civil Aviation Minister clarifies amid Middle East crisis,success,0.340053,0.336307,0.969737,0.168505,0.448083,0.089759,0.634578,0.0,0.036263,0.006691,0.097431,0.004666
simulation_ui_20260918_000717_13_13_ddes,13,13,DDES,13 · DDES,9dee564f6a8f10132f19e6a4b2b8e1a7,1,p1,1. Conspiratorial,"Better and Coinbase Launch the First Token-Backed, Conforming Mortgage",success,0.306,0.306,0.306,0.212629,0.542116,0.030318,0.430885,0.0,0.01446,0.023292,0.01354,0.006547
simulation_ui_20260918_000717_13_13_ddes,13,13,DDES,13 · DDES,9dee564f6a8f10132f19e6a4b2b8e1a7,2,p2,2. Conspiratorial,"Better and Coinbase Launch the First Token-Backed, Conforming Mortgage",success,0.314674,0.151169,0.457169,0.174249,0.539957,0.104986,0.4353,0.0,0.007655,0.005075,0.005068,0.012822
simulation_ui_20260918_000717_13_13_ddes,13,13,DDES,13 · DDES,9dee564f6a8f10132f19e6a4b2b8e1a7,3,p3,3. Emotional amplifier,"Better and Coinbase Launch the First Token-Backed, Conforming Mortgage",success,0.303005,0.166234,0.623403,0.169433,0.520619,0.089662,0.430202,0.0,0.003771,0.004955,0.001557,0.004802
simulation_ui_20260918_000717_13_13_ddes,13,13,DDES,13 · DDES,9dee564f6a8f10132f19e6a4b2b8e1a7,4,p4,4. Investigative skeptic,"Better and Coinbase Launch the First Token-Backed, Conforming Mortgage",success,0.331857,0.22511,0.848513,0.198067,0.525544,0.16163,0.436649,0.0,0.010338,0.014427,0.011669,0.004918
simulation_ui_20260918_000717_13_13_ddes,13,13,DDES,13 · DDES,a83c7d9bd4c9948f8104f95aa8914a60,1,p1,1. Conspiratorial,Another cinema in Singapore is closing... but the big,success,0.191295,0.191295,0.191295,0.157156,0.27493,0.0,0.327884,0.0,0.008041,0.004943,0.016376,0.002804
simulation_ui_20260918_000717_13_13_ddes,13,13,DDES,13 · DDES,a83c7d9bd4c9948f8104f95aa8914a60,2,p2,2. Conspiratorial,Another cinema in Singapore is closing... but the big,success,0.224065,0.132927,0.324222,0.22783,0.275781,0.0,0.3877,0.0,0.007962,0.006619,0.009977,0.007291
simulation_ui_20260918_000717_13_13_ddes,13,13,DDES,13 · DDES,a83c7d9bd4c9948f8104f95aa8914a60,3,p3,3. Emotional amplifier,Another cinema in Singapore is closing... but the big,success,0.257172,0.102166,0.426388,0.22783,0.27493,0.125,0.38608,0.0,0.024862,0.026593,0.030311,0.017681
simulation_ui_20260918_000717_13_13_ddes,13,13,DDES,13 · DDES,a83c7d9bd4c9948f8104f95aa8914a60,4,p4,4. Investigative skeptic,Another cinema in Singapore is closing... but the big,success,0.215717,0.142726,0.569114,0.22783,0.273562,0.0,0.292912,0.1,0.007081,5.3e-05,0.015863,0.005327
simulation_ui_20260918_000717_13_13_ddes,13,13,DDES,13 · DDES,b8147bef700007b0dbccc9eaf88c04ac,1,p1,1. Conspiratorial,CLEO Expands Its Reach as Crypto Prop Traders Rally Around the Prop Firm Trading Platform Built for Them,success,0.19854,0.19854,0.19854,0.140991,0.282491,0.25,0.116384,0.0,0.006687,0.013972,0.001183,0.004907
simulation_ui_20260918_000717_13_13_ddes,13,13,DDES,13 · DDES,b8147bef700007b0dbccc9eaf88c04ac,2,p2,2. Conspiratorial,CLEO Expands Its Reach as Crypto Prop Traders Rally Around the Prop Firm Trading Platform Built for Them,success,0.24174,0.114908,0.313448,0.184482,0.391072,0.25,0.132845,0.0,0.014076,0.026138,0.004139,0.011951
simulation_ui_20260918_000717_13_13_ddes,13,13,DDES,13 · DDES,b8147bef700007b0dbccc9eaf88c04ac,3,p3,3. Emotional amplifier,CLEO Expands Its Reach as Crypto Prop Traders Rally Around the Prop Firm Trading Platform Built for Them,success,0.225864,0.226683,0.540131,0.144483,0.228707,0.4,0.118166,0.0,0.019461,0.023641,0.026336,0.008405
simulation_ui_20260918_000717_13_13_ddes,13,13,DDES,13 · DDES,b8147bef700007b0dbccc9eaf88c04ac,4,p4,4. Investigative skeptic,CLEO Expands Its Reach as Crypto Prop Traders Rally Around the Prop Firm Trading Platform Built for Them,success,0.213218,0.184883,0.725014,0.196664,0.329715,0.25,0.066463,0.0,0.015887,0.00672,0.034951,0.00599
simulation_ui_20260918_000717_13_13_ddes,13,13,DDES,13 · DDES,c24889258ff4d93fcb33d3ad9328f7e5,1,p1,1. Conspiratorial,Clearlake buys Qualus from New Mountain amid soaring power demand; KKR’s exit provides CoolIT employees with handsome payout,success,0.258052,0.258052,0.258052,0.0,0.519406,0.0,0.480675,0.0,0.053547,0.075758,0.0306,0.054282
simulation_ui_20260918_000717_13_13_ddes,13,13,DDES,13 · DDES,c24889258ff4d93fcb33d3ad9328f7e5,2,p2,2. Conspiratorial,Clearlake buys Qualus from New Mountain amid soaring power demand; KKR’s exit provides CoolIT employees with handsome payout,success,0.238091,0.158495,0.416547,0.0,0.544519,0.0,0.363506,0.0,0.0717,0.09582,0.045255,0.074026
simulation_ui_20260918_000717_13_13_ddes,13,13,DDES,13 · DDES,c24889258ff4d93fcb33d3ad9328f7e5,3,p3,3. Emotional amplifier,Clearlake buys Qualus from New Mountain amid soaring power demand; KKR’s exit provides CoolIT employees with handsome payout,success,0.231937,0.201356,0.617903,0.10705,0.452904,0.0,0.323067,0.0,0.071749,0.111971,0.037194,0.066082
simulation_ui_20260918_000717_13_13_ddes,13,13,DDES,13 · DDES,c24889258ff4d93fcb33d3ad9328f7e5,4,p4,4. Investigative skeptic,Clearlake buys Qualus from New Mountain amid soaring power demand; KKR’s exit provides CoolIT employees with handsome payout,success,0.121974,0.228652,0.846555,0.0,0.130659,0.0,0.312007,0.0,0.063575,0.080566,0.060545,0.049615
simulation_ui_20260918_000717_13_13_ddes,13,13,DDES,13 · DDES,c431d4ae9339f97a7ca5409d975805a3,1,p1,1. Conspiratorial,Anavex Life Sciences Stock Is Deeply Oversold. Should You Buy the Dip?,success,0.379802,0.379802,0.379802,0.361025,0.494699,0.40311,0.251788,0.0,0.017247,0.036998,0.00607,0.008672
simulation_ui_20260918_000717_13_13_ddes,13,13,DDES,13 · DDES,c431d4ae9339f97a7ca5409d975805a3,2,p2,2. Conspiratorial,Anavex Life Sciences Stock Is Deeply Oversold. Should You Buy the Dip?,success,0.328397,0.16651,0.546312,0.370895,0.524384,0.255127,0.154754,0.0,0.015637,0.043911,0.002428,0.000573
simulation_ui_20260918_000717_13_13_ddes,13,13,DDES,13 · DDES,c431d4ae9339f97a7ca5409d975805a3,3,p3,3. Emotional amplifier,Anavex Life Sciences Stock Is Deeply Oversold. Should You Buy the Dip?,success,0.31822,0.292585,0.838897,0.040228,0.488939,0.407941,0.325394,0.0,0.018954,0.010095,0.033037,0.013731
simulation_ui_20260918_000717_13_13_ddes,13,13,DDES,13 · DDES,c431d4ae9339f97a7ca5409d975805a3,4,p4,4. Investigative skeptic,Anavex Life Sciences Stock Is Deeply Oversold. Should You Buy the Dip?,success,0.266751,0.250314,1.089211,0.236149,0.448964,0.243551,0.12687,0.0,0.019475,0.034448,0.016,0.007976
simulation_ui_20260918_000717_13_13_ddes,13,13,DDES,13 · DDES,ce21e05271d5e7a4e182ceb46e706964,1,p1,1. Conspiratorial,"Arizona opinion: European mandate means costlier food, groceries",success,0.182262,0.182262,0.182262,0.184006,0.052163,0.124433,0.360543,0.0,0.01205,0.017347,0.002866,0.015936
simulation_ui_20260918_000717_13_13_ddes,13,13,DDES,13 · DDES,ce21e05271d5e7a4e182ceb46e706964,2,p2,2. Conspiratorial,"Arizona opinion: European mandate means costlier food, groceries",success,0.308267,0.223423,0.405685,0.194568,0.105064,0.373965,0.5536,0.0,0.010584,0.023895,0.002741,0.005117
simulation_ui_20260918_000717_13_13_ddes,13,13,DDES,13 · DDES,ce21e05271d5e7a4e182ceb46e706964,3,p3,3. Emotional amplifier,"Arizona opinion: European mandate means costlier food, groceries",success,0.240651,0.253786,0.659471,0.035413,0.217754,0.124433,0.57014,0.0,0.024346,0.041946,0.000667,0.030425
simulation_ui_20260918_000717_13_13_ddes,13,13,DDES,13 · DDES,ce21e05271d5e7a4e182ceb46e706964,4,p4,4. Investigative skeptic,"Arizona opinion: European mandate means costlier food, groceries",success,0.335364,0.228098,0.887569,0.194568,0.181817,0.367523,0.589549,0.0,0.015,0.015144,0.027639,0.002218
simulation_ui_20260918_000717_13_13_ddes,13,13,DDES,13 · DDES,d66c6c1dfd9c66c9f17f51b8a1ecc92d,1,p1,1. Conspiratorial,"Cadre Holdings to Acquire Assets of Tedder Industries, Including Alien Gear Holsters",success,0.137933,0.137933,0.137933,0.006166,0.03312,0.2,0.308065,0.0,0.006346,0.007329,0.00058,0.01113
simulation_ui_20260918_000717_13_13_ddes,13,13,DDES,13 · DDES,d66c6c1dfd9c66c9f17f51b8a1ecc92d,2,p2,2. Conspiratorial,"Cadre Holdings to Acquire Assets of Tedder Industries, Including Alien Gear Holsters",success,0.117026,0.183746,0.321679,0.006403,0.03312,0.0,0.4195,0.0,0.01282,0.017801,0.004485,0.016175
simulation_ui_20260918_000717_13_13_ddes,13,13,DDES,13 · DDES,d66c6c1dfd9c66c9f17f51b8a1ecc92d,3,p3,3. Emotional amplifier,"Cadre Holdings to Acquire Assets of Tedder Industries, Including Alien Gear Holsters",success,0.053346,0.103831,0.42551,0.006403,0.092162,0.0,0.104103,0.0,0.014112,0.013998,0.012779,0.015559
simulation_ui_20260918_000717_13_13_ddes,13,13,DDES,13 · DDES,d66c6c1dfd9c66c9f17f51b8a1ecc92d,4,p4,4. Investigative skeptic,"Cadre Holdings to Acquire Assets of Tedder Industries, Including Alien Gear Holsters",success,0.0676,0.028175,0.453685,0.006403,0.092162,0.0,0.166248,0.0,0.007479,0.010258,0.008228,0.00395
simulation_ui_20260918_000717_13_13_ddes,13,13,DDES,13 · DDES,de1ef9dc3d1297e42a2fb05392a32d49,1,p1,1. Conspiratorial,Constellation Software Inc. (CSU) to Issue Quarterly Dividend of $1.00 on April 15th,success,0.318755,0.318755,0.318755,0.104234,0.410696,0.415316,0.341516,0.0,0.005969,0.004328,0.010892,0.002686
simulation_ui_20260918_000717_13_13_ddes,13,13,DDES,13 · DDES,de1ef9dc3d1297e42a2fb05392a32d49,2,p2,2. Conspiratorial,Constellation Software Inc. (CSU) to Issue Quarterly Dividend of $1.00 on April 15th,success,0.302326,0.132865,0.45162,0.104234,0.469768,0.415316,0.204813,0.0,0.027038,0.038146,0.040121,0.002847
simulation_ui_20260918_000717_13_13_ddes,13,13,DDES,13 · DDES,de1ef9dc3d1297e42a2fb05392a32d49,3,p3,3. Emotional amplifier,Constellation Software Inc. (CSU) to Issue Quarterly Dividend of $1.00 on April 15th,success,0.309899,0.221879,0.673499,0.018222,0.402301,0.333333,0.47018,0.0,0.028027,0.035691,0.038362,0.010027
simulation_ui_20260918_000717_13_13_ddes,13,13,DDES,13 · DDES,de1ef9dc3d1297e42a2fb05392a32d49,4,p4,4. Investigative skeptic,Constellation Software Inc. (CSU) to Issue Quarterly Dividend of $1.00 on April 15th,success,0.320488,0.216583,0.890082,0.104234,0.406209,0.421377,0.341516,0.0,0.015796,0.016037,0.017288,0.014062
simulation_ui_20260918_000717_13_13_ddes,13,13,DDES,13 · DDES,e0d8c78139dd28d077ec2c768043d7ca,1,p1,1. Conspiratorial,Change in LHV Group Audit Committee,success,0.266934,0.266934,0.266934,0.024381,0.756796,0.034887,0.243734,0.0,0.013501,0.011657,0.02587,0.002976
simulation_ui_20260918_000717_13_13_ddes,13,13,DDES,13 · DDES,e0d8c78139dd28d077ec2c768043d7ca,2,p2,2. Conspiratorial,Change in LHV Group Audit Committee,success,0.296689,0.173344,0.440278,0.024381,0.692655,0.034887,0.428214,0.0,0.011733,0.011597,0.000607,0.022994
simulation_ui_20260918_000717_13_13_ddes,13,13,DDES,13 · DDES,e0d8c78139dd28d077ec2c768043d7ca,3,p3,3. Emotional amplifier,Change in LHV Group Audit Committee,success,0.299229,0.201063,0.641341,0.006305,0.722997,0.034887,0.427339,0.0,0.009592,0.006389,0.001618,0.020768
simulation_ui_20260918_000717_13_13_ddes,13,13,DDES,13 · DDES,e0d8c78139dd28d077ec2c768043d7ca,4,p4,4. Investigative skeptic,Change in LHV Group Audit Committee,success,0.16078,0.286253,0.927594,0.044354,0.244457,0.145732,0.204184,0.0,0.006532,0.009022,0.010531,4.3e-05
simulation_ui_20260918_000717_13_13_ddes,13,13,DDES,13 · DDES,e42774600d5c0fd2405b181105990603,1,p1,1. Conspiratorial,Canada is losing more air traffic controllers than it’s hiring: aviation expert,success,0.252391,0.252391,0.252391,0.168482,0.385076,0.0,0.444931,0.0,0.018449,0.02452,0.012307,0.01852
simulation_ui_20260918_000717_13_13_ddes,13,13,DDES,13 · DDES,e42774600d5c0fd2405b181105990603,2,p2,2. Conspiratorial,Canada is losing more air traffic controllers than it’s hiring: aviation expert,success,0.282092,0.244591,0.496982,0.002404,0.436254,0.25,0.422155,0.0,0.030382,0.042858,0.018634,0.029655
simulation_ui_20260918_000717_13_13_ddes,13,13,DDES,13 · DDES,e42774600d5c0fd2405b181105990603,3,p3,3. Emotional amplifier,Canada is losing more air traffic controllers than it’s hiring: aviation expert,success,0.292106,0.163175,0.660157,0.0,0.385076,0.25,0.516678,0.0,0.029262,0.03005,0.020688,0.037049
simulation_ui_20260918_000717_13_13_ddes,13,13,DDES,13 · DDES,e42774600d5c0fd2405b181105990603,4,p4,4. Investigative skeptic,Canada is losing more air traffic controllers than it’s hiring: aviation expert,success,0.310437,0.123956,0.784113,0.14929,0.361808,0.25,0.472201,0.0,0.015272,0.023812,0.005698,0.016305
simulation_ui_20260918_000717_13_13_ddes,13,13,DDES,13 · DDES,e68862b7bac57065b34e1018a51ce3f2,1,p1,1. Conspiratorial,"Cruisebound Launches ""Search by Map,"" Redefining How Travelers Discover Cruises",success,0.084634,0.084634,0.084634,0.021329,0.176373,0.0,0.134802,0.0,0.008226,0.005011,0.011912,0.007756
simulation_ui_20260918_000717_13_13_ddes,13,13,DDES,13 · DDES,e68862b7bac57065b34e1018a51ce3f2,2,p2,2. Conspiratorial,"Cruisebound Launches ""Search by Map,"" Redefining How Travelers Discover Cruises",success,0.16064,0.122931,0.207565,0.006107,0.227049,0.0,0.399233,0.0,0.015102,0.010658,0.028375,0.006274
simulation_ui_20260918_000717_13_13_ddes,13,13,DDES,13 · DDES,e68862b7bac57065b34e1018a51ce3f2,3,p3,3. Emotional amplifier,"Cruisebound Launches ""Search by Map,"" Redefining How Travelers Discover Cruises",success,0.19271,0.158447,0.366012,0.034868,0.25,0.0,0.473736,0.0,0.018875,0.021377,0.033639,0.001608
simulation_ui_20260918_000717_13_13_ddes,13,13,DDES,13 · DDES,e68862b7bac57065b34e1018a51ce3f2,4,p4,4. Investigative skeptic,"Cruisebound Launches ""Search by Map,"" Redefining How Travelers Discover Cruises",success,0.333014,0.285832,0.651844,0.06234,0.548095,0.25,0.455756,0.0,0.029555,0.026069,0.050578,0.012019
simulation_ui_20260918_000717_13_13_ddes,13,13,DDES,13 · DDES,ea67fb6d8317500951f4bf21966a33ea,1,p1,1. Conspiratorial,China's 'Africa Diaper King' Delivers Strong Annual Profit Post-IPO,success,0.185158,0.185158,0.185158,0.145509,0.325099,0.142857,0.119844,0.0,0.011209,0.006026,0.026711,0.00089
simulation_ui_20260918_000717_13_13_ddes,13,13,DDES,13 · DDES,ea67fb6d8317500951f4bf21966a33ea,2,p2,2. Conspiratorial,China's 'Africa Diaper King' Delivers Strong Annual Profit Post-IPO,success,0.386153,0.286949,0.472107,0.233064,0.568708,0.391225,0.346177,0.0,0.011051,0.002335,0.023685,0.007132
simulation_ui_20260918_000717_13_13_ddes,13,13,DDES,13 · DDES,ea67fb6d8317500951f4bf21966a33ea,3,p3,3. Emotional amplifier,China's 'Africa Diaper King' Delivers Strong Annual Profit Post-IPO,success,0.326143,0.228094,0.700201,0.166243,0.247568,0.367738,0.510532,0.0,0.023067,0.011703,0.046113,0.011385
simulation_ui_20260918_000717_13_13_ddes,13,13,DDES,13 · DDES,ea67fb6d8317500951f4bf21966a33ea,4,p4,4. Investigative skeptic,China's 'Africa Diaper King' Delivers Strong Annual Profit Post-IPO,success,0.310505,0.342399,1.0426,0.229403,0.49436,0.142857,0.369646,0.0,0.010407,0.009733,0.0203,0.001189
simulation_ui_20260918_000717_13_13_ddes,13,13,DDES,13 · DDES,edd97daf51d7e0bb7d9da3f3e2c9bfa8,1,p1,1. Conspiratorial,Amazon and Walmart fined for selling banned refrigerant in Washington state,success,0.234051,0.234051,0.234051,0.118515,0.414927,0.0,0.400903,0.0,0.003029,0.00412,0.002983,0.001984
simulation_ui_20260918_000717_13_13_ddes,13,13,DDES,13 · DDES,edd97daf51d7e0bb7d9da3f3e2c9bfa8,2,p2,2. Conspiratorial,Amazon and Walmart fined for selling banned refrigerant in Washington state,success,0.243379,0.135415,0.369466,0.010947,0.566294,0.0,0.394442,0.0,0.003029,0.00412,0.002983,0.001984
simulation_ui_20260918_000717_13_13_ddes,13,13,DDES,13 · DDES,edd97daf51d7e0bb7d9da3f3e2c9bfa8,3,p3,3. Emotional amplifier,Amazon and Walmart fined for selling banned refrigerant in Washington state,success,0.311351,0.188906,0.558372,0.010947,0.550076,0.25,0.432136,0.0,0.004071,0.000359,0.005577,0.006278
simulation_ui_20260918_000717_13_13_ddes,13,13,DDES,13 · DDES,edd97daf51d7e0bb7d9da3f3e2c9bfa8,4,p4,4. Investigative skeptic,Amazon and Walmart fined for selling banned refrigerant in Washington state,success,0.273958,0.165556,0.723928,0.010947,0.432327,0.25,0.394442,0.0,0.013932,0.011858,0.012781,0.017156
simulation_ui_20260918_000717_13_13_ddes,13,13,DDES,13 · DDES,efc05dd0bbe1b970e1f97452c3e0b5a4,1,p1,1. Conspiratorial,Blackstone (BX) Slipped Amid Private Credit Concerns Despite Strong Long-Term Outlook,success,0.160123,0.160123,0.160123,0.005204,0.108547,0.2,0.319499,0.0,0.010758,0.025853,0.004331,0.002091
simulation_ui_20260918_000717_13_13_ddes,13,13,DDES,13 · DDES,efc05dd0bbe1b970e1f97452c3e0b5a4,2,p2,2. Conspiratorial,Blackstone (BX) Slipped Amid Private Credit Concerns Despite Strong Long-Term Outlook,success,0.189165,0.188363,0.348486,0.070909,0.028622,0.295087,0.35454,0.0,0.011541,0.025563,0.002263,0.006798
simulation_ui_20260918_000717_13_13_ddes,13,13,DDES,13 · DDES,efc05dd0bbe1b970e1f97452c3e0b5a4,3,p3,3. Emotional amplifier,Blackstone (BX) Slipped Amid Private Credit Concerns Despite Strong Long-Term Outlook,success,0.29277,0.22436,0.572846,0.183228,0.277205,0.270401,0.429776,0.0,0.018438,0.03272,0.012365,0.010229
simulation_ui_20260918_000717_13_13_ddes,13,13,DDES,13 · DDES,efc05dd0bbe1b970e1f97452c3e0b5a4,4,p4,4. Investigative skeptic,Blackstone (BX) Slipped Amid Private Credit Concerns Despite Strong Long-Term Outlook,success,0.26354,0.124059,0.696905,0.167639,0.183784,0.224685,0.468385,0.0,0.016352,0.030451,0.015617,0.002987
simulation_ui_20260918_000717_13_13_ddes,13,13,DDES,13 · DDES,f46dd28ab257311f8706feca1dc99708,1,p1,1. Conspiratorial,Bevvy: Downtown’s New ‘Dirty’ Soda,success,0.160592,0.160592,0.160592,0.024085,0.311444,0.0,0.285733,0.0,0.031231,0.056581,0.018451,0.018662
simulation_ui_20260918_000717_13_13_ddes,13,13,DDES,13 · DDES,f46dd28ab257311f8706feca1dc99708,2,p2,2. Conspiratorial,Bevvy: Downtown’s New ‘Dirty’ Soda,success,0.054776,0.136209,0.296801,0.024085,0.110666,0.0,0.066236,0.0,0.023846,0.038765,0.019961,0.012813
simulation_ui_20260918_000717_13_13_ddes,13,13,DDES,13 · DDES,f46dd28ab257311f8706feca1dc99708,3,p3,3. Emotional amplifier,Bevvy: Downtown’s New ‘Dirty’ Soda,success,0.102189,0.084268,0.381069,0.102866,0.254032,0.0,0.036907,0.0,0.020728,0.046143,0.003091,0.01295
simulation_ui_20260918_000717_13_13_ddes,13,13,DDES,13 · DDES,f46dd28ab257311f8706feca1dc99708,4,p4,4. Investigative skeptic,Bevvy: Downtown’s New ‘Dirty’ Soda,success,0.099702,0.085264,0.466333,0.0,0.327124,0.0,0.042849,0.0,0.039717,0.044921,0.051358,0.022871
simulation_ui_20260918_000717_13_13_ddes,13,13,DDES,13 · DDES,f7a4ad54b51a7d28de6970e46285b0f2,1,p1,1. Conspiratorial,5G Services Market Surges to $497.24 billion by 2028 | CAGR 19.3%,success,0.307872,0.307872,0.307872,0.0,0.606091,0.090919,0.52532,0.0,0.016482,0.019703,0.018605,0.011139
simulation_ui_20260918_000717_13_13_ddes,13,13,DDES,13 · DDES,f7a4ad54b51a7d28de6970e46285b0f2,2,p2,2. Conspiratorial,5G Services Market Surges to $497.24 billion by 2028 | CAGR 19.3%,success,0.210322,0.179284,0.487156,0.0,0.333333,0.0,0.49278,0.0,0.023909,0.035096,0.029522,0.007109
simulation_ui_20260918_000717_13_13_ddes,13,13,DDES,13 · DDES,f7a4ad54b51a7d28de6970e46285b0f2,3,p3,3. Emotional amplifier,5G Services Market Surges to $497.24 billion by 2028 | CAGR 19.3%,success,0.288281,0.130229,0.617385,0.0,0.5389,0.090919,0.500436,0.0,0.039845,0.056132,0.057514,0.005889
simulation_ui_20260918_000717_13_13_ddes,13,13,DDES,13 · DDES,f7a4ad54b51a7d28de6970e46285b0f2,4,p4,4. Investigative skeptic,5G Services Market Surges to $497.24 billion by 2028 | CAGR 19.3%,success,0.431099,0.485848,1.103233,1.0,0.549325,0.0,0.162928,0.0,0.026539,0.065021,0.006615,0.00798
simulation_ui_20260918_000717_13_13_ddes,13,13,DDES,13 · DDES,ff437d173cf94bd173d62a3ee1c4dc9e,1,p1,1. Conspiratorial,Deputy minister: Belarus is among global leaders in dairy and meat exports,success,0.188202,0.188202,0.188202,0.103693,0.294337,0.25,0.095856,0.0,0.013702,0.005327,0.025617,0.010162
simulation_ui_20260918_000717_13_13_ddes,13,13,DDES,13 · DDES,ff437d173cf94bd173d62a3ee1c4dc9e,2,p2,2. Conspiratorial,Deputy minister: Belarus is among global leaders in dairy and meat exports,success,0.265147,0.235928,0.42413,0.020357,0.337067,0.328831,0.36485,0.0,0.016081,0.014699,0.025303,0.008242
simulation_ui_20260918_000717_13_13_ddes,13,13,DDES,13 · DDES,ff437d173cf94bd173d62a3ee1c4dc9e,3,p3,3. Emotional amplifier,Deputy minister: Belarus is among global leaders in dairy and meat exports,success,0.285659,0.024058,0.448188,0.101974,0.337067,0.328831,0.366829,0.0,0.013844,0.001806,0.025922,0.013803
simulation_ui_20260918_000717_13_13_ddes,13,13,DDES,13 · DDES,ff437d173cf94bd173d62a3ee1c4dc9e,4,p4,4. Investigative skeptic,Deputy minister: Belarus is among global leaders in dairy and meat exports,success,0.303591,0.150934,0.599122,0.103693,0.286186,0.328831,0.491122,0.0,0.00812,0.020617,0.000859,0.002885
simulation_ui_20260918_000717_14_14_ddse,14,14,DDSE,14 · DDSE,03d15c304dd6358c32fe4fdcb841b43a,1,p1,1. Conspiratorial,"APO INVESTOR DEADLINE APPROACHING: Faruqi & Faruqi, LLP Reminds Apollo Global Management (APO) Investors of Securities Class Action Deadline on May 1, 2026",success,0.242442,0.242442,0.242442,0.0,0.428421,0.2,0.337522,0.0,0.006303,0.001707,0.013317,0.003884
simulation_ui_20260918_000717_14_14_ddse,14,14,DDSE,14 · DDSE,03d15c304dd6358c32fe4fdcb841b43a,2,p2,2. Conspiratorial,"APO INVESTOR DEADLINE APPROACHING: Faruqi & Faruqi, LLP Reminds Apollo Global Management (APO) Investors of Securities Class Action Deadline on May 1, 2026",success,0.517891,0.357971,0.600413,1.0,0.465497,0.2,0.401496,0.0,0.011825,0.0191,0.012395,0.003981
simulation_ui_20260918_000717_14_14_ddse,14,14,DDSE,14 · DDSE,03d15c304dd6358c32fe4fdcb841b43a,3,p3,3. Investigative skeptic,"APO INVESTOR DEADLINE APPROACHING: Faruqi & Faruqi, LLP Reminds Apollo Global Management (APO) Investors of Securities Class Action Deadline on May 1, 2026",success,0.508317,0.161361,0.761774,1.0,0.455306,0.2,0.372862,0.0,0.012934,0.02111,0.010393,0.007299
simulation_ui_20260918_000717_14_14_ddse,14,14,DDSE,14 · DDSE,03d15c304dd6358c32fe4fdcb841b43a,4,p4,4. Emotional amplifier,"APO INVESTOR DEADLINE APPROACHING: Faruqi & Faruqi, LLP Reminds Apollo Global Management (APO) Investors of Securities Class Action Deadline on May 1, 2026",success,0.518866,0.09321,0.854984,1.0,0.455306,0.2,0.415765,0.0,0.01139,0.015751,0.00928,0.009139
simulation_ui_20260918_000717_14_14_ddse,14,14,DDSE,14 · DDSE,03d1d324c6615b5fbc7455135584ac57,1,p1,1. Conspiratorial,Canadian Imperial Bank of Commerce (CM) To Go Ex-Dividend on March 27th,success,0.244066,0.244066,0.244066,0.182678,0.298423,0.0,0.492857,0.0,0.003813,0.003687,0.000288,0.007465
simulation_ui_20260918_000717_14_14_ddse,14,14,DDSE,14 · DDSE,03d1d324c6615b5fbc7455135584ac57,2,p2,2. Conspiratorial,Canadian Imperial Bank of Commerce (CM) To Go Ex-Dividend on March 27th,success,0.282804,0.200044,0.44411,0.072004,0.450388,0.081983,0.524935,0.0,0.003322,0.003444,0.002461,0.004061
simulation_ui_20260918_000717_14_14_ddse,14,14,DDSE,14 · DDSE,03d1d324c6615b5fbc7455135584ac57,3,p3,3. Investigative skeptic,Canadian Imperial Bank of Commerce (CM) To Go Ex-Dividend on March 27th,success,0.156654,0.206893,0.651003,0.092019,0.245018,0.0,0.287403,0.0,0.003224,0.004618,0.004019,0.001036
simulation_ui_20260918_000717_14_14_ddse,14,14,DDSE,14 · DDSE,03d1d324c6615b5fbc7455135584ac57,4,p4,4. Emotional amplifier,Canadian Imperial Bank of Commerce (CM) To Go Ex-Dividend on March 27th,success,0.218546,0.210944,0.861947,0.092019,0.192464,0.081983,0.502221,0.0,0.008776,0.004001,0.015896,0.006431
simulation_ui_20260918_000717_14_14_ddse,14,14,DDSE,14 · DDSE,0883a2f27500aaeca578c2b397002506,1,p1,1. Conspiratorial,'A crater': Pollster says Trump suffers 'objective measure' of 'failed presidency',success,0.233218,0.233218,0.233218,0.345904,0.200675,0.241269,0.139932,0.0,0.008286,0.010817,0.008126,0.005915
simulation_ui_20260918_000717_14_14_ddse,14,14,DDSE,14 · DDSE,0883a2f27500aaeca578c2b397002506,2,p2,2. Conspiratorial,'A crater': Pollster says Trump suffers 'objective measure' of 'failed presidency',success,0.177213,0.162975,0.396193,0.148271,0.098926,0.252253,0.20333,0.0,0.00921,0.013576,0.013488,0.000566
simulation_ui_20260918_000717_14_14_ddse,14,14,DDSE,14 · DDSE,0883a2f27500aaeca578c2b397002506,3,p3,3. Investigative skeptic,'A crater': Pollster says Trump suffers 'objective measure' of 'failed presidency',success,0.281167,0.189984,0.586177,0.20121,0.229713,0.241269,0.435861,0.0,0.028728,0.034916,0.04559,0.005677
simulation_ui_20260918_000717_14_14_ddse,14,14,DDSE,14 · DDSE,0883a2f27500aaeca578c2b397002506,4,p4,4. Emotional amplifier,'A crater': Pollster says Trump suffers 'objective measure' of 'failed presidency',success,0.214907,0.114815,0.700992,0.089925,0.180113,0.241269,0.331544,0.0,0.02657,0.034451,0.040497,0.004761
simulation_ui_20260918_000717_14_14_ddse,14,14,DDSE,14 · DDSE,0b30ae6eaf7bab834a4906766ba2ecb2,1,p1,1. Conspiratorial,Britain introduces “plug-in” solar panels for homes to tackle the energy crisis caused by the war in Iran,success,0.277097,0.277097,0.277097,0.0,0.47084,0.2,0.429086,0.0,0.014592,0.006945,0.031008,0.005822
simulation_ui_20260918_000717_14_14_ddse,14,14,DDSE,14 · DDSE,0b30ae6eaf7bab834a4906766ba2ecb2,2,p2,2. Conspiratorial,Britain introduces “plug-in” solar panels for homes to tackle the energy crisis caused by the war in Iran,success,0.255066,0.247307,0.524404,0.055637,0.389177,0.2,0.355214,0.0,0.033724,0.049369,0.03023,0.021574
simulation_ui_20260918_000717_14_14_ddse,14,14,DDSE,14 · DDSE,0b30ae6eaf7bab834a4906766ba2ecb2,3,p3,3. Investigative skeptic,Britain introduces “plug-in” solar panels for homes to tackle the energy crisis caused by the war in Iran,success,0.205808,0.120272,0.644676,0.055637,0.402141,0.0,0.355214,0.0,0.016064,0.031367,0.001777,0.015049
simulation_ui_20260918_000717_14_14_ddse,14,14,DDSE,14 · DDSE,0b30ae6eaf7bab834a4906766ba2ecb2,4,p4,4. Emotional amplifier,Britain introduces “plug-in” solar panels for homes to tackle the energy crisis caused by the war in Iran,success,0.238846,0.219394,0.86407,0.036434,0.286299,0.2,0.415055,0.0,0.028729,0.044392,0.011967,0.029827
simulation_ui_20260918_000717_14_14_ddse,14,14,DDSE,14 · DDSE,0c84c580588b0f1f5c9070df32dfc5a6,1,p1,1. Conspiratorial,"$1,000 ‘Dog Tax Credit’? Americans eye big payout — don’t miss this April date",success,0.207484,0.207484,0.207484,0.001607,0.262832,0.315925,0.228449,0.0,0.033095,0.054735,0.029028,0.015523
simulation_ui_20260918_000717_14_14_ddse,14,14,DDSE,14 · DDSE,0c84c580588b0f1f5c9070df32dfc5a6,2,p2,2. Conspiratorial,"$1,000 ‘Dog Tax Credit’? Americans eye big payout — don’t miss this April date",success,0.221112,0.260819,0.468303,0.130093,0.418159,0.0,0.319445,0.0,0.026741,0.054221,0.019627,0.006376
simulation_ui_20260918_000717_14_14_ddse,14,14,DDSE,14 · DDSE,0c84c580588b0f1f5c9070df32dfc5a6,3,p3,3. Investigative skeptic,"$1,000 ‘Dog Tax Credit’? Americans eye big payout — don’t miss this April date",success,0.280906,0.233318,0.701621,0.026247,0.509629,0.308824,0.267996,0.0,0.018927,0.038456,0.017327,0.000997
simulation_ui_20260918_000717_14_14_ddse,14,14,DDSE,14 · DDSE,0c84c580588b0f1f5c9070df32dfc5a6,4,p4,4. Emotional amplifier,"$1,000 ‘Dog Tax Credit’? Americans eye big payout — don’t miss this April date",success,0.306933,0.245242,0.946863,0.016395,0.524993,0.200336,0.47793,0.0,0.014526,0.027055,0.004179,0.012343
simulation_ui_20260918_000717_14_14_ddse,14,14,DDSE,14 · DDSE,0ccfe99f5612d8b22298e5942170415d,1,p1,1. Conspiratorial,Cambria Tax Aware ETF (NASDAQ:TAX) Short Interest Down 67.0% in March,success,0.154107,0.154107,0.154107,0.038528,0.107108,0.0,0.458284,0.0,0.018413,0.019193,0.011045,0.025
simulation_ui_20260918_000717_14_14_ddse,14,14,DDSE,14 · DDSE,0ccfe99f5612d8b22298e5942170415d,2,p2,2. Conspiratorial,Cambria Tax Aware ETF (NASDAQ:TAX) Short Interest Down 67.0% in March,success,0.132292,0.225208,0.379315,0.0,0.023751,0.333333,0.160025,0.0,0.017314,0.019189,0.023638,0.009114
simulation_ui_20260918_000717_14_14_ddse,14,14,DDSE,14 · DDSE,0ccfe99f5612d8b22298e5942170415d,3,p3,3. Investigative skeptic,Cambria Tax Aware ETF (NASDAQ:TAX) Short Interest Down 67.0% in March,success,0.112432,0.186723,0.566038,0.053813,0.0,0.197901,0.191137,0.0,0.009669,8e-06,0.017123,0.011875
simulation_ui_20260918_000717_14_14_ddse,14,14,DDSE,14 · DDSE,0ccfe99f5612d8b22298e5942170415d,4,p4,4. Emotional amplifier,Cambria Tax Aware ETF (NASDAQ:TAX) Short Interest Down 67.0% in March,success,0.087992,0.102648,0.668686,0.037416,0.09116,0.0,0.21096,0.0,0.01698,0.020119,0.001913,0.028908
simulation_ui_20260918_000717_14_14_ddse,14,14,DDSE,14 · DDSE,11c9275c35fecd97efe0ba12a17b00da,1,p1,1. Conspiratorial,CPA questions legal basis of GACL takeover of McDan Jet Terminal,success,0.245405,0.245405,0.245405,0.022702,0.521202,0.2,0.236232,0.0,0.002456,0.00059,0.004298,0.002479
simulation_ui_20260918_000717_14_14_ddse,14,14,DDSE,14 · DDSE,11c9275c35fecd97efe0ba12a17b00da,2,p2,2. Conspiratorial,CPA questions legal basis of GACL takeover of McDan Jet Terminal,success,0.301538,0.090673,0.336078,0.174307,0.574973,0.2,0.251004,0.0,0.010482,0.016439,0.0066,0.008406
simulation_ui_20260918_000717_14_14_ddse,14,14,DDSE,14 · DDSE,11c9275c35fecd97efe0ba12a17b00da,3,p3,3. Investigative skeptic,CPA questions legal basis of GACL takeover of McDan Jet Terminal,success,0.279806,0.127536,0.463614,0.185453,0.438979,0.2,0.291989,0.0,0.004863,0.00509,0.003541,0.005957
simulation_ui_20260918_000717_14_14_ddse,14,14,DDSE,14 · DDSE,11c9275c35fecd97efe0ba12a17b00da,4,p4,4. Emotional amplifier,CPA questions legal basis of GACL takeover of McDan Jet Terminal,success,0.27444,0.255735,0.719349,0.04933,0.522587,0.2,0.317759,0.0,0.013891,0.013552,0.025936,0.002184
simulation_ui_20260918_000717_14_14_ddse,14,14,DDSE,14 · DDSE,11fde5af588f2d6f6a0c145a6d089324,1,p1,1. Conspiratorial,"BSNL Posts ₹5,000 Crore Profit After 18 Years, Scindia Signals ₹10,000 Crore Target & India Post IPO Plans",success,0.239071,0.239071,0.239071,0.26934,0.337048,0.25,0.08499,0.0,0.024365,0.043824,0.018588,0.010684
simulation_ui_20260918_000717_14_14_ddse,14,14,DDSE,14 · DDSE,11fde5af588f2d6f6a0c145a6d089324,2,p2,2. Conspiratorial,"BSNL Posts ₹5,000 Crore Profit After 18 Years, Scindia Signals ₹10,000 Crore Target & India Post IPO Plans",success,0.126549,0.270165,0.509236,0.012741,0.384889,0.0,0.085248,0.0,0.033148,0.061855,0.021061,0.016527
simulation_ui_20260918_000717_14_14_ddse,14,14,DDSE,14 · DDSE,11fde5af588f2d6f6a0c145a6d089324,3,p3,3. Investigative skeptic,"BSNL Posts ₹5,000 Crore Profit After 18 Years, Scindia Signals ₹10,000 Crore Target & India Post IPO Plans",success,0.191723,0.198912,0.708148,0.299758,0.363982,0.0,0.072845,0.0,0.046434,0.059466,0.05023,0.029605
simulation_ui_20260918_000717_14_14_ddse,14,14,DDSE,14 · DDSE,11fde5af588f2d6f6a0c145a6d089324,4,p4,4. Emotional amplifier,"BSNL Posts ₹5,000 Crore Profit After 18 Years, Scindia Signals ₹10,000 Crore Target & India Post IPO Plans",success,0.183242,0.035348,0.743496,0.337506,0.301286,0.0,0.072275,0.0,0.033294,0.037502,0.04578,0.016599
simulation_ui_20260918_000717_14_14_ddse,14,14,DDSE,14 · DDSE,17cd8c3587799d6f5551faf3e5895209,1,p1,1. Conspiratorial,"Credit Union of Colorado Foundation invests $50,000 in community college scholarships",success,0.096489,0.096489,0.096489,0.0,0.359493,0.0,0.017471,0.0,0.012412,0.018084,0.014632,0.004521
simulation_ui_20260918_000717_14_14_ddse,14,14,DDSE,14 · DDSE,17cd8c3587799d6f5551faf3e5895209,2,p2,2. Conspiratorial,"Credit Union of Colorado Foundation invests $50,000 in community college scholarships",success,0.214121,0.124873,0.221362,0.006451,0.437223,0.333333,0.071713,0.0,0.012318,0.015019,0.013647,0.008289
simulation_ui_20260918_000717_14_14_ddse,14,14,DDSE,14 · DDSE,17cd8c3587799d6f5551faf3e5895209,3,p3,3. Investigative skeptic,"Credit Union of Colorado Foundation invests $50,000 in community college scholarships",success,0.212221,0.086768,0.30813,0.0,0.441812,0.333333,0.064102,0.0,0.015247,0.01488,0.017955,0.012905
simulation_ui_20260918_000717_14_14_ddse,14,14,DDSE,14 · DDSE,17cd8c3587799d6f5551faf3e5895209,4,p4,4. Emotional amplifier,"Credit Union of Colorado Foundation invests $50,000 in community college scholarships",success,0.152239,0.188115,0.496245,0.0,0.585211,0.0,0.017729,0.0,0.008854,0.007563,0.009055,0.009944
simulation_ui_20260918_000717_14_14_ddse,14,14,DDSE,14 · DDSE,1e83ba34429a85f3fbafdb5671e23f1d,1,p1,1. Conspiratorial,Delhi PWD Accelerates PNG Pipeline Laying with 24-Hour Approvals,success,0.25757,0.25757,0.25757,0.117776,0.275372,0.25,0.378109,0.0,0.015143,0.026231,0.016963,0.002235
simulation_ui_20260918_000717_14_14_ddse,14,14,DDSE,14 · DDSE,1e83ba34429a85f3fbafdb5671e23f1d,2,p2,2. Conspiratorial,Delhi PWD Accelerates PNG Pipeline Laying with 24-Hour Approvals,success,0.287132,0.16709,0.42466,0.100987,0.423748,0.25,0.362132,0.0,0.020363,0.024386,0.019616,0.017086
simulation_ui_20260918_000717_14_14_ddse,14,14,DDSE,14 · DDSE,1e83ba34429a85f3fbafdb5671e23f1d,3,p3,3. Investigative skeptic,Delhi PWD Accelerates PNG Pipeline Laying with 24-Hour Approvals,success,0.263683,0.227295,0.651955,0.146873,0.332707,0.25,0.31547,0.0,0.016384,0.020955,0.023158,0.005039
simulation_ui_20260918_000717_14_14_ddse,14,14,DDSE,14 · DDSE,1e83ba34429a85f3fbafdb5671e23f1d,4,p4,4. Emotional amplifier,Delhi PWD Accelerates PNG Pipeline Laying with 24-Hour Approvals,success,0.355291,0.206747,0.858702,0.111452,0.526708,0.4,0.374633,0.0,0.016181,0.027242,0.017743,0.003557
simulation_ui_20260918_000717_14_14_ddse,14,14,DDSE,14 · DDSE,1eb77463838b3d1f2ea74f8bfa272767,1,p1,1. Conspiratorial,Afghanistan urges regional water cooperation at Tashkent Forum,success,0.394131,0.394131,0.394131,1.0,0.362232,0.2,0.010827,0.0,0.007139,0.016598,0.001122,0.003697
simulation_ui_20260918_000717_14_14_ddse,14,14,DDSE,14 · DDSE,1eb77463838b3d1f2ea74f8bfa272767,2,p2,2. Conspiratorial,Afghanistan urges regional water cooperation at Tashkent Forum,success,0.401358,0.20911,0.603241,1.0,0.25304,0.0,0.349132,0.0,0.0068,0.015441,0.000939,0.004019
simulation_ui_20260918_000717_14_14_ddse,14,14,DDSE,14 · DDSE,1eb77463838b3d1f2ea74f8bfa272767,3,p3,3. Investigative skeptic,Afghanistan urges regional water cooperation at Tashkent Forum,success,0.399188,0.203533,0.806774,1.0,0.427369,0.10216,0.063496,0.0,0.00774,0.016399,0.002607,0.004213
simulation_ui_20260918_000717_14_14_ddse,14,14,DDSE,14 · DDSE,1eb77463838b3d1f2ea74f8bfa272767,4,p4,4. Emotional amplifier,Afghanistan urges regional water cooperation at Tashkent Forum,success,0.472574,0.241421,1.048195,1.0,0.3042,0.2,0.3824,0.0,0.008746,0.021761,0.000187,0.004289
simulation_ui_20260918_000717_14_14_ddse,14,14,DDSE,14 · DDSE,20df5253ec5e5a2623c8823c2b38083b,1,p1,1. Conspiratorial,Contango ORE (NYSEAMERICAN:CTGO) Now Covered by Analysts at Canaccord Genuity Group,success,0.281655,0.281655,0.281655,0.11901,0.623012,0.0,0.378884,0.0,0.009926,0.006841,0.005109,0.017829
simulation_ui_20260918_000717_14_14_ddse,14,14,DDSE,14 · DDSE,20df5253ec5e5a2623c8823c2b38083b,2,p2,2. Conspiratorial,Contango ORE (NYSEAMERICAN:CTGO) Now Covered by Analysts at Canaccord Genuity Group,success,0.31819,0.17044,0.452095,0.064462,0.497349,0.333333,0.375447,0.0,0.003977,0.001544,0.001102,0.009286
simulation_ui_20260918_000717_14_14_ddse,14,14,DDSE,14 · DDSE,20df5253ec5e5a2623c8823c2b38083b,3,p3,3. Investigative skeptic,Contango ORE (NYSEAMERICAN:CTGO) Now Covered by Analysts at Canaccord Genuity Group,success,0.225743,0.151215,0.60331,0.071628,0.450724,0.333333,0.039184,0.0,0.013049,0.003821,0.022209,0.013116
simulation_ui_20260918_000717_14_14_ddse,14,14,DDSE,14 · DDSE,20df5253ec5e5a2623c8823c2b38083b,4,p4,4. Emotional amplifier,Contango ORE (NYSEAMERICAN:CTGO) Now Covered by Analysts at Canaccord Genuity Group,success,0.299804,0.127104,0.730414,0.064462,0.42957,0.333333,0.366039,0.0,0.010356,0.023037,0.003473,0.004559
simulation_ui_20260918_000717_14_14_ddse,14,14,DDSE,14 · DDSE,285f86ba6e2a489c2d4a3ab84f18a6a4,1,p1,1. Conspiratorial,Company Banned from Marketing Business Opportunities to Settle FTC Charges it Misled Consumers About Earnings Potential,success,0.388977,0.388977,0.388977,1.0,0.142774,0.169642,0.240542,0.0,0.006025,0.005769,0.003399,0.008908
simulation_ui_20260918_000717_14_14_ddse,14,14,DDSE,14 · DDSE,285f86ba6e2a489c2d4a3ab84f18a6a4,2,p2,2. Conspiratorial,Company Banned from Marketing Business Opportunities to Settle FTC Charges it Misled Consumers About Earnings Potential,success,0.589278,0.310611,0.699588,1.0,0.397353,0.421277,0.536832,0.0,0.005011,0.005628,0.004361,0.005044
simulation_ui_20260918_000717_14_14_ddse,14,14,DDSE,14 · DDSE,285f86ba6e2a489c2d4a3ab84f18a6a4,3,p3,3. Investigative skeptic,Company Banned from Marketing Business Opportunities to Settle FTC Charges it Misled Consumers About Earnings Potential,success,0.54835,0.21857,0.918158,1.0,0.325518,0.457714,0.407152,0.0,0.008338,0.012262,0.01038,0.002372
simulation_ui_20260918_000717_14_14_ddse,14,14,DDSE,14 · DDSE,285f86ba6e2a489c2d4a3ab84f18a6a4,4,p4,4. Emotional amplifier,Company Banned from Marketing Business Opportunities to Settle FTC Charges it Misled Consumers About Earnings Potential,success,0.536611,0.118796,1.036954,1.0,0.345722,0.404375,0.392868,0.0,0.009366,0.004413,0.014897,0.008789
simulation_ui_20260918_000717_14_14_ddse,14,14,DDSE,14 · DDSE,3343849e4bfdca882e24cd916fa75ec6,1,p1,1. Conspiratorial,ASMALLWORLD Introduces New Marriott Bonvoy® Benefit for Members,success,0.134163,0.134163,0.134163,0.078058,0.0,0.281216,0.174277,0.0,0.004473,0.006287,0.003123,0.004009
simulation_ui_20260918_000717_14_14_ddse,14,14,DDSE,14 · DDSE,3343849e4bfdca882e24cd916fa75ec6,2,p2,2. Conspiratorial,ASMALLWORLD Introduces New Marriott Bonvoy® Benefit for Members,success,0.098613,0.133569,0.267732,0.05873,0.0,0.333333,0.0,0.0,0.003309,0.004258,0.002743,0.002925
simulation_ui_20260918_000717_14_14_ddse,14,14,DDSE,14 · DDSE,3343849e4bfdca882e24cd916fa75ec6,3,p3,3. Investigative skeptic,ASMALLWORLD Introduces New Marriott Bonvoy® Benefit for Members,success,0.102083,0.003872,0.271604,0.064784,0.0,0.333333,0.0,0.0,0.01418,0.015995,0.02048,0.006065
simulation_ui_20260918_000717_14_14_ddse,14,14,DDSE,14 · DDSE,3343849e4bfdca882e24cd916fa75ec6,4,p4,4. Emotional amplifier,ASMALLWORLD Introduces New Marriott Bonvoy® Benefit for Members,success,0.116499,0.051382,0.322986,0.0,0.0,0.333333,0.12792,0.0,0.006703,0.005391,0.002154,0.012565
simulation_ui_20260918_000717_14_14_ddse,14,14,DDSE,14 · DDSE,3e908966e0393a684386f1e186c5c6e3,1,p1,1. Conspiratorial,CAAS defers sustainable aviation fuel levy,success,0.170588,0.170588,0.170588,0.0,0.314773,0.0,0.359002,0.0,0.012894,0.001726,0.014577,0.022379
simulation_ui_20260918_000717_14_14_ddse,14,14,DDSE,14 · DDSE,3e908966e0393a684386f1e186c5c6e3,2,p2,2. Conspiratorial,CAAS defers sustainable aviation fuel levy,success,0.269305,0.163476,0.334064,0.213766,0.314773,0.25,0.294806,0.0,0.006621,0.000572,0.004564,0.014728
simulation_ui_20260918_000717_14_14_ddse,14,14,DDSE,14 · DDSE,3e908966e0393a684386f1e186c5c6e3,3,p3,3. Investigative skeptic,CAAS defers sustainable aviation fuel levy,success,0.170386,0.219597,0.553661,0.0,0.276583,0.0,0.396444,0.0,0.012797,0.00306,0.02346,0.011871
simulation_ui_20260918_000717_14_14_ddse,14,14,DDSE,14 · DDSE,4284601d27a88508e23bb7ecf1e26740,1,p1,1. Conspiratorial,Blackbaud Opens Registration for bbcon 2026 to Rally Social Impact Sector Around AI Innovation,success,0.372159,0.372159,0.372159,1.0,0.100621,0.0,0.377649,0.0,0.02055,0.006063,0.047067,0.008519
simulation_ui_20260918_000717_14_14_ddse,14,14,DDSE,14 · DDSE,4284601d27a88508e23bb7ecf1e26740,2,p2,2. Conspiratorial,Blackbaud Opens Registration for bbcon 2026 to Rally Social Impact Sector Around AI Innovation,success,0.243263,0.381982,0.754141,0.0,0.320254,0.25,0.39439,0.0,0.01385,0.005933,0.029141,0.006475
simulation_ui_20260918_000717_14_14_ddse,14,14,DDSE,14 · DDSE,4284601d27a88508e23bb7ecf1e26740,3,p3,3. Investigative skeptic,Blackbaud Opens Registration for bbcon 2026 to Rally Social Impact Sector Around AI Innovation,success,0.464595,0.32495,1.079091,1.0,0.20758,0.25,0.39439,0.0,0.014919,0.013673,0.026629,0.004454
simulation_ui_20260918_000717_14_14_ddse,14,14,DDSE,14 · DDSE,4284601d27a88508e23bb7ecf1e26740,4,p4,4. Emotional amplifier,Blackbaud Opens Registration for bbcon 2026 to Rally Social Impact Sector Around AI Innovation,success,0.492415,0.135932,1.215023,1.0,0.323634,0.25,0.391686,0.0,0.010668,0.012144,0.013944,0.005917
simulation_ui_20260918_000717_14_14_ddse,14,14,DDSE,14 · DDSE,43b305aebbf654fd9464eb6d39cf900b,1,p1,1. Conspiratorial,CS Atal Dulloo Reviews Progress Of Tawi Artificial Lake And Riverfront Development Projects,success,0.068928,0.068928,0.068928,0.006495,0.157635,0.031792,0.074371,0.0,0.007263,0.009993,0.011748,4.8e-05
simulation_ui_20260918_000717_14_14_ddse,14,14,DDSE,14 · DDSE,43b305aebbf654fd9464eb6d39cf900b,2,p2,2. Conspiratorial,CS Atal Dulloo Reviews Progress Of Tawi Artificial Lake And Riverfront Development Projects,success,0.127585,0.080276,0.149204,0.006495,0.18897,0.224998,0.074371,0.0,0.022117,0.037887,0.017235,0.011229
simulation_ui_20260918_000717_14_14_ddse,14,14,DDSE,14 · DDSE,43b305aebbf654fd9464eb6d39cf900b,3,p3,3. Investigative skeptic,CS Atal Dulloo Reviews Progress Of Tawi Artificial Lake And Riverfront Development Projects,success,0.151411,0.030752,0.179956,0.023246,0.18897,0.266632,0.11414,0.0,0.018573,0.015375,0.036588,0.003757
simulation_ui_20260918_000717_14_14_ddse,14,14,DDSE,14 · DDSE,43b305aebbf654fd9464eb6d39cf900b,4,p4,4. Emotional amplifier,CS Atal Dulloo Reviews Progress Of Tawi Artificial Lake And Riverfront Development Projects,success,0.146053,0.194169,0.374125,0.022621,0.225838,0.031792,0.28902,0.0,0.021773,0.018027,0.03972,0.007571
simulation_ui_20260918_000717_14_14_ddse,14,14,DDSE,14 · DDSE,43d218dc30bd89b0c4da158243e74603,1,p1,1. Conspiratorial,Amesite Executes Trading Partner Agreement Enabling Secure Connectivity with Leading Homecare Technology Platform,success,0.176731,0.176731,0.176731,0.073542,0.197768,0.359367,0.060992,0.0,0.023056,0.036695,0.007171,0.025303
simulation_ui_20260918_000717_14_14_ddse,14,14,DDSE,14 · DDSE,43d218dc30bd89b0c4da158243e74603,2,p2,2. Conspiratorial,Amesite Executes Trading Partner Agreement Enabling Secure Connectivity with Leading Homecare Technology Platform,success,0.265859,0.121425,0.298156,0.073542,0.232305,0.359367,0.38288,0.0,0.025984,0.027341,0.009084,0.041526
simulation_ui_20260918_000717_14_14_ddse,14,14,DDSE,14 · DDSE,43d218dc30bd89b0c4da158243e74603,3,p3,3. Investigative skeptic,Amesite Executes Trading Partner Agreement Enabling Secure Connectivity with Leading Homecare Technology Platform,success,0.293116,0.199787,0.497943,0.077464,0.319916,0.359367,0.399691,0.0,0.028179,0.010082,0.036954,0.037501
simulation_ui_20260918_000717_14_14_ddse,14,14,DDSE,14 · DDSE,43d218dc30bd89b0c4da158243e74603,4,p4,4. Emotional amplifier,Amesite Executes Trading Partner Agreement Enabling Secure Connectivity with Leading Homecare Technology Platform,success,0.162408,0.172081,0.670024,0.0,0.308291,0.047466,0.283054,0.0,0.016095,0.004182,0.005276,0.038826
simulation_ui_20260918_000717_14_14_ddse,14,14,DDSE,14 · DDSE,45a67f6f54cd92c32163be9459300052,1,p1,1. Conspiratorial,"Bitcoin Miners, Now AI Compute Leaders, Face Profitability Concerns",success,0.313876,0.313876,0.313876,0.004094,0.475931,0.333333,0.434157,0.0,0.014511,0.006866,0.031426,0.005242
simulation_ui_20260918_000717_14_14_ddse,14,14,DDSE,14 · DDSE,45a67f6f54cd92c32163be9459300052,2,p2,2. Conspiratorial,"Bitcoin Miners, Now AI Compute Leaders, Face Profitability Concerns",success,0.298093,0.089249,0.403125,0.066188,0.336096,0.333333,0.450024,0.0,0.01196,0.010262,0.005233,0.020384
simulation_ui_20260918_000717_14_14_ddse,14,14,DDSE,14 · DDSE,45a67f6f54cd92c32163be9459300052,3,p3,3. Investigative skeptic,"Bitcoin Miners, Now AI Compute Leaders, Face Profitability Concerns",success,0.332463,0.115932,0.519057,0.066188,0.418839,0.333333,0.506323,0.0,0.009659,0.004607,0.004223,0.020148
simulation_ui_20260918_000717_14_14_ddse,14,14,DDSE,14 · DDSE,45a67f6f54cd92c32163be9459300052,4,p4,4. Emotional amplifier,"Bitcoin Miners, Now AI Compute Leaders, Face Profitability Concerns",success,0.319349,0.078757,0.597814,0.004105,0.418839,0.333333,0.501132,0.0,0.036435,0.057908,0.043435,0.007962
simulation_ui_20260918_000717_14_14_ddse,14,14,DDSE,14 · DDSE,48375acfba2ffc7f64822005eaab01e9,1,p1,1. Conspiratorial,"Capitan Silver Commences Trading on the OTCQX Market Under Symbol ""CAPTF""",success,0.183105,0.183105,0.183105,0.123563,0.364076,0.212681,0.012866,0.0,0.029262,0.052555,0.025158,0.010074
simulation_ui_20260918_000717_14_14_ddse,14,14,DDSE,14 · DDSE,48375acfba2ffc7f64822005eaab01e9,2,p2,2. Conspiratorial,"Capitan Silver Commences Trading on the OTCQX Market Under Symbol ""CAPTF""",success,0.173351,0.200736,0.383841,0.152506,0.21438,0.25,0.048449,0.0,0.042087,0.095766,0.012657,0.017839
simulation_ui_20260918_000717_14_14_ddse,14,14,DDSE,14 · DDSE,48375acfba2ffc7f64822005eaab01e9,3,p3,3. Investigative skeptic,"Capitan Silver Commences Trading on the OTCQX Market Under Symbol ""CAPTF""",success,0.23665,0.126867,0.510708,0.123563,0.547003,0.25,0.005244,0.0,0.033812,0.067685,0.02059,0.013162
simulation_ui_20260918_000717_14_14_ddse,14,14,DDSE,14 · DDSE,48375acfba2ffc7f64822005eaab01e9,4,p4,4. Emotional amplifier,"Capitan Silver Commences Trading on the OTCQX Market Under Symbol ""CAPTF""",success,0.332418,0.172578,0.683286,0.152506,0.56776,0.25,0.335086,0.0,0.045125,0.071538,0.038419,0.025417
simulation_ui_20260918_000717_14_14_ddse,14,14,DDSE,14 · DDSE,4980763ccff9b986f6829df1e9489341,1,p1,1. Conspiratorial,Cabana Target Drawdown 7 ETF (NASDAQ:TDSB) Short Interest Down 96.6% in March,success,0.349086,0.349086,0.349086,0.035238,0.705384,0.42645,0.218285,0.0,0.02101,0.012418,0.030888,0.019724
simulation_ui_20260918_000717_14_14_ddse,14,14,DDSE,14 · DDSE,4980763ccff9b986f6829df1e9489341,2,p2,2. Conspiratorial,Cabana Target Drawdown 7 ETF (NASDAQ:TDSB) Short Interest Down 96.6% in March,success,0.347982,0.17897,0.528056,0.035238,0.75858,0.42645,0.162069,0.0,0.018321,8.1e-05,0.024905,0.029977
simulation_ui_20260918_000717_14_14_ddse,14,14,DDSE,14 · DDSE,4980763ccff9b986f6829df1e9489341,3,p3,3. Investigative skeptic,Cabana Target Drawdown 7 ETF (NASDAQ:TDSB) Short Interest Down 96.6% in March,success,0.368928,0.307498,0.835554,0.035238,0.558076,0.42645,0.449613,0.0,0.012517,0.019775,0.001863,0.015913
simulation_ui_20260918_000717_14_14_ddse,14,14,DDSE,14 · DDSE,4980763ccff9b986f6829df1e9489341,4,p4,4. Emotional amplifier,Cabana Target Drawdown 7 ETF (NASDAQ:TDSB) Short Interest Down 96.6% in March,success,0.282117,0.237452,1.073006,0.0,0.509242,0.42645,0.185097,0.0,0.013337,0.003162,0.026926,0.009924
simulation_ui_20260918_000717_14_14_ddse,14,14,DDSE,14 · DDSE,4ac6395408a9caf70c7d2ffc4ca362c7,1,p1,1. Conspiratorial,Continuing Unemployment Claims Dip to Nearly 2-Year Low,success,0.177876,0.177876,0.177876,0.0,0.375039,0.0,0.332003,0.0,0.006776,0.003786,0.008837,0.007706
simulation_ui_20260918_000717_14_14_ddse,14,14,DDSE,14 · DDSE,4ac6395408a9caf70c7d2ffc4ca362c7,2,p2,2. Conspiratorial,Continuing Unemployment Claims Dip to Nearly 2-Year Low,success,0.196927,0.175982,0.353858,0.1546,0.304868,0.0,0.321382,0.0,0.010654,0.014048,0.010967,0.006948
simulation_ui_20260918_000717_14_14_ddse,14,14,DDSE,14 · DDSE,4ac6395408a9caf70c7d2ffc4ca362c7,3,p3,3. Investigative skeptic,Continuing Unemployment Claims Dip to Nearly 2-Year Low,success,0.291823,0.15606,0.509918,0.340135,0.307364,0.087707,0.425962,0.0,0.010786,0.021338,0.005936,0.005084
simulation_ui_20260918_000717_14_14_ddse,14,14,DDSE,14 · DDSE,4ac6395408a9caf70c7d2ffc4ca362c7,4,p4,4. Emotional amplifier,Continuing Unemployment Claims Dip to Nearly 2-Year Low,success,0.199667,0.300627,0.810545,0.0,0.3366,0.353677,0.090991,0.0,0.027028,0.052993,0.004894,0.023198
simulation_ui_20260918_000717_14_14_ddse,14,14,DDSE,14 · DDSE,59a0fb71f66cefb61fc91c97affb1dbe,1,p1,1. Conspiratorial,"Bank of Montreal targets 15% return on equity on wealth, US businesses growth",success,0.181537,0.181537,0.181537,0.125115,0.476968,0.031824,0.079157,0.0,0.019903,0.040326,0.013183,0.0062
simulation_ui_20260918_000717_14_14_ddse,14,14,DDSE,14 · DDSE,59a0fb71f66cefb61fc91c97affb1dbe,2,p2,2. Conspiratorial,"Bank of Montreal targets 15% return on equity on wealth, US businesses growth",success,0.183075,0.104176,0.285713,0.147831,0.476968,0.031824,0.061737,0.0,0.021238,0.047491,0.009279,0.006945
simulation_ui_20260918_000717_14_14_ddse,14,14,DDSE,14 · DDSE,59a0fb71f66cefb61fc91c97affb1dbe,3,p3,3. Investigative skeptic,"Bank of Montreal targets 15% return on equity on wealth, US businesses growth",success,0.149866,0.068736,0.354449,0.009764,0.476968,0.031824,0.063335,0.0,0.025707,0.042675,0.021155,0.013291
simulation_ui_20260918_000717_14_14_ddse,14,14,DDSE,14 · DDSE,59a0fb71f66cefb61fc91c97affb1dbe,4,p4,4. Emotional amplifier,"Bank of Montreal targets 15% return on equity on wealth, US businesses growth",success,0.14472,0.022662,0.377111,0.0,0.476968,0.031824,0.054844,0.0,0.022178,0.028875,0.021186,0.016472
simulation_ui_20260918_000717_14_14_ddse,14,14,DDSE,14 · DDSE,6282ee092c7147c978409e71f0096515,1,p1,1. Conspiratorial,Backdoor bet. How federal regulators are sidestepping Alabama: op-ed,success,0.128441,0.128441,0.128441,0.101482,0.25,0.09149,0.061788,0.0,0.01288,0.002744,0.009903,0.025994
simulation_ui_20260918_000717_14_14_ddse,14,14,DDSE,14 · DDSE,6282ee092c7147c978409e71f0096515,2,p2,2. Conspiratorial,Backdoor bet. How federal regulators are sidestepping Alabama: op-ed,success,0.123392,0.138999,0.26744,0.027771,0.168502,0.09149,0.193554,0.0,0.01741,0.018569,0.000497,0.033165
simulation_ui_20260918_000717_14_14_ddse,14,14,DDSE,14 · DDSE,6282ee092c7147c978409e71f0096515,3,p3,3. Investigative skeptic,Backdoor bet. How federal regulators are sidestepping Alabama: op-ed,success,0.164155,0.15379,0.42123,0.110047,0.089743,0.318618,0.117953,0.0,0.030113,0.030193,0.021391,0.038754
simulation_ui_20260918_000717_14_14_ddse,14,14,DDSE,14 · DDSE,6282ee092c7147c978409e71f0096515,4,p4,4. Emotional amplifier,Backdoor bet. How federal regulators are sidestepping Alabama: op-ed,success,0.181893,0.197927,0.619157,0.121202,0.314977,0.09149,0.183805,0.0,0.024475,0.025712,0.014764,0.03295
simulation_ui_20260918_000717_14_14_ddse,14,14,DDSE,14 · DDSE,6296ce617808e446ef3e272b65cb5b46,1,p1,1. Conspiratorial,Apple Adds New Partners to Expand Its U.S. Supply Chain,success,0.129799,0.129799,0.129799,0.0,0.400389,0.0,0.114678,0.0,0.005922,0.004499,0.008763,0.004505
simulation_ui_20260918_000717_14_14_ddse,14,14,DDSE,14 · DDSE,6296ce617808e446ef3e272b65cb5b46,2,p2,2. Conspiratorial,Apple Adds New Partners to Expand Its U.S. Supply Chain,success,0.152753,0.149581,0.27938,0.039806,0.410516,0.0,0.153638,0.0,0.010381,0.010256,0.004568,0.016318
simulation_ui_20260918_000717_14_14_ddse,14,14,DDSE,14 · DDSE,6296ce617808e446ef3e272b65cb5b46,3,p3,3. Investigative skeptic,Apple Adds New Partners to Expand Its U.S. Supply Chain,success,0.153593,0.087025,0.366405,0.064158,0.379197,0.0,0.155094,0.0,0.023406,0.014153,0.022146,0.033918
simulation_ui_20260918_000717_14_14_ddse,14,14,DDSE,14 · DDSE,6296ce617808e446ef3e272b65cb5b46,4,p4,4. Emotional amplifier,Apple Adds New Partners to Expand Its U.S. Supply Chain,success,0.15233,0.096563,0.462968,0.039806,0.4134,0.0,0.140506,0.0,0.022913,0.034628,0.006527,0.027583
simulation_ui_20260918_000717_14_14_ddse,14,14,DDSE,14 · DDSE,64aefc05d7d6e883d857202942daa279,1,p1,1. Conspiratorial,Competition Commission clears merger of Udemy with Coursera's arm,success,0.103878,0.103878,0.103878,0.012206,0.369967,0.0,0.026867,0.0,0.009014,0.000979,0.022673,0.00339
simulation_ui_20260918_000717_14_14_ddse,14,14,DDSE,14 · DDSE,64aefc05d7d6e883d857202942daa279,2,p2,2. Conspiratorial,Competition Commission clears merger of Udemy with Coursera's arm,success,0.087255,0.044643,0.148521,0.040273,0.25,0.0,0.050239,0.0,0.011622,0.017428,0.014524,0.002914
simulation_ui_20260918_000717_14_14_ddse,14,14,DDSE,14 · DDSE,64aefc05d7d6e883d857202942daa279,3,p3,3. Investigative skeptic,Competition Commission clears merger of Udemy with Coursera's arm,success,0.07854,0.055039,0.20356,0.012206,0.25,0.0,0.042099,0.0,0.013335,0.003296,0.025075,0.011635
simulation_ui_20260918_000717_14_14_ddse,14,14,DDSE,14 · DDSE,64aefc05d7d6e883d857202942daa279,4,p4,4. Emotional amplifier,Competition Commission clears merger of Udemy with Coursera's arm,success,0.102736,0.024041,0.227601,0.040273,0.310487,0.0,0.042545,0.0,0.024452,0.022023,0.030742,0.020591
simulation_ui_20260918_000717_14_14_ddse,14,14,DDSE,14 · DDSE,675d6df42ab1fa2c25fcb6c96a0801ba,1,p1,1. Conspiratorial,"Cohen & Steers Infrastructure Fund, Inc (NYSE:UTF) Plans $0.17 Monthly Dividend",success,0.315508,0.315508,0.315508,0.058064,0.487111,0.305168,0.408891,0.0,0.005103,0.009992,0.00423,0.001087
simulation_ui_20260918_000717_14_14_ddse,14,14,DDSE,14 · DDSE,675d6df42ab1fa2c25fcb6c96a0801ba,2,p2,2. Conspiratorial,"Cohen & Steers Infrastructure Fund, Inc (NYSE:UTF) Plans $0.17 Monthly Dividend",success,0.158657,0.218351,0.533859,0.034553,0.080784,0.106612,0.404598,0.0,0.011977,0.015506,0.011751,0.008675
simulation_ui_20260918_000717_14_14_ddse,14,14,DDSE,14 · DDSE,675d6df42ab1fa2c25fcb6c96a0801ba,3,p3,3. Investigative skeptic,"Cohen & Steers Infrastructure Fund, Inc (NYSE:UTF) Plans $0.17 Monthly Dividend",success,0.110308,0.086747,0.620606,0.002148,0.059088,0.0,0.375819,0.0,0.005861,0.012867,0.003895,0.000821
simulation_ui_20260918_000717_14_14_ddse,14,14,DDSE,14 · DDSE,675d6df42ab1fa2c25fcb6c96a0801ba,4,p4,4. Emotional amplifier,"Cohen & Steers Infrastructure Fund, Inc (NYSE:UTF) Plans $0.17 Monthly Dividend",success,0.136994,0.18731,0.807916,0.058064,0.146272,0.106612,0.233584,0.0,0.004983,0.000702,0.01006,0.004187
simulation_ui_20260918_000717_14_14_ddse,14,14,DDSE,14 · DDSE,73939fe081f6d0ef3ed498b2dd7f4039,1,p1,1. Conspiratorial,Coastal Electric plans rate increase,success,0.199936,0.199936,0.199936,0.010853,0.333333,0.333333,0.116622,0.0,0.008739,0.002178,0.015302,0.008736
simulation_ui_20260918_000717_14_14_ddse,14,14,DDSE,14 · DDSE,73939fe081f6d0ef3ed498b2dd7f4039,2,p2,2. Conspiratorial,Coastal Electric plans rate increase,success,0.238724,0.221668,0.421604,0.010853,0.333333,0.5,0.107495,0.0,0.005275,0.012788,0.002392,0.000646
simulation_ui_20260918_000717_14_14_ddse,14,14,DDSE,14 · DDSE,73939fe081f6d0ef3ed498b2dd7f4039,3,p3,3. Investigative skeptic,Coastal Electric plans rate increase,success,0.192477,0.257849,0.679453,0.010853,0.333333,0.333333,0.081456,0.0,0.016868,0.007148,0.028178,0.015279
simulation_ui_20260918_000717_14_14_ddse,14,14,DDSE,14 · DDSE,73939fe081f6d0ef3ed498b2dd7f4039,4,p4,4. Emotional amplifier,Coastal Electric plans rate increase,success,0.357572,0.273269,0.952722,0.0,0.5,0.545313,0.378471,0.0,0.012623,0.000405,0.020688,0.016775
simulation_ui_20260918_000717_14_14_ddse,14,14,DDSE,14 · DDSE,764d938e82fccdeec46aa43984936af9,1,p1,1. Conspiratorial,Centre Highlights Border Infrastructure Push Through BADP and Vibrant Villages Programmes,success,0.42794,0.42794,0.42794,0.209689,0.228768,0.615274,0.648344,0.0,0.021075,0.024402,0.02923,0.009594
simulation_ui_20260918_000717_14_14_ddse,14,14,DDSE,14 · DDSE,764d938e82fccdeec46aa43984936af9,2,p2,2. Conspiratorial,Centre Highlights Border Infrastructure Push Through BADP and Vibrant Villages Programmes,success,0.417937,0.150422,0.578362,0.193708,0.242895,0.608254,0.616721,0.0,0.021749,0.052278,0.004139,0.008829
simulation_ui_20260918_000717_14_14_ddse,14,14,DDSE,14 · DDSE,764d938e82fccdeec46aa43984936af9,3,p3,3. Investigative skeptic,Centre Highlights Border Infrastructure Push Through BADP and Vibrant Villages Programmes,success,0.356036,0.31189,0.890252,0.200721,0.365169,0.382188,0.455258,0.0,0.040069,0.067402,0.04992,0.002886
simulation_ui_20260918_000717_14_14_ddse,14,14,DDSE,14 · DDSE,764d938e82fccdeec46aa43984936af9,4,p4,4. Emotional amplifier,Centre Highlights Border Infrastructure Push Through BADP and Vibrant Villages Programmes,success,0.465892,0.291997,1.182249,0.24087,0.404058,0.551799,0.652095,0.0,0.034276,0.054481,0.044959,0.003388
simulation_ui_20260918_000717_14_14_ddse,14,14,DDSE,14 · DDSE,80a390c3c68815dadd42b1ea065fd1af,1,p1,1. Conspiratorial,Contract OK’d to extend sidewalk repairs,success,0.353794,0.353794,0.353794,0.160745,0.461831,0.5,0.280539,0.0,0.023225,0.034735,0.022019,0.012922
simulation_ui_20260918_000717_14_14_ddse,14,14,DDSE,14 · DDSE,80a390c3c68815dadd42b1ea065fd1af,2,p2,2. Conspiratorial,Contract OK’d to extend sidewalk repairs,success,0.272429,0.275647,0.629441,0.0,0.600224,0.25,0.223473,0.0,0.027368,0.033654,0.032954,0.015496
simulation_ui_20260918_000717_14_14_ddse,14,14,DDSE,14 · DDSE,80a390c3c68815dadd42b1ea065fd1af,3,p3,3. Investigative skeptic,Contract OK’d to extend sidewalk repairs,success,0.333529,0.200502,0.829943,0.271436,0.479908,0.287265,0.291829,0.0,0.006888,0.009292,0.000712,0.010661
simulation_ui_20260918_000717_14_14_ddse,14,14,DDSE,14 · DDSE,80a390c3c68815dadd42b1ea065fd1af,4,p4,4. Emotional amplifier,Contract OK’d to extend sidewalk repairs,success,0.263991,0.113456,0.943399,0.260236,0.316925,0.25,0.223473,0.0,0.009035,0.006331,0.010112,0.010662
simulation_ui_20260918_000717_14_14_ddse,14,14,DDSE,14 · DDSE,80e1561246e5483a76211bd892a06bcb,1,p1,1. Conspiratorial,Aldi inches closer to being hit with unprecedented $15 policy at all locations in the state,success,0.209254,0.209254,0.209254,0.170851,0.299398,0.110352,0.243553,0.0,0.020252,0.02493,0.024453,0.011372
simulation_ui_20260918_000717_14_14_ddse,14,14,DDSE,14 · DDSE,80e1561246e5483a76211bd892a06bcb,2,p2,2. Conspiratorial,Aldi inches closer to being hit with unprecedented $15 policy at all locations in the state,success,0.350941,0.324488,0.533742,0.274473,0.466319,0.25,0.408587,0.0,0.008432,0.019666,0.000566,0.005064
simulation_ui_20260918_000717_14_14_ddse,14,14,DDSE,14 · DDSE,80e1561246e5483a76211bd892a06bcb,3,p3,3. Investigative skeptic,Aldi inches closer to being hit with unprecedented $15 policy at all locations in the state,success,0.340357,0.304853,0.838595,0.228802,0.478082,0.193321,0.456857,0.0,0.008256,0.006928,0.017257,0.000583
simulation_ui_20260918_000717_14_14_ddse,14,14,DDSE,14 · DDSE,80e1561246e5483a76211bd892a06bcb,4,p4,4. Emotional amplifier,Aldi inches closer to being hit with unprecedented $15 policy at all locations in the state,success,0.264548,0.177143,1.015738,0.161602,0.478082,0.193645,0.217474,0.0,0.012525,0.025315,0.01004,0.002219
simulation_ui_20260918_000717_14_14_ddse,14,14,DDSE,14 · DDSE,954401161f2ebcd5c5ec0961fa417e31,1,p1,1. Conspiratorial,Biodiversity strategy is a must for mining companies,success,0.351259,0.351259,0.351259,0.048708,0.479715,0.25,0.616517,0.0,0.019378,0.027729,0.001066,0.029338
simulation_ui_20260918_000717_14_14_ddse,14,14,DDSE,14 · DDSE,954401161f2ebcd5c5ec0961fa417e31,2,p2,2. Conspiratorial,Biodiversity strategy is a must for mining companies,success,0.263599,0.298376,0.649635,0.0,0.345775,0.262941,0.435718,0.0,0.016851,0.020327,0.000501,0.029725
simulation_ui_20260918_000717_14_14_ddse,14,14,DDSE,14 · DDSE,954401161f2ebcd5c5ec0961fa417e31,3,p3,3. Investigative skeptic,Biodiversity strategy is a must for mining companies,success,0.274031,0.255695,0.90533,0.055411,0.415256,0.287996,0.316419,0.0,0.03597,0.033253,0.044247,0.03041
simulation_ui_20260918_000717_14_14_ddse,14,14,DDSE,14 · DDSE,954401161f2ebcd5c5ec0961fa417e31,4,p4,4. Emotional amplifier,Biodiversity strategy is a must for mining companies,success,0.38841,0.277411,1.182741,0.097356,0.535521,0.287996,0.617973,0.0,0.030055,0.034612,0.047653,0.0079
simulation_ui_20260918_000717_14_14_ddse,14,14,DDSE,14 · DDSE,96039628b3a89f4a9134fd1dc3b666d7,1,p1,1. Conspiratorial,Air travel to become expensive from April 1? Civil Aviation Minister clarifies amid Middle East crisis,success,0.456458,0.456458,0.456458,0.360066,0.622212,0.25,0.580245,0.0,0.030419,0.035251,0.05462,0.001386
simulation_ui_20260918_000717_14_14_ddse,14,14,DDSE,14 · DDSE,96039628b3a89f4a9134fd1dc3b666d7,2,p2,2. Conspiratorial,Air travel to become expensive from April 1? Civil Aviation Minister clarifies amid Middle East crisis,success,0.442148,0.237392,0.69385,0.360066,0.528866,0.25,0.61637,0.0,0.029606,0.033853,0.04311,0.011854
simulation_ui_20260918_000717_14_14_ddse,14,14,DDSE,14 · DDSE,96039628b3a89f4a9134fd1dc3b666d7,3,p3,3. Investigative skeptic,Air travel to become expensive from April 1? Civil Aviation Minister clarifies amid Middle East crisis,success,0.390539,0.229477,0.923327,0.323917,0.33833,0.25,0.63447,0.0,0.031469,0.002184,0.08323,0.008994
simulation_ui_20260918_000717_14_14_ddse,14,14,DDSE,14 · DDSE,96039628b3a89f4a9134fd1dc3b666d7,4,p4,4. Emotional amplifier,Air travel to become expensive from April 1? Civil Aviation Minister clarifies amid Middle East crisis,success,0.397424,0.341969,1.265296,0.271527,0.553902,0.266868,0.479035,0.0,0.037804,0.006929,0.090555,0.015929
simulation_ui_20260918_000717_14_14_ddse,14,14,DDSE,14 · DDSE,9dee564f6a8f10132f19e6a4b2b8e1a7,1,p1,1. Conspiratorial,"Better and Coinbase Launch the First Token-Backed, Conforming Mortgage",success,0.134464,0.134464,0.134464,0.038321,0.128456,0.0,0.353166,0.0,0.025735,0.028768,0.015859,0.032577
simulation_ui_20260918_000717_14_14_ddse,14,14,DDSE,14 · DDSE,9dee564f6a8f10132f19e6a4b2b8e1a7,2,p2,2. Conspiratorial,"Better and Coinbase Launch the First Token-Backed, Conforming Mortgage",success,0.212596,0.127196,0.26166,0.055988,0.351602,0.0,0.433505,0.0,0.014704,0.025269,0.001367,0.017476
simulation_ui_20260918_000717_14_14_ddse,14,14,DDSE,14 · DDSE,9dee564f6a8f10132f19e6a4b2b8e1a7,3,p3,3. Investigative skeptic,"Better and Coinbase Launch the First Token-Backed, Conforming Mortgage",success,0.253912,0.242089,0.503749,0.284317,0.190681,0.0,0.522172,0.0,0.030769,0.036282,0.032799,0.023226
simulation_ui_20260918_000717_14_14_ddse,14,14,DDSE,14 · DDSE,9dee564f6a8f10132f19e6a4b2b8e1a7,4,p4,4. Emotional amplifier,"Better and Coinbase Launch the First Token-Backed, Conforming Mortgage",success,0.301019,0.169446,0.673195,0.34762,0.372666,0.0,0.464651,0.0,0.033991,0.047824,0.014731,0.039417
simulation_ui_20260918_000717_14_14_ddse,14,14,DDSE,14 · DDSE,a83c7d9bd4c9948f8104f95aa8914a60,1,p1,1. Conspiratorial,Another cinema in Singapore is closing... but the big,success,0.090606,0.090606,0.090606,0.009013,0.199581,0.0,0.138086,0.0,0.021548,0.018877,0.030781,0.014986
simulation_ui_20260918_000717_14_14_ddse,14,14,DDSE,14 · DDSE,a83c7d9bd4c9948f8104f95aa8914a60,2,p2,2. Conspiratorial,Another cinema in Singapore is closing... but the big,success,0.048319,0.059266,0.149872,0.004742,0.030387,0.0,0.148264,0.0,0.012947,0.00397,0.019725,0.015146
simulation_ui_20260918_000717_14_14_ddse,14,14,DDSE,14 · DDSE,a83c7d9bd4c9948f8104f95aa8914a60,3,p3,3. Investigative skeptic,Another cinema in Singapore is closing... but the big,success,0.119688,0.117909,0.267781,0.025335,0.279952,0.0,0.154817,0.0,0.026338,0.026197,0.025329,0.027488
simulation_ui_20260918_000717_14_14_ddse,14,14,DDSE,14 · DDSE,a83c7d9bd4c9948f8104f95aa8914a60,4,p4,4. Emotional amplifier,Another cinema in Singapore is closing... but the big,success,0.132871,0.078689,0.34647,0.005865,0.364097,0.0,0.154817,0.0,0.009646,0.002938,0.012646,0.013353
simulation_ui_20260918_000717_14_14_ddse,14,14,DDSE,14 · DDSE,b8147bef700007b0dbccc9eaf88c04ac,1,p1,1. Conspiratorial,CLEO Expands Its Reach as Crypto Prop Traders Rally Around the Prop Firm Trading Platform Built for Them,success,0.33133,0.33133,0.33133,0.13541,0.422112,0.4,0.361259,0.0,0.012194,0.011546,0.008157,0.016879
simulation_ui_20260918_000717_14_14_ddse,14,14,DDSE,14 · DDSE,b8147bef700007b0dbccc9eaf88c04ac,2,p2,2. Conspiratorial,CLEO Expands Its Reach as Crypto Prop Traders Rally Around the Prop Firm Trading Platform Built for Them,success,0.30178,0.157902,0.489232,0.131443,0.454417,0.25,0.362547,0.0,0.015551,0.021273,0.007225,0.018155
simulation_ui_20260918_000717_14_14_ddse,14,14,DDSE,14 · DDSE,b8147bef700007b0dbccc9eaf88c04ac,3,p3,3. Investigative skeptic,CLEO Expands Its Reach as Crypto Prop Traders Rally Around the Prop Firm Trading Platform Built for Them,success,0.328431,0.131923,0.621155,0.133952,0.563534,0.25,0.360865,0.0,0.009983,0.011247,0.01353,0.005172
simulation_ui_20260918_000717_14_14_ddse,14,14,DDSE,14 · DDSE,b8147bef700007b0dbccc9eaf88c04ac,4,p4,4. Emotional amplifier,CLEO Expands Its Reach as Crypto Prop Traders Rally Around the Prop Firm Trading Platform Built for Them,success,0.267269,0.179718,0.800873,0.134613,0.454417,0.25,0.217351,0.0,0.021566,0.032975,0.025692,0.006032
simulation_ui_20260918_000717_14_14_ddse,14,14,DDSE,14 · DDSE,c24889258ff4d93fcb33d3ad9328f7e5,1,p1,1. Conspiratorial,Clearlake buys Qualus from New Mountain amid soaring power demand; KKR’s exit provides CoolIT employees with handsome payout,success,0.341006,0.341006,0.341006,0.352582,0.430629,0.142857,0.430528,0.0,0.014048,0.008483,0.027082,0.00658
simulation_ui_20260918_000717_14_14_ddse,14,14,DDSE,14 · DDSE,c24889258ff4d93fcb33d3ad9328f7e5,2,p2,2. Conspiratorial,Clearlake buys Qualus from New Mountain amid soaring power demand; KKR’s exit provides CoolIT employees with handsome payout,success,0.253062,0.25557,0.596576,0.03049,0.528884,0.0,0.437337,0.0,0.025864,0.029636,0.029655,0.018302
simulation_ui_20260918_000717_14_14_ddse,14,14,DDSE,14 · DDSE,c24889258ff4d93fcb33d3ad9328f7e5,3,p3,3. Investigative skeptic,Clearlake buys Qualus from New Mountain amid soaring power demand; KKR’s exit provides CoolIT employees with handsome payout,success,0.354482,0.297156,0.893732,0.585835,0.340681,0.0,0.466756,0.0,0.04729,0.076373,0.027267,0.038231
simulation_ui_20260918_000717_14_14_ddse,14,14,DDSE,14 · DDSE,c24889258ff4d93fcb33d3ad9328f7e5,4,p4,4. Emotional amplifier,Clearlake buys Qualus from New Mountain amid soaring power demand; KKR’s exit provides CoolIT employees with handsome payout,success,0.391567,0.064071,0.957803,0.569944,0.388862,0.142857,0.447493,0.0,0.034908,0.062243,0.020353,0.022128
simulation_ui_20260918_000717_14_14_ddse,14,14,DDSE,14 · DDSE,c431d4ae9339f97a7ca5409d975805a3,1,p1,1. Conspiratorial,Anavex Life Sciences Stock Is Deeply Oversold. Should You Buy the Dip?,success,0.339142,0.339142,0.339142,0.321735,0.612561,0.020483,0.396429,0.0,0.01012,0.017026,0.012332,0.001001
simulation_ui_20260918_000717_14_14_ddse,14,14,DDSE,14 · DDSE,c431d4ae9339f97a7ca5409d975805a3,2,p2,2. Conspiratorial,Anavex Life Sciences Stock Is Deeply Oversold. Should You Buy the Dip?,success,0.372796,0.325507,0.664649,0.315653,0.582795,0.212882,0.371452,0.0,0.016693,0.016021,0.033953,0.000105
simulation_ui_20260918_000717_14_14_ddse,14,14,DDSE,14 · DDSE,c431d4ae9339f97a7ca5409d975805a3,3,p3,3. Investigative skeptic,Anavex Life Sciences Stock Is Deeply Oversold. Should You Buy the Dip?,success,0.395966,0.194835,0.859484,0.321735,0.57465,0.286862,0.396161,0.0,0.009205,0.002286,0.016211,0.009117
simulation_ui_20260918_000717_14_14_ddse,14,14,DDSE,14 · DDSE,c431d4ae9339f97a7ca5409d975805a3,4,p4,4. Emotional amplifier,Anavex Life Sciences Stock Is Deeply Oversold. Should You Buy the Dip?,success,0.414412,0.251122,1.110606,0.225785,0.501302,0.450305,0.471103,0.0,0.019462,0.004919,0.042173,0.011293
simulation_ui_20260918_000717_14_14_ddse,14,14,DDSE,14 · DDSE,ce21e05271d5e7a4e182ceb46e706964,1,p1,1. Conspiratorial,"Arizona opinion: European mandate means costlier food, groceries",success,0.327175,0.327175,0.327175,0.39107,0.415454,0.088232,0.384666,0.0,0.053806,0.099785,0.027039,0.034594
simulation_ui_20260918_000717_14_14_ddse,14,14,DDSE,14 · DDSE,ce21e05271d5e7a4e182ceb46e706964,2,p2,2. Conspiratorial,"Arizona opinion: European mandate means costlier food, groceries",success,0.33267,0.408364,0.735539,0.022112,0.379886,0.436267,0.470986,0.0,0.039818,0.078105,0.021177,0.020171
simulation_ui_20260918_000717_14_14_ddse,14,14,DDSE,14 · DDSE,ce21e05271d5e7a4e182ceb46e706964,3,p3,3. Investigative skeptic,"Arizona opinion: European mandate means costlier food, groceries",success,0.372659,0.373408,1.108947,0.578855,0.436421,0.271136,0.189351,0.0,0.029464,0.064477,0.007259,0.016657
simulation_ui_20260918_000717_14_14_ddse,14,14,DDSE,14 · DDSE,ce21e05271d5e7a4e182ceb46e706964,4,p4,4. Emotional amplifier,"Arizona opinion: European mandate means costlier food, groceries",success,0.366466,0.313241,1.422188,0.399855,0.478426,0.316174,0.26034,0.0,0.021743,0.051195,0.000634,0.0134
simulation_ui_20260918_000717_14_14_ddse,14,14,DDSE,14 · DDSE,d66c6c1dfd9c66c9f17f51b8a1ecc92d,1,p1,1. Conspiratorial,"Cadre Holdings to Acquire Assets of Tedder Industries, Including Alien Gear Holsters",success,0.024177,0.024177,0.024177,0.006403,0.060754,0.0,0.019531,0.0,0.012804,0.006429,0.017581,0.014403
simulation_ui_20260918_000717_14_14_ddse,14,14,DDSE,14 · DDSE,d66c6c1dfd9c66c9f17f51b8a1ecc92d,2,p2,2. Conspiratorial,"Cadre Holdings to Acquire Assets of Tedder Industries, Including Alien Gear Holsters",success,0.07572,0.074609,0.098786,0.006403,0.027634,0.0,0.263335,0.0,0.007436,0.003855,0.003552,0.014902
simulation_ui_20260918_000717_14_14_ddse,14,14,DDSE,14 · DDSE,d66c6c1dfd9c66c9f17f51b8a1ecc92d,3,p3,3. Investigative skeptic,"Cadre Holdings to Acquire Assets of Tedder Industries, Including Alien Gear Holsters",success,0.13754,0.088261,0.187047,0.006403,0.027634,0.2,0.311931,0.0,0.006068,0.004824,0.007919,0.005462
simulation_ui_20260918_000717_14_14_ddse,14,14,DDSE,14 · DDSE,d66c6c1dfd9c66c9f17f51b8a1ecc92d,4,p4,4. Emotional amplifier,"Cadre Holdings to Acquire Assets of Tedder Industries, Including Alien Gear Holsters",success,0.014724,0.125833,0.31288,0.006403,0.027634,0.0,0.018803,0.0,0.007671,0.00209,0.00995,0.010974
simulation_ui_20260918_000717_14_14_ddse,14,14,DDSE,14 · DDSE,de1ef9dc3d1297e42a2fb05392a32d49,1,p1,1. Conspiratorial,Constellation Software Inc. (CSU) to Issue Quarterly Dividend of $1.00 on April 15th,success,0.086342,0.086342,0.086342,0.107112,0.216483,0.0,0.018735,0.0,0.004155,0.003895,0.003263,0.005308
simulation_ui_20260918_000717_14_14_ddse,14,14,DDSE,14 · DDSE,de1ef9dc3d1297e42a2fb05392a32d49,2,p2,2. Conspiratorial,Constellation Software Inc. (CSU) to Issue Quarterly Dividend of $1.00 on April 15th,success,0.127639,0.183559,0.269901,0.01515,0.149564,0.0,0.341516,0.0,0.00619,0.006124,0.011203,0.001244
simulation_ui_20260918_000717_14_14_ddse,14,14,DDSE,14 · DDSE,de1ef9dc3d1297e42a2fb05392a32d49,3,p3,3. Investigative skeptic,Constellation Software Inc. (CSU) to Issue Quarterly Dividend of $1.00 on April 15th,success,0.150861,0.190292,0.460193,0.020507,0.312548,0.0,0.265616,0.0,0.007016,0.006659,0.004649,0.009739
simulation_ui_20260918_000717_14_14_ddse,14,14,DDSE,14 · DDSE,de1ef9dc3d1297e42a2fb05392a32d49,4,p4,4. Emotional amplifier,Constellation Software Inc. (CSU) to Issue Quarterly Dividend of $1.00 on April 15th,success,0.107369,0.086733,0.546926,0.020507,0.25,0.0,0.155555,0.0,0.004779,0.00103,0.008211,0.005097
simulation_ui_20260918_000717_14_14_ddse,14,14,DDSE,14 · DDSE,e0d8c78139dd28d077ec2c768043d7ca,1,p1,1. Conspiratorial,Change in LHV Group Audit Committee,success,0.170517,0.170517,0.170517,0.0,0.330103,0.029953,0.320926,0.0,0.001638,0.000344,0.001238,0.003333
simulation_ui_20260918_000717_14_14_ddse,14,14,DDSE,14 · DDSE,e0d8c78139dd28d077ec2c768043d7ca,2,p2,2. Conspiratorial,Change in LHV Group Audit Committee,success,0.226675,0.119013,0.28953,0.0,0.502875,0.029953,0.368663,0.0,0.008405,0.001344,0.017241,0.006631
simulation_ui_20260918_000717_14_14_ddse,14,14,DDSE,14 · DDSE,e0d8c78139dd28d077ec2c768043d7ca,3,p3,3. Investigative skeptic,Change in LHV Group Audit Committee,success,0.217524,0.127789,0.417319,0.008058,0.505999,0.003154,0.346924,0.0,0.009502,0.009613,0.003832,0.01506
simulation_ui_20260918_000717_14_14_ddse,14,14,DDSE,14 · DDSE,e0d8c78139dd28d077ec2c768043d7ca,4,p4,4. Emotional amplifier,Change in LHV Group Audit Committee,success,0.205073,0.024604,0.441923,0.0,0.505999,0.003154,0.303814,0.0,0.011493,0.008516,0.003857,0.022105
simulation_ui_20260918_000717_14_14_ddse,14,14,DDSE,14 · DDSE,e42774600d5c0fd2405b181105990603,1,p1,1. Conspiratorial,Canada is losing more air traffic controllers than it’s hiring: aviation expert,success,0.145921,0.145921,0.145921,0.0,0.25,0.0,0.330285,0.0,0.00497,0.005579,0.008832,0.000498
simulation_ui_20260918_000717_14_14_ddse,14,14,DDSE,14 · DDSE,e42774600d5c0fd2405b181105990603,2,p2,2. Conspiratorial,Canada is losing more air traffic controllers than it’s hiring: aviation expert,success,0.222919,0.212311,0.358232,0.228003,0.2706,0.0,0.386544,0.0,0.010479,0.012828,0.017654,0.000954
simulation_ui_20260918_000717_14_14_ddse,14,14,DDSE,14 · DDSE,e42774600d5c0fd2405b181105990603,3,p3,3. Investigative skeptic,Canada is losing more air traffic controllers than it’s hiring: aviation expert,success,0.226288,0.202941,0.561173,0.12221,0.218555,0.0,0.551158,0.0,0.021284,0.011141,0.034756,0.017954
simulation_ui_20260918_000717_14_14_ddse,14,14,DDSE,14 · DDSE,e42774600d5c0fd2405b181105990603,4,p4,4. Emotional amplifier,Canada is losing more air traffic controllers than it’s hiring: aviation expert,success,0.299896,0.199839,0.761012,0.258271,0.431453,0.0,0.494029,0.0,0.028104,0.027233,0.051397,0.005682
simulation_ui_20260918_000717_14_14_ddse,14,14,DDSE,14 · DDSE,e68862b7bac57065b34e1018a51ce3f2,1,p1,1. Conspiratorial,"Cruisebound Launches ""Search by Map,"" Redefining How Travelers Discover Cruises",success,0.306551,0.306551,0.306551,0.062135,0.393937,0.333333,0.423201,0.0,0.024394,0.028215,0.042973,0.001993
simulation_ui_20260918_000717_14_14_ddse,14,14,DDSE,14 · DDSE,e68862b7bac57065b34e1018a51ce3f2,2,p2,2. Conspiratorial,"Cruisebound Launches ""Search by Map,"" Redefining How Travelers Discover Cruises",success,0.332787,0.175788,0.482339,0.068159,0.441787,0.407175,0.397439,0.0,0.030883,0.042635,0.038212,0.011802
simulation_ui_20260918_000717_14_14_ddse,14,14,DDSE,14 · DDSE,e68862b7bac57065b34e1018a51ce3f2,3,p3,3. Investigative skeptic,"Cruisebound Launches ""Search by Map,"" Redefining How Travelers Discover Cruises",success,0.268696,0.194566,0.676905,0.07313,0.255716,0.333333,0.394446,0.0,0.030846,0.035282,0.05129,0.005967
simulation_ui_20260918_000717_14_14_ddse,14,14,DDSE,14 · DDSE,e68862b7bac57065b34e1018a51ce3f2,4,p4,4. Emotional amplifier,"Cruisebound Launches ""Search by Map,"" Redefining How Travelers Discover Cruises",success,0.188075,0.132525,0.80943,0.0,0.30637,0.333333,0.093829,0.0,0.028731,0.031173,0.046147,0.008874
simulation_ui_20260918_000717_14_14_ddse,14,14,DDSE,14 · DDSE,ea67fb6d8317500951f4bf21966a33ea,1,p1,1. Conspiratorial,China's 'Africa Diaper King' Delivers Strong Annual Profit Post-IPO,success,0.243307,0.243307,0.243307,0.1027,0.303882,0.327092,0.235009,0.0,0.007499,0.001741,0.016844,0.003912
simulation_ui_20260918_000717_14_14_ddse,14,14,DDSE,14 · DDSE,ea67fb6d8317500951f4bf21966a33ea,2,p2,2. Conspiratorial,China's 'Africa Diaper King' Delivers Strong Annual Profit Post-IPO,success,0.329182,0.169837,0.413144,0.205513,0.40241,0.322373,0.381495,0.0,0.009184,0.004372,0.01929,0.00389
simulation_ui_20260918_000717_14_14_ddse,14,14,DDSE,14 · DDSE,ea67fb6d8317500951f4bf21966a33ea,3,p3,3. Investigative skeptic,China's 'Africa Diaper King' Delivers Strong Annual Profit Post-IPO,success,0.24653,0.248946,0.66209,0.113596,0.317273,0.0,0.547084,0.0,0.013511,0.021992,0.011342,0.0072
simulation_ui_20260918_000717_14_14_ddse,14,14,DDSE,14 · DDSE,ea67fb6d8317500951f4bf21966a33ea,4,p4,4. Emotional amplifier,China's 'Africa Diaper King' Delivers Strong Annual Profit Post-IPO,success,0.176568,0.189022,0.851112,0.1027,0.348477,0.0,0.249477,0.0,0.008513,0.010235,0.010463,0.004841
simulation_ui_20260918_000717_14_14_ddse,14,14,DDSE,14 · DDSE,edd97daf51d7e0bb7d9da3f3e2c9bfa8,1,p1,1. Conspiratorial,Amazon and Walmart fined for selling banned refrigerant in Washington state,success,0.224917,0.224917,0.224917,0.009225,0.325477,0.25,0.303084,0.0,0.019088,0.05107,0.000192,0.006001
simulation_ui_20260918_000717_14_14_ddse,14,14,DDSE,14 · DDSE,edd97daf51d7e0bb7d9da3f3e2c9bfa8,2,p2,2. Conspiratorial,Amazon and Walmart fined for selling banned refrigerant in Washington state,success,0.301164,0.160729,0.385646,0.009225,0.596465,0.25,0.34295,0.0,0.01074,0.017534,0.002752,0.011933
simulation_ui_20260918_000717_14_14_ddse,14,14,DDSE,14 · DDSE,edd97daf51d7e0bb7d9da3f3e2c9bfa8,3,p3,3. Investigative skeptic,Amazon and Walmart fined for selling banned refrigerant in Washington state,success,0.204283,0.192853,0.578499,0.034032,0.467211,0.0,0.303652,0.0,0.019149,0.02799,0.014019,0.015439
simulation_ui_20260918_000717_14_14_ddse,14,14,DDSE,14 · DDSE,edd97daf51d7e0bb7d9da3f3e2c9bfa8,4,p4,4. Emotional amplifier,Amazon and Walmart fined for selling banned refrigerant in Washington state,success,0.299779,0.179806,0.758305,0.009225,0.628944,0.25,0.303916,0.0,0.012522,0.012784,0.001643,0.02314
simulation_ui_20260918_000717_14_14_ddse,14,14,DDSE,14 · DDSE,efc05dd0bbe1b970e1f97452c3e0b5a4,1,p1,1. Conspiratorial,Blackstone (BX) Slipped Amid Private Credit Concerns Despite Strong Long-Term Outlook,success,0.166934,0.166934,0.166934,0.070909,0.318114,0.2,0.07308,0.0,0.008438,0.002081,0.020016,0.003217
simulation_ui_20260918_000717_14_14_ddse,14,14,DDSE,14 · DDSE,efc05dd0bbe1b970e1f97452c3e0b5a4,2,p2,2. Conspiratorial,Blackstone (BX) Slipped Amid Private Credit Concerns Despite Strong Long-Term Outlook,success,0.211328,0.128961,0.295895,0.141734,0.3577,0.224685,0.115759,0.0,0.008599,0.004701,0.019872,0.001225
simulation_ui_20260918_000717_14_14_ddse,14,14,DDSE,14 · DDSE,efc05dd0bbe1b970e1f97452c3e0b5a4,3,p3,3. Investigative skeptic,Blackstone (BX) Slipped Amid Private Credit Concerns Despite Strong Long-Term Outlook,success,0.216367,0.08601,0.381905,0.071911,0.418362,0.224685,0.141974,0.0,0.013579,0.027411,0.006295,0.00703
simulation_ui_20260918_000717_14_14_ddse,14,14,DDSE,14 · DDSE,efc05dd0bbe1b970e1f97452c3e0b5a4,4,p4,4. Emotional amplifier,Blackstone (BX) Slipped Amid Private Credit Concerns Despite Strong Long-Term Outlook,success,0.228488,0.261104,0.643009,0.02013,0.507961,0.0,0.377708,0.0,0.013172,0.027117,0.010837,0.001561
simulation_ui_20260918_000717_14_14_ddse,14,14,DDSE,14 · DDSE,f46dd28ab257311f8706feca1dc99708,1,p1,1. Conspiratorial,Bevvy: Downtown’s New ‘Dirty’ Soda,success,0.137155,0.137155,0.137155,0.285678,0.257643,0.0,0.0,0.0,0.007665,0.009393,0.009174,0.004427
simulation_ui_20260918_000717_14_14_ddse,14,14,DDSE,14 · DDSE,f46dd28ab257311f8706feca1dc99708,2,p2,2. Conspiratorial,Bevvy: Downtown’s New ‘Dirty’ Soda,success,0.039583,0.135884,0.273039,0.144399,0.0,0.0,0.007424,0.0,0.008459,0.010134,0.012956,0.002287
simulation_ui_20260918_000717_14_14_ddse,14,14,DDSE,14 · DDSE,f46dd28ab257311f8706feca1dc99708,3,p3,3. Investigative skeptic,Bevvy: Downtown’s New ‘Dirty’ Soda,success,0.115006,0.12582,0.398859,0.181132,0.024433,0.2,0.038781,0.0,0.022045,0.019718,0.03337,0.013046
simulation_ui_20260918_000717_14_14_ddse,14,14,DDSE,14 · DDSE,f46dd28ab257311f8706feca1dc99708,4,p4,4. Emotional amplifier,Bevvy: Downtown’s New ‘Dirty’ Soda,success,0.171325,0.211913,0.610772,0.123495,0.045596,0.166667,0.340449,0.0,0.013681,0.016142,0.024797,0.000105
simulation_ui_20260918_000717_14_14_ddse,14,14,DDSE,14 · DDSE,f7a4ad54b51a7d28de6970e46285b0f2,1,p1,1. Conspiratorial,5G Services Market Surges to $497.24 billion by 2028 | CAGR 19.3%,success,0.159586,0.159586,0.159586,0.0,0.311819,0.0,0.316324,0.0,0.015127,0.01224,0.025063,0.008078
simulation_ui_20260918_000717_14_14_ddse,14,14,DDSE,14 · DDSE,f7a4ad54b51a7d28de6970e46285b0f2,2,p2,2. Conspiratorial,5G Services Market Surges to $497.24 billion by 2028 | CAGR 19.3%,success,0.297325,0.337887,0.497473,0.0,0.57615,0.090919,0.50946,0.0,0.022614,0.025811,0.028272,0.013758
simulation_ui_20260918_000717_14_14_ddse,14,14,DDSE,14 · DDSE,f7a4ad54b51a7d28de6970e46285b0f2,3,p3,3. Investigative skeptic,5G Services Market Surges to $497.24 billion by 2028 | CAGR 19.3%,success,0.349197,0.310247,0.80772,0.0,0.507197,0.333333,0.534827,0.0,0.040827,0.065384,0.03333,0.023766
simulation_ui_20260918_000717_14_14_ddse,14,14,DDSE,14 · DDSE,f7a4ad54b51a7d28de6970e46285b0f2,4,p4,4. Emotional amplifier,5G Services Market Surges to $497.24 billion by 2028 | CAGR 19.3%,success,0.152308,0.20882,1.01654,0.0,0.051709,0.0,0.534827,0.0,0.033246,0.060748,0.038357,0.000633
simulation_ui_20260918_000717_14_14_ddse,14,14,DDSE,14 · DDSE,ff437d173cf94bd173d62a3ee1c4dc9e,1,p1,1. Conspiratorial,Deputy minister: Belarus is among global leaders in dairy and meat exports,success,0.336604,0.336604,0.336604,0.421019,0.322281,0.2,0.391265,0.0,0.022232,0.002894,0.035691,0.028112
simulation_ui_20260918_000717_14_14_ddse,14,14,DDSE,14 · DDSE,ff437d173cf94bd173d62a3ee1c4dc9e,2,p2,2. Conspiratorial,Deputy minister: Belarus is among global leaders in dairy and meat exports,success,0.362652,0.222712,0.559316,0.386495,0.395908,0.062384,0.594454,0.0,0.022195,0.010909,0.023313,0.032362
simulation_ui_20260918_000717_14_14_ddse,14,14,DDSE,14 · DDSE,ff437d173cf94bd173d62a3ee1c4dc9e,3,p3,3. Investigative skeptic,Deputy minister: Belarus is among global leaders in dairy and meat exports,success,0.280209,0.261032,0.820348,0.421019,0.369095,0.2,0.115043,0.0,0.027081,0.057182,0.008998,0.015063
simulation_ui_20260918_000717_14_14_ddse,14,14,DDSE,14 · DDSE,ff437d173cf94bd173d62a3ee1c4dc9e,4,p4,4. Emotional amplifier,Deputy minister: Belarus is among global leaders in dairy and meat exports,success,0.41424,0.280243,1.100591,0.422507,0.365273,0.262384,0.602101,0.0,0.009998,0.005676,0.010374,0.013945
simulation_ui_20260918_000717_15_15_cmpc,15,15,CMPC,15 · CMPC,03d15c304dd6358c32fe4fdcb841b43a,1,p1,1. Conservative,"APO INVESTOR DEADLINE APPROACHING: Faruqi & Faruqi, LLP Reminds Apollo Global Management (APO) Investors of Securities Class Action Deadline on May 1, 2026",success,0.181833,0.181833,0.181833,0.067279,0.304858,0.0,0.347559,0.0,0.011637,0.019435,0.009592,0.005883
simulation_ui_20260918_000717_15_15_cmpc,15,15,CMPC,15 · CMPC,03d15c304dd6358c32fe4fdcb841b43a,2,p2,2. Conciliatory communicator,"APO INVESTOR DEADLINE APPROACHING: Faruqi & Faruqi, LLP Reminds Apollo Global Management (APO) Investors of Securities Class Action Deadline on May 1, 2026",success,0.18531,0.169416,0.351249,0.067279,0.282994,0.2,0.185269,0.0,0.00873,0.014615,0.006477,0.005099
simulation_ui_20260918_000717_15_15_cmpc,15,15,CMPC,15 · CMPC,03d15c304dd6358c32fe4fdcb841b43a,3,p3,3. Progressive,"APO INVESTOR DEADLINE APPROACHING: Faruqi & Faruqi, LLP Reminds Apollo Global Management (APO) Investors of Securities Class Action Deadline on May 1, 2026",success,0.158544,0.104827,0.456076,0.067279,0.289093,0.2,0.065852,0.0,0.01769,0.026906,0.02081,0.005355
simulation_ui_20260918_000717_15_15_cmpc,15,15,CMPC,15 · CMPC,03d15c304dd6358c32fe4fdcb841b43a,4,p4,4. Conservative,"APO INVESTOR DEADLINE APPROACHING: Faruqi & Faruqi, LLP Reminds Apollo Global Management (APO) Investors of Securities Class Action Deadline on May 1, 2026",success,0.157284,0.036832,0.492908,0.0,0.289093,0.2,0.130044,0.0,0.01479,0.023086,0.018515,0.00277
simulation_ui_20260918_000717_15_15_cmpc,15,15,CMPC,15 · CMPC,03d1d324c6615b5fbc7455135584ac57,1,p1,1. Conservative,Canadian Imperial Bank of Commerce (CM) To Go Ex-Dividend on March 27th,success,0.378521,0.378521,0.378521,0.188439,0.425221,0.513132,0.385444,0.0,0.003715,0.005418,0.00313,0.002598
simulation_ui_20260918_000717_15_15_cmpc,15,15,CMPC,15 · CMPC,03d1d324c6615b5fbc7455135584ac57,2,p2,2. Conciliatory communicator,Canadian Imperial Bank of Commerce (CM) To Go Ex-Dividend on March 27th,success,0.276124,0.210662,0.589183,0.188439,0.35366,0.081983,0.478667,0.0,0.003017,0.002617,0.000329,0.006104
simulation_ui_20260918_000717_15_15_cmpc,15,15,CMPC,15 · CMPC,03d1d324c6615b5fbc7455135584ac57,3,p3,3. Progressive,Canadian Imperial Bank of Commerce (CM) To Go Ex-Dividend on March 27th,success,0.33403,0.124293,0.713476,0.188439,0.441289,0.188554,0.514886,0.0,0.005533,0.005382,0.006397,0.004821
simulation_ui_20260918_000717_15_15_cmpc,15,15,CMPC,15 · CMPC,03d1d324c6615b5fbc7455135584ac57,4,p4,4. Conservative,Canadian Imperial Bank of Commerce (CM) To Go Ex-Dividend on March 27th,success,0.265218,0.129757,0.843233,0.188439,0.441289,0.081983,0.346122,0.0,0.005162,0.004612,0.006005,0.004868
simulation_ui_20260918_000717_15_15_cmpc,15,15,CMPC,15 · CMPC,0883a2f27500aaeca578c2b397002506,1,p1,1. Conservative,'A crater': Pollster says Trump suffers 'objective measure' of 'failed presidency',success,0.167572,0.167572,0.167572,0.136162,0.250858,0.059236,0.221217,0.0,0.004222,0.000979,0.011666,2.2e-05
simulation_ui_20260918_000717_15_15_cmpc,15,15,CMPC,15 · CMPC,0883a2f27500aaeca578c2b397002506,2,p2,2. Conciliatory communicator,'A crater': Pollster says Trump suffers 'objective measure' of 'failed presidency',success,0.237014,0.221074,0.388646,0.295203,0.204837,0.166667,0.269611,0.0,0.019159,0.021453,0.022677,0.013348
simulation_ui_20260918_000717_15_15_cmpc,15,15,CMPC,15 · CMPC,0883a2f27500aaeca578c2b397002506,3,p3,3. Progressive,'A crater': Pollster says Trump suffers 'objective measure' of 'failed presidency',success,0.267776,0.306465,0.695111,0.292178,0.247728,0.328676,0.194123,0.0,0.014298,0.010733,0.023555,0.008606
simulation_ui_20260918_000717_15_15_cmpc,15,15,CMPC,15 · CMPC,0883a2f27500aaeca578c2b397002506,4,p4,4. Conservative,'A crater': Pollster says Trump suffers 'objective measure' of 'failed presidency',success,0.157753,0.181205,0.876316,0.189815,0.0,0.252253,0.177863,0.0,0.016394,0.022702,0.026291,0.000189
simulation_ui_20260918_000717_15_15_cmpc,15,15,CMPC,15 · CMPC,0b30ae6eaf7bab834a4906766ba2ecb2,1,p1,1. Conservative,Britain introduces “plug-in” solar panels for homes to tackle the energy crisis caused by the war in Iran,success,0.17404,0.17404,0.17404,0.04552,0.0,0.2,0.436266,0.0,0.021661,0.029763,0.012874,0.022345
simulation_ui_20260918_000717_15_15_cmpc,15,15,CMPC,15 · CMPC,0b30ae6eaf7bab834a4906766ba2ecb2,2,p2,2. Conciliatory communicator,Britain introduces “plug-in” solar panels for homes to tackle the energy crisis caused by the war in Iran,success,0.26063,0.105077,0.279117,0.044501,0.330818,0.2,0.454795,0.0,0.020886,0.02872,0.01098,0.022957
simulation_ui_20260918_000717_15_15_cmpc,15,15,CMPC,15 · CMPC,0b30ae6eaf7bab834a4906766ba2ecb2,3,p3,3. Progressive,Britain introduces “plug-in” solar panels for homes to tackle the energy crisis caused by the war in Iran,success,0.24086,0.099866,0.378983,0.044501,0.221493,0.2,0.483788,0.0,0.02239,0.018701,0.033099,0.015371
simulation_ui_20260918_000717_15_15_cmpc,15,15,CMPC,15 · CMPC,0b30ae6eaf7bab834a4906766ba2ecb2,4,p4,4. Conservative,Britain introduces “plug-in” solar panels for homes to tackle the energy crisis caused by the war in Iran,success,0.308396,0.129459,0.508442,0.135986,0.405399,0.2,0.486179,0.0,0.010859,0.006536,0.007976,0.018064
simulation_ui_20260918_000717_15_15_cmpc,15,15,CMPC,15 · CMPC,0c84c580588b0f1f5c9070df32dfc5a6,1,p1,1. Conservative,"$1,000 ‘Dog Tax Credit’? Americans eye big payout — don’t miss this April date",success,0.203807,0.203807,0.203807,0.10704,0.083745,0.344745,0.267698,0.0,0.018768,0.031347,0.022139,0.002817
simulation_ui_20260918_000717_15_15_cmpc,15,15,CMPC,15 · CMPC,0c84c580588b0f1f5c9070df32dfc5a6,2,p2,2. Conciliatory communicator,"$1,000 ‘Dog Tax Credit’? Americans eye big payout — don’t miss this April date",success,0.212901,0.16764,0.371447,0.05613,0.263001,0.195748,0.315539,0.0,0.03342,0.028711,0.055737,0.015812
simulation_ui_20260918_000717_15_15_cmpc,15,15,CMPC,15 · CMPC,0c84c580588b0f1f5c9070df32dfc5a6,3,p3,3. Progressive,"$1,000 ‘Dog Tax Credit’? Americans eye big payout — don’t miss this April date",success,0.310934,0.176406,0.547853,0.040192,0.46942,0.312092,0.404047,0.0,0.032416,0.055578,0.025825,0.015845
simulation_ui_20260918_000717_15_15_cmpc,15,15,CMPC,15 · CMPC,0c84c580588b0f1f5c9070df32dfc5a6,4,p4,4. Conservative,"$1,000 ‘Dog Tax Credit’? Americans eye big payout — don’t miss this April date",success,0.265352,0.207926,0.755779,0.042565,0.343802,0.335624,0.321284,0.0,0.030667,0.051733,0.025907,0.01436
simulation_ui_20260918_000717_15_15_cmpc,15,15,CMPC,15 · CMPC,0ccfe99f5612d8b22298e5942170415d,1,p1,1. Conservative,Cambria Tax Aware ETF (NASDAQ:TAX) Short Interest Down 67.0% in March,success,0.205442,0.205442,0.205442,0.0,0.101775,0.197901,0.516482,0.0,0.008807,0.010908,0.010463,0.00505
simulation_ui_20260918_000717_15_15_cmpc,15,15,CMPC,15 · CMPC,0ccfe99f5612d8b22298e5942170415d,2,p2,2. Conciliatory communicator,Cambria Tax Aware ETF (NASDAQ:TAX) Short Interest Down 67.0% in March,success,0.286027,0.332556,0.537998,0.003086,0.379418,0.333333,0.4183,0.0,0.017394,0.034612,0.003135,0.014434
simulation_ui_20260918_000717_15_15_cmpc,15,15,CMPC,15 · CMPC,0ccfe99f5612d8b22298e5942170415d,3,p3,3. Progressive,Cambria Tax Aware ETF (NASDAQ:TAX) Short Interest Down 67.0% in March,success,0.244178,0.311453,0.849451,0.003086,0.222538,0.300357,0.440175,0.0,0.017394,0.034612,0.003135,0.014434
simulation_ui_20260918_000717_15_15_cmpc,15,15,CMPC,15 · CMPC,0ccfe99f5612d8b22298e5942170415d,4,p4,4. Conservative,Cambria Tax Aware ETF (NASDAQ:TAX) Short Interest Down 67.0% in March,success,0.214317,0.134292,0.983743,0.013969,0.355287,0.300357,0.181874,0.0,0.009183,0.015428,0.002678,0.009442
simulation_ui_20260918_000717_15_15_cmpc,15,15,CMPC,15 · CMPC,11c9275c35fecd97efe0ba12a17b00da,1,p1,1. Conservative,CPA questions legal basis of GACL takeover of McDan Jet Terminal,success,0.200729,0.200729,0.200729,0.160704,0.409152,0.2,0.028921,0.0,0.006467,0.007589,0.000381,0.011431
simulation_ui_20260918_000717_15_15_cmpc,15,15,CMPC,15 · CMPC,11c9275c35fecd97efe0ba12a17b00da,2,p2,2. Conciliatory communicator,CPA questions legal basis of GACL takeover of McDan Jet Terminal,success,0.152921,0.212285,0.413014,0.046653,0.525602,0.0,0.030726,0.0,0.012811,0.017776,0.001384,0.019274
simulation_ui_20260918_000717_15_15_cmpc,15,15,CMPC,15 · CMPC,11c9275c35fecd97efe0ba12a17b00da,3,p3,3. Progressive,CPA questions legal basis of GACL takeover of McDan Jet Terminal,success,0.123399,0.089271,0.502285,0.033409,0.424847,0.0,0.028369,0.0,0.009919,0.010967,0.004439,0.014352
simulation_ui_20260918_000717_15_15_cmpc,15,15,CMPC,15 · CMPC,11c9275c35fecd97efe0ba12a17b00da,4,p4,4. Conservative,CPA questions legal basis of GACL takeover of McDan Jet Terminal,success,0.265264,0.303913,0.806198,0.173936,0.438008,0.2,0.243565,0.0,0.009419,0.009422,0.003857,0.014978
simulation_ui_20260918_000717_15_15_cmpc,15,15,CMPC,15 · CMPC,11fde5af588f2d6f6a0c145a6d089324,1,p1,1. Conservative,"BSNL Posts ₹5,000 Crore Profit After 18 Years, Scindia Signals ₹10,000 Crore Target & India Post IPO Plans",success,0.132005,0.132005,0.132005,0.058828,0.096036,0.25,0.116816,0.0,0.009115,0.002009,0.0103,0.015037
simulation_ui_20260918_000717_15_15_cmpc,15,15,CMPC,15 · CMPC,11fde5af588f2d6f6a0c145a6d089324,2,p2,2. Conciliatory communicator,"BSNL Posts ₹5,000 Crore Profit After 18 Years, Scindia Signals ₹10,000 Crore Target & India Post IPO Plans",success,0.146191,0.156719,0.288724,0.087941,0.3539,0.0,0.133332,0.0,0.014004,0.007855,0.031947,0.002209
simulation_ui_20260918_000717_15_15_cmpc,15,15,CMPC,15 · CMPC,11fde5af588f2d6f6a0c145a6d089324,3,p3,3. Progressive,"BSNL Posts ₹5,000 Crore Profit After 18 Years, Scindia Signals ₹10,000 Crore Target & India Post IPO Plans",success,0.114057,0.139434,0.428158,0.058828,0.25,0.0,0.136664,0.0,0.0151,0.010784,0.030813,0.003703
simulation_ui_20260918_000717_15_15_cmpc,15,15,CMPC,15 · CMPC,11fde5af588f2d6f6a0c145a6d089324,4,p4,4. Conservative,"BSNL Posts ₹5,000 Crore Profit After 18 Years, Scindia Signals ₹10,000 Crore Target & India Post IPO Plans",success,0.287042,0.273111,0.701269,0.311759,0.445334,0.25,0.133332,0.0,0.013542,0.01089,0.025418,0.004318
simulation_ui_20260918_000717_15_15_cmpc,15,15,CMPC,15 · CMPC,17cd8c3587799d6f5551faf3e5895209,1,p1,1. Conservative,"Credit Union of Colorado Foundation invests $50,000 in community college scholarships",success,0.18194,0.18194,0.18194,0.0,0.172471,0.0,0.555287,0.0,0.0,0.0,0.0,0.0
simulation_ui_20260918_000717_15_15_cmpc,15,15,CMPC,15 · CMPC,17cd8c3587799d6f5551faf3e5895209,2,p2,2. Conciliatory communicator,"Credit Union of Colorado Foundation invests $50,000 in community college scholarships",success,0.226592,0.052409,0.234349,0.0,0.351081,0.0,0.555287,0.0,0.0,0.0,0.0,0.0
simulation_ui_20260918_000717_15_15_cmpc,15,15,CMPC,15 · CMPC,17cd8c3587799d6f5551faf3e5895209,3,p3,3. Progressive,"Credit Union of Colorado Foundation invests $50,000 in community college scholarships",success,0.39856,0.297265,0.531614,0.08362,0.470417,0.333333,0.703525,0.0,0.006946,0.008888,0.00118,0.01077
simulation_ui_20260918_000717_15_15_cmpc,15,15,CMPC,15 · CMPC,17cd8c3587799d6f5551faf3e5895209,4,p4,4. Conservative,"Credit Union of Colorado Foundation invests $50,000 in community college scholarships",success,0.378083,0.036333,0.567947,0.0,0.472803,0.333333,0.703622,0.0,0.005167,0.000668,0.005711,0.009122
simulation_ui_20260918_000717_15_15_cmpc,15,15,CMPC,15 · CMPC,1e83ba34429a85f3fbafdb5671e23f1d,1,p1,1. Conservative,Delhi PWD Accelerates PNG Pipeline Laying with 24-Hour Approvals,success,0.227316,0.227316,0.227316,0.315978,0.145805,0.25,0.192702,0.0,0.007722,0.001006,0.001997,0.020164
simulation_ui_20260918_000717_15_15_cmpc,15,15,CMPC,15 · CMPC,1e83ba34429a85f3fbafdb5671e23f1d,2,p2,2. Conciliatory communicator,Delhi PWD Accelerates PNG Pipeline Laying with 24-Hour Approvals,success,0.278085,0.078347,0.305663,0.343765,0.186394,0.25,0.325494,0.0,0.011551,0.014322,0.014419,0.005912
simulation_ui_20260918_000717_15_15_cmpc,15,15,CMPC,15 · CMPC,1e83ba34429a85f3fbafdb5671e23f1d,3,p3,3. Progressive,Delhi PWD Accelerates PNG Pipeline Laying with 24-Hour Approvals,success,0.331381,0.340145,0.645808,0.131176,0.632372,0.236142,0.315211,0.0,0.019784,0.026288,0.03249,0.000574
simulation_ui_20260918_000717_15_15_cmpc,15,15,CMPC,15 · CMPC,1e83ba34429a85f3fbafdb5671e23f1d,4,p4,4. Conservative,Delhi PWD Accelerates PNG Pipeline Laying with 24-Hour Approvals,success,0.345665,0.172451,0.818259,0.315978,0.561608,0.236142,0.26741,0.0,0.002905,0.001368,0.005988,0.00136
simulation_ui_20260918_000717_15_15_cmpc,15,15,CMPC,15 · CMPC,1eb77463838b3d1f2ea74f8bfa272767,1,p1,1. Conservative,Afghanistan urges regional water cooperation at Tashkent Forum,success,0.456017,0.456017,0.456017,1.0,0.255562,0.25878,0.308001,0.0,0.003963,0.000341,0.00388,0.007668
simulation_ui_20260918_000717_15_15_cmpc,15,15,CMPC,15 · CMPC,1eb77463838b3d1f2ea74f8bfa272767,2,p2,2. Conciliatory communicator,Afghanistan urges regional water cooperation at Tashkent Forum,success,0.392749,0.145701,0.601718,1.0,0.367956,0.0,0.201114,0.0,0.003963,0.000341,0.00388,0.007668
simulation_ui_20260918_000717_15_15_cmpc,15,15,CMPC,15 · CMPC,1eb77463838b3d1f2ea74f8bfa272767,3,p3,3. Progressive,Afghanistan urges regional water cooperation at Tashkent Forum,success,0.159291,0.464032,1.06575,0.0,0.0,0.328706,0.306706,0.0,0.002603,0.004322,0.000371,0.003115
simulation_ui_20260918_000717_15_15_cmpc,15,15,CMPC,15 · CMPC,1eb77463838b3d1f2ea74f8bfa272767,4,p4,4. Conservative,Afghanistan urges regional water cooperation at Tashkent Forum,success,0.481396,0.519856,1.585606,1.0,0.386649,0.0,0.537153,0.0,0.004287,0.008659,0.000342,0.003861
simulation_ui_20260918_000717_15_15_cmpc,15,15,CMPC,15 · CMPC,20df5253ec5e5a2623c8823c2b38083b,1,p1,1. Conservative,Contango ORE (NYSEAMERICAN:CTGO) Now Covered by Analysts at Canaccord Genuity Group,success,0.051679,0.051679,0.051679,0.016014,0.146674,0.0,0.030891,0.0,0.017258,0.028145,0.003222,0.020407
simulation_ui_20260918_000717_15_15_cmpc,15,15,CMPC,15 · CMPC,20df5253ec5e5a2623c8823c2b38083b,2,p2,2. Conciliatory communicator,Contango ORE (NYSEAMERICAN:CTGO) Now Covered by Analysts at Canaccord Genuity Group,success,0.040526,0.069259,0.120938,0.064501,0.0,0.0,0.082247,0.0,0.019928,0.025074,0.006754,0.027956
simulation_ui_20260918_000717_15_15_cmpc,15,15,CMPC,15 · CMPC,20df5253ec5e5a2623c8823c2b38083b,3,p3,3. Progressive,Contango ORE (NYSEAMERICAN:CTGO) Now Covered by Analysts at Canaccord Genuity Group,success,0.110656,0.097164,0.218102,0.090707,0.253067,0.0,0.085849,0.0,0.018204,0.027053,0.005124,0.022435
simulation_ui_20260918_000717_15_15_cmpc,15,15,CMPC,15 · CMPC,20df5253ec5e5a2623c8823c2b38083b,4,p4,4. Conservative,Contango ORE (NYSEAMERICAN:CTGO) Now Covered by Analysts at Canaccord Genuity Group,success,0.200656,0.184287,0.402389,0.089727,0.302779,0.333333,0.063594,0.0,0.020542,0.031546,0.000368,0.029711
simulation_ui_20260918_000717_15_15_cmpc,15,15,CMPC,15 · CMPC,285f86ba6e2a489c2d4a3ab84f18a6a4,1,p1,1. Conservative,Company Banned from Marketing Business Opportunities to Settle FTC Charges it Misled Consumers About Earnings Potential,success,0.368968,0.368968,0.368968,1.0,0.165144,0.134356,0.170235,0.0,0.012126,0.012572,0.008833,0.014974
simulation_ui_20260918_000717_15_15_cmpc,15,15,CMPC,15 · CMPC,285f86ba6e2a489c2d4a3ab84f18a6a4,2,p2,2. Conciliatory communicator,Company Banned from Marketing Business Opportunities to Settle FTC Charges it Misled Consumers About Earnings Potential,success,0.405912,0.412672,0.78164,1.0,0.237951,0.166667,0.213754,0.0,0.011077,0.020978,0.007501,0.004751
simulation_ui_20260918_000717_15_15_cmpc,15,15,CMPC,15 · CMPC,285f86ba6e2a489c2d4a3ab84f18a6a4,3,p3,3. Progressive,Company Banned from Marketing Business Opportunities to Settle FTC Charges it Misled Consumers About Earnings Potential,success,0.455981,0.461394,1.243034,1.0,0.193516,0.318054,0.306501,0.0,0.013411,0.023483,0.011684,0.005067
simulation_ui_20260918_000717_15_15_cmpc,15,15,CMPC,15 · CMPC,285f86ba6e2a489c2d4a3ab84f18a6a4,4,p4,4. Conservative,Company Banned from Marketing Business Opportunities to Settle FTC Charges it Misled Consumers About Earnings Potential,success,0.384586,0.204228,1.447262,1.0,0.205456,0.166667,0.160679,0.0,0.01123,0.014522,0.007878,0.011289
simulation_ui_20260918_000717_15_15_cmpc,15,15,CMPC,15 · CMPC,3343849e4bfdca882e24cd916fa75ec6,1,p1,1. Conservative,ASMALLWORLD Introduces New Marriott Bonvoy® Benefit for Members,success,0.162205,0.162205,0.162205,0.069783,0.205318,0.333333,0.030446,0.0,0.014784,0.018813,0.004216,0.021324
simulation_ui_20260918_000717_15_15_cmpc,15,15,CMPC,15 · CMPC,3343849e4bfdca882e24cd916fa75ec6,2,p2,2. Conciliatory communicator,ASMALLWORLD Introduces New Marriott Bonvoy® Benefit for Members,success,0.067542,0.174222,0.336427,0.0,0.216371,0.0,0.045665,0.0,0.01088,0.015925,0.002159,0.014557
simulation_ui_20260918_000717_15_15_cmpc,15,15,CMPC,15 · CMPC,3343849e4bfdca882e24cd916fa75ec6,3,p3,3. Progressive,ASMALLWORLD Introduces New Marriott Bonvoy® Benefit for Members,success,0.089706,0.111899,0.448326,0.062592,0.205318,0.0,0.082974,0.0,0.01088,0.015925,0.002159,0.014557
simulation_ui_20260918_000717_15_15_cmpc,15,15,CMPC,15 · CMPC,3343849e4bfdca882e24cd916fa75ec6,4,p4,4. Conservative,ASMALLWORLD Introduces New Marriott Bonvoy® Benefit for Members,success,0.161985,0.113028,0.561354,0.05873,0.205318,0.333333,0.040448,0.0,0.015034,0.01973,0.001113,0.02426
simulation_ui_20260918_000717_15_15_cmpc,15,15,CMPC,15 · CMPC,3e908966e0393a684386f1e186c5c6e3,1,p1,1. Conservative,CAAS defers sustainable aviation fuel levy,success,0.17614,0.17614,0.17614,0.095612,0.309868,0.0,0.289622,0.0,0.014312,0.001779,0.015732,0.025426
simulation_ui_20260918_000717_15_15_cmpc,15,15,CMPC,15 · CMPC,3e908966e0393a684386f1e186c5c6e3,2,p2,2. Conciliatory communicator,CAAS defers sustainable aviation fuel levy,success,0.235516,0.066694,0.242834,0.095612,0.309868,0.240361,0.29047,0.0,0.009391,0.004478,0.001219,0.022477
simulation_ui_20260918_000717_15_15_cmpc,15,15,CMPC,15 · CMPC,3e908966e0393a684386f1e186c5c6e3,3,p3,3. Progressive,CAAS defers sustainable aviation fuel levy,success,0.311861,0.152845,0.395679,0.095612,0.593343,0.242646,0.301467,0.0,0.025977,0.027559,0.018574,0.031797
simulation_ui_20260918_000717_15_15_cmpc,15,15,CMPC,15 · CMPC,3e908966e0393a684386f1e186c5c6e3,4,p4,4. Conservative,CAAS defers sustainable aviation fuel levy,success,0.324538,0.141679,0.537358,0.095612,0.552042,0.353828,0.284337,0.0,0.022718,0.013818,0.023294,0.031042
simulation_ui_20260918_000717_15_15_cmpc,15,15,CMPC,15 · CMPC,4284601d27a88508e23bb7ecf1e26740,1,p1,1. Conservative,Blackbaud Opens Registration for bbcon 2026 to Rally Social Impact Sector Around AI Innovation,success,0.284276,0.284276,0.284276,0.277585,0.22441,0.25,0.369256,0.0,0.027532,0.028289,0.041337,0.012971
simulation_ui_20260918_000717_15_15_cmpc,15,15,CMPC,15 · CMPC,4284601d27a88508e23bb7ecf1e26740,2,p2,2. Conciliatory communicator,Blackbaud Opens Registration for bbcon 2026 to Rally Social Impact Sector Around AI Innovation,success,0.481318,0.387272,0.671548,1.0,0.284305,0.275124,0.360993,0.0,0.011663,0.008443,0.018122,0.008423
simulation_ui_20260918_000717_15_15_cmpc,15,15,CMPC,15 · CMPC,4284601d27a88508e23bb7ecf1e26740,3,p3,3. Progressive,Blackbaud Opens Registration for bbcon 2026 to Rally Social Impact Sector Around AI Innovation,success,0.343454,0.362763,1.034311,0.226813,0.461042,0.303289,0.377462,0.0,0.009902,0.010467,0.012719,0.00652
simulation_ui_20260918_000717_15_15_cmpc,15,15,CMPC,15 · CMPC,4284601d27a88508e23bb7ecf1e26740,4,p4,4. Conservative,Blackbaud Opens Registration for bbcon 2026 to Rally Social Impact Sector Around AI Innovation,success,0.498627,0.314477,1.348788,1.0,0.287511,0.303289,0.399403,0.0,0.010713,0.007135,0.015237,0.009766
simulation_ui_20260918_000717_15_15_cmpc,15,15,CMPC,15 · CMPC,43b305aebbf654fd9464eb6d39cf900b,1,p1,1. Conservative,CS Atal Dulloo Reviews Progress Of Tawi Artificial Lake And Riverfront Development Projects,success,0.048532,0.048532,0.048532,0.0,0.0,0.031792,0.157058,0.0,0.006923,0.00546,0.01091,0.0044
simulation_ui_20260918_000717_15_15_cmpc,15,15,CMPC,15 · CMPC,43b305aebbf654fd9464eb6d39cf900b,2,p2,2. Conciliatory communicator,CS Atal Dulloo Reviews Progress Of Tawi Artificial Lake And Riverfront Development Projects,success,0.122518,0.106105,0.154637,0.00382,0.325473,0.0,0.157096,0.0,0.005239,0.004569,0.008862,0.002285
simulation_ui_20260918_000717_15_15_cmpc,15,15,CMPC,15 · CMPC,43b305aebbf654fd9464eb6d39cf900b,3,p3,3. Progressive,CS Atal Dulloo Reviews Progress Of Tawi Artificial Lake And Riverfront Development Projects,success,0.143174,0.132804,0.287441,0.0,0.189162,0.224998,0.156553,0.0,0.00289,0.007333,0.000272,0.001066
simulation_ui_20260918_000717_15_15_cmpc,15,15,CMPC,15 · CMPC,43b305aebbf654fd9464eb6d39cf900b,4,p4,4. Conservative,CS Atal Dulloo Reviews Progress Of Tawi Artificial Lake And Riverfront Development Projects,success,0.170409,0.077531,0.364972,0.0,0.150982,0.224998,0.301699,0.0,0.005957,0.004181,0.008886,0.004803
simulation_ui_20260918_000717_15_15_cmpc,15,15,CMPC,15 · CMPC,43d218dc30bd89b0c4da158243e74603,1,p1,1. Conservative,Amesite Executes Trading Partner Agreement Enabling Secure Connectivity with Leading Homecare Technology Platform,success,0.268182,0.268182,0.268182,0.084575,0.389842,0.333333,0.253263,0.0,0.019927,0.042347,0.014809,0.002626
simulation_ui_20260918_000717_15_15_cmpc,15,15,CMPC,15 · CMPC,43d218dc30bd89b0c4da158243e74603,2,p2,2. Conciliatory communicator,Amesite Executes Trading Partner Agreement Enabling Secure Connectivity with Leading Homecare Technology Platform,success,0.28702,0.204062,0.472244,0.0,0.370845,0.333333,0.433272,0.0,0.018567,0.046748,0.00022,0.008733
simulation_ui_20260918_000717_15_15_cmpc,15,15,CMPC,15 · CMPC,43d218dc30bd89b0c4da158243e74603,3,p3,3. Progressive,Amesite Executes Trading Partner Agreement Enabling Secure Connectivity with Leading Homecare Technology Platform,success,0.244707,0.153382,0.625626,0.0,0.193857,0.333333,0.439214,0.0,0.020476,0.0365,0.010942,0.013987
simulation_ui_20260918_000717_15_15_cmpc,15,15,CMPC,15 · CMPC,43d218dc30bd89b0c4da158243e74603,4,p4,4. Conservative,Amesite Executes Trading Partner Agreement Enabling Secure Connectivity with Leading Homecare Technology Platform,success,0.314413,0.177217,0.802843,0.077464,0.389842,0.333333,0.450373,0.0,0.01208,0.006812,0.014876,0.014551
simulation_ui_20260918_000717_15_15_cmpc,15,15,CMPC,15 · CMPC,45a67f6f54cd92c32163be9459300052,1,p1,1. Conservative,"Bitcoin Miners, Now AI Compute Leaders, Face Profitability Concerns",success,0.288392,0.288392,0.288392,0.075901,0.367167,0.333333,0.364673,0.0,0.021849,0.034866,0.011378,0.019303
simulation_ui_20260918_000717_15_15_cmpc,15,15,CMPC,15 · CMPC,45a67f6f54cd92c32163be9459300052,2,p2,2. Conciliatory communicator,"Bitcoin Miners, Now AI Compute Leaders, Face Profitability Concerns",success,0.231893,0.18845,0.476842,0.075901,0.441416,0.333333,0.072828,0.0,0.006652,0.001117,0.010157,0.008683
simulation_ui_20260918_000717_15_15_cmpc,15,15,CMPC,15 · CMPC,45a67f6f54cd92c32163be9459300052,3,p3,3. Progressive,"Bitcoin Miners, Now AI Compute Leaders, Face Profitability Concerns",success,0.424632,0.385994,0.862836,0.084536,0.677571,0.5,0.431946,0.0,0.009703,0.008424,0.018803,0.001882
simulation_ui_20260918_000717_15_15_cmpc,15,15,CMPC,15 · CMPC,45a67f6f54cd92c32163be9459300052,4,p4,4. Conservative,"Bitcoin Miners, Now AI Compute Leaders, Face Profitability Concerns",success,0.383381,0.144986,1.007822,0.075901,0.55708,0.5,0.393777,0.0,0.01368,0.021638,0.011555,0.007848
simulation_ui_20260918_000717_15_15_cmpc,15,15,CMPC,15 · CMPC,48375acfba2ffc7f64822005eaab01e9,1,p1,1. Conservative,"Capitan Silver Commences Trading on the OTCQX Market Under Symbol ""CAPTF""",success,0.096303,0.096303,0.096303,0.0,0.0,0.25,0.119325,0.0,0.021878,0.053074,0.003784,0.008776
simulation_ui_20260918_000717_15_15_cmpc,15,15,CMPC,15 · CMPC,48375acfba2ffc7f64822005eaab01e9,2,p2,2. Conciliatory communicator,"Capitan Silver Commences Trading on the OTCQX Market Under Symbol ""CAPTF""",success,0.152052,0.055693,0.151996,0.0,0.219367,0.25,0.123934,0.0,0.021878,0.053074,0.003784,0.008776
simulation_ui_20260918_000717_15_15_cmpc,15,15,CMPC,15 · CMPC,48375acfba2ffc7f64822005eaab01e9,3,p3,3. Progressive,"Capitan Silver Commences Trading on the OTCQX Market Under Symbol ""CAPTF""",success,0.155374,0.060236,0.212232,0.11333,0.124907,0.25,0.119325,0.0,0.020536,0.042084,0.01089,0.008633
simulation_ui_20260918_000717_15_15_cmpc,15,15,CMPC,15 · CMPC,48375acfba2ffc7f64822005eaab01e9,4,p4,4. Conservative,"Capitan Silver Commences Trading on the OTCQX Market Under Symbol ""CAPTF""",success,0.180717,0.132642,0.344874,0.0,0.328358,0.25,0.126262,0.0,0.02769,0.050929,0.0285,0.003642
simulation_ui_20260918_000717_15_15_cmpc,15,15,CMPC,15 · CMPC,4980763ccff9b986f6829df1e9489341,1,p1,1. Conservative,Cabana Target Drawdown 7 ETF (NASDAQ:TDSB) Short Interest Down 96.6% in March,success,0.224937,0.224937,0.224937,0.006901,0.435008,0.0,0.438967,0.0,0.030255,0.021275,0.0386,0.03089
simulation_ui_20260918_000717_15_15_cmpc,15,15,CMPC,15 · CMPC,4980763ccff9b986f6829df1e9489341,2,p2,2. Conciliatory communicator,Cabana Target Drawdown 7 ETF (NASDAQ:TDSB) Short Interest Down 96.6% in March,success,0.251051,0.287471,0.512408,0.022592,0.475999,0.0,0.49012,0.0,0.025723,0.003152,0.041186,0.032832
simulation_ui_20260918_000717_15_15_cmpc,15,15,CMPC,15 · CMPC,4980763ccff9b986f6829df1e9489341,3,p3,3. Progressive,Cabana Target Drawdown 7 ETF (NASDAQ:TDSB) Short Interest Down 96.6% in March,success,0.226036,0.163798,0.676206,0.006901,0.382354,0.0,0.50887,0.0,0.009702,0.001366,0.019703,0.008037
simulation_ui_20260918_000717_15_15_cmpc,15,15,CMPC,15 · CMPC,4980763ccff9b986f6829df1e9489341,4,p4,4. Conservative,Cabana Target Drawdown 7 ETF (NASDAQ:TDSB) Short Interest Down 96.6% in March,success,0.261017,0.202304,0.87851,0.035238,0.595769,0.0,0.400142,0.0,0.021758,0.005862,0.041736,0.017675
simulation_ui_20260918_000717_15_15_cmpc,15,15,CMPC,15 · CMPC,4ac6395408a9caf70c7d2ffc4ca362c7,1,p1,1. Conservative,Continuing Unemployment Claims Dip to Nearly 2-Year Low,success,0.327467,0.327467,0.327467,0.348469,0.388229,0.333333,0.234679,0.0,0.009568,0.02338,0.002045,0.003278
simulation_ui_20260918_000717_15_15_cmpc,15,15,CMPC,15 · CMPC,4ac6395408a9caf70c7d2ffc4ca362c7,2,p2,2. Conciliatory communicator,Continuing Unemployment Claims Dip to Nearly 2-Year Low,success,0.281651,0.329748,0.657215,0.150415,0.304868,0.324779,0.339249,0.0,0.01266,0.025633,0.007704,0.004643
simulation_ui_20260918_000717_15_15_cmpc,15,15,CMPC,15 · CMPC,4ac6395408a9caf70c7d2ffc4ca362c7,3,p3,3. Progressive,Continuing Unemployment Claims Dip to Nearly 2-Year Low,success,0.326597,0.333895,0.99111,0.396407,0.435512,0.120049,0.346442,0.0,0.014767,0.027925,0.006398,0.009979
simulation_ui_20260918_000717_15_15_cmpc,15,15,CMPC,15 · CMPC,4ac6395408a9caf70c7d2ffc4ca362c7,4,p4,4. Conservative,Continuing Unemployment Claims Dip to Nearly 2-Year Low,success,0.292169,0.156062,1.147172,0.348469,0.371857,0.120049,0.320009,0.0,0.014599,0.024676,0.002453,0.016669
simulation_ui_20260918_000717_15_15_cmpc,15,15,CMPC,15 · CMPC,59a0fb71f66cefb61fc91c97affb1dbe,1,p1,1. Conservative,"Bank of Montreal targets 15% return on equity on wealth, US businesses growth",success,0.266121,0.266121,0.266121,0.075767,0.226906,0.666667,0.076434,0.0,0.031669,0.049835,0.006081,0.039092
simulation_ui_20260918_000717_15_15_cmpc,15,15,CMPC,15 · CMPC,59a0fb71f66cefb61fc91c97affb1dbe,2,p2,2. Conciliatory communicator,"Bank of Montreal targets 15% return on equity on wealth, US businesses growth",success,0.119141,0.308408,0.574529,0.057174,0.313763,0.016049,0.074126,0.0,0.021829,0.047243,0.010028,0.008217
simulation_ui_20260918_000717_15_15_cmpc,15,15,CMPC,15 · CMPC,59a0fb71f66cefb61fc91c97affb1dbe,3,p3,3. Progressive,"Bank of Montreal targets 15% return on equity on wealth, US businesses growth",success,0.12498,0.122349,0.696878,0.095426,0.292812,0.003711,0.085877,0.0,0.031365,0.068739,0.011869,0.013488
simulation_ui_20260918_000717_15_15_cmpc,15,15,CMPC,15 · CMPC,59a0fb71f66cefb61fc91c97affb1dbe,4,p4,4. Conservative,"Bank of Montreal targets 15% return on equity on wealth, US businesses growth",success,0.158452,0.175046,0.871924,0.119574,0.386405,0.003711,0.104991,0.0,0.028249,0.037652,0.019701,0.027394
simulation_ui_20260918_000717_15_15_cmpc,15,15,CMPC,15 · CMPC,6282ee092c7147c978409e71f0096515,1,p1,1. Conservative,Backdoor bet. How federal regulators are sidestepping Alabama: op-ed,success,0.121978,0.121978,0.121978,0.090173,0.234752,0.09149,0.062041,0.0,0.013428,0.013602,0.019213,0.00747
simulation_ui_20260918_000717_15_15_cmpc,15,15,CMPC,15 · CMPC,6282ee092c7147c978409e71f0096515,2,p2,2. Conciliatory communicator,Backdoor bet. How federal regulators are sidestepping Alabama: op-ed,success,0.117197,0.078965,0.200943,0.090214,0.190568,0.1132,0.068523,0.0,0.008878,0.011396,0.005336,0.009902
simulation_ui_20260918_000717_15_15_cmpc,15,15,CMPC,15 · CMPC,6282ee092c7147c978409e71f0096515,3,p3,3. Progressive,Backdoor bet. How federal regulators are sidestepping Alabama: op-ed,success,0.141007,0.131621,0.332564,0.117263,0.285912,0.09149,0.065911,0.0,0.005018,0.01356,0.000385,0.001109
simulation_ui_20260918_000717_15_15_cmpc,15,15,CMPC,15 · CMPC,6282ee092c7147c978409e71f0096515,4,p4,4. Conservative,Backdoor bet. How federal regulators are sidestepping Alabama: op-ed,success,0.10185,0.120272,0.452836,0.176343,0.058902,0.09149,0.068361,0.0,0.017063,0.026589,0.010321,0.014278
simulation_ui_20260918_000717_15_15_cmpc,15,15,CMPC,15 · CMPC,6296ce617808e446ef3e272b65cb5b46,1,p1,1. Conservative,Apple Adds New Partners to Expand Its U.S. Supply Chain,success,0.055549,0.055549,0.055549,0.0,0.162765,0.0,0.057848,0.0,0.002095,0.002345,0.001837,0.002103
simulation_ui_20260918_000717_15_15_cmpc,15,15,CMPC,15 · CMPC,6296ce617808e446ef3e272b65cb5b46,2,p2,2. Conciliatory communicator,Apple Adds New Partners to Expand Its U.S. Supply Chain,success,0.154341,0.132001,0.18755,0.0,0.379832,0.0,0.224246,0.0,0.019559,0.005788,0.022953,0.029937
simulation_ui_20260918_000717_15_15_cmpc,15,15,CMPC,15 · CMPC,6296ce617808e446ef3e272b65cb5b46,3,p3,3. Progressive,Apple Adds New Partners to Expand Its U.S. Supply Chain,success,0.183614,0.175545,0.363095,0.0,0.340751,0.0,0.382842,0.0,0.016576,0.012191,0.00758,0.029956
simulation_ui_20260918_000717_15_15_cmpc,15,15,CMPC,15 · CMPC,6296ce617808e446ef3e272b65cb5b46,4,p4,4. Conservative,Apple Adds New Partners to Expand Its U.S. Supply Chain,success,0.144239,0.163124,0.526219,0.0,0.385111,0.0,0.18035,0.0,0.016736,0.008803,0.011049,0.030356
simulation_ui_20260918_000717_15_15_cmpc,15,15,CMPC,15 · CMPC,64aefc05d7d6e883d857202942daa279,1,p1,1. Conservative,Competition Commission clears merger of Udemy with Coursera's arm,success,0.083218,0.083218,0.083218,0.012206,0.245776,0.0,0.066732,0.0,0.011097,0.012679,0.000935,0.019677
simulation_ui_20260918_000717_15_15_cmpc,15,15,CMPC,15 · CMPC,64aefc05d7d6e883d857202942daa279,2,p2,2. Conciliatory communicator,Competition Commission clears merger of Udemy with Coursera's arm,success,0.131053,0.07899,0.162208,0.012206,0.439187,0.0,0.066732,0.0,0.008743,0.008678,0.005524,0.012028
simulation_ui_20260918_000717_15_15_cmpc,15,15,CMPC,15 · CMPC,64aefc05d7d6e883d857202942daa279,3,p3,3. Progressive,Competition Commission clears merger of Udemy with Coursera's arm,success,0.139379,0.133459,0.295667,0.103593,0.375584,0.0,0.071235,0.0,0.010299,0.011374,0.008927,0.010597
simulation_ui_20260918_000717_15_15_cmpc,15,15,CMPC,15 · CMPC,64aefc05d7d6e883d857202942daa279,4,p4,4. Conservative,Competition Commission clears merger of Udemy with Coursera's arm,success,0.144897,0.06451,0.360177,0.012206,0.491952,0.0,0.070761,0.0,0.006818,0.003779,0.008673,0.008002
simulation_ui_20260918_000717_15_15_cmpc,15,15,CMPC,15 · CMPC,675d6df42ab1fa2c25fcb6c96a0801ba,1,p1,1. Conservative,"Cohen & Steers Infrastructure Fund, Inc (NYSE:UTF) Plans $0.17 Monthly Dividend",success,0.210121,0.210121,0.210121,0.033486,0.146272,0.393111,0.266365,0.0,0.001978,0.002831,0.001588,0.001515
simulation_ui_20260918_000717_15_15_cmpc,15,15,CMPC,15 · CMPC,675d6df42ab1fa2c25fcb6c96a0801ba,2,p2,2. Conciliatory communicator,"Cohen & Steers Infrastructure Fund, Inc (NYSE:UTF) Plans $0.17 Monthly Dividend",success,0.359833,0.277378,0.487499,0.043674,0.445208,0.505655,0.442916,0.0,0.003664,0.004266,0.000477,0.006248
simulation_ui_20260918_000717_15_15_cmpc,15,15,CMPC,15 · CMPC,675d6df42ab1fa2c25fcb6c96a0801ba,3,p3,3. Progressive,"Cohen & Steers Infrastructure Fund, Inc (NYSE:UTF) Plans $0.17 Monthly Dividend",success,0.20281,0.259995,0.747494,0.047203,0.146272,0.393111,0.221464,0.0,0.004996,0.003552,0.005067,0.006368
simulation_ui_20260918_000717_15_15_cmpc,15,15,CMPC,15 · CMPC,675d6df42ab1fa2c25fcb6c96a0801ba,4,p4,4. Conservative,"Cohen & Steers Infrastructure Fund, Inc (NYSE:UTF) Plans $0.17 Monthly Dividend",success,0.377996,0.292979,1.040473,0.043674,0.385812,0.505655,0.575223,0.0,0.003253,0.00092,0.004039,0.004799
simulation_ui_20260918_000717_15_15_cmpc,15,15,CMPC,15 · CMPC,73939fe081f6d0ef3ed498b2dd7f4039,1,p1,1. Conservative,Coastal Electric plans rate increase,success,0.148403,0.148403,0.148403,0.010853,0.165885,0.0,0.406831,0.0,0.0147,0.010232,0.028357,0.005511
simulation_ui_20260918_000717_15_15_cmpc,15,15,CMPC,15 · CMPC,73939fe081f6d0ef3ed498b2dd7f4039,2,p2,2. Conciliatory communicator,Coastal Electric plans rate increase,success,0.20696,0.236149,0.384552,0.010853,0.165885,0.5,0.141814,0.0,0.014599,0.010354,0.030671,0.002771
simulation_ui_20260918_000717_15_15_cmpc,15,15,CMPC,15 · CMPC,73939fe081f6d0ef3ed498b2dd7f4039,3,p3,3. Progressive,Coastal Electric plans rate increase,success,0.150305,0.274225,0.658777,0.010853,0.489713,0.0,0.090828,0.0,0.014416,0.014506,0.02473,0.004013
simulation_ui_20260918_000717_15_15_cmpc,15,15,CMPC,15 · CMPC,73939fe081f6d0ef3ed498b2dd7f4039,4,p4,4. Conservative,Coastal Electric plans rate increase,success,0.247039,0.23596,0.894737,0.026786,0.365592,0.5,0.089781,0.0,0.009935,0.003178,0.023758,0.002869
simulation_ui_20260918_000717_15_15_cmpc,15,15,CMPC,15 · CMPC,764d938e82fccdeec46aa43984936af9,1,p1,1. Conservative,Centre Highlights Border Infrastructure Push Through BADP and Vibrant Villages Programmes,success,0.31006,0.31006,0.31006,0.153737,0.159598,0.521361,0.404109,0.0,0.002598,0.000216,0.004333,0.003244
simulation_ui_20260918_000717_15_15_cmpc,15,15,CMPC,15 · CMPC,764d938e82fccdeec46aa43984936af9,2,p2,2. Conciliatory communicator,Centre Highlights Border Infrastructure Push Through BADP and Vibrant Villages Programmes,success,0.310938,0.152683,0.462743,0.153737,0.098778,0.612926,0.376365,0.0,0.003528,0.000534,0.009933,0.000118
simulation_ui_20260918_000717_15_15_cmpc,15,15,CMPC,15 · CMPC,764d938e82fccdeec46aa43984936af9,3,p3,3. Progressive,Centre Highlights Border Infrastructure Push Through BADP and Vibrant Villages Programmes,success,0.35256,0.096279,0.559022,0.129647,0.279146,0.612926,0.380498,0.0,0.015439,0.022847,0.016363,0.007106
simulation_ui_20260918_000717_15_15_cmpc,15,15,CMPC,15 · CMPC,764d938e82fccdeec46aa43984936af9,4,p4,4. Conservative,Centre Highlights Border Infrastructure Push Through BADP and Vibrant Villages Programmes,success,0.34869,0.200726,0.759748,0.210577,0.321333,0.540383,0.317019,0.0,0.010437,0.019029,0.008809,0.003472
simulation_ui_20260918_000717_15_15_cmpc,15,15,CMPC,15 · CMPC,80a390c3c68815dadd42b1ea065fd1af,1,p1,1. Conservative,Contract OK’d to extend sidewalk repairs,success,0.178226,0.178226,0.178226,0.225323,0.049687,0.022842,0.410173,0.0,0.007413,0.002285,0.010574,0.009379
simulation_ui_20260918_000717_15_15_cmpc,15,15,CMPC,15 · CMPC,80a390c3c68815dadd42b1ea065fd1af,2,p2,2. Conciliatory communicator,Contract OK’d to extend sidewalk repairs,success,0.292898,0.137067,0.315293,0.35291,0.381215,0.022842,0.410751,0.0,0.006841,0.000166,0.010614,0.009744
simulation_ui_20260918_000717_15_15_cmpc,15,15,CMPC,15 · CMPC,80a390c3c68815dadd42b1ea065fd1af,3,p3,3. Progressive,Contract OK’d to extend sidewalk repairs,success,0.304103,0.480151,0.795444,0.0,0.597302,0.356175,0.256215,0.0,0.012041,0.006758,0.008472,0.020893
simulation_ui_20260918_000717_15_15_cmpc,15,15,CMPC,15 · CMPC,80a390c3c68815dadd42b1ea065fd1af,4,p4,4. Conservative,Contract OK’d to extend sidewalk repairs,success,0.343127,0.360028,1.155472,0.35291,0.532535,0.283947,0.195338,0.0,0.01476,0.008572,0.025187,0.01052
simulation_ui_20260918_000717_15_15_cmpc,15,15,CMPC,15 · CMPC,80e1561246e5483a76211bd892a06bcb,1,p1,1. Conservative,Aldi inches closer to being hit with unprecedented $15 policy at all locations in the state,success,0.381275,0.381275,0.381275,0.192689,0.453956,0.4,0.477079,0.0,0.002775,0.001629,0.002755,0.003942
simulation_ui_20260918_000717_15_15_cmpc,15,15,CMPC,15 · CMPC,80e1561246e5483a76211bd892a06bcb,2,p2,2. Conciliatory communicator,Aldi inches closer to being hit with unprecedented $15 policy at all locations in the state,success,0.454859,0.296161,0.677436,0.234473,0.602118,0.4,0.578553,0.0,0.00982,0.020562,0.008269,0.000629
simulation_ui_20260918_000717_15_15_cmpc,15,15,CMPC,15 · CMPC,80e1561246e5483a76211bd892a06bcb,3,p3,3. Progressive,Aldi inches closer to being hit with unprecedented $15 policy at all locations in the state,success,0.396799,0.294151,0.971587,0.032326,0.675218,0.414893,0.456446,0.0,0.017167,0.023522,0.026472,0.001506
simulation_ui_20260918_000717_15_15_cmpc,15,15,CMPC,15 · CMPC,80e1561246e5483a76211bd892a06bcb,4,p4,4. Conservative,Aldi inches closer to being hit with unprecedented $15 policy at all locations in the state,success,0.442086,0.110334,1.081921,0.187788,0.701153,0.414893,0.456446,0.0,0.018004,0.035793,0.014856,0.003363
simulation_ui_20260918_000717_15_15_cmpc,15,15,CMPC,15 · CMPC,954401161f2ebcd5c5ec0961fa417e31,1,p1,1. Conservative,Biodiversity strategy is a must for mining companies,success,0.123267,0.123267,0.123267,0.0,0.35385,0.0,0.114145,0.0,0.035496,0.044572,0.02173,0.040186
simulation_ui_20260918_000717_15_15_cmpc,15,15,CMPC,15 · CMPC,954401161f2ebcd5c5ec0961fa417e31,2,p2,2. Conciliatory communicator,Biodiversity strategy is a must for mining companies,success,0.152415,0.031609,0.154876,0.0,0.462512,0.0,0.123386,0.0,0.034802,0.027499,0.037064,0.039844
simulation_ui_20260918_000717_15_15_cmpc,15,15,CMPC,15 · CMPC,954401161f2ebcd5c5ec0961fa417e31,3,p3,3. Progressive,Biodiversity strategy is a must for mining companies,success,0.257085,0.21965,0.374526,0.0,0.534,0.333333,0.145972,0.0,0.025169,0.007763,0.023475,0.044268
simulation_ui_20260918_000717_15_15_cmpc,15,15,CMPC,15 · CMPC,954401161f2ebcd5c5ec0961fa417e31,4,p4,4. Conservative,Biodiversity strategy is a must for mining companies,success,0.356154,0.191164,0.56569,0.096096,0.56767,0.333333,0.40943,0.0,0.03487,0.010774,0.037249,0.056588
simulation_ui_20260918_000717_15_15_cmpc,15,15,CMPC,15 · CMPC,96039628b3a89f4a9134fd1dc3b666d7,1,p1,1. Conservative,Air travel to become expensive from April 1? Civil Aviation Minister clarifies amid Middle East crisis,success,0.275112,0.275112,0.275112,0.078796,0.431972,0.02249,0.5432,0.0,0.041027,0.028516,0.071286,0.023279
simulation_ui_20260918_000717_15_15_cmpc,15,15,CMPC,15 · CMPC,96039628b3a89f4a9134fd1dc3b666d7,2,p2,2. Conciliatory communicator,Air travel to become expensive from April 1? Civil Aviation Minister clarifies amid Middle East crisis,success,0.299747,0.235561,0.510673,0.26091,0.371765,0.02249,0.525237,0.0,0.032957,0.000765,0.084472,0.013634
simulation_ui_20260918_000717_15_15_cmpc,15,15,CMPC,15 · CMPC,96039628b3a89f4a9134fd1dc3b666d7,3,p3,3. Progressive,Air travel to become expensive from April 1? Civil Aviation Minister clarifies amid Middle East crisis,success,0.369085,0.303567,0.81424,0.339583,0.531728,0.02249,0.561982,0.0,0.040401,0.025426,0.095106,0.00067
simulation_ui_20260918_000717_15_15_cmpc,15,15,CMPC,15 · CMPC,96039628b3a89f4a9134fd1dc3b666d7,4,p4,4. Conservative,Air travel to become expensive from April 1? Civil Aviation Minister clarifies amid Middle East crisis,success,0.326461,0.324987,1.139227,0.23105,0.353888,0.266868,0.42983,0.0,0.044526,0.028326,0.101781,0.00347
simulation_ui_20260918_000717_15_15_cmpc,15,15,CMPC,15 · CMPC,9dee564f6a8f10132f19e6a4b2b8e1a7,1,p1,1. Conservative,"Better and Coinbase Launch the First Token-Backed, Conforming Mortgage",success,0.288217,0.288217,0.288217,0.188826,0.560416,0.16163,0.240243,0.0,0.003077,0.000524,0.008672,3.5e-05
simulation_ui_20260918_000717_15_15_cmpc,15,15,CMPC,15 · CMPC,9dee564f6a8f10132f19e6a4b2b8e1a7,2,p2,2. Conciliatory communicator,"Better and Coinbase Launch the First Token-Backed, Conforming Mortgage",success,0.299552,0.125759,0.413976,0.11115,0.571633,0.16163,0.344434,0.0,0.01665,0.013359,0.025014,0.011576
simulation_ui_20260918_000717_15_15_cmpc,15,15,CMPC,15 · CMPC,9dee564f6a8f10132f19e6a4b2b8e1a7,3,p3,3. Progressive,"Better and Coinbase Launch the First Token-Backed, Conforming Mortgage",success,0.191953,0.17726,0.591236,0.0,0.286314,0.16163,0.307229,0.0,0.019477,0.02359,0.012649,0.022193
simulation_ui_20260918_000717_15_15_cmpc,15,15,CMPC,15 · CMPC,9dee564f6a8f10132f19e6a4b2b8e1a7,4,p4,4. Conservative,"Better and Coinbase Launch the First Token-Backed, Conforming Mortgage",success,0.249715,0.162299,0.753535,0.11115,0.381073,0.146306,0.345811,0.0,0.024077,0.034809,0.017607,0.019814
simulation_ui_20260918_000717_15_15_cmpc,15,15,CMPC,15 · CMPC,a83c7d9bd4c9948f8104f95aa8914a60,1,p1,1. Conservative,Another cinema in Singapore is closing... but the big,success,0.13224,0.13224,0.13224,0.07942,0.233689,0.0,0.209255,0.0,0.009481,0.009084,0.013758,0.0056
simulation_ui_20260918_000717_15_15_cmpc,15,15,CMPC,15 · CMPC,a83c7d9bd4c9948f8104f95aa8914a60,2,p2,2. Conciliatory communicator,Another cinema in Singapore is closing... but the big,success,0.2057,0.203771,0.336011,0.243969,0.369488,0.0,0.207634,0.0,0.002691,0.004039,0.003298,0.000735
simulation_ui_20260918_000717_15_15_cmpc,15,15,CMPC,15 · CMPC,a83c7d9bd4c9948f8104f95aa8914a60,3,p3,3. Progressive,Another cinema in Singapore is closing... but the big,success,0.275634,0.152364,0.488375,0.231117,0.604219,0.0,0.263288,0.0,0.006744,0.007106,0.002442,0.010685
simulation_ui_20260918_000717_15_15_cmpc,15,15,CMPC,15 · CMPC,a83c7d9bd4c9948f8104f95aa8914a60,4,p4,4. Conservative,Another cinema in Singapore is closing... but the big,success,0.225372,0.239731,0.728106,0.099923,0.518295,0.0,0.273515,0.0,0.015691,0.038498,0.008426,0.000149
simulation_ui_20260918_000717_15_15_cmpc,15,15,CMPC,15 · CMPC,b8147bef700007b0dbccc9eaf88c04ac,1,p1,1. Conservative,CLEO Expands Its Reach as Crypto Prop Traders Rally Around the Prop Firm Trading Platform Built for Them,success,0.221447,0.221447,0.221447,0.179888,0.332271,0.284899,0.077695,0.0,0.017653,0.025149,0.018266,0.009543
simulation_ui_20260918_000717_15_15_cmpc,15,15,CMPC,15 · CMPC,b8147bef700007b0dbccc9eaf88c04ac,2,p2,2. Conciliatory communicator,CLEO Expands Its Reach as Crypto Prop Traders Rally Around the Prop Firm Trading Platform Built for Them,success,0.171497,0.125087,0.346534,0.119042,0.160115,0.284899,0.111037,0.0,0.016386,0.017721,0.014689,0.016747
simulation_ui_20260918_000717_15_15_cmpc,15,15,CMPC,15 · CMPC,b8147bef700007b0dbccc9eaf88c04ac,3,p3,3. Progressive,CLEO Expands Its Reach as Crypto Prop Traders Rally Around the Prop Firm Trading Platform Built for Them,success,0.199582,0.152841,0.499375,0.0,0.340096,0.302356,0.14221,0.0,0.021253,0.023214,0.021056,0.019488
simulation_ui_20260918_000717_15_15_cmpc,15,15,CMPC,15 · CMPC,b8147bef700007b0dbccc9eaf88c04ac,4,p4,4. Conservative,CLEO Expands Its Reach as Crypto Prop Traders Rally Around the Prop Firm Trading Platform Built for Them,success,0.247659,0.134267,0.633642,0.18552,0.398765,0.284899,0.111786,0.0,0.016007,0.013869,0.016513,0.017638
simulation_ui_20260918_000717_15_15_cmpc,15,15,CMPC,15 · CMPC,c24889258ff4d93fcb33d3ad9328f7e5,1,p1,1. Conservative,Clearlake buys Qualus from New Mountain amid soaring power demand; KKR’s exit provides CoolIT employees with handsome payout,success,0.222433,0.222433,0.222433,0.0,0.560096,0.0,0.302829,0.0,0.042729,0.045252,0.04619,0.036746
simulation_ui_20260918_000717_15_15_cmpc,15,15,CMPC,15 · CMPC,c24889258ff4d93fcb33d3ad9328f7e5,2,p2,2. Conciliatory communicator,Clearlake buys Qualus from New Mountain amid soaring power demand; KKR’s exit provides CoolIT employees with handsome payout,success,0.257012,0.108485,0.330918,0.0,0.519585,0.142857,0.335608,0.0,0.049966,0.057909,0.058402,0.033587
simulation_ui_20260918_000717_15_15_cmpc,15,15,CMPC,15 · CMPC,c24889258ff4d93fcb33d3ad9328f7e5,3,p3,3. Progressive,Clearlake buys Qualus from New Mountain amid soaring power demand; KKR’s exit provides CoolIT employees with handsome payout,success,0.201597,0.154393,0.485311,0.14389,0.33122,0.0,0.302829,0.0,0.04415,0.051377,0.045827,0.035247
simulation_ui_20260918_000717_15_15_cmpc,15,15,CMPC,15 · CMPC,c24889258ff4d93fcb33d3ad9328f7e5,4,p4,4. Conservative,Clearlake buys Qualus from New Mountain amid soaring power demand; KKR’s exit provides CoolIT employees with handsome payout,success,0.19081,0.118164,0.603475,0.0,0.354821,0.0,0.377438,0.0,0.047405,0.057193,0.058045,0.026976
simulation_ui_20260918_000717_15_15_cmpc,15,15,CMPC,15 · CMPC,c431d4ae9339f97a7ca5409d975805a3,1,p1,1. Conservative,Anavex Life Sciences Stock Is Deeply Oversold. Should You Buy the Dip?,success,0.37637,0.37637,0.37637,0.178171,0.573148,0.206074,0.536476,0.0,0.023165,0.037601,0.028833,0.00306
simulation_ui_20260918_000717_15_15_cmpc,15,15,CMPC,15 · CMPC,c431d4ae9339f97a7ca5409d975805a3,2,p2,2. Conciliatory communicator,Anavex Life Sciences Stock Is Deeply Oversold. Should You Buy the Dip?,success,0.256226,0.265138,0.641508,0.110743,0.433539,0.00612,0.466937,0.0,0.01268,0.003981,0.022203,0.011855
simulation_ui_20260918_000717_15_15_cmpc,15,15,CMPC,15 · CMPC,c431d4ae9339f97a7ca5409d975805a3,3,p3,3. Progressive,Anavex Life Sciences Stock Is Deeply Oversold. Should You Buy the Dip?,success,0.314501,0.161681,0.803189,0.084157,0.567801,0.106694,0.492807,0.0,0.011906,0.006034,0.027855,0.001828
simulation_ui_20260918_000717_15_15_cmpc,15,15,CMPC,15 · CMPC,c431d4ae9339f97a7ca5409d975805a3,4,p4,4. Conservative,Anavex Life Sciences Stock Is Deeply Oversold. Should You Buy the Dip?,success,0.380281,0.298897,1.102086,0.183735,0.430298,0.412874,0.486552,0.0,0.015413,0.003528,0.042253,0.000458
simulation_ui_20260918_000717_15_15_cmpc,15,15,CMPC,15 · CMPC,ce21e05271d5e7a4e182ceb46e706964,1,p1,1. Conservative,"Arizona opinion: European mandate means costlier food, groceries",success,0.2725,0.2725,0.2725,0.170466,0.494878,0.274198,0.142866,0.0,0.013012,0.010432,0.020543,0.008061
simulation_ui_20260918_000717_15_15_cmpc,15,15,CMPC,15 · CMPC,ce21e05271d5e7a4e182ceb46e706964,2,p2,2. Conciliatory communicator,"Arizona opinion: European mandate means costlier food, groceries",success,0.307337,0.126773,0.399273,0.170466,0.541776,0.274198,0.237675,0.0,0.009424,0.013317,0.014195,0.000759
simulation_ui_20260918_000717_15_15_cmpc,15,15,CMPC,15 · CMPC,ce21e05271d5e7a4e182ceb46e706964,3,p3,3. Progressive,"Arizona opinion: European mandate means costlier food, groceries",success,0.359822,0.337,0.736273,0.168422,0.494878,0.153103,0.603852,0.0,0.036887,0.056197,0.015674,0.038789
simulation_ui_20260918_000717_15_15_cmpc,15,15,CMPC,15 · CMPC,ce21e05271d5e7a4e182ceb46e706964,4,p4,4. Conservative,"Arizona opinion: European mandate means costlier food, groceries",success,0.381585,0.265668,1.001941,0.308184,0.474267,0.2,0.532195,0.0,0.023524,0.042876,0.004088,0.023607
simulation_ui_20260918_000717_15_15_cmpc,15,15,CMPC,15 · CMPC,d66c6c1dfd9c66c9f17f51b8a1ecc92d,1,p1,1. Conservative,"Cadre Holdings to Acquire Assets of Tedder Industries, Including Alien Gear Holsters",success,0.083707,0.083707,0.083707,0.003566,0.305189,0.0,0.022016,0.0,0.005531,0.002181,0.004587,0.009824
simulation_ui_20260918_000717_15_15_cmpc,15,15,CMPC,15 · CMPC,d66c6c1dfd9c66c9f17f51b8a1ecc92d,2,p2,2. Conciliatory communicator,"Cadre Holdings to Acquire Assets of Tedder Industries, Including Alien Gear Holsters",success,0.132025,0.135483,0.21919,0.003566,0.290503,0.0,0.232456,0.0,0.002266,0.000985,0.003903,0.001909
simulation_ui_20260918_000717_15_15_cmpc,15,15,CMPC,15 · CMPC,d66c6c1dfd9c66c9f17f51b8a1ecc92d,3,p3,3. Progressive,"Cadre Holdings to Acquire Assets of Tedder Industries, Including Alien Gear Holsters",success,0.138984,0.083086,0.302276,0.004328,0.305189,0.0,0.236083,0.0,0.014959,0.001818,0.031511,0.011548
simulation_ui_20260918_000717_15_15_cmpc,15,15,CMPC,15 · CMPC,d66c6c1dfd9c66c9f17f51b8a1ecc92d,4,p4,4. Conservative,"Cadre Holdings to Acquire Assets of Tedder Industries, Including Alien Gear Holsters",success,0.095736,0.074348,0.376624,0.004328,0.312127,0.0,0.0592,0.0,0.010056,0.008912,0.007363,0.013892
simulation_ui_20260918_000717_15_15_cmpc,15,15,CMPC,15 · CMPC,de1ef9dc3d1297e42a2fb05392a32d49,1,p1,1. Conservative,Constellation Software Inc. (CSU) to Issue Quarterly Dividend of $1.00 on April 15th,success,0.140423,0.140423,0.140423,0.087876,0.25,0.081983,0.136965,0.0,0.007069,0.000455,0.018626,0.002125
simulation_ui_20260918_000717_15_15_cmpc,15,15,CMPC,15 · CMPC,de1ef9dc3d1297e42a2fb05392a32d49,2,p2,2. Conciliatory communicator,Constellation Software Inc. (CSU) to Issue Quarterly Dividend of $1.00 on April 15th,success,0.131618,0.153842,0.294265,0.087876,0.298423,0.0,0.135256,0.0,0.007069,0.000455,0.018626,0.002125
simulation_ui_20260918_000717_15_15_cmpc,15,15,CMPC,15 · CMPC,de1ef9dc3d1297e42a2fb05392a32d49,3,p3,3. Progressive,Constellation Software Inc. (CSU) to Issue Quarterly Dividend of $1.00 on April 15th,success,0.188251,0.171304,0.465569,0.107112,0.320154,0.137612,0.18579,0.0,0.003595,0.000996,0.004216,0.005573
simulation_ui_20260918_000717_15_15_cmpc,15,15,CMPC,15 · CMPC,de1ef9dc3d1297e42a2fb05392a32d49,4,p4,4. Conservative,Constellation Software Inc. (CSU) to Issue Quarterly Dividend of $1.00 on April 15th,success,0.205728,0.091316,0.556885,0.107112,0.278315,0.25,0.18579,0.0,0.002669,0.001069,0.006165,0.000773
simulation_ui_20260918_000717_15_15_cmpc,15,15,CMPC,15 · CMPC,e0d8c78139dd28d077ec2c768043d7ca,1,p1,1. Conservative,Change in LHV Group Audit Committee,success,0.122638,0.122638,0.122638,0.006305,0.340315,0.034887,0.103071,0.0,0.008496,0.007254,0.004698,0.013536
simulation_ui_20260918_000717_15_15_cmpc,15,15,CMPC,15 · CMPC,e0d8c78139dd28d077ec2c768043d7ca,2,p2,2. Conciliatory communicator,Change in LHV Group Audit Committee,success,0.195192,0.192791,0.315429,0.092215,0.54095,0.034887,0.109954,0.0,0.004285,0.005199,0.005624,0.002033
simulation_ui_20260918_000717_15_15_cmpc,15,15,CMPC,15 · CMPC,e0d8c78139dd28d077ec2c768043d7ca,3,p3,3. Progressive,Change in LHV Group Audit Committee,success,0.180565,0.023636,0.339065,0.011047,0.54095,0.034887,0.133349,0.0,0.003092,0.002373,0.004677,0.002227
simulation_ui_20260918_000717_15_15_cmpc,15,15,CMPC,15 · CMPC,e0d8c78139dd28d077ec2c768043d7ca,4,p4,4. Conservative,Change in LHV Group Audit Committee,success,0.200791,0.049789,0.388854,0.006305,0.67887,0.0,0.116125,0.0,0.002914,0.003048,0.004843,0.000851
simulation_ui_20260918_000717_15_15_cmpc,15,15,CMPC,15 · CMPC,e42774600d5c0fd2405b181105990603,1,p1,1. Conservative,Canada is losing more air traffic controllers than it’s hiring: aviation expert,success,0.244463,0.244463,0.244463,0.229563,0.70145,0.0,0.032009,0.0,0.024415,0.037048,0.017504,0.018693
simulation_ui_20260918_000717_15_15_cmpc,15,15,CMPC,15 · CMPC,e42774600d5c0fd2405b181105990603,2,p2,2. Conciliatory communicator,Canada is losing more air traffic controllers than it’s hiring: aviation expert,success,0.360134,0.266535,0.510998,0.166493,0.601933,0.068835,0.599481,0.0,0.007398,0.005384,0.013368,0.003442
simulation_ui_20260918_000717_15_15_cmpc,15,15,CMPC,15 · CMPC,e42774600d5c0fd2405b181105990603,3,p3,3. Progressive,Canada is losing more air traffic controllers than it’s hiring: aviation expert,success,0.318407,0.213656,0.724654,0.181621,0.660307,0.0,0.425673,0.0,0.011028,0.00982,0.00985,0.013413
simulation_ui_20260918_000717_15_15_cmpc,15,15,CMPC,15 · CMPC,e42774600d5c0fd2405b181105990603,4,p4,4. Conservative,Canada is losing more air traffic controllers than it’s hiring: aviation expert,success,0.31767,0.003594,0.728248,0.181621,0.660307,0.0,0.425673,0.0,0.005635,0.008514,0.00728,0.001111
simulation_ui_20260918_000717_15_15_cmpc,15,15,CMPC,15 · CMPC,e68862b7bac57065b34e1018a51ce3f2,1,p1,1. Conservative,"Cruisebound Launches ""Search by Map,"" Redefining How Travelers Discover Cruises",success,0.106913,0.106913,0.106913,0.07875,0.134623,0.0,0.197126,0.0,0.023895,0.014287,0.050434,0.006965
simulation_ui_20260918_000717_15_15_cmpc,15,15,CMPC,15 · CMPC,e68862b7bac57065b34e1018a51ce3f2,2,p2,2. Conciliatory communicator,"Cruisebound Launches ""Search by Map,"" Redefining How Travelers Discover Cruises",success,0.14422,0.1533,0.260213,0.0,0.050676,0.333333,0.172289,0.0,0.029881,0.019002,0.057698,0.012943
simulation_ui_20260918_000717_15_15_cmpc,15,15,CMPC,15 · CMPC,e68862b7bac57065b34e1018a51ce3f2,3,p3,3. Progressive,"Cruisebound Launches ""Search by Map,"" Redefining How Travelers Discover Cruises",success,0.192502,0.174685,0.434898,0.011275,0.207478,0.333333,0.19196,0.0,0.039868,0.023466,0.075274,0.020865
simulation_ui_20260918_000717_15_15_cmpc,15,15,CMPC,15 · CMPC,e68862b7bac57065b34e1018a51ce3f2,4,p4,4. Conservative,"Cruisebound Launches ""Search by Map,"" Redefining How Travelers Discover Cruises",success,0.149338,0.20709,0.641988,0.07875,0.31296,0.0,0.183133,0.0,0.032857,0.019238,0.066894,0.012439
simulation_ui_20260918_000717_15_15_cmpc,15,15,CMPC,15 · CMPC,ea67fb6d8317500951f4bf21966a33ea,1,p1,1. Conservative,China's 'Africa Diaper King' Delivers Strong Annual Profit Post-IPO,success,0.218958,0.218958,0.218958,0.150549,0.247282,0.142857,0.328752,0.0,0.010212,0.016254,0.006253,0.00813
simulation_ui_20260918_000717_15_15_cmpc,15,15,CMPC,15 · CMPC,ea67fb6d8317500951f4bf21966a33ea,2,p2,2. Conciliatory communicator,China's 'Africa Diaper King' Delivers Strong Annual Profit Post-IPO,success,0.226463,0.154165,0.373123,0.113596,0.226379,0.25,0.304738,0.0,0.017935,0.0166,0.020469,0.016736
simulation_ui_20260918_000717_15_15_cmpc,15,15,CMPC,15 · CMPC,ea67fb6d8317500951f4bf21966a33ea,3,p3,3. Progressive,China's 'Africa Diaper King' Delivers Strong Annual Profit Post-IPO,success,0.290347,0.224339,0.597462,0.200262,0.576283,0.142857,0.233299,0.0,0.015255,0.024457,0.003406,0.017901
simulation_ui_20260918_000717_15_15_cmpc,15,15,CMPC,15 · CMPC,ea67fb6d8317500951f4bf21966a33ea,4,p4,4. Conservative,China's 'Africa Diaper King' Delivers Strong Annual Profit Post-IPO,success,0.227953,0.245367,0.842829,0.112219,0.316589,0.171719,0.305077,0.0,0.010028,0.013008,0.000158,0.016919
simulation_ui_20260918_000717_15_15_cmpc,15,15,CMPC,15 · CMPC,edd97daf51d7e0bb7d9da3f3e2c9bfa8,1,p1,1. Conservative,Amazon and Walmart fined for selling banned refrigerant in Washington state,success,0.131435,0.131435,0.131435,0.010947,0.255221,0.25,0.00151,0.0,0.011573,0.004133,0.007997,0.02259
simulation_ui_20260918_000717_15_15_cmpc,15,15,CMPC,15 · CMPC,edd97daf51d7e0bb7d9da3f3e2c9bfa8,2,p2,2. Conciliatory communicator,Amazon and Walmart fined for selling banned refrigerant in Washington state,success,0.213874,0.269834,0.401269,0.010947,0.396905,0.0,0.442546,0.0,0.008094,0.000147,0.001028,0.023108
simulation_ui_20260918_000717_15_15_cmpc,15,15,CMPC,15 · CMPC,edd97daf51d7e0bb7d9da3f3e2c9bfa8,3,p3,3. Progressive,Amazon and Walmart fined for selling banned refrigerant in Washington state,success,0.320591,0.288534,0.689803,0.010947,0.600279,0.25,0.394405,0.0,0.048702,0.055305,0.010528,0.080272
simulation_ui_20260918_000717_15_15_cmpc,15,15,CMPC,15 · CMPC,edd97daf51d7e0bb7d9da3f3e2c9bfa8,4,p4,4. Conservative,Amazon and Walmart fined for selling banned refrigerant in Washington state,success,0.270631,0.226071,0.915874,0.082138,0.596892,0.25,0.130229,0.0,0.039558,0.038338,0.005676,0.074661
simulation_ui_20260918_000717_15_15_cmpc,15,15,CMPC,15 · CMPC,efc05dd0bbe1b970e1f97452c3e0b5a4,1,p1,1. Conservative,Blackstone (BX) Slipped Amid Private Credit Concerns Despite Strong Long-Term Outlook,success,0.162373,0.162373,0.162373,0.131044,0.318762,0.0,0.195109,0.0,0.006823,0.000236,0.006091,0.014143
simulation_ui_20260918_000717_15_15_cmpc,15,15,CMPC,15 · CMPC,efc05dd0bbe1b970e1f97452c3e0b5a4,2,p2,2. Conciliatory communicator,Blackstone (BX) Slipped Amid Private Credit Concerns Despite Strong Long-Term Outlook,success,0.142051,0.098568,0.260941,0.02013,0.322255,0.0,0.221312,0.0,0.006558,0.010283,0.001629,0.007762
simulation_ui_20260918_000717_15_15_cmpc,15,15,CMPC,15 · CMPC,efc05dd0bbe1b970e1f97452c3e0b5a4,3,p3,3. Progressive,Blackstone (BX) Slipped Amid Private Credit Concerns Despite Strong Long-Term Outlook,success,0.242348,0.16565,0.426591,0.0,0.436202,0.0,0.522813,0.0,0.017059,0.024274,0.001261,0.025642
simulation_ui_20260918_000717_15_15_cmpc,15,15,CMPC,15 · CMPC,efc05dd0bbe1b970e1f97452c3e0b5a4,4,p4,4. Conservative,Blackstone (BX) Slipped Amid Private Credit Concerns Despite Strong Long-Term Outlook,success,0.157731,0.171573,0.598164,0.043466,0.331957,0.0,0.243796,0.0,0.017311,0.02231,0.011018,0.018604
simulation_ui_20260918_000717_15_15_cmpc,15,15,CMPC,15 · CMPC,f46dd28ab257311f8706feca1dc99708,1,p1,1. Conservative,Bevvy: Downtown’s New ‘Dirty’ Soda,success,0.156592,0.156592,0.156592,0.08836,0.202255,0.0,0.33281,0.0,0.004359,0.000251,0.006194,0.006633
simulation_ui_20260918_000717_15_15_cmpc,15,15,CMPC,15 · CMPC,f46dd28ab257311f8706feca1dc99708,2,p2,2. Conciliatory communicator,Bevvy: Downtown’s New ‘Dirty’ Soda,success,0.144807,0.222484,0.379076,0.17934,0.313629,0.0,0.078012,0.0,0.012027,0.007532,0.026041,0.002509
simulation_ui_20260918_000717_15_15_cmpc,15,15,CMPC,15 · CMPC,f46dd28ab257311f8706feca1dc99708,3,p3,3. Progressive,Bevvy: Downtown’s New ‘Dirty’ Soda,success,0.121259,0.117327,0.496403,0.114352,0.284197,0.0,0.078012,0.0,0.012027,0.007532,0.026041,0.002509
simulation_ui_20260918_000717_15_15_cmpc,15,15,CMPC,15 · CMPC,f46dd28ab257311f8706feca1dc99708,4,p4,4. Conservative,Bevvy: Downtown’s New ‘Dirty’ Soda,success,0.06001,0.071254,0.567657,0.107364,0.045596,0.0,0.078012,0.0,0.012027,0.007532,0.026041,0.002509
simulation_ui_20260918_000717_15_15_cmpc,15,15,CMPC,15 · CMPC,f7a4ad54b51a7d28de6970e46285b0f2,1,p1,1. Conservative,5G Services Market Surges to $497.24 billion by 2028 | CAGR 19.3%,success,0.413245,0.413245,0.413245,1.0,0.599928,0.0,0.04931,0.0,0.00796,0.000614,0.015458,0.007809
simulation_ui_20260918_000717_15_15_cmpc,15,15,CMPC,15 · CMPC,f7a4ad54b51a7d28de6970e46285b0f2,2,p2,2. Conciliatory communicator,5G Services Market Surges to $497.24 billion by 2028 | CAGR 19.3%,success,0.165031,0.265361,0.678606,0.0,0.599928,0.0,0.055447,0.0,0.007099,0.000526,0.01133,0.00944
simulation_ui_20260918_000717_15_15_cmpc,15,15,CMPC,15 · CMPC,f7a4ad54b51a7d28de6970e46285b0f2,3,p3,3. Progressive,5G Services Market Surges to $497.24 billion by 2028 | CAGR 19.3%,success,0.13237,0.067435,0.746041,0.0,0.464713,0.0,0.057652,0.0,0.01023,0.005457,0.009291,0.015941
simulation_ui_20260918_000717_15_15_cmpc,15,15,CMPC,15 · CMPC,f7a4ad54b51a7d28de6970e46285b0f2,4,p4,4. Conservative,5G Services Market Surges to $497.24 billion by 2028 | CAGR 19.3%,success,0.162988,0.060237,0.806278,0.0,0.599928,0.0,0.036492,0.0,0.02309,0.017617,0.040023,0.011629
simulation_ui_20260918_000717_15_15_cmpc,15,15,CMPC,15 · CMPC,ff437d173cf94bd173d62a3ee1c4dc9e,1,p1,1. Conservative,Deputy minister: Belarus is among global leaders in dairy and meat exports,success,0.218237,0.218237,0.218237,0.020357,0.383724,0.32483,0.129191,0.0,0.023624,0.023099,0.026887,0.020885
simulation_ui_20260918_000717_15_15_cmpc,15,15,CMPC,15 · CMPC,ff437d173cf94bd173d62a3ee1c4dc9e,2,p2,2. Conciliatory communicator,Deputy minister: Belarus is among global leaders in dairy and meat exports,success,0.140761,0.137284,0.355521,0.0,0.082514,0.32483,0.13839,0.0,0.025054,0.026606,0.025127,0.023428
simulation_ui_20260918_000717_15_15_cmpc,15,15,CMPC,15 · CMPC,ff437d173cf94bd173d62a3ee1c4dc9e,3,p3,3. Progressive,Deputy minister: Belarus is among global leaders in dairy and meat exports,success,0.178223,0.169731,0.525252,0.020357,0.418194,0.123214,0.138349,0.0,0.019364,0.0222,0.02465,0.011243
simulation_ui_20260918_000717_15_15_cmpc,15,15,CMPC,15 · CMPC,ff437d173cf94bd173d62a3ee1c4dc9e,4,p4,4. Conservative,Deputy minister: Belarus is among global leaders in dairy and meat exports,success,0.099769,0.128908,0.65416,0.020357,0.132417,0.073796,0.15184,0.0,0.028532,0.031286,0.033581,0.020729
simulation_ui_20260918_000717_16_16_cpmc,16,16,CPMC,16 · CPMC,03d15c304dd6358c32fe4fdcb841b43a,1,p1,1. Conservative,"APO INVESTOR DEADLINE APPROACHING: Faruqi & Faruqi, LLP Reminds Apollo Global Management (APO) Investors of Securities Class Action Deadline on May 1, 2026",success,0.185472,0.185472,0.185472,0.0,0.327372,0.0,0.410913,0.0,0.005524,0.006122,0.006551,0.0039
simulation_ui_20260918_000717_16_16_cpmc,16,16,CPMC,16 · CPMC,03d15c304dd6358c32fe4fdcb841b43a,2,p2,2. Progressive,"APO INVESTOR DEADLINE APPROACHING: Faruqi & Faruqi, LLP Reminds Apollo Global Management (APO) Investors of Securities Class Action Deadline on May 1, 2026",success,0.149382,0.072922,0.258394,0.0,0.23762,0.0,0.353651,0.0,0.009176,0.003764,0.020172,0.003591
simulation_ui_20260918_000717_16_16_cpmc,16,16,CPMC,16 · CPMC,03d15c304dd6358c32fe4fdcb841b43a,3,p3,3. Conciliatory communicator,"APO INVESTOR DEADLINE APPROACHING: Faruqi & Faruqi, LLP Reminds Apollo Global Management (APO) Investors of Securities Class Action Deadline on May 1, 2026",success,0.386326,0.337663,0.596057,1.0,0.254968,0.0,0.286411,0.0,0.007984,0.001457,0.017876,0.004619
simulation_ui_20260918_000717_16_16_cpmc,16,16,CPMC,16 · CPMC,03d15c304dd6358c32fe4fdcb841b43a,4,p4,4. Conservative,"APO INVESTOR DEADLINE APPROACHING: Faruqi & Faruqi, LLP Reminds Apollo Global Management (APO) Investors of Securities Class Action Deadline on May 1, 2026",success,0.420513,0.111056,0.707113,1.0,0.312398,0.0,0.367867,0.0,0.003852,0.003213,0.00707,0.001272
simulation_ui_20260918_000717_16_16_cpmc,16,16,CPMC,16 · CPMC,03d1d324c6615b5fbc7455135584ac57,1,p1,1. Conservative,Canadian Imperial Bank of Commerce (CM) To Go Ex-Dividend on March 27th,success,0.116454,0.116454,0.116454,0.0,0.265364,0.0,0.194587,0.0,0.008283,0.000358,0.019985,0.004507
simulation_ui_20260918_000717_16_16_cpmc,16,16,CPMC,16 · CPMC,03d1d324c6615b5fbc7455135584ac57,2,p2,2. Progressive,Canadian Imperial Bank of Commerce (CM) To Go Ex-Dividend on March 27th,success,0.153351,0.171734,0.288188,0.113853,0.220531,0.081983,0.191419,0.0,0.008283,0.000358,0.019985,0.004507
simulation_ui_20260918_000717_16_16_cpmc,16,16,CPMC,16 · CPMC,03d1d324c6615b5fbc7455135584ac57,3,p3,3. Conciliatory communicator,Canadian Imperial Bank of Commerce (CM) To Go Ex-Dividend on March 27th,success,0.122239,0.128204,0.416392,0.0,0.267184,0.0,0.215947,0.0,0.008283,0.000358,0.019985,0.004507
simulation_ui_20260918_000717_16_16_cpmc,16,16,CPMC,16 · CPMC,03d1d324c6615b5fbc7455135584ac57,4,p4,4. Conservative,Canadian Imperial Bank of Commerce (CM) To Go Ex-Dividend on March 27th,success,0.194969,0.159198,0.57559,0.0,0.265364,0.081983,0.430244,0.0,0.003548,0.00029,0.009625,0.000728
simulation_ui_20260918_000717_16_16_cpmc,16,16,CPMC,16 · CPMC,0883a2f27500aaeca578c2b397002506,1,p1,1. Conservative,'A crater': Pollster says Trump suffers 'objective measure' of 'failed presidency',success,0.177855,0.177855,0.177855,0.181252,0.116001,0.37408,0.032496,0.0,0.011517,0.016758,0.008833,0.008961
simulation_ui_20260918_000717_16_16_cpmc,16,16,CPMC,16 · CPMC,0883a2f27500aaeca578c2b397002506,2,p2,2. Progressive,'A crater': Pollster says Trump suffers 'objective measure' of 'failed presidency',success,0.168157,0.263601,0.441456,0.082184,0.12468,0.193945,0.266522,0.0,0.00795,0.003192,0.016801,0.003857
simulation_ui_20260918_000717_16_16_cpmc,16,16,CPMC,16 · CPMC,0883a2f27500aaeca578c2b397002506,3,p3,3. Conciliatory communicator,'A crater': Pollster says Trump suffers 'objective measure' of 'failed presidency',success,0.289165,0.283855,0.725311,0.288796,0.237397,0.29873,0.321364,0.0,0.018172,0.015866,0.026264,0.012387
simulation_ui_20260918_000717_16_16_cpmc,16,16,CPMC,16 · CPMC,0883a2f27500aaeca578c2b397002506,4,p4,4. Conservative,'A crater': Pollster says Trump suffers 'objective measure' of 'failed presidency',success,0.211106,0.340708,1.066019,0.315657,0.180728,0.088366,0.251591,0.0,0.012771,0.01237,0.02334,0.002602
simulation_ui_20260918_000717_16_16_cpmc,16,16,CPMC,16 · CPMC,0b30ae6eaf7bab834a4906766ba2ecb2,1,p1,1. Conservative,Britain introduces “plug-in” solar panels for homes to tackle the energy crisis caused by the war in Iran,success,0.284209,0.284209,0.284209,0.029462,0.311148,0.2,0.585694,0.0,0.018327,0.013172,0.035866,0.005942
simulation_ui_20260918_000717_16_16_cpmc,16,16,CPMC,16 · CPMC,0b30ae6eaf7bab834a4906766ba2ecb2,2,p2,2. Progressive,Britain introduces “plug-in” solar panels for homes to tackle the energy crisis caused by the war in Iran,success,0.203596,0.186809,0.471018,0.059243,0.249809,0.2,0.293367,0.0,0.018709,0.027876,0.027247,0.001003
simulation_ui_20260918_000717_16_16_cpmc,16,16,CPMC,16 · CPMC,0b30ae6eaf7bab834a4906766ba2ecb2,3,p3,3. Conciliatory communicator,Britain introduces “plug-in” solar panels for homes to tackle the energy crisis caused by the war in Iran,success,0.262682,0.153328,0.624346,0.048017,0.297307,0.2,0.481158,0.0,0.04077,0.071975,0.028638,0.021696
simulation_ui_20260918_000717_16_16_cpmc,16,16,CPMC,16 · CPMC,0b30ae6eaf7bab834a4906766ba2ecb2,4,p4,4. Conservative,Britain introduces “plug-in” solar panels for homes to tackle the energy crisis caused by the war in Iran,success,0.245712,0.132823,0.757169,0.0,0.278774,0.2,0.481158,0.0,0.037692,0.064407,0.027354,0.021315
simulation_ui_20260918_000717_16_16_cpmc,16,16,CPMC,16 · CPMC,0c84c580588b0f1f5c9070df32dfc5a6,1,p1,1. Conservative,"$1,000 ‘Dog Tax Credit’? Americans eye big payout — don’t miss this April date",success,0.289276,0.289276,0.289276,0.038629,0.295489,0.341704,0.467382,0.0,0.024328,0.032301,0.034235,0.006449
simulation_ui_20260918_000717_16_16_cpmc,16,16,CPMC,16 · CPMC,0c84c580588b0f1f5c9070df32dfc5a6,2,p2,2. Progressive,"$1,000 ‘Dog Tax Credit’? Americans eye big payout — don’t miss this April date",success,0.263204,0.183962,0.473238,0.050593,0.524005,0.0,0.46383,0.0,0.024289,0.021442,0.036866,0.014558
simulation_ui_20260918_000717_16_16_cpmc,16,16,CPMC,16 · CPMC,0c84c580588b0f1f5c9070df32dfc5a6,3,p3,3. Conciliatory communicator,"$1,000 ‘Dog Tax Credit’? Americans eye big payout — don’t miss this April date",success,0.262712,0.12472,0.597958,0.222036,0.388971,0.012555,0.409763,0.0,0.029531,0.038121,0.032758,0.017715
simulation_ui_20260918_000717_16_16_cpmc,16,16,CPMC,16 · CPMC,0c84c580588b0f1f5c9070df32dfc5a6,4,p4,4. Conservative,"$1,000 ‘Dog Tax Credit’? Americans eye big payout — don’t miss this April date",success,0.278162,0.19148,0.789438,0.054044,0.295489,0.341704,0.409763,0.0,0.020088,0.036119,0.018318,0.005826
simulation_ui_20260918_000717_16_16_cpmc,16,16,CPMC,16 · CPMC,0ccfe99f5612d8b22298e5942170415d,1,p1,1. Conservative,Cambria Tax Aware ETF (NASDAQ:TAX) Short Interest Down 67.0% in March,success,0.241395,0.241395,0.241395,0.031717,0.316638,0.197901,0.409517,0.0,0.016109,0.025207,0.017907,0.005213
simulation_ui_20260918_000717_16_16_cpmc,16,16,CPMC,16 · CPMC,0ccfe99f5612d8b22298e5942170415d,2,p2,2. Progressive,Cambria Tax Aware ETF (NASDAQ:TAX) Short Interest Down 67.0% in March,success,0.365086,0.311575,0.55297,0.048802,0.497547,0.465267,0.444842,0.0,0.00764,0.014383,0.007725,0.000812
simulation_ui_20260918_000717_16_16_cpmc,16,16,CPMC,16 · CPMC,0ccfe99f5612d8b22298e5942170415d,3,p3,3. Conciliatory communicator,Cambria Tax Aware ETF (NASDAQ:TAX) Short Interest Down 67.0% in March,success,0.217775,0.240545,0.793515,0.031717,0.308782,0.197901,0.327452,0.0,0.008375,0.015244,0.008725,0.001156
simulation_ui_20260918_000717_16_16_cpmc,16,16,CPMC,16 · CPMC,0ccfe99f5612d8b22298e5942170415d,4,p4,4. Conservative,Cambria Tax Aware ETF (NASDAQ:TAX) Short Interest Down 67.0% in March,success,0.120832,0.280844,1.074359,0.048802,0.206548,0.0,0.224638,0.0,0.004742,0.004548,0.006392,0.003286
simulation_ui_20260918_000717_16_16_cpmc,16,16,CPMC,16 · CPMC,11c9275c35fecd97efe0ba12a17b00da,1,p1,1. Conservative,CPA questions legal basis of GACL takeover of McDan Jet Terminal,success,0.242167,0.242167,0.242167,0.112535,0.315112,0.2,0.338441,0.0,0.004253,0.00202,0.005412,0.005326
simulation_ui_20260918_000717_16_16_cpmc,16,16,CPMC,16 · CPMC,11c9275c35fecd97efe0ba12a17b00da,2,p2,2. Progressive,CPA questions legal basis of GACL takeover of McDan Jet Terminal,success,0.253723,0.246464,0.488631,0.249,0.385116,0.2,0.176898,0.0,0.006485,0.003188,0.010866,0.005401
simulation_ui_20260918_000717_16_16_cpmc,16,16,CPMC,16 · CPMC,11c9275c35fecd97efe0ba12a17b00da,3,p3,3. Conciliatory communicator,CPA questions legal basis of GACL takeover of McDan Jet Terminal,success,0.208006,0.203969,0.6926,0.239829,0.589361,0.0,0.0,0.0,0.004466,0.006231,0.00136,0.005806
simulation_ui_20260918_000717_16_16_cpmc,16,16,CPMC,16 · CPMC,11c9275c35fecd97efe0ba12a17b00da,4,p4,4. Conservative,CPA questions legal basis of GACL takeover of McDan Jet Terminal,success,0.167314,0.085584,0.778184,0.112535,0.526128,0.0,0.027617,0.0,0.004466,0.006231,0.00136,0.005806
simulation_ui_20260918_000717_16_16_cpmc,16,16,CPMC,16 · CPMC,11fde5af588f2d6f6a0c145a6d089324,1,p1,1. Conservative,"BSNL Posts ₹5,000 Crore Profit After 18 Years, Scindia Signals ₹10,000 Crore Target & India Post IPO Plans",success,0.278412,0.278412,0.278412,0.353277,0.467161,0.25,0.040056,0.0,0.00546,0.004051,0.000371,0.011958
simulation_ui_20260918_000717_16_16_cpmc,16,16,CPMC,16 · CPMC,11fde5af588f2d6f6a0c145a6d089324,2,p2,2. Progressive,"BSNL Posts ₹5,000 Crore Profit After 18 Years, Scindia Signals ₹10,000 Crore Target & India Post IPO Plans",success,0.242564,0.131711,0.410123,0.375745,0.546025,0.0,0.046813,0.0,0.00276,0.001914,0.004387,0.001979
simulation_ui_20260918_000717_16_16_cpmc,16,16,CPMC,16 · CPMC,11fde5af588f2d6f6a0c145a6d089324,3,p3,3. Conciliatory communicator,"BSNL Posts ₹5,000 Crore Profit After 18 Years, Scindia Signals ₹10,000 Crore Target & India Post IPO Plans",success,0.273131,0.174672,0.584795,0.381013,0.390199,0.25,0.065827,0.0,0.009417,0.007256,0.014362,0.006633
simulation_ui_20260918_000717_16_16_cpmc,16,16,CPMC,16 · CPMC,11fde5af588f2d6f6a0c145a6d089324,4,p4,4. Conservative,"BSNL Posts ₹5,000 Crore Profit After 18 Years, Scindia Signals ₹10,000 Crore Target & India Post IPO Plans",success,0.183284,0.100121,0.684916,0.386379,0.297022,0.0,0.044668,0.0,0.007741,0.003471,0.017974,0.001778
simulation_ui_20260918_000717_16_16_cpmc,16,16,CPMC,16 · CPMC,17cd8c3587799d6f5551faf3e5895209,1,p1,1. Conservative,"Credit Union of Colorado Foundation invests $50,000 in community college scholarships",success,0.108748,0.108748,0.108748,0.006451,0.095208,0.333333,0.0,0.0,0.0,0.0,0.0,0.0
simulation_ui_20260918_000717_16_16_cpmc,16,16,CPMC,16 · CPMC,17cd8c3587799d6f5551faf3e5895209,2,p2,2. Progressive,"Credit Union of Colorado Foundation invests $50,000 in community college scholarships",success,0.177499,0.089838,0.198586,0.0,0.372087,0.333333,0.0,0.0,0.006946,0.008888,0.00118,0.01077
simulation_ui_20260918_000717_16_16_cpmc,16,16,CPMC,16 · CPMC,17cd8c3587799d6f5551faf3e5895209,3,p3,3. Conciliatory communicator,"Credit Union of Colorado Foundation invests $50,000 in community college scholarships",success,0.246212,0.306563,0.505149,0.136524,0.402889,0.0,0.440393,0.0,0.008348,0.002966,0.015606,0.006473
simulation_ui_20260918_000717_16_16_cpmc,16,16,CPMC,16 · CPMC,17cd8c3587799d6f5551faf3e5895209,4,p4,4. Conservative,"Credit Union of Colorado Foundation invests $50,000 in community college scholarships",success,0.200213,0.256692,0.761841,0.136524,0.224125,0.333333,0.079179,0.0,0.042909,0.050146,0.041246,0.037334
simulation_ui_20260918_000717_16_16_cpmc,16,16,CPMC,16 · CPMC,1e83ba34429a85f3fbafdb5671e23f1d,1,p1,1. Conservative,Delhi PWD Accelerates PNG Pipeline Laying with 24-Hour Approvals,success,0.218604,0.218604,0.218604,0.071609,0.202042,0.25,0.341679,0.0,0.014494,0.020009,0.009309,0.014163
simulation_ui_20260918_000717_16_16_cpmc,16,16,CPMC,16 · CPMC,1e83ba34429a85f3fbafdb5671e23f1d,2,p2,2. Progressive,Delhi PWD Accelerates PNG Pipeline Laying with 24-Hour Approvals,success,0.217513,0.174478,0.393082,0.0,0.351327,0.25,0.262276,0.0,0.010278,0.018903,0.007322,0.00461
simulation_ui_20260918_000717_16_16_cpmc,16,16,CPMC,16 · CPMC,1e83ba34429a85f3fbafdb5671e23f1d,3,p3,3. Conciliatory communicator,Delhi PWD Accelerates PNG Pipeline Laying with 24-Hour Approvals,success,0.140071,0.214865,0.607947,0.074352,0.20855,0.0,0.273474,0.0,0.005677,0.001753,0.006142,0.009137
simulation_ui_20260918_000717_16_16_cpmc,16,16,CPMC,16 · CPMC,1e83ba34429a85f3fbafdb5671e23f1d,4,p4,4. Conservative,Delhi PWD Accelerates PNG Pipeline Laying with 24-Hour Approvals,success,0.189261,0.132573,0.74052,0.143552,0.323305,0.0,0.284486,0.0,0.008775,0.012182,0.003072,0.011072
simulation_ui_20260918_000717_16_16_cpmc,16,16,CPMC,16 · CPMC,1eb77463838b3d1f2ea74f8bfa272767,1,p1,1. Conservative,Afghanistan urges regional water cooperation at Tashkent Forum,success,0.197647,0.197647,0.197647,0.114997,0.396157,0.233205,0.038732,0.0,0.011651,0.005977,0.010903,0.018072
simulation_ui_20260918_000717_16_16_cpmc,16,16,CPMC,16 · CPMC,1eb77463838b3d1f2ea74f8bfa272767,2,p2,2. Progressive,Afghanistan urges regional water cooperation at Tashkent Forum,success,0.173629,0.143218,0.340865,0.114997,0.312337,0.2,0.060075,0.0,0.010727,0.008999,0.009618,0.013563
simulation_ui_20260918_000717_16_16_cpmc,16,16,CPMC,16 · CPMC,1eb77463838b3d1f2ea74f8bfa272767,3,p3,3. Conciliatory communicator,Afghanistan urges regional water cooperation at Tashkent Forum,success,0.41391,0.329994,0.670859,1.0,0.396157,0.200641,0.055852,0.0,0.00637,0.005155,0.003003,0.010953
simulation_ui_20260918_000717_16_16_cpmc,16,16,CPMC,16 · CPMC,1eb77463838b3d1f2ea74f8bfa272767,4,p4,4. Conservative,Afghanistan urges regional water cooperation at Tashkent Forum,success,0.262175,0.360085,1.030944,0.114433,0.356288,0.200641,0.375791,0.0,0.002617,0.001487,0.002095,0.00427
simulation_ui_20260918_000717_16_16_cpmc,16,16,CPMC,16 · CPMC,20df5253ec5e5a2623c8823c2b38083b,1,p1,1. Conservative,Contango ORE (NYSEAMERICAN:CTGO) Now Covered by Analysts at Canaccord Genuity Group,success,0.204628,0.204628,0.204628,0.088666,0.336782,0.0,0.380206,0.0,0.020124,0.026955,0.01615,0.017267
simulation_ui_20260918_000717_16_16_cpmc,16,16,CPMC,16 · CPMC,20df5253ec5e5a2623c8823c2b38083b,2,p2,2. Progressive,Contango ORE (NYSEAMERICAN:CTGO) Now Covered by Analysts at Canaccord Genuity Group,success,0.313779,0.140713,0.345341,0.088666,0.421394,0.333333,0.403718,0.0,0.014538,0.025937,0.003386,0.014292
simulation_ui_20260918_000717_16_16_cpmc,16,16,CPMC,16 · CPMC,20df5253ec5e5a2623c8823c2b38083b,3,p3,3. Conciliatory communicator,Contango ORE (NYSEAMERICAN:CTGO) Now Covered by Analysts at Canaccord Genuity Group,success,0.346555,0.104482,0.449823,0.088666,0.551578,0.333333,0.403718,0.0,0.017012,0.03133,0.007415,0.012292
simulation_ui_20260918_000717_16_16_cpmc,16,16,CPMC,16 · CPMC,20df5253ec5e5a2623c8823c2b38083b,4,p4,4. Conservative,Contango ORE (NYSEAMERICAN:CTGO) Now Covered by Analysts at Canaccord Genuity Group,success,0.28227,0.156066,0.605889,0.041766,0.343948,0.333333,0.403718,0.0,0.010977,0.009877,0.00176,0.021295
simulation_ui_20260918_000717_16_16_cpmc,16,16,CPMC,16 · CPMC,285f86ba6e2a489c2d4a3ab84f18a6a4,1,p1,1. Conservative,Company Banned from Marketing Business Opportunities to Settle FTC Charges it Misled Consumers About Earnings Potential,success,0.170597,0.170597,0.170597,0.059027,0.089098,0.166667,0.361145,0.0,0.009702,0.015936,0.012919,0.000251
simulation_ui_20260918_000717_16_16_cpmc,16,16,CPMC,16 · CPMC,285f86ba6e2a489c2d4a3ab84f18a6a4,2,p2,2. Progressive,Company Banned from Marketing Business Opportunities to Settle FTC Charges it Misled Consumers About Earnings Potential,success,0.425747,0.441422,0.612019,1.0,0.303904,0.0,0.391368,0.0,0.016739,0.021161,0.01704,0.012016
simulation_ui_20260918_000717_16_16_cpmc,16,16,CPMC,16 · CPMC,285f86ba6e2a489c2d4a3ab84f18a6a4,3,p3,3. Conciliatory communicator,Company Banned from Marketing Business Opportunities to Settle FTC Charges it Misled Consumers About Earnings Potential,success,0.358505,0.248071,0.86009,1.0,0.172419,0.0,0.252377,0.0,0.017906,0.019306,0.020504,0.013908
simulation_ui_20260918_000717_16_16_cpmc,16,16,CPMC,16 · CPMC,285f86ba6e2a489c2d4a3ab84f18a6a4,4,p4,4. Conservative,Company Banned from Marketing Business Opportunities to Settle FTC Charges it Misled Consumers About Earnings Potential,success,0.395837,0.197808,1.057898,1.0,0.073784,0.141006,0.363777,0.0,0.009876,0.01455,0.011124,0.003954
simulation_ui_20260918_000717_16_16_cpmc,16,16,CPMC,16 · CPMC,3343849e4bfdca882e24cd916fa75ec6,1,p1,1. Conservative,ASMALLWORLD Introduces New Marriott Bonvoy® Benefit for Members,success,0.110284,0.110284,0.110284,0.045587,0.0,0.25,0.137952,0.0,0.010652,0.002133,0.01552,0.014303
simulation_ui_20260918_000717_16_16_cpmc,16,16,CPMC,16 · CPMC,3343849e4bfdca882e24cd916fa75ec6,2,p2,2. Progressive,ASMALLWORLD Introduces New Marriott Bonvoy® Benefit for Members,success,0.238377,0.218936,0.32922,0.016775,0.196219,0.281216,0.452484,0.0,0.01116,0.002207,0.019603,0.01167
simulation_ui_20260918_000717_16_16_cpmc,16,16,CPMC,16 · CPMC,3343849e4bfdca882e24cd916fa75ec6,3,p3,3. Conciliatory communicator,ASMALLWORLD Introduces New Marriott Bonvoy® Benefit for Members,success,0.11576,0.268562,0.597782,0.067666,0.026518,0.333333,0.029286,0.0,0.008804,0.003269,0.016055,0.007087
simulation_ui_20260918_000717_16_16_cpmc,16,16,CPMC,16 · CPMC,3343849e4bfdca882e24cd916fa75ec6,4,p4,4. Conservative,ASMALLWORLD Introduces New Marriott Bonvoy® Benefit for Members,success,0.14745,0.168425,0.766207,0.019165,0.199576,0.281216,0.077412,0.0,0.018159,0.009171,0.030102,0.015203
simulation_ui_20260918_000717_16_16_cpmc,16,16,CPMC,16 · CPMC,3e908966e0393a684386f1e186c5c6e3,1,p1,1. Conservative,CAAS defers sustainable aviation fuel levy,success,0.17934,0.17934,0.17934,0.1366,0.079824,0.240361,0.249715,0.0,0.016484,0.007206,0.016147,0.026098
simulation_ui_20260918_000717_16_16_cpmc,16,16,CPMC,16 · CPMC,3e908966e0393a684386f1e186c5c6e3,2,p2,2. Progressive,CAAS defers sustainable aviation fuel levy,success,0.156922,0.246,0.42534,0.1027,0.25,0.0,0.265444,0.0,0.014111,0.003056,0.012897,0.026379
simulation_ui_20260918_000717_16_16_cpmc,16,16,CPMC,16 · CPMC,3e908966e0393a684386f1e186c5c6e3,3,p3,3. Conciliatory communicator,CAAS defers sustainable aviation fuel levy,success,0.177253,0.032561,0.457901,0.1027,0.312419,0.0,0.28436,0.0,0.01444,0.005575,0.016309,0.021437
simulation_ui_20260918_000717_16_16_cpmc,16,16,CPMC,16 · CPMC,3e908966e0393a684386f1e186c5c6e3,4,p4,4. Conservative,CAAS defers sustainable aviation fuel levy,success,0.168996,0.053195,0.511096,0.01936,0.366578,0.0,0.281724,0.0,0.012488,0.004514,0.0143,0.01865
simulation_ui_20260918_000717_16_16_cpmc,16,16,CPMC,16 · CPMC,4284601d27a88508e23bb7ecf1e26740,1,p1,1. Conservative,Blackbaud Opens Registration for bbcon 2026 to Rally Social Impact Sector Around AI Innovation,success,0.382897,0.382897,0.382897,1.0,0.100621,0.25,0.176065,0.0,0.00991,0.007474,0.01051,0.011745
simulation_ui_20260918_000717_16_16_cpmc,16,16,CPMC,16 · CPMC,4284601d27a88508e23bb7ecf1e26740,2,p2,2. Progressive,Blackbaud Opens Registration for bbcon 2026 to Rally Social Impact Sector Around AI Innovation,success,0.36227,0.05813,0.441027,1.0,0.0,0.25,0.195702,0.0,0.006613,0.00273,0.011261,0.005849
simulation_ui_20260918_000717_16_16_cpmc,16,16,CPMC,16 · CPMC,4284601d27a88508e23bb7ecf1e26740,3,p3,3. Conciliatory communicator,Blackbaud Opens Registration for bbcon 2026 to Rally Social Impact Sector Around AI Innovation,success,0.378168,0.166873,0.6079,1.0,0.106298,0.0,0.402221,0.0,0.008335,0.012038,0.004021,0.008947
simulation_ui_20260918_000717_16_16_cpmc,16,16,CPMC,16 · CPMC,4284601d27a88508e23bb7ecf1e26740,4,p4,4. Conservative,Blackbaud Opens Registration for bbcon 2026 to Rally Social Impact Sector Around AI Innovation,success,0.325725,0.184552,0.792452,1.0,0.100621,0.0,0.198286,0.0,0.00739,0.00049,0.016519,0.00516
simulation_ui_20260918_000717_16_16_cpmc,16,16,CPMC,16 · CPMC,43b305aebbf654fd9464eb6d39cf900b,1,p1,1. Conservative,CS Atal Dulloo Reviews Progress Of Tawi Artificial Lake And Riverfront Development Projects,success,0.200825,0.200825,0.200825,0.00966,0.294872,0.0,0.494343,0.0,0.006911,0.003659,0.008925,0.00815
simulation_ui_20260918_000717_16_16_cpmc,16,16,CPMC,16 · CPMC,43b305aebbf654fd9464eb6d39cf900b,2,p2,2. Progressive,CS Atal Dulloo Reviews Progress Of Tawi Artificial Lake And Riverfront Development Projects,success,0.236785,0.111119,0.311944,0.00966,0.212643,0.224998,0.49435,0.0,0.008971,0.007172,0.006784,0.012958
simulation_ui_20260918_000717_16_16_cpmc,16,16,CPMC,16 · CPMC,43b305aebbf654fd9464eb6d39cf900b,3,p3,3. Conciliatory communicator,CS Atal Dulloo Reviews Progress Of Tawi Artificial Lake And Riverfront Development Projects,success,0.229474,0.08464,0.396584,0.00966,0.182775,0.224998,0.49435,0.0,0.009896,0.009094,0.011837,0.008758
simulation_ui_20260918_000717_16_16_cpmc,16,16,CPMC,16 · CPMC,43b305aebbf654fd9464eb6d39cf900b,4,p4,4. Conservative,CS Atal Dulloo Reviews Progress Of Tawi Artificial Lake And Riverfront Development Projects,success,0.164137,0.136994,0.533578,0.005522,0.148759,0.0,0.4965,0.0,0.008609,0.00702,0.009167,0.009641
simulation_ui_20260918_000717_16_16_cpmc,16,16,CPMC,16 · CPMC,43d218dc30bd89b0c4da158243e74603,1,p1,1. Conservative,Amesite Executes Trading Partner Agreement Enabling Secure Connectivity with Leading Homecare Technology Platform,success,0.11457,0.11457,0.11457,0.089016,0.297744,0.0,0.053125,0.0,0.025836,0.046977,0.021732,0.008798
simulation_ui_20260918_000717_16_16_cpmc,16,16,CPMC,16 · CPMC,43d218dc30bd89b0c4da158243e74603,2,p2,2. Progressive,Amesite Executes Trading Partner Agreement Enabling Secure Connectivity with Leading Homecare Technology Platform,success,0.233905,0.186047,0.300617,0.089016,0.281472,0.5,0.053125,0.0,0.019516,0.040463,0.013925,0.00416
simulation_ui_20260918_000717_16_16_cpmc,16,16,CPMC,16 · CPMC,43d218dc30bd89b0c4da158243e74603,3,p3,3. Conciliatory communicator,Amesite Executes Trading Partner Agreement Enabling Secure Connectivity with Leading Homecare Technology Platform,success,0.283239,0.057681,0.358298,0.089884,0.281472,0.5,0.25204,0.0,0.016614,0.044033,0.003603,0.002206
simulation_ui_20260918_000717_16_16_cpmc,16,16,CPMC,16 · CPMC,43d218dc30bd89b0c4da158243e74603,4,p4,4. Conservative,Amesite Executes Trading Partner Agreement Enabling Secure Connectivity with Leading Homecare Technology Platform,success,0.247647,0.143725,0.502023,0.073542,0.356035,0.5,0.053125,0.0,0.013065,0.033052,0.000712,0.005431
simulation_ui_20260918_000717_16_16_cpmc,16,16,CPMC,16 · CPMC,45a67f6f54cd92c32163be9459300052,1,p1,1. Conservative,"Bitcoin Miners, Now AI Compute Leaders, Face Profitability Concerns",success,0.224657,0.224657,0.224657,0.010147,0.363564,0.333333,0.178629,0.0,0.020802,0.038958,0.01145,0.011998
simulation_ui_20260918_000717_16_16_cpmc,16,16,CPMC,16 · CPMC,45a67f6f54cd92c32163be9459300052,2,p2,2. Progressive,"Bitcoin Miners, Now AI Compute Leaders, Face Profitability Concerns",success,0.347796,0.270463,0.49512,0.070025,0.556252,0.333333,0.416185,0.0,0.02932,0.052818,0.023453,0.01169
simulation_ui_20260918_000717_16_16_cpmc,16,16,CPMC,16 · CPMC,45a67f6f54cd92c32163be9459300052,3,p3,3. Conciliatory communicator,"Bitcoin Miners, Now AI Compute Leaders, Face Profitability Concerns",success,0.292591,0.15341,0.64853,0.003249,0.392123,0.333333,0.425371,0.0,0.028617,0.056151,0.011587,0.018114
simulation_ui_20260918_000717_16_16_cpmc,16,16,CPMC,16 · CPMC,45a67f6f54cd92c32163be9459300052,4,p4,4. Conservative,"Bitcoin Miners, Now AI Compute Leaders, Face Profitability Concerns",success,0.326129,0.147972,0.796502,0.012696,0.515279,0.333333,0.427376,0.0,0.029193,0.049645,0.03099,0.006943
simulation_ui_20260918_000717_16_16_cpmc,16,16,CPMC,16 · CPMC,48375acfba2ffc7f64822005eaab01e9,1,p1,1. Conservative,"Capitan Silver Commences Trading on the OTCQX Market Under Symbol ""CAPTF""",success,0.110599,0.110599,0.110599,0.17965,0.0,0.25,0.0,0.0,0.017848,0.037168,0.010505,0.00587
simulation_ui_20260918_000717_16_16_cpmc,16,16,CPMC,16 · CPMC,48375acfba2ffc7f64822005eaab01e9,2,p2,2. Progressive,"Capitan Silver Commences Trading on the OTCQX Market Under Symbol ""CAPTF""",success,0.157326,0.205029,0.315628,0.11333,0.500708,0.0,0.002629,0.0,0.018674,0.0352,0.014034,0.006787
simulation_ui_20260918_000717_16_16_cpmc,16,16,CPMC,16 · CPMC,48375acfba2ffc7f64822005eaab01e9,3,p3,3. Conciliatory communicator,"Capitan Silver Commences Trading on the OTCQX Market Under Symbol ""CAPTF""",success,0.213435,0.163488,0.479116,0.137321,0.636123,0.0,0.068429,0.0,0.01879,0.048792,0.002665,0.004914
simulation_ui_20260918_000717_16_16_cpmc,16,16,CPMC,16 · CPMC,48375acfba2ffc7f64822005eaab01e9,4,p4,4. Conservative,"Capitan Silver Commences Trading on the OTCQX Market Under Symbol ""CAPTF""",success,0.181802,0.142376,0.621492,0.137321,0.570097,0.0,0.005244,0.0,0.022127,0.052884,0.005437,0.008059
simulation_ui_20260918_000717_16_16_cpmc,16,16,CPMC,16 · CPMC,4980763ccff9b986f6829df1e9489341,1,p1,1. Conservative,Cabana Target Drawdown 7 ETF (NASDAQ:TDSB) Short Interest Down 96.6% in March,success,0.328737,0.328737,0.328737,0.012326,0.418245,0.42645,0.441952,0.0,0.029571,0.049792,0.008514,0.030406
simulation_ui_20260918_000717_16_16_cpmc,16,16,CPMC,16 · CPMC,4980763ccff9b986f6829df1e9489341,2,p2,2. Progressive,Cabana Target Drawdown 7 ETF (NASDAQ:TDSB) Short Interest Down 96.6% in March,success,0.378286,0.217925,0.546662,0.004134,0.514651,0.42645,0.55774,0.0,0.020364,0.041529,0.012678,0.006885
simulation_ui_20260918_000717_16_16_cpmc,16,16,CPMC,16 · CPMC,4980763ccff9b986f6829df1e9489341,3,p3,3. Conciliatory communicator,Cabana Target Drawdown 7 ETF (NASDAQ:TDSB) Short Interest Down 96.6% in March,success,0.408144,0.134942,0.681604,0.012326,0.731844,0.333333,0.549397,0.0,0.01196,0.013473,0.012426,0.009982
simulation_ui_20260918_000717_16_16_cpmc,16,16,CPMC,16 · CPMC,4980763ccff9b986f6829df1e9489341,4,p4,4. Conservative,Cabana Target Drawdown 7 ETF (NASDAQ:TDSB) Short Interest Down 96.6% in March,success,0.338693,0.221678,0.903282,0.004134,0.443753,0.333333,0.563268,0.0,0.019364,0.018061,0.034934,0.005097
simulation_ui_20260918_000717_16_16_cpmc,16,16,CPMC,16 · CPMC,4ac6395408a9caf70c7d2ffc4ca362c7,1,p1,1. Conservative,Continuing Unemployment Claims Dip to Nearly 2-Year Low,success,0.134501,0.134501,0.134501,0.076608,0.151959,0.144321,0.154666,0.0,0.015047,0.013136,0.016873,0.015131
simulation_ui_20260918_000717_16_16_cpmc,16,16,CPMC,16 · CPMC,4ac6395408a9caf70c7d2ffc4ca362c7,2,p2,2. Progressive,Continuing Unemployment Claims Dip to Nearly 2-Year Low,success,0.280351,0.308724,0.443225,0.43478,0.331504,0.120049,0.226079,0.0,0.015572,0.04175,0.000201,0.004764
simulation_ui_20260918_000717_16_16_cpmc,16,16,CPMC,16 · CPMC,4ac6395408a9caf70c7d2ffc4ca362c7,3,p3,3. Conciliatory communicator,Continuing Unemployment Claims Dip to Nearly 2-Year Low,success,0.276993,0.01826,0.461485,0.43478,0.331504,0.099705,0.228798,0.0,0.022693,0.058803,0.00493,0.004346
simulation_ui_20260918_000717_16_16_cpmc,16,16,CPMC,16 · CPMC,4ac6395408a9caf70c7d2ffc4ca362c7,4,p4,4. Conservative,Continuing Unemployment Claims Dip to Nearly 2-Year Low,success,0.261908,0.198368,0.659853,0.157893,0.399592,0.099705,0.374043,0.0,0.027618,0.042933,0.020437,0.019485
simulation_ui_20260918_000717_16_16_cpmc,16,16,CPMC,16 · CPMC,59a0fb71f66cefb61fc91c97affb1dbe,1,p1,1. Conservative,"Bank of Montreal targets 15% return on equity on wealth, US businesses growth",success,0.096,0.096,0.096,0.057174,0.214511,0.0,0.08717,0.0,0.034528,0.063537,0.00883,0.031216
simulation_ui_20260918_000717_16_16_cpmc,16,16,CPMC,16 · CPMC,59a0fb71f66cefb61fc91c97affb1dbe,2,p2,2. Progressive,"Bank of Montreal targets 15% return on equity on wealth, US businesses growth",success,0.248017,0.246358,0.342358,0.119574,0.468886,0.0,0.382889,0.0,0.034208,0.06674,0.013967,0.021918
simulation_ui_20260918_000717_16_16_cpmc,16,16,CPMC,16 · CPMC,59a0fb71f66cefb61fc91c97affb1dbe,3,p3,3. Conciliatory communicator,"Bank of Montreal targets 15% return on equity on wealth, US businesses growth",success,0.233731,0.159439,0.501797,0.186136,0.348161,0.003711,0.386056,0.0,0.017654,0.016369,0.006809,0.029785
simulation_ui_20260918_000717_16_16_cpmc,16,16,CPMC,16 · CPMC,59a0fb71f66cefb61fc91c97affb1dbe,4,p4,4. Conservative,"Bank of Montreal targets 15% return on equity on wealth, US businesses growth",success,0.247207,0.184195,0.685992,0.114576,0.471209,0.003711,0.3757,0.0,0.038932,0.079041,0.019191,0.018564
simulation_ui_20260918_000717_16_16_cpmc,16,16,CPMC,16 · CPMC,6282ee092c7147c978409e71f0096515,1,p1,1. Conservative,Backdoor bet. How federal regulators are sidestepping Alabama: op-ed,success,0.160485,0.160485,0.160485,0.188924,0.226871,0.079247,0.140541,0.0,0.009448,0.012843,0.013026,0.002476
simulation_ui_20260918_000717_16_16_cpmc,16,16,CPMC,16 · CPMC,6282ee092c7147c978409e71f0096515,2,p2,2. Progressive,Backdoor bet. How federal regulators are sidestepping Alabama: op-ed,success,0.237395,0.161499,0.321984,0.191713,0.355348,0.079247,0.30769,0.0,0.02541,0.047997,0.012926,0.015306
simulation_ui_20260918_000717_16_16_cpmc,16,16,CPMC,16 · CPMC,6282ee092c7147c978409e71f0096515,3,p3,3. Conciliatory communicator,Backdoor bet. How federal regulators are sidestepping Alabama: op-ed,success,0.275483,0.258652,0.580636,0.312379,0.429879,0.309435,0.043765,0.0,0.011148,0.017633,0.009123,0.006688
simulation_ui_20260918_000717_16_16_cpmc,16,16,CPMC,16 · CPMC,6282ee092c7147c978409e71f0096515,4,p4,4. Conservative,Backdoor bet. How federal regulators are sidestepping Alabama: op-ed,success,0.20432,0.295834,0.87647,0.026996,0.295438,0.291711,0.182758,0.0,0.031806,0.047652,0.031681,0.016084
simulation_ui_20260918_000717_16_16_cpmc,16,16,CPMC,16 · CPMC,6296ce617808e446ef3e272b65cb5b46,1,p1,1. Conservative,Apple Adds New Partners to Expand Its U.S. Supply Chain,success,0.006636,0.006636,0.006636,0.0,0.0,0.0,0.022483,0.0,0.005106,0.009672,0.00425,0.001395
simulation_ui_20260918_000717_16_16_cpmc,16,16,CPMC,16 · CPMC,6296ce617808e446ef3e272b65cb5b46,2,p2,2. Progressive,Apple Adds New Partners to Expand Its U.S. Supply Chain,success,0.02615,0.023026,0.029662,0.0,0.027747,0.0,0.074031,0.0,0.003621,0.005889,0.003032,0.001943
simulation_ui_20260918_000717_16_16_cpmc,16,16,CPMC,16 · CPMC,6296ce617808e446ef3e272b65cb5b46,3,p3,3. Conciliatory communicator,Apple Adds New Partners to Expand Its U.S. Supply Chain,success,0.025012,0.0132,0.042862,0.0,0.0,0.0,0.074031,0.0,0.033135,0.021868,0.017385,0.060152
simulation_ui_20260918_000717_16_16_cpmc,16,16,CPMC,16 · CPMC,6296ce617808e446ef3e272b65cb5b46,4,p4,4. Conservative,Apple Adds New Partners to Expand Its U.S. Supply Chain,success,0.067326,0.060224,0.103086,0.0,0.121001,0.0,0.130793,0.0,0.02336,0.010058,0.007687,0.052335
simulation_ui_20260918_000717_16_16_cpmc,16,16,CPMC,16 · CPMC,64aefc05d7d6e883d857202942daa279,1,p1,1. Conservative,Competition Commission clears merger of Udemy with Coursera's arm,success,0.093362,0.093362,0.093362,0.026533,0.0,0.333333,0.006801,0.0,0.00933,0.00718,0.017457,0.003353
simulation_ui_20260918_000717_16_16_cpmc,16,16,CPMC,16 · CPMC,64aefc05d7d6e883d857202942daa279,2,p2,2. Progressive,Competition Commission clears merger of Udemy with Coursera's arm,success,0.219739,0.143288,0.23665,0.0,0.500723,0.333333,0.040671,0.0,0.006765,0.008964,0.007388,0.003942
simulation_ui_20260918_000717_16_16_cpmc,16,16,CPMC,16 · CPMC,64aefc05d7d6e883d857202942daa279,3,p3,3. Conciliatory communicator,Competition Commission clears merger of Udemy with Coursera's arm,success,0.170265,0.209916,0.446566,0.104371,0.528957,0.0,0.041761,0.0,0.008981,0.003373,0.020059,0.003511
simulation_ui_20260918_000717_16_16_cpmc,16,16,CPMC,16 · CPMC,64aefc05d7d6e883d857202942daa279,4,p4,4. Conservative,Competition Commission clears merger of Udemy with Coursera's arm,success,0.109775,0.139041,0.585607,0.104371,0.282145,0.0,0.044132,0.0,0.01184,0.005935,0.026178,0.003406
simulation_ui_20260918_000717_16_16_cpmc,16,16,CPMC,16 · CPMC,675d6df42ab1fa2c25fcb6c96a0801ba,1,p1,1. Conservative,"Cohen & Steers Infrastructure Fund, Inc (NYSE:UTF) Plans $0.17 Monthly Dividend",success,0.18568,0.18568,0.18568,0.0,0.402385,0.0,0.334476,0.0,0.008977,0.004618,0.017471,0.004842
simulation_ui_20260918_000717_16_16_cpmc,16,16,CPMC,16 · CPMC,675d6df42ab1fa2c25fcb6c96a0801ba,2,p2,2. Progressive,"Cohen & Steers Infrastructure Fund, Inc (NYSE:UTF) Plans $0.17 Monthly Dividend",success,0.211862,0.244627,0.430307,0.039473,0.386825,0.106612,0.303757,0.0,0.017038,0.005768,0.030566,0.014779
simulation_ui_20260918_000717_16_16_cpmc,16,16,CPMC,16 · CPMC,675d6df42ab1fa2c25fcb6c96a0801ba,3,p3,3. Conciliatory communicator,"Cohen & Steers Infrastructure Fund, Inc (NYSE:UTF) Plans $0.17 Monthly Dividend",success,0.197929,0.032624,0.462931,0.002148,0.374404,0.106612,0.298948,0.0,0.014923,0.003899,0.031255,0.009614
simulation_ui_20260918_000717_16_16_cpmc,16,16,CPMC,16 · CPMC,675d6df42ab1fa2c25fcb6c96a0801ba,4,p4,4. Conservative,"Cohen & Steers Infrastructure Fund, Inc (NYSE:UTF) Plans $0.17 Monthly Dividend",success,0.220993,0.170583,0.633514,0.066204,0.386825,0.333333,0.09101,0.0,0.010566,0.004019,0.022768,0.00491
simulation_ui_20260918_000717_16_16_cpmc,16,16,CPMC,16 · CPMC,73939fe081f6d0ef3ed498b2dd7f4039,1,p1,1. Conservative,Coastal Electric plans rate increase,success,0.1899,0.1899,0.1899,0.0,0.229376,0.5,0.016714,0.0,0.020762,0.005968,0.034569,0.021748
simulation_ui_20260918_000717_16_16_cpmc,16,16,CPMC,16 · CPMC,73939fe081f6d0ef3ed498b2dd7f4039,2,p2,2. Progressive,Coastal Electric plans rate increase,success,0.32303,0.238234,0.428134,0.056165,0.184817,0.666667,0.371895,0.0,0.023116,0.032609,0.01656,0.02018
simulation_ui_20260918_000717_16_16_cpmc,16,16,CPMC,16 · CPMC,73939fe081f6d0ef3ed498b2dd7f4039,3,p3,3. Conciliatory communicator,Coastal Electric plans rate increase,success,0.319278,0.239372,0.667506,0.058426,0.331043,0.5,0.372753,0.0,0.027191,0.018205,0.040568,0.0228
simulation_ui_20260918_000717_16_16_cpmc,16,16,CPMC,16 · CPMC,73939fe081f6d0ef3ed498b2dd7f4039,4,p4,4. Conservative,Coastal Electric plans rate increase,success,0.331923,0.175732,0.843238,0.010853,0.241234,0.5,0.565078,0.0,0.019616,0.005719,0.037985,0.015143
simulation_ui_20260918_000717_16_16_cpmc,16,16,CPMC,16 · CPMC,764d938e82fccdeec46aa43984936af9,1,p1,1. Conservative,Centre Highlights Border Infrastructure Push Through BADP and Vibrant Villages Programmes,success,0.378055,0.378055,0.378055,0.14581,0.098778,0.602009,0.660495,0.0,0.010284,0.009152,0.017034,0.004666
simulation_ui_20260918_000717_16_16_cpmc,16,16,CPMC,16 · CPMC,764d938e82fccdeec46aa43984936af9,2,p2,2. Progressive,Centre Highlights Border Infrastructure Push Through BADP and Vibrant Villages Programmes,success,0.464835,0.25103,0.629085,0.261962,0.434238,0.507379,0.650944,0.0,0.011224,0.003079,0.026623,0.003969
simulation_ui_20260918_000717_16_16_cpmc,16,16,CPMC,16 · CPMC,764d938e82fccdeec46aa43984936af9,3,p3,3. Conciliatory communicator,Centre Highlights Border Infrastructure Push Through BADP and Vibrant Villages Programmes,success,0.442462,0.14379,0.772875,0.261962,0.221949,0.624157,0.650756,0.0,0.02459,0.013554,0.041288,0.018928
simulation_ui_20260918_000717_16_16_cpmc,16,16,CPMC,16 · CPMC,764d938e82fccdeec46aa43984936af9,4,p4,4. Conservative,Centre Highlights Border Infrastructure Push Through BADP and Vibrant Villages Programmes,success,0.406042,0.166112,0.938987,0.20858,0.26571,0.619162,0.526207,0.0,0.009473,0.007235,0.013196,0.007989
simulation_ui_20260918_000717_16_16_cpmc,16,16,CPMC,16 · CPMC,80a390c3c68815dadd42b1ea065fd1af,1,p1,1. Conservative,Contract OK’d to extend sidewalk repairs,success,0.185978,0.185978,0.185978,0.254227,0.184512,0.0,0.30237,0.0,0.0043,0.006238,0.002887,0.003774
simulation_ui_20260918_000717_16_16_cpmc,16,16,CPMC,16 · CPMC,80a390c3c68815dadd42b1ea065fd1af,2,p2,2. Progressive,Contract OK’d to extend sidewalk repairs,success,0.304978,0.35948,0.545458,0.104674,0.606411,0.007969,0.496765,0.0,0.007349,0.014214,0.004971,0.002862
simulation_ui_20260918_000717_16_16_cpmc,16,16,CPMC,16 · CPMC,80a390c3c68815dadd42b1ea065fd1af,3,p3,3. Conciliatory communicator,Contract OK’d to extend sidewalk repairs,success,0.383243,0.245819,0.791277,0.158944,0.625518,0.289869,0.449861,0.0,0.017728,0.018484,0.023418,0.011283
simulation_ui_20260918_000717_16_16_cpmc,16,16,CPMC,16 · CPMC,80a390c3c68815dadd42b1ea065fd1af,4,p4,4. Conservative,Contract OK’d to extend sidewalk repairs,success,0.343267,0.213286,1.004563,0.108002,0.700596,0.312711,0.239942,0.0,0.022394,0.024847,0.028068,0.014266
simulation_ui_20260918_000717_16_16_cpmc,16,16,CPMC,16 · CPMC,80e1561246e5483a76211bd892a06bcb,1,p1,1. Conservative,Aldi inches closer to being hit with unprecedented $15 policy at all locations in the state,success,0.175396,0.175396,0.175396,0.198309,0.209148,0.0,0.284597,0.0,0.014403,0.024717,0.016471,0.002021
simulation_ui_20260918_000717_16_16_cpmc,16,16,CPMC,16 · CPMC,80e1561246e5483a76211bd892a06bcb,2,p2,2. Progressive,Aldi inches closer to being hit with unprecedented $15 policy at all locations in the state,success,0.208726,0.296393,0.471789,0.080081,0.324997,0.110352,0.314292,0.0,0.00817,0.009115,0.005336,0.01006
simulation_ui_20260918_000717_16_16_cpmc,16,16,CPMC,16 · CPMC,80e1561246e5483a76211bd892a06bcb,3,p3,3. Conciliatory communicator,Aldi inches closer to being hit with unprecedented $15 policy at all locations in the state,success,0.312637,0.220516,0.692305,0.252514,0.324997,0.353027,0.306982,0.0,0.023577,0.029829,0.029951,0.010952
simulation_ui_20260918_000717_16_16_cpmc,16,16,CPMC,16 · CPMC,80e1561246e5483a76211bd892a06bcb,4,p4,4. Conservative,Aldi inches closer to being hit with unprecedented $15 policy at all locations in the state,success,0.24803,0.259334,0.951639,0.074602,0.234833,0.183309,0.487968,0.0,0.018895,0.021851,0.031047,0.003788
simulation_ui_20260918_000717_16_16_cpmc,16,16,CPMC,16 · CPMC,954401161f2ebcd5c5ec0961fa417e31,1,p1,1. Conservative,Biodiversity strategy is a must for mining companies,success,0.211351,0.211351,0.211351,0.278368,0.231636,0.0,0.310359,0.0,0.039378,0.063309,0.008426,0.0464
simulation_ui_20260918_000717_16_16_cpmc,16,16,CPMC,16 · CPMC,954401161f2ebcd5c5ec0961fa417e31,2,p2,2. Progressive,Biodiversity strategy is a must for mining companies,success,0.419657,0.33038,0.541731,0.278368,0.396244,0.468206,0.508526,0.0,0.058081,0.046844,0.045553,0.081847
simulation_ui_20260918_000717_16_16_cpmc,16,16,CPMC,16 · CPMC,954401161f2ebcd5c5ec0961fa417e31,3,p3,3. Conciliatory communicator,Biodiversity strategy is a must for mining companies,success,0.446212,0.204602,0.746333,0.278368,0.473648,0.5,0.50463,0.0,0.062853,0.054316,0.052018,0.082226
simulation_ui_20260918_000717_16_16_cpmc,16,16,CPMC,16 · CPMC,954401161f2ebcd5c5ec0961fa417e31,4,p4,4. Conservative,Biodiversity strategy is a must for mining companies,success,0.423588,0.24192,0.988253,0.2377,0.453823,0.468206,0.502647,0.0,0.068396,0.055233,0.052405,0.097549
simulation_ui_20260918_000717_16_16_cpmc,16,16,CPMC,16 · CPMC,96039628b3a89f4a9134fd1dc3b666d7,1,p1,1. Conservative,Air travel to become expensive from April 1? Civil Aviation Minister clarifies amid Middle East crisis,success,0.293407,0.293407,0.293407,0.254686,0.51359,0.02249,0.374547,0.0,0.014667,0.002603,0.035312,0.006085
simulation_ui_20260918_000717_16_16_cpmc,16,16,CPMC,16 · CPMC,96039628b3a89f4a9134fd1dc3b666d7,2,p2,2. Progressive,Air travel to become expensive from April 1? Civil Aviation Minister clarifies amid Middle East crisis,success,0.238346,0.180299,0.473706,0.150196,0.443679,0.02249,0.317526,0.0,0.031786,0.016132,0.050847,0.028378
simulation_ui_20260918_000717_16_16_cpmc,16,16,CPMC,16 · CPMC,96039628b3a89f4a9134fd1dc3b666d7,3,p3,3. Conciliatory communicator,Air travel to become expensive from April 1? Civil Aviation Minister clarifies amid Middle East crisis,success,0.342116,0.276951,0.750657,0.256407,0.510497,0.089759,0.488018,0.0,0.044783,0.022027,0.085531,0.02679
simulation_ui_20260918_000717_16_16_cpmc,16,16,CPMC,16 · CPMC,96039628b3a89f4a9134fd1dc3b666d7,4,p4,4. Conservative,Air travel to become expensive from April 1? Civil Aviation Minister clarifies amid Middle East crisis,success,0.305808,0.320089,1.070746,0.226115,0.297568,0.02249,0.653427,0.0,0.042191,0.044661,0.080659,0.001253
simulation_ui_20260918_000717_16_16_cpmc,16,16,CPMC,16 · CPMC,9dee564f6a8f10132f19e6a4b2b8e1a7,1,p1,1. Conservative,"Better and Coinbase Launch the First Token-Backed, Conforming Mortgage",success,0.353796,0.353796,0.353796,0.381289,0.498431,0.104986,0.418677,0.0,0.022727,0.03057,0.015299,0.022313
simulation_ui_20260918_000717_16_16_cpmc,16,16,CPMC,16 · CPMC,9dee564f6a8f10132f19e6a4b2b8e1a7,2,p2,2. Progressive,"Better and Coinbase Launch the First Token-Backed, Conforming Mortgage",success,0.245351,0.303854,0.65765,0.14825,0.450498,0.0,0.366796,0.0,0.026132,0.029381,0.019892,0.029122
simulation_ui_20260918_000717_16_16_cpmc,16,16,CPMC,16 · CPMC,9dee564f6a8f10132f19e6a4b2b8e1a7,3,p3,3. Conciliatory communicator,"Better and Coinbase Launch the First Token-Backed, Conforming Mortgage",success,0.277279,0.161725,0.819375,0.223196,0.498934,0.0,0.371039,0.0,0.027433,0.03587,0.012366,0.034064
simulation_ui_20260918_000717_16_16_cpmc,16,16,CPMC,16 · CPMC,9dee564f6a8f10132f19e6a4b2b8e1a7,4,p4,4. Conservative,"Better and Coinbase Launch the First Token-Backed, Conforming Mortgage",success,0.099817,0.330885,1.15026,0.0,0.147036,0.104986,0.134318,0.0,0.017889,0.027121,0.004206,0.022341
simulation_ui_20260918_000717_16_16_cpmc,16,16,CPMC,16 · CPMC,a83c7d9bd4c9948f8104f95aa8914a60,1,p1,1. Conservative,Another cinema in Singapore is closing... but the big,success,0.143025,0.143025,0.143025,0.024672,0.140536,0.125,0.269691,0.0,0.017734,0.029659,0.002367,0.021176
simulation_ui_20260918_000717_16_16_cpmc,16,16,CPMC,16 · CPMC,a83c7d9bd4c9948f8104f95aa8914a60,2,p2,2. Progressive,Another cinema in Singapore is closing... but the big,success,0.257753,0.165934,0.308959,0.01171,0.314447,0.366588,0.325006,0.0,0.022234,0.020431,0.015752,0.030518
simulation_ui_20260918_000717_16_16_cpmc,16,16,CPMC,16 · CPMC,a83c7d9bd4c9948f8104f95aa8914a60,3,p3,3. Conciliatory communicator,Another cinema in Singapore is closing... but the big,success,0.22166,0.171353,0.480312,0.038054,0.374322,0.125,0.332441,0.0,0.02687,0.037377,0.020172,0.023061
simulation_ui_20260918_000717_16_16_cpmc,16,16,CPMC,16 · CPMC,a83c7d9bd4c9948f8104f95aa8914a60,4,p4,4. Conservative,Another cinema in Singapore is closing... but the big,success,0.242072,0.069608,0.54992,0.059799,0.434817,0.125,0.330043,0.0,0.030538,0.04967,0.009645,0.0323
simulation_ui_20260918_000717_16_16_cpmc,16,16,CPMC,16 · CPMC,b8147bef700007b0dbccc9eaf88c04ac,1,p1,1. Conservative,CLEO Expands Its Reach as Crypto Prop Traders Rally Around the Prop Firm Trading Platform Built for Them,success,0.094438,0.094438,0.094438,0.0,0.287653,0.025226,0.060517,0.0,0.006006,0.008946,0.000809,0.008264
simulation_ui_20260918_000717_16_16_cpmc,16,16,CPMC,16 · CPMC,b8147bef700007b0dbccc9eaf88c04ac,2,p2,2. Progressive,CLEO Expands Its Reach as Crypto Prop Traders Rally Around the Prop Firm Trading Platform Built for Them,success,0.175387,0.226844,0.321282,0.085083,0.178996,0.26892,0.152359,0.0,0.024419,0.04824,0.007056,0.01796
simulation_ui_20260918_000717_16_16_cpmc,16,16,CPMC,16 · CPMC,b8147bef700007b0dbccc9eaf88c04ac,3,p3,3. Conciliatory communicator,CLEO Expands Its Reach as Crypto Prop Traders Rally Around the Prop Firm Trading Platform Built for Them,success,0.184896,0.116963,0.438245,0.036286,0.17452,0.34903,0.163555,0.0,0.024711,0.036517,0.024388,0.013228
simulation_ui_20260918_000717_16_16_cpmc,16,16,CPMC,16 · CPMC,b8147bef700007b0dbccc9eaf88c04ac,4,p4,4. Conservative,CLEO Expands Its Reach as Crypto Prop Traders Rally Around the Prop Firm Trading Platform Built for Them,success,0.179563,0.07277,0.511015,0.036286,0.23278,0.26892,0.163555,0.0,0.02533,0.03895,0.018903,0.018138
simulation_ui_20260918_000717_16_16_cpmc,16,16,CPMC,16 · CPMC,c24889258ff4d93fcb33d3ad9328f7e5,1,p1,1. Conservative,Clearlake buys Qualus from New Mountain amid soaring power demand; KKR’s exit provides CoolIT employees with handsome payout,success,0.188102,0.188102,0.188102,0.03049,0.423713,0.0,0.292666,0.0,0.008513,0.01197,0.003665,0.009905
simulation_ui_20260918_000717_16_16_cpmc,16,16,CPMC,16 · CPMC,c24889258ff4d93fcb33d3ad9328f7e5,2,p2,2. Progressive,Clearlake buys Qualus from New Mountain amid soaring power demand; KKR’s exit provides CoolIT employees with handsome payout,success,0.411531,0.322776,0.510878,0.748175,0.491981,0.0,0.404043,0.0,0.004089,0.000529,0.003183,0.008556
simulation_ui_20260918_000717_16_16_cpmc,16,16,CPMC,16 · CPMC,c24889258ff4d93fcb33d3ad9328f7e5,3,p3,3. Conciliatory communicator,Clearlake buys Qualus from New Mountain amid soaring power demand; KKR’s exit provides CoolIT employees with handsome payout,success,0.315753,0.220574,0.731452,0.679767,0.491905,0.0,0.078578,0.0,0.023207,0.022625,0.021393,0.025604
simulation_ui_20260918_000717_16_16_cpmc,16,16,CPMC,16 · CPMC,c24889258ff4d93fcb33d3ad9328f7e5,4,p4,4. Conservative,Clearlake buys Qualus from New Mountain amid soaring power demand; KKR’s exit provides CoolIT employees with handsome payout,success,0.421409,0.210003,0.941455,0.789818,0.414604,0.0,0.469134,0.0,0.025961,0.033212,0.023209,0.021462
simulation_ui_20260918_000717_16_16_cpmc,16,16,CPMC,16 · CPMC,c431d4ae9339f97a7ca5409d975805a3,1,p1,1. Conservative,Anavex Life Sciences Stock Is Deeply Oversold. Should You Buy the Dip?,success,0.291078,0.291078,0.291078,0.117073,0.538359,0.257715,0.237373,0.0,0.024198,0.034018,0.021181,0.017396
simulation_ui_20260918_000717_16_16_cpmc,16,16,CPMC,16 · CPMC,c431d4ae9339f97a7ca5409d975805a3,2,p2,2. Progressive,Anavex Life Sciences Stock Is Deeply Oversold. Should You Buy the Dip?,success,0.333841,0.158889,0.449967,0.218757,0.517235,0.252103,0.337434,0.0,0.018386,0.039153,0.014143,0.001862
simulation_ui_20260918_000717_16_16_cpmc,16,16,CPMC,16 · CPMC,c431d4ae9339f97a7ca5409d975805a3,3,p3,3. Conciliatory communicator,Anavex Life Sciences Stock Is Deeply Oversold. Should You Buy the Dip?,success,0.392838,0.194186,0.644153,0.218385,0.523963,0.449769,0.368639,0.0,0.021717,0.047035,0.014362,0.003754
simulation_ui_20260918_000717_16_16_cpmc,16,16,CPMC,16 · CPMC,c431d4ae9339f97a7ca5409d975805a3,4,p4,4. Conservative,Anavex Life Sciences Stock Is Deeply Oversold. Should You Buy the Dip?,success,0.296369,0.273595,0.917748,0.200937,0.510537,0.200259,0.265836,0.0,0.014009,0.007382,0.032779,0.001867
simulation_ui_20260918_000717_16_16_cpmc,16,16,CPMC,16 · CPMC,ce21e05271d5e7a4e182ceb46e706964,1,p1,1. Conservative,"Arizona opinion: European mandate means costlier food, groceries",success,0.441511,0.441511,0.441511,0.589336,0.480323,0.271136,0.419232,0.0,0.013434,0.010946,0.003561,0.025794
simulation_ui_20260918_000717_16_16_cpmc,16,16,CPMC,16 · CPMC,ce21e05271d5e7a4e182ceb46e706964,2,p2,2. Progressive,"Arizona opinion: European mandate means costlier food, groceries",success,0.502196,0.222563,0.664074,0.488069,0.605725,0.416909,0.49318,0.0,0.012277,0.002425,0.010236,0.024171
simulation_ui_20260918_000717_16_16_cpmc,16,16,CPMC,16 · CPMC,ce21e05271d5e7a4e182ceb46e706964,3,p3,3. Conciliatory communicator,"Arizona opinion: European mandate means costlier food, groceries",success,0.502915,0.125825,0.789899,0.506457,0.601183,0.416909,0.483734,0.0,0.008473,0.001459,0.013393,0.010566
simulation_ui_20260918_000717_16_16_cpmc,16,16,CPMC,16 · CPMC,ce21e05271d5e7a4e182ceb46e706964,4,p4,4. Conservative,"Arizona opinion: European mandate means costlier food, groceries",success,0.434775,0.162331,0.95223,0.488069,0.430905,0.416909,0.398383,0.0,0.010666,0.005337,0.019857,0.006803
simulation_ui_20260918_000717_16_16_cpmc,16,16,CPMC,16 · CPMC,d66c6c1dfd9c66c9f17f51b8a1ecc92d,1,p1,1. Conservative,"Cadre Holdings to Acquire Assets of Tedder Industries, Including Alien Gear Holsters",success,0.080697,0.080697,0.080697,0.0,0.303949,0.0,0.017735,0.0,0.0015,0.000377,0.003235,0.000888
simulation_ui_20260918_000717_16_16_cpmc,16,16,CPMC,16 · CPMC,d66c6c1dfd9c66c9f17f51b8a1ecc92d,2,p2,2. Progressive,"Cadre Holdings to Acquire Assets of Tedder Industries, Including Alien Gear Holsters",success,0.131658,0.1294,0.210097,0.006403,0.27484,0.0,0.236357,0.0,0.01297,0.01384,0.024303,0.000766
simulation_ui_20260918_000717_16_16_cpmc,16,16,CPMC,16 · CPMC,d66c6c1dfd9c66c9f17f51b8a1ecc92d,3,p3,3. Conciliatory communicator,"Cadre Holdings to Acquire Assets of Tedder Industries, Including Alien Gear Holsters",success,0.131039,0.006738,0.216835,0.0,0.27484,0.0,0.246331,0.0,0.004288,0.003583,0.001631,0.007651
simulation_ui_20260918_000717_16_16_cpmc,16,16,CPMC,16 · CPMC,d66c6c1dfd9c66c9f17f51b8a1ecc92d,4,p4,4. Conservative,"Cadre Holdings to Acquire Assets of Tedder Industries, Including Alien Gear Holsters",success,0.176164,0.06445,0.281285,0.0,0.27484,0.0,0.427268,0.0,0.003862,0.002734,0.001426,0.007427
simulation_ui_20260918_000717_16_16_cpmc,16,16,CPMC,16 · CPMC,de1ef9dc3d1297e42a2fb05392a32d49,1,p1,1. Conservative,Constellation Software Inc. (CSU) to Issue Quarterly Dividend of $1.00 on April 15th,success,0.34331,0.34331,0.34331,0.107673,0.335733,0.470945,0.453936,0.0,0.009411,0.005252,0.016379,0.006601
simulation_ui_20260918_000717_16_16_cpmc,16,16,CPMC,16 · CPMC,de1ef9dc3d1297e42a2fb05392a32d49,2,p2,2. Progressive,Constellation Software Inc. (CSU) to Issue Quarterly Dividend of $1.00 on April 15th,success,0.33047,0.215318,0.558628,0.104795,0.253224,0.561487,0.39838,0.0,0.007447,0.00938,0.010573,0.002388
simulation_ui_20260918_000717_16_16_cpmc,16,16,CPMC,16 · CPMC,de1ef9dc3d1297e42a2fb05392a32d49,3,p3,3. Conciliatory communicator,Constellation Software Inc. (CSU) to Issue Quarterly Dividend of $1.00 on April 15th,success,0.337169,0.037859,0.596487,0.104795,0.340853,0.5,0.39838,0.0,0.008753,0.011442,0.008015,0.006801
simulation_ui_20260918_000717_16_16_cpmc,16,16,CPMC,16 · CPMC,de1ef9dc3d1297e42a2fb05392a32d49,4,p4,4. Conservative,Constellation Software Inc. (CSU) to Issue Quarterly Dividend of $1.00 on April 15th,success,0.330874,0.155728,0.752215,0.107673,0.276268,0.470945,0.465311,0.0,0.006153,0.004777,0.003081,0.010601
simulation_ui_20260918_000717_16_16_cpmc,16,16,CPMC,16 · CPMC,e0d8c78139dd28d077ec2c768043d7ca,1,p1,1. Conservative,Change in LHV Group Audit Committee,success,0.164769,0.164769,0.164769,0.110879,0.298716,0.034887,0.206851,0.0,0.011561,0.022866,0.00871,0.003107
simulation_ui_20260918_000717_16_16_cpmc,16,16,CPMC,16 · CPMC,e0d8c78139dd28d077ec2c768043d7ca,2,p2,2. Progressive,Change in LHV Group Audit Committee,success,0.242753,0.280136,0.444905,0.033843,0.532348,0.128154,0.273733,0.0,0.004841,0.000259,0.006009,0.008254
simulation_ui_20260918_000717_16_16_cpmc,16,16,CPMC,16 · CPMC,e0d8c78139dd28d077ec2c768043d7ca,3,p3,3. Conciliatory communicator,Change in LHV Group Audit Committee,success,0.228278,0.172071,0.616976,0.019831,0.564343,0.010183,0.314913,0.0,0.006213,0.006942,8.5e-05,0.011611
simulation_ui_20260918_000717_16_16_cpmc,16,16,CPMC,16 · CPMC,e0d8c78139dd28d077ec2c768043d7ca,4,p4,4. Conservative,Change in LHV Group Audit Committee,success,0.23624,0.141493,0.758469,0.019831,0.592266,0.010183,0.314913,0.0,0.012677,0.011368,0.002665,0.023999
simulation_ui_20260918_000717_16_16_cpmc,16,16,CPMC,16 · CPMC,e42774600d5c0fd2405b181105990603,1,p1,1. Conservative,Canada is losing more air traffic controllers than it’s hiring: aviation expert,success,0.16932,0.16932,0.16932,0.120213,0.173641,0.0,0.380772,0.0,0.003993,0.002868,0.000586,0.008525
simulation_ui_20260918_000717_16_16_cpmc,16,16,CPMC,16 · CPMC,e42774600d5c0fd2405b181105990603,2,p2,2. Progressive,Canada is losing more air traffic controllers than it’s hiring: aviation expert,success,0.528392,0.526572,0.695892,1.0,0.392329,0.25,0.462196,0.0,0.023855,0.03662,0.015007,0.019938
simulation_ui_20260918_000717_16_16_cpmc,16,16,CPMC,16 · CPMC,e42774600d5c0fd2405b181105990603,3,p3,3. Conciliatory communicator,Canada is losing more air traffic controllers than it’s hiring: aviation expert,success,0.472071,0.222707,0.918599,1.0,0.380231,0.0,0.504579,0.0,0.008209,0.003707,0.005935,0.014986
simulation_ui_20260918_000717_16_16_cpmc,16,16,CPMC,16 · CPMC,e42774600d5c0fd2405b181105990603,4,p4,4. Conservative,Canada is losing more air traffic controllers than it’s hiring: aviation expert,success,0.528704,0.123257,1.041856,1.0,0.329342,0.25,0.527038,0.0,0.02227,0.041838,0.004825,0.020147
simulation_ui_20260918_000717_16_16_cpmc,16,16,CPMC,16 · CPMC,e68862b7bac57065b34e1018a51ce3f2,1,p1,1. Conservative,"Cruisebound Launches ""Search by Map,"" Redefining How Travelers Discover Cruises",success,0.152919,0.152919,0.152919,0.003107,0.404568,0.0,0.184278,0.0,0.028933,0.007601,0.066226,0.012972
simulation_ui_20260918_000717_16_16_cpmc,16,16,CPMC,16 · CPMC,e68862b7bac57065b34e1018a51ce3f2,2,p2,2. Progressive,"Cruisebound Launches ""Search by Map,"" Redefining How Travelers Discover Cruises",success,0.201227,0.167671,0.32059,0.053489,0.30368,0.0,0.427276,0.0,0.031821,0.013053,0.062902,0.019507
simulation_ui_20260918_000717_16_16_cpmc,16,16,CPMC,16 · CPMC,e68862b7bac57065b34e1018a51ce3f2,3,p3,3. Conciliatory communicator,"Cruisebound Launches ""Search by Map,"" Redefining How Travelers Discover Cruises",success,0.190434,0.229061,0.549651,0.05836,0.127307,0.333333,0.22316,0.0,0.030044,0.009208,0.060631,0.020292
simulation_ui_20260918_000717_16_16_cpmc,16,16,CPMC,16 · CPMC,e68862b7bac57065b34e1018a51ce3f2,4,p4,4. Conservative,"Cruisebound Launches ""Search by Map,"" Redefining How Travelers Discover Cruises",success,0.125953,0.210294,0.759945,0.02723,0.26032,0.0,0.188761,0.0,0.039021,0.019134,0.088133,0.009797
simulation_ui_20260918_000717_16_16_cpmc,16,16,CPMC,16 · CPMC,ea67fb6d8317500951f4bf21966a33ea,1,p1,1. Conservative,China's 'Africa Diaper King' Delivers Strong Annual Profit Post-IPO,success,0.227482,0.227482,0.227482,0.077873,0.350953,0.197828,0.279393,0.0,0.006271,0.000777,0.01354,0.004495
simulation_ui_20260918_000717_16_16_cpmc,16,16,CPMC,16 · CPMC,ea67fb6d8317500951f4bf21966a33ea,2,p2,2. Progressive,China's 'Africa Diaper King' Delivers Strong Annual Profit Post-IPO,success,0.18461,0.225381,0.452863,0.035292,0.424623,0.142857,0.132445,0.0,0.004934,0.010891,0.003562,0.000349
simulation_ui_20260918_000717_16_16_cpmc,16,16,CPMC,16 · CPMC,ea67fb6d8317500951f4bf21966a33ea,3,p3,3. Conciliatory communicator,China's 'Africa Diaper King' Delivers Strong Annual Profit Post-IPO,success,0.224317,0.166784,0.619647,0.155717,0.349749,0.201958,0.183537,0.0,0.01014,0.015436,0.012407,0.002578
simulation_ui_20260918_000717_16_16_cpmc,16,16,CPMC,16 · CPMC,ea67fb6d8317500951f4bf21966a33ea,4,p4,4. Conservative,China's 'Africa Diaper King' Delivers Strong Annual Profit Post-IPO,success,0.163939,0.257647,0.877294,0.023285,0.400623,0.0,0.228445,0.0,0.00508,0.004917,0.008285,0.002039
simulation_ui_20260918_000717_16_16_cpmc,16,16,CPMC,16 · CPMC,edd97daf51d7e0bb7d9da3f3e2c9bfa8,1,p1,1. Conservative,Amazon and Walmart fined for selling banned refrigerant in Washington state,success,0.196897,0.196897,0.196897,0.033179,0.348851,0.0,0.39925,0.0,0.0098,0.003816,0.006575,0.019008
simulation_ui_20260918_000717_16_16_cpmc,16,16,CPMC,16 · CPMC,edd97daf51d7e0bb7d9da3f3e2c9bfa8,2,p2,2. Progressive,Amazon and Walmart fined for selling banned refrigerant in Washington state,success,0.290866,0.179505,0.376402,0.033179,0.467039,0.25,0.39925,0.0,0.024553,0.00726,0.019591,0.046809
simulation_ui_20260918_000717_16_16_cpmc,16,16,CPMC,16 · CPMC,edd97daf51d7e0bb7d9da3f3e2c9bfa8,3,p3,3. Conciliatory communicator,Amazon and Walmart fined for selling banned refrigerant in Washington state,success,0.234655,0.144525,0.520927,0.033179,0.493979,0.0,0.39925,0.0,0.019866,0.017298,0.001731,0.040569
simulation_ui_20260918_000717_16_16_cpmc,16,16,CPMC,16 · CPMC,edd97daf51d7e0bb7d9da3f3e2c9bfa8,4,p4,4. Conservative,Amazon and Walmart fined for selling banned refrigerant in Washington state,success,0.213515,0.267063,0.78799,0.033179,0.557967,0.25,0.0,0.0,0.020444,0.014987,0.017085,0.029259
simulation_ui_20260918_000717_16_16_cpmc,16,16,CPMC,16 · CPMC,efc05dd0bbe1b970e1f97452c3e0b5a4,1,p1,1. Conservative,Blackstone (BX) Slipped Amid Private Credit Concerns Despite Strong Long-Term Outlook,success,0.137056,0.137056,0.137056,0.0,0.242516,0.0,0.299368,0.0,0.009167,0.012151,0.000102,0.015247
simulation_ui_20260918_000717_16_16_cpmc,16,16,CPMC,16 · CPMC,efc05dd0bbe1b970e1f97452c3e0b5a4,2,p2,2. Progressive,Blackstone (BX) Slipped Amid Private Credit Concerns Despite Strong Long-Term Outlook,success,0.106164,0.15407,0.291126,0.012097,0.292984,0.0,0.104674,0.0,0.020752,0.019306,0.007947,0.035002
simulation_ui_20260918_000717_16_16_cpmc,16,16,CPMC,16 · CPMC,efc05dd0bbe1b970e1f97452c3e0b5a4,3,p3,3. Conciliatory communicator,Blackstone (BX) Slipped Amid Private Credit Concerns Despite Strong Long-Term Outlook,success,0.179754,0.15545,0.446576,0.0,0.375791,0.0,0.328505,0.0,0.022332,0.020205,0.011182,0.03561
simulation_ui_20260918_000717_16_16_cpmc,16,16,CPMC,16 · CPMC,efc05dd0bbe1b970e1f97452c3e0b5a4,4,p4,4. Conservative,Blackstone (BX) Slipped Amid Private Credit Concerns Despite Strong Long-Term Outlook,success,0.265078,0.1869,0.633476,0.084431,0.489604,0.0,0.480718,0.0,0.009434,0.003705,0.00589,0.018708
simulation_ui_20260918_000717_16_16_cpmc,16,16,CPMC,16 · CPMC,f46dd28ab257311f8706feca1dc99708,1,p1,1. Conservative,Bevvy: Downtown’s New ‘Dirty’ Soda,success,0.14014,0.14014,0.14014,0.043592,0.045596,0.2,0.257847,0.0,0.019587,0.014048,0.034754,0.00996
simulation_ui_20260918_000717_16_16_cpmc,16,16,CPMC,16 · CPMC,f46dd28ab257311f8706feca1dc99708,2,p2,2. Progressive,Bevvy: Downtown’s New ‘Dirty’ Soda,success,0.13329,0.129381,0.269521,0.041406,0.220271,0.0,0.257847,0.0,0.019587,0.014048,0.034754,0.00996
simulation_ui_20260918_000717_16_16_cpmc,16,16,CPMC,16 · CPMC,f46dd28ab257311f8706feca1dc99708,3,p3,3. Conciliatory communicator,Bevvy: Downtown’s New ‘Dirty’ Soda,success,0.109102,0.150348,0.419869,0.041406,0.373141,0.0,0.007847,0.0,0.019587,0.014048,0.034754,0.00996
simulation_ui_20260918_000717_16_16_cpmc,16,16,CPMC,16 · CPMC,f46dd28ab257311f8706feca1dc99708,4,p4,4. Conservative,Bevvy: Downtown’s New ‘Dirty’ Soda,success,0.134497,0.224179,0.644048,0.043592,0.024433,0.2,0.257847,0.0,0.017435,0.00973,0.032727,0.009848
simulation_ui_20260918_000717_16_16_cpmc,16,16,CPMC,16 · CPMC,f7a4ad54b51a7d28de6970e46285b0f2,1,p1,1. Conservative,5G Services Market Surges to $497.24 billion by 2028 | CAGR 19.3%,success,0.373353,0.373353,0.373353,1.0,0.42586,0.0,0.062847,0.0,0.009371,0.008519,0.019425,0.00017
simulation_ui_20260918_000717_16_16_cpmc,16,16,CPMC,16 · CPMC,f7a4ad54b51a7d28de6970e46285b0f2,2,p2,2. Progressive,5G Services Market Surges to $497.24 billion by 2028 | CAGR 19.3%,success,0.633263,0.355798,0.729151,1.0,0.793914,0.333333,0.401869,0.0,0.01338,0.006222,0.033493,0.000424
simulation_ui_20260918_000717_16_16_cpmc,16,16,CPMC,16 · CPMC,f7a4ad54b51a7d28de6970e46285b0f2,3,p3,3. Conciliatory communicator,5G Services Market Surges to $497.24 billion by 2028 | CAGR 19.3%,success,0.65738,0.153207,0.882358,1.0,0.904779,0.333333,0.385729,0.0,0.020631,0.000522,0.038569,0.022801
simulation_ui_20260918_000717_16_16_cpmc,16,16,CPMC,16 · CPMC,f7a4ad54b51a7d28de6970e46285b0f2,4,p4,4. Conservative,5G Services Market Surges to $497.24 billion by 2028 | CAGR 19.3%,success,0.569203,0.201824,1.084182,1.0,0.530301,0.333333,0.407087,0.0,0.017607,0.004658,0.015983,0.03218
simulation_ui_20260918_000717_16_16_cpmc,16,16,CPMC,16 · CPMC,ff437d173cf94bd173d62a3ee1c4dc9e,1,p1,1. Conservative,Deputy minister: Belarus is among global leaders in dairy and meat exports,success,0.148975,0.148975,0.148975,0.018639,0.433929,0.099567,0.025244,0.0,0.027054,0.028511,0.039038,0.013613
simulation_ui_20260918_000717_16_16_cpmc,16,16,CPMC,16 · CPMC,ff437d173cf94bd173d62a3ee1c4dc9e,2,p2,2. Progressive,Deputy minister: Belarus is among global leaders in dairy and meat exports,success,0.292398,0.321037,0.470012,0.082244,0.383237,0.328831,0.360968,0.0,0.025158,0.020816,0.034472,0.020186
simulation_ui_20260918_000717_16_16_cpmc,16,16,CPMC,16 · CPMC,ff437d173cf94bd173d62a3ee1c4dc9e,3,p3,3. Conciliatory communicator,Deputy minister: Belarus is among global leaders in dairy and meat exports,success,0.184084,0.231407,0.701419,0.082244,0.238395,0.328831,0.066703,0.0,0.030702,0.028864,0.040285,0.022957
simulation_ui_20260918_000717_16_16_cpmc,16,16,CPMC,16 · CPMC,ff437d173cf94bd173d62a3ee1c4dc9e,4,p4,4. Conservative,Deputy minister: Belarus is among global leaders in dairy and meat exports,success,0.250865,0.187622,0.889041,0.04659,0.129149,0.328831,0.482467,0.0,0.027252,0.0177,0.036036,0.028021
